origin,destination,carrier_code,carrier_name,flight_num,travel_date,advance_purchase_days,fare_class,base_fare,taxes_and_fees,total_fare,fare_split_estimated,departure_time,status,scraped_at,capture_run,source,source_name
DEL,BOM,6E,IndiGo,6E 6218,2026-09-06,1,business,,,24260.0,False,06:05,ok,2026-09-05T11:44:57.497839+05:30,2026-09-05_1144IST,airline_direct,IndiGo
DEL,BOM,6E,IndiGo,6E 6218,2026-09-06,1,economy,,,6305.0,False,06:05,ok,2026-09-05T11:44:57.497839+05:30,2026-09-05_1144IST,airline_direct,IndiGo
DEL,BOM,6E,IndiGo,6E 320,2026-09-06,1,business,,,24260.0,False,08:00,ok,2026-09-05T11:44:57.497839+05:30,2026-09-05_1144IST,airline_direct,IndiGo
DEL,BOM,6E,IndiGo,6E 320,2026-09-06,1,economy,,,6305.0,False,08:00,ok,2026-09-05T11:44:57.497839+05:30,2026-09-05_1144IST,airline_direct,IndiGo
DEL,BOM,6E,IndiGo,6E 675,2026-09-06,1,business,,,28443.0,False,08:45,ok,2026-09-05T11:44:57.497839+05:30,2026-09-05_1144IST,airline_direct,IndiGo
DEL,BOM,6E,IndiGo,6E 675,2026-09-06,1,economy,,,6305.0,False,08:45,ok,2026-09-05T11:44:57.497839+05:30,2026-09-05_1144IST,airline_direct,IndiGo
DEL,BOM,6E,IndiGo,6E 6107,2026-09-06,1,business,,,24260.0,False,09:30,ok,2026-09-05T11:44:57.497839+05:30,2026-09-05_1144IST,airline_direct,IndiGo
DEL,BOM,6E,IndiGo,6E 6107,2026-09-06,1,economy,,,6305.0,False,09:30,ok,2026-09-05T11:44:57.497839+05:30,2026-09-05_1144IST,airline_direct,IndiGo
DEL,BOM,6E,IndiGo,6E 6328,2026-09-06,1,business,,,24260.0,False,10:15,ok,2026-09-05T11:44:57.497839+05:30,2026-09-05_1144IST,airline_direct,IndiGo
DEL,BOM,6E,IndiGo,6E 6328,2026-09-06,1,economy,,,6431.0,False,10:15,ok,2026-09-05T11:44:57.497839+05:30,2026-09-05_1144IST,airline_direct,IndiGo
DEL,BOM,6E,IndiGo,6E 395,2026-09-06,1,business,,,24260.0,False,21:45,ok,2026-09-05T11:44:57.497839+05:30,2026-09-05_1144IST,airline_direct,IndiGo
DEL,BOM,6E,IndiGo,6E 395,2026-09-06,1,economy,,,6431.0,False,21:45,ok,2026-09-05T11:44:57.497839+05:30,2026-09-05_1144IST,airline_direct,IndiGo
DEL,BOM,6E,IndiGo,6E 6047,2026-09-06,1,business,,,28443.0,False,11:00,ok,2026-09-05T11:44:57.497839+05:30,2026-09-05_1144IST,airline_direct,IndiGo
DEL,BOM,6E,IndiGo,6E 6047,2026-09-06,1,economy,,,6688.0,False,11:00,ok,2026-09-05T11:44:57.497839+05:30,2026-09-05_1144IST,airline_direct,IndiGo
DEL,BOM,6E,IndiGo,6E 324,2026-09-06,1,business,,,24260.0,False,13:00,ok,2026-09-05T11:44:57.497839+05:30,2026-09-05_1144IST,airline_direct,IndiGo
DEL,BOM,6E,IndiGo,6E 324,2026-09-06,1,economy,,,6688.0,False,13:00,ok,2026-09-05T11:44:57.497839+05:30,2026-09-05_1144IST,airline_direct,IndiGo
DEL,BOM,6E,IndiGo,6E 6022,2026-09-06,1,business,,,28443.0,False,14:00,ok,2026-09-05T11:44:57.497839+05:30,2026-09-05_1144IST,airline_direct,IndiGo
DEL,BOM,6E,IndiGo,6E 6022,2026-09-06,1,economy,,,6688.0,False,14:00,ok,2026-09-05T11:44:57.497839+05:30,2026-09-05_1144IST,airline_direct,IndiGo
DEL,BOM,6E,IndiGo,6E 6318,2026-09-06,1,business,,,24260.0,False,14:45,ok,2026-09-05T11:44:57.497839+05:30,2026-09-05_1144IST,airline_direct,IndiGo
DEL,BOM,6E,IndiGo,6E 6318,2026-09-06,1,economy,,,6688.0,False,14:45,ok,2026-09-05T11:44:57.497839+05:30,2026-09-05_1144IST,airline_direct,IndiGo
DEL,BOM,6E,IndiGo,6E 853,2026-09-06,1,business,,,24260.0,False,20:45,ok,2026-09-05T11:44:57.497839+05:30,2026-09-05_1144IST,airline_direct,IndiGo
DEL,BOM,6E,IndiGo,6E 853,2026-09-06,1,economy,,,6688.0,False,20:45,ok,2026-09-05T11:44:57.497839+05:30,2026-09-05_1144IST,airline_direct,IndiGo
DEL,BOM,6E,IndiGo,6E 6114,2026-09-06,1,business,,,24260.0,False,22:45,ok,2026-09-05T11:44:57.497839+05:30,2026-09-05_1144IST,airline_direct,IndiGo
DEL,BOM,6E,IndiGo,6E 6114,2026-09-06,1,economy,,,6688.0,False,22:45,ok,2026-09-05T11:44:57.497839+05:30,2026-09-05_1144IST,airline_direct,IndiGo
DEL,BOM,6E,IndiGo,6E 322,2026-09-06,1,business,,,24260.0,False,23:30,ok,2026-09-05T11:44:57.497839+05:30,2026-09-05_1144IST,airline_direct,IndiGo
DEL,BOM,6E,IndiGo,6E 322,2026-09-06,1,economy,,,6688.0,False,23:30,ok,2026-09-05T11:44:57.497839+05:30,2026-09-05_1144IST,airline_direct,IndiGo
DEL,BOM,6E,IndiGo,6E 6676,2026-09-06,1,business,,,28443.0,False,12:00,ok,2026-09-05T11:44:57.497839+05:30,2026-09-05_1144IST,airline_direct,IndiGo
DEL,BOM,6E,IndiGo,6E 6676,2026-09-06,1,economy,,,7003.0,False,12:00,ok,2026-09-05T11:44:57.497839+05:30,2026-09-05_1144IST,airline_direct,IndiGo
DEL,BOM,6E,IndiGo,6E 864,2026-09-06,1,business,,,28443.0,False,15:30,ok,2026-09-05T11:44:57.497839+05:30,2026-09-05_1144IST,airline_direct,IndiGo
DEL,BOM,6E,IndiGo,6E 864,2026-09-06,1,economy,,,7003.0,False,15:30,ok,2026-09-05T11:44:57.497839+05:30,2026-09-05_1144IST,airline_direct,IndiGo
DEL,BOM,6E,IndiGo,6E 327,2026-09-06,1,business,,,24260.0,False,16:15,ok,2026-09-05T11:44:57.497839+05:30,2026-09-05_1144IST,airline_direct,IndiGo
DEL,BOM,6E,IndiGo,6E 327,2026-09-06,1,economy,,,7003.0,False,16:15,ok,2026-09-05T11:44:57.497839+05:30,2026-09-05_1144IST,airline_direct,IndiGo
DEL,BOM,6E,IndiGo,6E 6706,2026-09-06,1,business,,,28443.0,False,17:00,ok,2026-09-05T11:44:57.497839+05:30,2026-09-05_1144IST,airline_direct,IndiGo
DEL,BOM,6E,IndiGo,6E 6706,2026-09-06,1,economy,,,7003.0,False,17:00,ok,2026-09-05T11:44:57.497839+05:30,2026-09-05_1144IST,airline_direct,IndiGo
DEL,BOM,6E,IndiGo,6E 329,2026-09-06,1,business,,,33500.0,False,18:00,ok,2026-09-05T11:44:57.497839+05:30,2026-09-05_1144IST,airline_direct,IndiGo
DEL,BOM,6E,IndiGo,6E 329,2026-09-06,1,economy,,,7003.0,False,18:00,ok,2026-09-05T11:44:57.497839+05:30,2026-09-05_1144IST,airline_direct,IndiGo
DEL,BOM,6E,IndiGo,6E 354,2026-09-06,1,business,,,24260.0,False,19:00,ok,2026-09-05T11:44:57.497839+05:30,2026-09-05_1144IST,airline_direct,IndiGo
DEL,BOM,6E,IndiGo,6E 354,2026-09-06,1,economy,,,7003.0,False,19:00,ok,2026-09-05T11:44:57.497839+05:30,2026-09-05_1144IST,airline_direct,IndiGo
DEL,BOM,6E,IndiGo,6E 303,2026-09-06,1,business,,,33500.0,False,20:00,ok,2026-09-05T11:44:57.497839+05:30,2026-09-05_1144IST,airline_direct,IndiGo
DEL,BOM,6E,IndiGo,6E 303,2026-09-06,1,economy,,,7003.0,False,20:00,ok,2026-09-05T11:44:57.497839+05:30,2026-09-05_1144IST,airline_direct,IndiGo
DEL,BOM,6E,IndiGo,6E 6261,2026-09-06,1,economy,,,6618.0,False,00:15,ok,2026-09-05T11:44:57.497839+05:30,2026-09-05_1144IST,airline_direct,IndiGo
DEL,BOM,6E,IndiGo,6E 5119,2026-09-06,1,economy,,,6618.0,False,05:10,ok,2026-09-05T11:44:57.497839+05:30,2026-09-05_1144IST,airline_direct,IndiGo
DEL,BOM,6E,IndiGo,6E 5119,2026-09-06,1,economy,,,6618.0,False,05:10,ok,2026-09-05T11:44:57.497839+05:30,2026-09-05_1144IST,airline_direct,IndiGo
DEL,BOM,6E,IndiGo,6E 6171,2026-09-06,1,economy,,,6618.0,False,05:40,ok,2026-09-05T11:44:57.497839+05:30,2026-09-05_1144IST,airline_direct,IndiGo
DEL,BOM,6E,IndiGo,6E 2298,2026-09-06,1,economy,,,6618.0,False,09:45,ok,2026-09-05T11:44:57.497839+05:30,2026-09-05_1144IST,airline_direct,IndiGo
DEL,BOM,6E,IndiGo,6E 6569,2026-09-06,1,economy,,,6750.0,False,05:00,ok,2026-09-05T11:44:57.497839+05:30,2026-09-05_1144IST,airline_direct,IndiGo
DEL,BOM,6E,IndiGo,6E 6459,2026-09-06,1,economy,,,6750.0,False,05:55,ok,2026-09-05T11:44:57.497839+05:30,2026-09-05_1144IST,airline_direct,IndiGo
DEL,BOM,6E,IndiGo,6E 6476,2026-09-06,1,economy,,,6828.0,False,07:05,ok,2026-09-05T11:44:57.497839+05:30,2026-09-05_1144IST,airline_direct,IndiGo
DEL,BOM,6E,IndiGo,6E 6476,2026-09-06,1,economy,,,6828.0,False,07:05,ok,2026-09-05T11:44:57.497839+05:30,2026-09-05_1144IST,airline_direct,IndiGo
DEL,BOM,6E,IndiGo,6E 5298,2026-09-06,1,economy,,,6828.0,False,09:00,ok,2026-09-05T11:44:57.497839+05:30,2026-09-05_1144IST,airline_direct,IndiGo
DEL,BOM,6E,IndiGo,6E 5038,2026-09-06,1,economy,,,6828.0,False,14:00,ok,2026-09-05T11:44:57.497839+05:30,2026-09-05_1144IST,airline_direct,IndiGo
DEL,BOM,6E,IndiGo,6E 6497,2026-09-06,1,economy,,,6960.0,False,18:40,ok,2026-09-05T11:44:57.497839+05:30,2026-09-05_1144IST,airline_direct,IndiGo
DEL,BOM,6E,IndiGo,6E 6479,2026-09-06,1,economy,,,7352.0,False,21:25,ok,2026-09-05T11:44:57.497839+05:30,2026-09-05_1144IST,airline_direct,IndiGo
DEL,BOM,6E,IndiGo,6E 6601,2026-09-06,1,business,,,38630.0,False,19:45,ok,2026-09-05T11:44:57.497839+05:30,2026-09-05_1144IST,airline_direct,IndiGo
DEL,BOM,6E,IndiGo,6E 6601,2026-09-06,1,economy,,,7484.0,False,19:45,ok,2026-09-05T11:44:57.497839+05:30,2026-09-05_1144IST,airline_direct,IndiGo
DEL,BOM,6E,IndiGo,6E 6983,2026-09-06,1,economy,,,8351.0,False,15:35,ok,2026-09-05T11:44:57.497839+05:30,2026-09-05_1144IST,airline_direct,IndiGo
DEL,BOM,6E,IndiGo,6E 2076,2026-09-06,1,economy,,,9047.0,False,07:30,ok,2026-09-05T11:44:57.497839+05:30,2026-09-05_1144IST,airline_direct,IndiGo
DEL,BOM,6E,IndiGo,6E 6443,2026-09-06,1,economy,,,9178.0,False,09:00,ok,2026-09-05T11:44:57.497839+05:30,2026-09-05_1144IST,airline_direct,IndiGo
DEL,BOM,6E,IndiGo,6E 5033,2026-09-06,1,economy,,,9812.0,False,15:50,ok,2026-09-05T11:44:57.497839+05:30,2026-09-05_1144IST,airline_direct,IndiGo
DEL,BOM,6E,IndiGo,6E 758,2026-09-06,1,economy,,,10863.0,False,16:10,ok,2026-09-05T11:44:57.497839+05:30,2026-09-05_1144IST,airline_direct,IndiGo
DEL,BOM,6E,IndiGo,6E 2151,2026-09-06,1,economy,,,11019.0,False,19:45,ok,2026-09-05T11:44:57.497839+05:30,2026-09-05_1144IST,airline_direct,IndiGo
DEL,BOM,6E,IndiGo,6E 2341,2026-09-06,1,economy,,,11577.0,False,14:50,ok,2026-09-05T11:44:57.497839+05:30,2026-09-05_1144IST,airline_direct,IndiGo
DEL,BOM,6E,IndiGo,6E 5014,2026-09-06,1,economy,,,12593.0,False,18:30,ok,2026-09-05T11:44:57.497839+05:30,2026-09-05_1144IST,airline_direct,IndiGo
DEL,BOM,6E,IndiGo,6E 5073,2026-09-06,1,economy,,,13710.0,False,17:05,ok,2026-09-05T11:44:57.497839+05:30,2026-09-05_1144IST,airline_direct,IndiGo
DEL,BOM,6E,IndiGo,6E 931,2026-09-06,1,economy,,,13710.0,False,19:35,ok,2026-09-05T11:44:57.497839+05:30,2026-09-05_1144IST,airline_direct,IndiGo
DEL,BOM,6E,IndiGo,6E 6829,2026-09-06,1,economy,,,13841.0,False,17:20,ok,2026-09-05T11:44:57.497839+05:30,2026-09-05_1144IST,airline_direct,IndiGo
DEL,BOM,6E,IndiGo,6E 6433,2026-09-06,1,economy,,,14069.0,False,16:30,ok,2026-09-05T11:44:57.497839+05:30,2026-09-05_1144IST,airline_direct,IndiGo
DEL,BOM,6E,IndiGo,6E 184,2026-09-06,1,economy,,,14833.0,False,19:40,ok,2026-09-05T11:44:57.497839+05:30,2026-09-05_1144IST,airline_direct,IndiGo
DEL,BOM,6E,IndiGo,6E 5206,2026-09-06,1,economy,,,14911.0,False,13:20,ok,2026-09-05T11:44:57.497839+05:30,2026-09-05_1144IST,airline_direct,IndiGo
DEL,BOM,6E,IndiGo,6E 5073,2026-09-06,1,economy,,,14939.0,False,17:05,ok,2026-09-05T11:44:57.497839+05:30,2026-09-05_1144IST,airline_direct,IndiGo
DEL,BOM,6E,IndiGo,6E 882,2026-09-06,1,business,,,29946.0,False,23:15,ok,2026-09-05T11:44:57.497839+05:30,2026-09-05_1144IST,airline_direct,IndiGo
DEL,BOM,6E,IndiGo,6E 882,2026-09-06,1,economy,,,15280.0,False,23:15,ok,2026-09-05T11:44:57.497839+05:30,2026-09-05_1144IST,airline_direct,IndiGo
DEL,BOM,6E,IndiGo,6E 2496,2026-09-06,1,economy,,,15896.0,False,12:40,ok,2026-09-05T11:44:57.497839+05:30,2026-09-05_1144IST,airline_direct,IndiGo
DEL,BOM,6E,IndiGo,6E 6488,2026-09-06,1,economy,,,18641.0,False,11:20,ok,2026-09-05T11:44:57.497839+05:30,2026-09-05_1144IST,airline_direct,IndiGo
DEL,BOM,6E,IndiGo,6E 6829,2026-09-06,1,economy,,,19191.0,False,17:20,ok,2026-09-05T11:44:57.497839+05:30,2026-09-05_1144IST,airline_direct,IndiGo
DEL,BOM,6E,IndiGo,6E 2235,2026-09-06,1,economy,,,19823.0,False,19:30,ok,2026-09-05T11:44:57.497839+05:30,2026-09-05_1144IST,airline_direct,IndiGo
DEL,BOM,6E,IndiGo,6E 2249,2026-09-06,1,economy,,,20385.0,False,15:00,ok,2026-09-05T11:44:57.497839+05:30,2026-09-05_1144IST,airline_direct,IndiGo
DEL,BOM,6E,IndiGo,6E 2013,2026-09-06,1,economy,,,21197.0,False,21:50,ok,2026-09-05T11:44:57.497839+05:30,2026-09-05_1144IST,airline_direct,IndiGo
DEL,BOM,6E,IndiGo,6E 5138,2026-09-06,1,economy,,,23073.0,False,19:10,ok,2026-09-05T11:44:57.497839+05:30,2026-09-05_1144IST,airline_direct,IndiGo
DEL,BOM,6E,IndiGo,6E 705,2026-09-06,1,business,,,38630.0,False,08:30,ok,2026-09-05T11:44:57.497839+05:30,2026-09-05_1144IST,airline_direct,IndiGo
DEL,BOM,6E,IndiGo,6E 705,2026-09-06,1,economy,,,23510.0,False,08:30,ok,2026-09-05T11:44:57.497839+05:30,2026-09-05_1144IST,airline_direct,IndiGo
DEL,BOM,6E,IndiGo,6E 6293,2026-09-06,1,business,,,38630.0,False,09:55,ok,2026-09-05T11:44:57.497839+05:30,2026-09-05_1144IST,airline_direct,IndiGo
DEL,BOM,6E,IndiGo,6E 6293,2026-09-06,1,economy,,,23510.0,False,09:55,ok,2026-09-05T11:44:57.497839+05:30,2026-09-05_1144IST,airline_direct,IndiGo
DEL,BOM,6E,IndiGo,6E 6282,2026-09-06,1,business,,,38630.0,False,13:30,ok,2026-09-05T11:44:57.497839+05:30,2026-09-05_1144IST,airline_direct,IndiGo
DEL,BOM,6E,IndiGo,6E 6282,2026-09-06,1,economy,,,23510.0,False,13:30,ok,2026-09-05T11:44:57.497839+05:30,2026-09-05_1144IST,airline_direct,IndiGo
DEL,BOM,6E,IndiGo,6E 6282,2026-09-06,1,business,,,36166.0,False,13:30,ok,2026-09-05T11:44:57.497839+05:30,2026-09-05_1144IST,airline_direct,IndiGo
DEL,BOM,6E,IndiGo,6E 6282,2026-09-06,1,economy,,,23510.0,False,13:30,ok,2026-09-05T11:44:57.497839+05:30,2026-09-05_1144IST,airline_direct,IndiGo
DEL,BOM,6E,IndiGo,6E 358,2026-09-06,1,economy,,,23589.0,False,12:15,ok,2026-09-05T11:44:57.497839+05:30,2026-09-05_1144IST,airline_direct,IndiGo
DEL,BOM,6E,IndiGo,6E 2331,2026-09-06,1,economy,,,27335.0,False,12:20,ok,2026-09-05T11:44:57.497839+05:30,2026-09-05_1144IST,airline_direct,IndiGo
DEL,BOM,6E,IndiGo,6E 6212,2026-09-06,1,business,,,36166.0,False,14:45,ok,2026-09-05T11:44:57.497839+05:30,2026-09-05_1144IST,airline_direct,IndiGo
DEL,BOM,6E,IndiGo,6E 6212,2026-09-06,1,economy,,,28150.0,False,14:45,ok,2026-09-05T11:44:57.497839+05:30,2026-09-05_1144IST,airline_direct,IndiGo
DEL,BOM,6E,IndiGo,6E 2381,2026-09-06,1,economy,,,28176.0,False,13:45,ok,2026-09-05T11:44:57.497839+05:30,2026-09-05_1144IST,airline_direct,IndiGo
DEL,BLR,6E,IndiGo,6E 2314,2026-09-06,1,business,,,29942.0,False,05:45,ok,2026-09-05T11:46:04.184796+05:30,2026-09-05_1146IST,airline_direct,IndiGo
DEL,BLR,6E,IndiGo,6E 2314,2026-09-06,1,economy,,,11257.0,False,05:45,ok,2026-09-05T11:46:04.184796+05:30,2026-09-05_1146IST,airline_direct,IndiGo
DEL,BLR,6E,IndiGo,6E 810,2026-09-06,1,business,,,29942.0,False,07:05,ok,2026-09-05T11:46:04.184796+05:30,2026-09-05_1146IST,airline_direct,IndiGo
DEL,BLR,6E,IndiGo,6E 810,2026-09-06,1,economy,,,12529.0,False,07:05,ok,2026-09-05T11:46:04.184796+05:30,2026-09-05_1146IST,airline_direct,IndiGo
DEL,BLR,6E,IndiGo,6E 871,2026-09-06,1,business,,,29942.0,False,23:30,ok,2026-09-05T11:46:04.184796+05:30,2026-09-05_1146IST,airline_direct,IndiGo
DEL,BLR,6E,IndiGo,6E 871,2026-09-06,1,economy,,,13225.0,False,23:30,ok,2026-09-05T11:46:04.184796+05:30,2026-09-05_1146IST,airline_direct,IndiGo
DEL,BLR,6E,IndiGo,6E 873,2026-09-06,1,business,,,29942.0,False,08:20,ok,2026-09-05T11:46:04.184796+05:30,2026-09-05_1146IST,airline_direct,IndiGo
DEL,BLR,6E,IndiGo,6E 873,2026-09-06,1,economy,,,13964.0,False,08:20,ok,2026-09-05T11:46:04.184796+05:30,2026-09-05_1146IST,airline_direct,IndiGo
DEL,BLR,6E,IndiGo,6E 6515,2026-09-06,1,business,,,29942.0,False,20:45,ok,2026-09-05T11:46:04.184796+05:30,2026-09-05_1146IST,airline_direct,IndiGo
DEL,BLR,6E,IndiGo,6E 6515,2026-09-06,1,economy,,,13964.0,False,20:45,ok,2026-09-05T11:46:04.184796+05:30,2026-09-05_1146IST,airline_direct,IndiGo
DEL,BLR,6E,IndiGo,6E 826,2026-09-06,1,business,,,29942.0,False,09:30,ok,2026-09-05T11:46:04.184796+05:30,2026-09-05_1146IST,airline_direct,IndiGo
DEL,BLR,6E,IndiGo,6E 826,2026-09-06,1,economy,,,14750.0,False,09:30,ok,2026-09-05T11:46:04.184796+05:30,2026-09-05_1146IST,airline_direct,IndiGo
DEL,BLR,6E,IndiGo,6E 861,2026-09-06,1,business,,,29942.0,False,19:30,ok,2026-09-05T11:46:04.184796+05:30,2026-09-05_1146IST,airline_direct,IndiGo
DEL,BLR,6E,IndiGo,6E 861,2026-09-06,1,economy,,,15585.0,False,19:30,ok,2026-09-05T11:46:04.184796+05:30,2026-09-05_1146IST,airline_direct,IndiGo
DEL,BLR,6E,IndiGo,6E 846,2026-09-06,1,business,,,29942.0,False,22:00,ok,2026-09-05T11:46:04.184796+05:30,2026-09-05_1146IST,airline_direct,IndiGo
DEL,BLR,6E,IndiGo,6E 846,2026-09-06,1,economy,,,15585.0,False,22:00,ok,2026-09-05T11:46:04.184796+05:30,2026-09-05_1146IST,airline_direct,IndiGo
DEL,BLR,6E,IndiGo,6E 842,2026-09-06,1,business,,,29942.0,False,10:45,ok,2026-09-05T11:46:04.184796+05:30,2026-09-05_1146IST,airline_direct,IndiGo
DEL,BLR,6E,IndiGo,6E 842,2026-09-06,1,economy,,,16471.0,False,10:45,ok,2026-09-05T11:46:04.184796+05:30,2026-09-05_1146IST,airline_direct,IndiGo
DEL,BLR,6E,IndiGo,6E 850,2026-09-06,1,business,,,29942.0,False,12:20,ok,2026-09-05T11:46:04.184796+05:30,2026-09-05_1146IST,airline_direct,IndiGo
DEL,BLR,6E,IndiGo,6E 850,2026-09-06,1,economy,,,17412.0,False,12:20,ok,2026-09-05T11:46:04.184796+05:30,2026-09-05_1146IST,airline_direct,IndiGo
DEL,BLR,6E,IndiGo,6E 176,2026-09-06,1,business,,,31228.0,False,13:15,ok,2026-09-05T11:46:04.184796+05:30,2026-09-05_1146IST,airline_direct,IndiGo
DEL,BLR,6E,IndiGo,6E 176,2026-09-06,1,economy,,,17412.0,False,13:15,ok,2026-09-05T11:46:04.184796+05:30,2026-09-05_1146IST,airline_direct,IndiGo
DEL,BLR,6E,IndiGo,6E 811,2026-09-06,1,business,,,29942.0,False,18:20,ok,2026-09-05T11:46:04.184796+05:30,2026-09-05_1146IST,airline_direct,IndiGo
DEL,BLR,6E,IndiGo,6E 811,2026-09-06,1,economy,,,17412.0,False,18:20,ok,2026-09-05T11:46:04.184796+05:30,2026-09-05_1146IST,airline_direct,IndiGo
DEL,BLR,6E,IndiGo,6E 828,2026-09-06,1,business,,,29942.0,False,14:30,ok,2026-09-05T11:46:04.184796+05:30,2026-09-05_1146IST,airline_direct,IndiGo
DEL,BLR,6E,IndiGo,6E 828,2026-09-06,1,economy,,,18411.0,False,14:30,ok,2026-09-05T11:46:04.184796+05:30,2026-09-05_1146IST,airline_direct,IndiGo
DEL,BLR,6E,IndiGo,6E 880,2026-09-06,1,business,,,29942.0,False,15:45,ok,2026-09-05T11:46:04.184796+05:30,2026-09-05_1146IST,airline_direct,IndiGo
DEL,BLR,6E,IndiGo,6E 880,2026-09-06,1,economy,,,18411.0,False,15:45,ok,2026-09-05T11:46:04.184796+05:30,2026-09-05_1146IST,airline_direct,IndiGo
DEL,BLR,6E,IndiGo,6E 837,2026-09-06,1,business,,,29942.0,False,17:00,ok,2026-09-05T11:46:04.184796+05:30,2026-09-05_1146IST,airline_direct,IndiGo
DEL,BLR,6E,IndiGo,6E 837,2026-09-06,1,economy,,,18411.0,False,17:00,ok,2026-09-05T11:46:04.184796+05:30,2026-09-05_1146IST,airline_direct,IndiGo
DEL,BLR,6E,IndiGo,6E 820,2026-09-06,1,business,,,29942.0,False,03:00,ok,2026-09-05T11:46:04.184796+05:30,2026-09-05_1146IST,airline_direct,IndiGo
DEL,BLR,6E,IndiGo,6E 5191,2026-09-06,1,business,,,39954.0,False,05:00,ok,2026-09-05T11:46:04.184796+05:30,2026-09-05_1146IST,airline_direct,IndiGo
DEL,BLR,6E,IndiGo,6E 5191,2026-09-06,1,economy,,,10497.0,False,05:00,ok,2026-09-05T11:46:04.184796+05:30,2026-09-05_1146IST,airline_direct,IndiGo
DEL,BLR,6E,IndiGo,6E 2771,2026-09-06,1,economy,,,10497.0,False,10:35,ok,2026-09-05T11:46:04.184796+05:30,2026-09-05_1146IST,airline_direct,IndiGo
DEL,BLR,6E,IndiGo,6E 6470,2026-09-06,1,economy,,,10851.0,False,06:55,ok,2026-09-05T11:46:04.184796+05:30,2026-09-05_1146IST,airline_direct,IndiGo
DEL,BLR,6E,IndiGo,6E 320,2026-09-06,1,business,,,40536.0,False,08:00,ok,2026-09-05T11:46:04.184796+05:30,2026-09-05_1146IST,airline_direct,IndiGo
DEL,BLR,6E,IndiGo,6E 320,2026-09-06,1,economy,,,10851.0,False,08:00,ok,2026-09-05T11:46:04.184796+05:30,2026-09-05_1146IST,airline_direct,IndiGo
DEL,BLR,6E,IndiGo,6E 754,2026-09-06,1,economy,,,11087.0,False,17:10,ok,2026-09-05T11:46:04.184796+05:30,2026-09-05_1146IST,airline_direct,IndiGo
DEL,BLR,6E,IndiGo,6E 2277,2026-09-06,1,economy,,,12699.0,False,10:25,ok,2026-09-05T11:46:04.184796+05:30,2026-09-05_1146IST,airline_direct,IndiGo
DEL,BLR,6E,IndiGo,6E 2343,2026-09-06,1,business,,,29057.0,False,02:20,ok,2026-09-05T11:46:04.184796+05:30,2026-09-05_1146IST,airline_direct,IndiGo
DEL,BLR,6E,IndiGo,6E 2343,2026-09-06,1,economy,,,13758.0,False,02:20,ok,2026-09-05T11:46:04.184796+05:30,2026-09-05_1146IST,airline_direct,IndiGo
DEL,BLR,6E,IndiGo,6E 2618,2026-09-06,1,business,,,26999.0,False,23:00,ok,2026-09-05T11:46:04.184796+05:30,2026-09-05_1146IST,airline_direct,IndiGo
DEL,BLR,6E,IndiGo,6E 2618,2026-09-06,1,economy,,,14526.0,False,23:00,ok,2026-09-05T11:46:04.184796+05:30,2026-09-05_1146IST,airline_direct,IndiGo
DEL,BLR,6E,IndiGo,6E 5033,2026-09-06,1,economy,,,14813.0,False,15:50,ok,2026-09-05T11:46:04.184796+05:30,2026-09-05_1146IST,airline_direct,IndiGo
DEL,BLR,6E,IndiGo,6E 2557,2026-09-06,1,economy,,,15522.0,False,15:20,ok,2026-09-05T11:46:04.184796+05:30,2026-09-05_1146IST,airline_direct,IndiGo
DEL,BLR,6E,IndiGo,6E 853,2026-09-06,1,business,,,40536.0,False,20:45,ok,2026-09-05T11:46:04.184796+05:30,2026-09-05_1146IST,airline_direct,IndiGo
DEL,BLR,6E,IndiGo,6E 853,2026-09-06,1,economy,,,15605.0,False,20:45,ok,2026-09-05T11:46:04.184796+05:30,2026-09-05_1146IST,airline_direct,IndiGo
DEL,BLR,6E,IndiGo,6E 6673,2026-09-06,1,economy,,,15893.0,False,21:15,ok,2026-09-05T11:46:04.184796+05:30,2026-09-05_1146IST,airline_direct,IndiGo
DEL,BLR,6E,IndiGo,6E 5073,2026-09-06,1,economy,,,15941.0,False,17:05,ok,2026-09-05T11:46:04.184796+05:30,2026-09-05_1146IST,airline_direct,IndiGo
DEL,BLR,6E,IndiGo,6E 931,2026-09-06,1,economy,,,15941.0,False,19:35,ok,2026-09-05T11:46:04.184796+05:30,2026-09-05_1146IST,airline_direct,IndiGo
DEL,BLR,6E,IndiGo,6E 6497,2026-09-06,1,economy,,,16151.0,False,18:40,ok,2026-09-05T11:46:04.184796+05:30,2026-09-05_1146IST,airline_direct,IndiGo
DEL,BLR,6E,IndiGo,6E 2349,2026-09-06,1,economy,,,16495.0,False,10:55,ok,2026-09-05T11:46:04.184796+05:30,2026-09-05_1146IST,airline_direct,IndiGo
DEL,BLR,6E,IndiGo,6E 6706,2026-09-06,1,business,,,44135.0,False,17:00,ok,2026-09-05T11:46:04.184796+05:30,2026-09-05_1146IST,airline_direct,IndiGo
DEL,BLR,6E,IndiGo,6E 6706,2026-09-06,1,economy,,,16998.0,False,17:00,ok,2026-09-05T11:46:04.184796+05:30,2026-09-05_1146IST,airline_direct,IndiGo
DEL,BLR,6E,IndiGo,6E 329,2026-09-06,1,business,,,47911.0,False,18:00,ok,2026-09-05T11:46:04.184796+05:30,2026-09-05_1146IST,airline_direct,IndiGo
DEL,BLR,6E,IndiGo,6E 329,2026-09-06,1,economy,,,16998.0,False,18:00,ok,2026-09-05T11:46:04.184796+05:30,2026-09-05_1146IST,airline_direct,IndiGo
DEL,BLR,6E,IndiGo,6E 6022,2026-09-06,1,business,,,44135.0,False,14:00,ok,2026-09-05T11:46:04.184796+05:30,2026-09-05_1146IST,airline_direct,IndiGo
DEL,BLR,6E,IndiGo,6E 6022,2026-09-06,1,economy,,,17258.0,False,14:00,ok,2026-09-05T11:46:04.184796+05:30,2026-09-05_1146IST,airline_direct,IndiGo
DEL,BLR,6E,IndiGo,6E 6476,2026-09-06,1,economy,,,17337.0,False,07:05,ok,2026-09-05T11:46:04.184796+05:30,2026-09-05_1146IST,airline_direct,IndiGo
DEL,BLR,6E,IndiGo,6E 864,2026-09-06,1,business,,,44135.0,False,15:30,ok,2026-09-05T11:46:04.184796+05:30,2026-09-05_1146IST,airline_direct,IndiGo
DEL,BLR,6E,IndiGo,6E 864,2026-09-06,1,economy,,,17628.0,False,15:30,ok,2026-09-05T11:46:04.184796+05:30,2026-09-05_1146IST,airline_direct,IndiGo
DEL,BLR,6E,IndiGo,6E 329,2026-09-06,1,business,,,47911.0,False,18:00,ok,2026-09-05T11:46:04.184796+05:30,2026-09-05_1146IST,airline_direct,IndiGo
DEL,BLR,6E,IndiGo,6E 329,2026-09-06,1,economy,,,17628.0,False,18:00,ok,2026-09-05T11:46:04.184796+05:30,2026-09-05_1146IST,airline_direct,IndiGo
DEL,BLR,6E,IndiGo,6E 5119,2026-09-06,1,economy,,,17937.0,False,05:10,ok,2026-09-05T11:46:04.184796+05:30,2026-09-05_1146IST,airline_direct,IndiGo
DEL,BLR,6E,IndiGo,6E 6047,2026-09-06,1,business,,,47705.0,False,11:00,ok,2026-09-05T11:46:04.184796+05:30,2026-09-05_1146IST,airline_direct,IndiGo
DEL,BLR,6E,IndiGo,6E 6047,2026-09-06,1,economy,,,17943.0,False,11:00,ok,2026-09-05T11:46:04.184796+05:30,2026-09-05_1146IST,airline_direct,IndiGo
DEL,BLR,6E,IndiGo,6E 947,2026-09-06,1,business,,,34557.0,False,16:40,ok,2026-09-05T11:46:04.184796+05:30,2026-09-05_1146IST,airline_direct,IndiGo
DEL,BLR,6E,IndiGo,6E 947,2026-09-06,1,economy,,,18778.0,False,16:40,ok,2026-09-05T11:46:04.184796+05:30,2026-09-05_1146IST,airline_direct,IndiGo
DEL,BLR,6E,IndiGo,6E 2151,2026-09-06,1,economy,,,18820.0,False,19:45,ok,2026-09-05T11:46:04.184796+05:30,2026-09-05_1146IST,airline_direct,IndiGo
DEL,BLR,6E,IndiGo,6E 6459,2026-09-06,1,economy,,,18996.0,False,05:55,ok,2026-09-05T11:46:04.184796+05:30,2026-09-05_1146IST,airline_direct,IndiGo
DEL,BLR,6E,IndiGo,6E 950,2026-09-06,1,business,,,34557.0,False,18:15,ok,2026-09-05T11:46:04.184796+05:30,2026-09-05_1146IST,airline_direct,IndiGo
DEL,BLR,6E,IndiGo,6E 950,2026-09-06,1,economy,,,20312.0,False,18:15,ok,2026-09-05T11:46:04.184796+05:30,2026-09-05_1146IST,airline_direct,IndiGo
DEL,BLR,6E,IndiGo,6E 358,2026-09-06,1,economy,,,20352.0,False,12:15,ok,2026-09-05T11:46:04.184796+05:30,2026-09-05_1146IST,airline_direct,IndiGo
DEL,BLR,6E,IndiGo,6E 2364,2026-09-06,1,economy,,,20509.0,False,04:50,ok,2026-09-05T11:46:04.184796+05:30,2026-09-05_1146IST,airline_direct,IndiGo
DEL,BLR,6E,IndiGo,6E 2037,2026-09-06,1,economy,,,20856.0,False,17:45,ok,2026-09-05T11:46:04.184796+05:30,2026-09-05_1146IST,airline_direct,IndiGo
DEL,BLR,6E,IndiGo,6E 5038,2026-09-06,1,economy,,,21748.0,False,14:00,ok,2026-09-05T11:46:04.184796+05:30,2026-09-05_1146IST,airline_direct,IndiGo
DEL,BLR,6E,IndiGo,6E 758,2026-09-06,1,economy,,,21862.0,False,16:10,ok,2026-09-05T11:46:04.184796+05:30,2026-09-05_1146IST,airline_direct,IndiGo
DEL,BLR,6E,IndiGo,6E 940,2026-09-06,1,business,,,38197.0,False,09:15,ok,2026-09-05T11:46:04.184796+05:30,2026-09-05_1146IST,airline_direct,IndiGo
DEL,BLR,6E,IndiGo,6E 940,2026-09-06,1,economy,,,22062.0,False,09:15,ok,2026-09-05T11:46:04.184796+05:30,2026-09-05_1146IST,airline_direct,IndiGo
DEL,BLR,6E,IndiGo,6E 6091,2026-09-06,1,business,,,37361.0,False,15:15,ok,2026-09-05T11:46:04.184796+05:30,2026-09-05_1146IST,airline_direct,IndiGo
DEL,BLR,6E,IndiGo,6E 6091,2026-09-06,1,economy,,,22072.0,False,15:15,ok,2026-09-05T11:46:04.184796+05:30,2026-09-05_1146IST,airline_direct,IndiGo
DEL,BLR,6E,IndiGo,6E 769,2026-09-06,1,economy,,,22072.0,False,15:45,ok,2026-09-05T11:46:04.184796+05:30,2026-09-05_1146IST,airline_direct,IndiGo
DEL,BLR,6E,IndiGo,6E 434,2026-09-06,1,business,,,37361.0,False,11:00,ok,2026-09-05T11:46:04.184796+05:30,2026-09-05_1146IST,airline_direct,IndiGo
DEL,BLR,6E,IndiGo,6E 434,2026-09-06,1,economy,,,22384.0,False,11:00,ok,2026-09-05T11:46:04.184796+05:30,2026-09-05_1146IST,airline_direct,IndiGo
DEL,BLR,6E,IndiGo,6E 6437,2026-09-06,1,business,,,35052.0,False,16:25,ok,2026-09-05T11:46:04.184796+05:30,2026-09-05_1146IST,airline_direct,IndiGo
DEL,BLR,6E,IndiGo,6E 6437,2026-09-06,1,economy,,,23362.0,False,16:25,ok,2026-09-05T11:46:04.184796+05:30,2026-09-05_1146IST,airline_direct,IndiGo
DEL,BLR,6E,IndiGo,6E 6829,2026-09-06,1,economy,,,23872.0,False,17:20,ok,2026-09-05T11:46:04.184796+05:30,2026-09-05_1146IST,airline_direct,IndiGo
DEL,BLR,6E,IndiGo,6E 717,2026-09-06,1,business,,,34468.0,False,17:55,ok,2026-09-05T11:46:04.184796+05:30,2026-09-05_1146IST,airline_direct,IndiGo
DEL,BLR,6E,IndiGo,6E 717,2026-09-06,1,economy,,,24005.0,False,17:55,ok,2026-09-05T11:46:04.184796+05:30,2026-09-05_1146IST,airline_direct,IndiGo
DEL,BLR,6E,IndiGo,6E 6282,2026-09-06,1,business,,,36744.0,False,13:30,ok,2026-09-05T11:46:04.184796+05:30,2026-09-05_1146IST,airline_direct,IndiGo
DEL,BLR,6E,IndiGo,6E 6282,2026-09-06,1,economy,,,25796.0,False,13:30,ok,2026-09-05T11:46:04.184796+05:30,2026-09-05_1146IST,airline_direct,IndiGo
DEL,BLR,6E,IndiGo,6E 6212,2026-09-06,1,business,,,36744.0,False,14:45,ok,2026-09-05T11:46:04.184796+05:30,2026-09-05_1146IST,airline_direct,IndiGo
DEL,BLR,6E,IndiGo,6E 6212,2026-09-06,1,economy,,,26639.0,False,14:45,ok,2026-09-05T11:46:04.184796+05:30,2026-09-05_1146IST,airline_direct,IndiGo
DEL,BLR,6E,IndiGo,6E 6217,2026-09-06,1,business,,,36744.0,False,16:15,ok,2026-09-05T11:46:04.184796+05:30,2026-09-05_1146IST,airline_direct,IndiGo
DEL,BLR,6E,IndiGo,6E 6217,2026-09-06,1,economy,,,26639.0,False,16:15,ok,2026-09-05T11:46:04.184796+05:30,2026-09-05_1146IST,airline_direct,IndiGo
DEL,BLR,6E,IndiGo,6E 6293,2026-09-06,1,business,,,42892.0,False,09:55,ok,2026-09-05T11:46:04.184796+05:30,2026-09-05_1146IST,airline_direct,IndiGo
DEL,BLR,6E,IndiGo,6E 6293,2026-09-06,1,economy,,,28041.0,False,09:55,ok,2026-09-05T11:46:04.184796+05:30,2026-09-05_1146IST,airline_direct,IndiGo
DEL,BLR,6E,IndiGo,6E 884,2026-09-06,1,business,,,41121.0,False,11:45,ok,2026-09-05T11:46:04.184796+05:30,2026-09-05_1146IST,airline_direct,IndiGo
DEL,BLR,6E,IndiGo,6E 884,2026-09-06,1,economy,,,29136.0,False,11:45,ok,2026-09-05T11:46:04.184796+05:30,2026-09-05_1146IST,airline_direct,IndiGo
BOM,BLR,6E,IndiGo,6E 5294,2026-09-06,1,business,,,22488.0,False,04:30,ok,2026-09-05T11:47:01.485917+05:30,2026-09-05_1147IST,airline_direct,IndiGo
BOM,BLR,6E,IndiGo,6E 5294,2026-09-06,1,economy,,,5721.0,False,04:30,ok,2026-09-05T11:47:01.485917+05:30,2026-09-05_1147IST,airline_direct,IndiGo
BOM,BLR,6E,IndiGo,6E 5323,2026-09-06,1,business,,,22488.0,False,01:10,ok,2026-09-05T11:47:01.485917+05:30,2026-09-05_1147IST,airline_direct,IndiGo
BOM,BLR,6E,IndiGo,6E 5323,2026-09-06,1,economy,,,6141.0,False,01:10,ok,2026-09-05T11:47:01.485917+05:30,2026-09-05_1147IST,airline_direct,IndiGo
BOM,BLR,6E,IndiGo,6E 5296,2026-09-06,1,business,,,22488.0,False,06:30,ok,2026-09-05T11:47:01.485917+05:30,2026-09-05_1147IST,airline_direct,IndiGo
BOM,BLR,6E,IndiGo,6E 5296,2026-09-06,1,economy,,,6747.0,False,06:30,ok,2026-09-05T11:47:01.485917+05:30,2026-09-05_1147IST,airline_direct,IndiGo
BOM,BLR,6E,IndiGo,6E 5193,2026-09-06,1,economy,,,7062.0,False,08:05,ok,2026-09-05T11:47:01.485917+05:30,2026-09-05_1147IST,airline_direct,IndiGo
BOM,BLR,6E,IndiGo,6E 5092,2026-09-06,1,business,,,22488.0,False,09:50,ok,2026-09-05T11:47:01.485917+05:30,2026-09-05_1147IST,airline_direct,IndiGo
BOM,BLR,6E,IndiGo,6E 5092,2026-09-06,1,economy,,,9267.0,False,09:50,ok,2026-09-05T11:47:01.485917+05:30,2026-09-05_1147IST,airline_direct,IndiGo
BOM,BLR,6E,IndiGo,6E 6188,2026-09-06,1,business,,,22488.0,False,21:30,ok,2026-09-05T11:47:01.485917+05:30,2026-09-05_1147IST,airline_direct,IndiGo
BOM,BLR,6E,IndiGo,6E 6188,2026-09-06,1,economy,,,9792.0,False,21:30,ok,2026-09-05T11:47:01.485917+05:30,2026-09-05_1147IST,airline_direct,IndiGo
BOM,BLR,6E,IndiGo,6E 5217,2026-09-06,1,business,,,22488.0,False,11:00,ok,2026-09-05T11:47:01.485917+05:30,2026-09-05_1147IST,airline_direct,IndiGo
BOM,BLR,6E,IndiGo,6E 5217,2026-09-06,1,economy,,,10422.0,False,11:00,ok,2026-09-05T11:47:01.485917+05:30,2026-09-05_1147IST,airline_direct,IndiGo
BOM,BLR,6E,IndiGo,6E 5184,2026-09-06,1,business,,,22488.0,False,12:30,ok,2026-09-05T11:47:01.485917+05:30,2026-09-05_1147IST,airline_direct,IndiGo
BOM,BLR,6E,IndiGo,6E 5184,2026-09-06,1,economy,,,10422.0,False,12:30,ok,2026-09-05T11:47:01.485917+05:30,2026-09-05_1147IST,airline_direct,IndiGo
BOM,BLR,6E,IndiGo,6E 5032,2026-09-06,1,business,,,22488.0,False,19:55,ok,2026-09-05T11:47:01.485917+05:30,2026-09-05_1147IST,airline_direct,IndiGo
BOM,BLR,6E,IndiGo,6E 5032,2026-09-06,1,economy,,,10422.0,False,19:55,ok,2026-09-05T11:47:01.485917+05:30,2026-09-05_1147IST,airline_direct,IndiGo
BOM,BLR,6E,IndiGo,6E 5388,2026-09-06,1,business,,,22488.0,False,22:20,ok,2026-09-05T11:47:01.485917+05:30,2026-09-05_1147IST,airline_direct,IndiGo
BOM,BLR,6E,IndiGo,6E 5388,2026-09-06,1,economy,,,10422.0,False,22:20,ok,2026-09-05T11:47:01.485917+05:30,2026-09-05_1147IST,airline_direct,IndiGo
BOM,BLR,6E,IndiGo,6E 5071,2026-09-06,1,business,,,26688.0,False,15:35,ok,2026-09-05T11:47:01.485917+05:30,2026-09-05_1147IST,airline_direct,IndiGo
BOM,BLR,6E,IndiGo,6E 5071,2026-09-06,1,economy,,,11052.0,False,15:35,ok,2026-09-05T11:47:01.485917+05:30,2026-09-05_1147IST,airline_direct,IndiGo
BOM,BLR,6E,IndiGo,6E 5221,2026-09-06,1,business,,,22488.0,False,17:00,ok,2026-09-05T11:47:01.485917+05:30,2026-09-05_1147IST,airline_direct,IndiGo
BOM,BLR,6E,IndiGo,6E 5221,2026-09-06,1,economy,,,11052.0,False,17:00,ok,2026-09-05T11:47:01.485917+05:30,2026-09-05_1147IST,airline_direct,IndiGo
BOM,BLR,6E,IndiGo,6E 5382,2026-09-06,1,business,,,22488.0,False,14:30,ok,2026-09-05T11:47:01.485917+05:30,2026-09-05_1147IST,airline_direct,IndiGo
BOM,BLR,6E,IndiGo,6E 5382,2026-09-06,1,economy,,,11787.0,False,14:30,ok,2026-09-05T11:47:01.485917+05:30,2026-09-05_1147IST,airline_direct,IndiGo
BOM,BLR,6E,IndiGo,6E 5047,2026-09-06,1,business,,,22488.0,False,18:30,ok,2026-09-05T11:47:01.485917+05:30,2026-09-05_1147IST,airline_direct,IndiGo
BOM,BLR,6E,IndiGo,6E 5047,2026-09-06,1,economy,,,11787.0,False,18:30,ok,2026-09-05T11:47:01.485917+05:30,2026-09-05_1147IST,airline_direct,IndiGo
BOM,BLR,6E,IndiGo,6E 5188,2026-09-06,1,business,,,27179.0,False,06:15,ok,2026-09-05T11:47:01.485917+05:30,2026-09-05_1147IST,airline_direct,IndiGo
BOM,BLR,6E,IndiGo,6E 5188,2026-09-06,1,economy,,,7584.0,False,06:15,ok,2026-09-05T11:47:01.485917+05:30,2026-09-05_1147IST,airline_direct,IndiGo
BOM,BLR,6E,IndiGo,6E 5196,2026-09-06,1,business,,,32080.0,False,15:25,ok,2026-09-05T11:47:01.485917+05:30,2026-09-05_1147IST,airline_direct,IndiGo
BOM,BLR,6E,IndiGo,6E 5196,2026-09-06,1,economy,,,7584.0,False,15:25,ok,2026-09-05T11:47:01.485917+05:30,2026-09-05_1147IST,airline_direct,IndiGo
BOM,BLR,6E,IndiGo,6E 5196,2026-09-06,1,business,,,29276.0,False,15:25,ok,2026-09-05T11:47:01.485917+05:30,2026-09-05_1147IST,airline_direct,IndiGo
BOM,BLR,6E,IndiGo,6E 5196,2026-09-06,1,economy,,,7584.0,False,15:25,ok,2026-09-05T11:47:01.485917+05:30,2026-09-05_1147IST,airline_direct,IndiGo
BOM,BLR,6E,IndiGo,6E 5048,2026-09-06,1,business,,,29276.0,False,17:25,ok,2026-09-05T11:47:01.485917+05:30,2026-09-05_1147IST,airline_direct,IndiGo
BOM,BLR,6E,IndiGo,6E 5048,2026-09-06,1,economy,,,7584.0,False,17:25,ok,2026-09-05T11:47:01.485917+05:30,2026-09-05_1147IST,airline_direct,IndiGo
BOM,BLR,6E,IndiGo,6E 5126,2026-09-06,1,economy,,,8126.0,False,18:15,ok,2026-09-05T11:47:01.485917+05:30,2026-09-05_1147IST,airline_direct,IndiGo
BOM,BLR,6E,IndiGo,6E 5109,2026-09-06,1,economy,,,8718.0,False,09:35,ok,2026-09-05T11:47:01.485917+05:30,2026-09-05_1147IST,airline_direct,IndiGo
BOM,BLR,6E,IndiGo,6E 437,2026-09-06,1,economy,,,8718.0,False,17:10,ok,2026-09-05T11:47:01.485917+05:30,2026-09-05_1147IST,airline_direct,IndiGo
BOM,BLR,6E,IndiGo,6E 6361,2026-09-06,1,economy,,,9727.0,False,05:00,ok,2026-09-05T11:47:01.485917+05:30,2026-09-05_1147IST,airline_direct,IndiGo
BOM,BLR,6E,IndiGo,6E 6674,2026-09-06,1,economy,,,9858.0,False,09:05,ok,2026-09-05T11:47:01.485917+05:30,2026-09-05_1147IST,airline_direct,IndiGo
BOM,BLR,6E,IndiGo,6E 6057,2026-09-06,1,economy,,,10628.0,False,09:15,ok,2026-09-05T11:47:01.485917+05:30,2026-09-05_1147IST,airline_direct,IndiGo
BOM,BLR,6E,IndiGo,6E 6701,2026-09-06,1,economy,,,10838.0,False,05:35,ok,2026-09-05T11:47:01.485917+05:30,2026-09-05_1147IST,airline_direct,IndiGo
BOM,BLR,6E,IndiGo,6E 6701,2026-09-06,1,economy,,,10838.0,False,05:35,ok,2026-09-05T11:47:01.485917+05:30,2026-09-05_1147IST,airline_direct,IndiGo
BOM,BLR,6E,IndiGo,6E 673,2026-09-06,1,economy,,,10838.0,False,12:30,ok,2026-09-05T11:47:01.485917+05:30,2026-09-05_1147IST,airline_direct,IndiGo
BOM,BLR,6E,IndiGo,6E 673,2026-09-06,1,economy,,,10838.0,False,12:30,ok,2026-09-05T11:47:01.485917+05:30,2026-09-05_1147IST,airline_direct,IndiGo
BOM,BLR,6E,IndiGo,6E 5201,2026-09-06,1,economy,,,10838.0,False,14:55,ok,2026-09-05T11:47:01.485917+05:30,2026-09-05_1147IST,airline_direct,IndiGo
BOM,BLR,6E,IndiGo,6E 2237,2026-09-06,1,economy,,,10838.0,False,18:40,ok,2026-09-05T11:47:01.485917+05:30,2026-09-05_1147IST,airline_direct,IndiGo
BOM,BLR,6E,IndiGo,6E 5107,2026-09-06,1,economy,,,11678.0,False,20:00,ok,2026-09-05T11:47:01.485917+05:30,2026-09-05_1147IST,airline_direct,IndiGo
BOM,BLR,6E,IndiGo,6E 5246,2026-09-06,1,business,,,38552.0,False,07:15,ok,2026-09-05T11:47:01.485917+05:30,2026-09-05_1147IST,airline_direct,IndiGo
BOM,BLR,6E,IndiGo,6E 5246,2026-09-06,1,economy,,,12385.0,False,07:15,ok,2026-09-05T11:47:01.485917+05:30,2026-09-05_1147IST,airline_direct,IndiGo
BOM,BLR,6E,IndiGo,6E 673,2026-09-06,1,economy,,,12595.0,False,12:30,ok,2026-09-05T11:47:01.485917+05:30,2026-09-05_1147IST,airline_direct,IndiGo
BOM,BLR,6E,IndiGo,6E 240,2026-09-06,1,economy,,,15279.0,False,15:45,ok,2026-09-05T11:47:01.485917+05:30,2026-09-05_1147IST,airline_direct,IndiGo
BOM,BLR,6E,IndiGo,6E 230,2026-09-06,1,economy,,,15540.0,False,13:55,ok,2026-09-05T11:47:01.485917+05:30,2026-09-05_1147IST,airline_direct,IndiGo
BOM,BLR,6E,IndiGo,6E 230,2026-09-06,1,economy,,,15540.0,False,13:55,ok,2026-09-05T11:47:01.485917+05:30,2026-09-05_1147IST,airline_direct,IndiGo
BOM,BLR,6E,IndiGo,6E 230,2026-09-06,1,economy,,,16842.0,False,13:55,ok,2026-09-05T11:47:01.485917+05:30,2026-09-05_1147IST,airline_direct,IndiGo
BOM,BLR,6E,IndiGo,6E 5313,2026-09-06,1,business,,,32080.0,False,09:50,ok,2026-09-05T11:47:01.485917+05:30,2026-09-05_1147IST,airline_direct,IndiGo
BOM,BLR,6E,IndiGo,6E 5313,2026-09-06,1,economy,,,17194.0,False,09:50,ok,2026-09-05T11:47:01.485917+05:30,2026-09-05_1147IST,airline_direct,IndiGo
BOM,BLR,6E,IndiGo,6E 6349,2026-09-06,1,business,,,32080.0,False,11:40,ok,2026-09-05T11:47:01.485917+05:30,2026-09-05_1147IST,airline_direct,IndiGo
BOM,BLR,6E,IndiGo,6E 6349,2026-09-06,1,economy,,,17194.0,False,11:40,ok,2026-09-05T11:47:01.485917+05:30,2026-09-05_1147IST,airline_direct,IndiGo
BOM,BLR,6E,IndiGo,6E 6349,2026-09-06,1,business,,,32080.0,False,11:40,ok,2026-09-05T11:47:01.485917+05:30,2026-09-05_1147IST,airline_direct,IndiGo
BOM,BLR,6E,IndiGo,6E 6349,2026-09-06,1,economy,,,17194.0,False,11:40,ok,2026-09-05T11:47:01.485917+05:30,2026-09-05_1147IST,airline_direct,IndiGo
BOM,BLR,6E,IndiGo,6E 5082,2026-09-06,1,economy,,,17564.0,False,18:05,ok,2026-09-05T11:47:01.485917+05:30,2026-09-05_1147IST,airline_direct,IndiGo
BOM,BLR,6E,IndiGo,6E 261,2026-09-06,1,economy,,,17621.0,False,11:20,ok,2026-09-05T11:47:01.485917+05:30,2026-09-05_1147IST,airline_direct,IndiGo
BOM,BLR,6E,IndiGo,6E 5241,2026-09-06,1,economy,,,17621.0,False,16:40,ok,2026-09-05T11:47:01.485917+05:30,2026-09-05_1147IST,airline_direct,IndiGo
BOM,BLR,6E,IndiGo,6E 5313,2026-09-06,1,business,,,32916.0,False,09:50,ok,2026-09-05T11:47:01.485917+05:30,2026-09-05_1147IST,airline_direct,IndiGo
BOM,BLR,6E,IndiGo,6E 5313,2026-09-06,1,economy,,,18042.0,False,09:50,ok,2026-09-05T11:47:01.485917+05:30,2026-09-05_1147IST,airline_direct,IndiGo
BOM,BLR,6E,IndiGo,6E 5241,2026-09-06,1,economy,,,18671.0,False,16:40,ok,2026-09-05T11:47:01.485917+05:30,2026-09-05_1147IST,airline_direct,IndiGo
BOM,BLR,6E,IndiGo,6E 5337,2026-09-06,1,business,,,32080.0,False,13:45,ok,2026-09-05T11:47:01.485917+05:30,2026-09-05_1147IST,airline_direct,IndiGo
BOM,BLR,6E,IndiGo,6E 5337,2026-09-06,1,economy,,,18860.0,False,13:45,ok,2026-09-05T11:47:01.485917+05:30,2026-09-05_1147IST,airline_direct,IndiGo
BOM,BLR,6E,IndiGo,6E 2011,2026-09-06,1,economy,,,18930.0,False,13:35,ok,2026-09-05T11:47:01.485917+05:30,2026-09-05_1147IST,airline_direct,IndiGo
BOM,BLR,6E,IndiGo,6E 261,2026-09-06,1,economy,,,19814.0,False,11:20,ok,2026-09-05T11:47:01.485917+05:30,2026-09-05_1147IST,airline_direct,IndiGo
BOM,BLR,6E,IndiGo,6E 5228,2026-09-06,1,business,,,30128.0,False,16:45,ok,2026-09-05T11:47:01.485917+05:30,2026-09-05_1147IST,airline_direct,IndiGo
BOM,BLR,6E,IndiGo,6E 5228,2026-09-06,1,economy,,,20058.0,False,16:45,ok,2026-09-05T11:47:01.485917+05:30,2026-09-05_1147IST,airline_direct,IndiGo
BOM,BLR,6E,IndiGo,6E 632,2026-09-06,1,economy,,,20156.0,False,04:00,ok,2026-09-05T11:47:01.485917+05:30,2026-09-05_1147IST,airline_direct,IndiGo
BOM,BLR,6E,IndiGo,6E 5178,2026-09-06,1,business,,,33689.0,False,11:45,ok,2026-09-05T11:47:01.485917+05:30,2026-09-05_1147IST,airline_direct,IndiGo
BOM,BLR,6E,IndiGo,6E 5178,2026-09-06,1,economy,,,20502.0,False,11:45,ok,2026-09-05T11:47:01.485917+05:30,2026-09-05_1147IST,airline_direct,IndiGo
BOM,BLR,6E,IndiGo,6E 5386,2026-09-06,1,business,,,31413.0,False,15:10,ok,2026-09-05T11:47:01.485917+05:30,2026-09-05_1147IST,airline_direct,IndiGo
BOM,BLR,6E,IndiGo,6E 5386,2026-09-06,1,economy,,,20793.0,False,15:10,ok,2026-09-05T11:47:01.485917+05:30,2026-09-05_1147IST,airline_direct,IndiGo
BOM,BLR,6E,IndiGo,6E 2284,2026-09-06,1,economy,,,21035.0,False,12:05,ok,2026-09-05T11:47:01.485917+05:30,2026-09-05_1147IST,airline_direct,IndiGo
BOM,BLR,6E,IndiGo,6E 5123,2026-09-06,1,economy,,,21266.0,False,14:40,ok,2026-09-05T11:47:01.485917+05:30,2026-09-05_1147IST,airline_direct,IndiGo
BOM,BLR,6E,IndiGo,6E 5318,2026-09-06,1,business,,,38065.0,False,10:15,ok,2026-09-05T11:47:01.485917+05:30,2026-09-05_1147IST,airline_direct,IndiGo
BOM,BLR,6E,IndiGo,6E 5318,2026-09-06,1,economy,,,21638.0,False,10:15,ok,2026-09-05T11:47:01.485917+05:30,2026-09-05_1147IST,airline_direct,IndiGo
BOM,BLR,6E,IndiGo,6E 5228,2026-09-06,1,business,,,32404.0,False,16:45,ok,2026-09-05T11:47:01.485917+05:30,2026-09-05_1147IST,airline_direct,IndiGo
BOM,BLR,6E,IndiGo,6E 5228,2026-09-06,1,economy,,,21867.0,False,16:45,ok,2026-09-05T11:47:01.485917+05:30,2026-09-05_1147IST,airline_direct,IndiGo
BOM,BLR,6E,IndiGo,6E 5386,2026-09-06,1,business,,,33689.0,False,15:10,ok,2026-09-05T11:47:01.485917+05:30,2026-09-05_1147IST,airline_direct,IndiGo
BOM,BLR,6E,IndiGo,6E 5386,2026-09-06,1,economy,,,22602.0,False,15:10,ok,2026-09-05T11:47:01.485917+05:30,2026-09-05_1147IST,airline_direct,IndiGo
BOM,BLR,6E,IndiGo,6E 5386,2026-09-06,1,business,,,33689.0,False,15:10,ok,2026-09-05T11:47:01.485917+05:30,2026-09-05_1147IST,airline_direct,IndiGo
BOM,BLR,6E,IndiGo,6E 5386,2026-09-06,1,economy,,,22602.0,False,15:10,ok,2026-09-05T11:47:01.485917+05:30,2026-09-05_1147IST,airline_direct,IndiGo
BOM,BLR,6E,IndiGo,6E 5318,2026-09-06,1,business,,,39837.0,False,10:15,ok,2026-09-05T11:47:01.485917+05:30,2026-09-05_1147IST,airline_direct,IndiGo
BOM,BLR,6E,IndiGo,6E 5318,2026-09-06,1,economy,,,23459.0,False,10:15,ok,2026-09-05T11:47:01.485917+05:30,2026-09-05_1147IST,airline_direct,IndiGo
BOM,BLR,6E,IndiGo,6E 5178,2026-09-06,1,business,,,38065.0,False,11:45,ok,2026-09-05T11:47:01.485917+05:30,2026-09-05_1147IST,airline_direct,IndiGo
BOM,BLR,6E,IndiGo,6E 5178,2026-09-06,1,economy,,,23824.0,False,11:45,ok,2026-09-05T11:47:01.485917+05:30,2026-09-05_1147IST,airline_direct,IndiGo
BOM,BLR,6E,IndiGo,6E 5178,2026-09-06,1,business,,,39837.0,False,11:45,ok,2026-09-05T11:47:01.485917+05:30,2026-09-05_1147IST,airline_direct,IndiGo
BOM,BLR,6E,IndiGo,6E 5178,2026-09-06,1,economy,,,25139.0,False,11:45,ok,2026-09-05T11:47:01.485917+05:30,2026-09-05_1147IST,airline_direct,IndiGo
BOM,BLR,6E,IndiGo,6E 6599,2026-09-06,1,economy,,,26187.0,False,16:50,ok,2026-09-05T11:47:01.485917+05:30,2026-09-05_1147IST,airline_direct,IndiGo
DEL,CCU,6E,IndiGo,6E 5191,2026-09-06,1,business,,,26140.0,False,05:00,ok,2026-09-05T11:48:07.265281+05:30,2026-09-05_1148IST,airline_direct,IndiGo
DEL,CCU,6E,IndiGo,6E 5191,2026-09-06,1,economy,,,8502.0,False,05:00,ok,2026-09-05T11:48:07.265281+05:30,2026-09-05_1148IST,airline_direct,IndiGo
DEL,CCU,6E,IndiGo,6E 389,2026-09-06,1,business,,,26140.0,False,21:50,ok,2026-09-05T11:48:07.265281+05:30,2026-09-05_1148IST,airline_direct,IndiGo
DEL,CCU,6E,IndiGo,6E 389,2026-09-06,1,economy,,,8502.0,False,21:50,ok,2026-09-05T11:48:07.265281+05:30,2026-09-05_1148IST,airline_direct,IndiGo
DEL,CCU,6E,IndiGo,6E 247,2026-09-06,1,business,,,26140.0,False,23:30,ok,2026-09-05T11:48:07.265281+05:30,2026-09-05_1148IST,airline_direct,IndiGo
DEL,CCU,6E,IndiGo,6E 247,2026-09-06,1,economy,,,8502.0,False,23:30,ok,2026-09-05T11:48:07.265281+05:30,2026-09-05_1148IST,airline_direct,IndiGo
DEL,CCU,6E,IndiGo,6E 2276,2026-09-06,1,business,,,26140.0,False,17:55,ok,2026-09-05T11:48:07.265281+05:30,2026-09-05_1148IST,airline_direct,IndiGo
DEL,CCU,6E,IndiGo,6E 2276,2026-09-06,1,economy,,,8765.0,False,17:55,ok,2026-09-05T11:48:07.265281+05:30,2026-09-05_1148IST,airline_direct,IndiGo
DEL,CCU,6E,IndiGo,6E 340,2026-09-06,1,business,,,26140.0,False,07:20,ok,2026-09-05T11:48:07.265281+05:30,2026-09-05_1148IST,airline_direct,IndiGo
DEL,CCU,6E,IndiGo,6E 340,2026-09-06,1,economy,,,9552.0,False,07:20,ok,2026-09-05T11:48:07.265281+05:30,2026-09-05_1148IST,airline_direct,IndiGo
DEL,CCU,6E,IndiGo,6E 910,2026-09-06,1,business,,,26140.0,False,14:25,ok,2026-09-05T11:48:07.265281+05:30,2026-09-05_1148IST,airline_direct,IndiGo
DEL,CCU,6E,IndiGo,6E 910,2026-09-06,1,economy,,,9552.0,False,14:25,ok,2026-09-05T11:48:07.265281+05:30,2026-09-05_1148IST,airline_direct,IndiGo
DEL,CCU,6E,IndiGo,6E 894,2026-09-06,1,business,,,26140.0,False,10:15,ok,2026-09-05T11:48:07.265281+05:30,2026-09-05_1148IST,airline_direct,IndiGo
DEL,CCU,6E,IndiGo,6E 894,2026-09-06,1,economy,,,10077.0,False,10:15,ok,2026-09-05T11:48:07.265281+05:30,2026-09-05_1148IST,airline_direct,IndiGo
DEL,CCU,6E,IndiGo,6E 897,2026-09-06,1,business,,,26140.0,False,12:45,ok,2026-09-05T11:48:07.265281+05:30,2026-09-05_1148IST,airline_direct,IndiGo
DEL,CCU,6E,IndiGo,6E 897,2026-09-06,1,economy,,,10077.0,False,12:45,ok,2026-09-05T11:48:07.265281+05:30,2026-09-05_1148IST,airline_direct,IndiGo
DEL,CCU,6E,IndiGo,6E 6415,2026-09-06,1,business,,,26140.0,False,16:00,ok,2026-09-05T11:48:07.265281+05:30,2026-09-05_1148IST,airline_direct,IndiGo
DEL,CCU,6E,IndiGo,6E 6415,2026-09-06,1,economy,,,10077.0,False,16:00,ok,2026-09-05T11:48:07.265281+05:30,2026-09-05_1148IST,airline_direct,IndiGo
DEL,CCU,6E,IndiGo,6E 6517,2026-09-06,1,business,,,26140.0,False,19:30,ok,2026-09-05T11:48:07.265281+05:30,2026-09-05_1148IST,airline_direct,IndiGo
DEL,CCU,6E,IndiGo,6E 6517,2026-09-06,1,economy,,,10077.0,False,19:30,ok,2026-09-05T11:48:07.265281+05:30,2026-09-05_1148IST,airline_direct,IndiGo
DEL,CCU,6E,IndiGo,6E 2296,2026-09-06,1,economy,,,7586.0,False,09:20,ok,2026-09-05T11:48:07.265281+05:30,2026-09-05_1148IST,airline_direct,IndiGo
DEL,CCU,6E,IndiGo,6E 6371,2026-09-06,1,economy,,,8032.0,False,06:20,ok,2026-09-05T11:48:07.265281+05:30,2026-09-05_1148IST,airline_direct,IndiGo
DEL,CCU,6E,IndiGo,6E 6312,2026-09-06,1,economy,,,8115.0,False,14:25,ok,2026-09-05T11:48:07.265281+05:30,2026-09-05_1148IST,airline_direct,IndiGo
DEL,CCU,6E,IndiGo,6E 734,2026-09-06,1,economy,,,8115.0,False,16:20,ok,2026-09-05T11:48:07.265281+05:30,2026-09-05_1148IST,airline_direct,IndiGo
DEL,CCU,6E,IndiGo,6E 6073,2026-09-06,1,economy,,,8194.0,False,05:00,ok,2026-09-05T11:48:07.265281+05:30,2026-09-05_1148IST,airline_direct,IndiGo
DEL,CCU,6E,IndiGo,6E 2614,2026-09-06,1,economy,,,8194.0,False,14:40,ok,2026-09-05T11:48:07.265281+05:30,2026-09-05_1148IST,airline_direct,IndiGo
DEL,CCU,6E,IndiGo,6E 6551,2026-09-06,1,economy,,,8640.0,False,12:00,ok,2026-09-05T11:48:07.265281+05:30,2026-09-05_1148IST,airline_direct,IndiGo
DEL,CCU,6E,IndiGo,6E 6190,2026-09-06,1,economy,,,8862.0,False,07:40,ok,2026-09-05T11:48:07.265281+05:30,2026-09-05_1148IST,airline_direct,IndiGo
DEL,CCU,6E,IndiGo,6E 5298,2026-09-06,1,economy,,,8862.0,False,09:00,ok,2026-09-05T11:48:07.265281+05:30,2026-09-05_1148IST,airline_direct,IndiGo
DEL,CCU,6E,IndiGo,6E 882,2026-09-06,1,economy,,,9203.0,False,23:15,ok,2026-09-05T11:48:07.265281+05:30,2026-09-05_1148IST,airline_direct,IndiGo
DEL,CCU,6E,IndiGo,6E 6190,2026-09-06,1,economy,,,9597.0,False,07:40,ok,2026-09-05T11:48:07.265281+05:30,2026-09-05_1148IST,airline_direct,IndiGo
DEL,CCU,6E,IndiGo,6E 2296,2026-09-06,1,economy,,,10404.0,False,09:20,ok,2026-09-05T11:48:07.265281+05:30,2026-09-05_1148IST,airline_direct,IndiGo
DEL,CCU,6E,IndiGo,6E 884,2026-09-06,1,business,,,33806.0,False,11:45,ok,2026-09-05T11:48:07.265281+05:30,2026-09-05_1148IST,airline_direct,IndiGo
DEL,CCU,6E,IndiGo,6E 884,2026-09-06,1,economy,,,10745.0,False,11:45,ok,2026-09-05T11:48:07.265281+05:30,2026-09-05_1148IST,airline_direct,IndiGo
DEL,CCU,6E,IndiGo,6E 6282,2026-09-06,1,business,,,33806.0,False,13:30,ok,2026-09-05T11:48:07.265281+05:30,2026-09-05_1148IST,airline_direct,IndiGo
DEL,CCU,6E,IndiGo,6E 6282,2026-09-06,1,economy,,,10745.0,False,13:30,ok,2026-09-05T11:48:07.265281+05:30,2026-09-05_1148IST,airline_direct,IndiGo
DEL,CCU,6E,IndiGo,6E 6312,2026-09-06,1,economy,,,11212.0,False,14:25,ok,2026-09-05T11:48:07.265281+05:30,2026-09-05_1148IST,airline_direct,IndiGo
DEL,CCU,6E,IndiGo,6E 5033,2026-09-06,1,economy,,,11291.0,False,15:50,ok,2026-09-05T11:48:07.265281+05:30,2026-09-05_1148IST,airline_direct,IndiGo
DEL,CCU,6E,IndiGo,6E 5041,2026-09-06,1,economy,,,11396.0,False,15:10,ok,2026-09-05T11:48:07.265281+05:30,2026-09-05_1148IST,airline_direct,IndiGo
DEL,CCU,6E,IndiGo,6E 6124,2026-09-06,1,economy,,,11557.0,False,07:30,ok,2026-09-05T11:48:07.265281+05:30,2026-09-05_1148IST,airline_direct,IndiGo
DEL,CCU,6E,IndiGo,6E 6293,2026-09-06,1,business,,,33806.0,False,09:55,ok,2026-09-05T11:48:07.265281+05:30,2026-09-05_1148IST,airline_direct,IndiGo
DEL,CCU,6E,IndiGo,6E 6293,2026-09-06,1,economy,,,11632.0,False,09:55,ok,2026-09-05T11:48:07.265281+05:30,2026-09-05_1148IST,airline_direct,IndiGo
DEL,CCU,6E,IndiGo,6E 5215,2026-09-06,1,economy,,,12373.0,False,07:45,ok,2026-09-05T11:48:07.265281+05:30,2026-09-05_1148IST,airline_direct,IndiGo
DEL,CCU,6E,IndiGo,6E 5307,2026-09-06,1,economy,,,12397.0,False,10:50,ok,2026-09-05T11:48:07.265281+05:30,2026-09-05_1148IST,airline_direct,IndiGo
DEL,CCU,6E,IndiGo,6E 2341,2026-09-06,1,economy,,,12609.0,False,14:50,ok,2026-09-05T11:48:07.265281+05:30,2026-09-05_1148IST,airline_direct,IndiGo
DEL,CCU,6E,IndiGo,6E 5036,2026-09-06,1,economy,,,13261.0,False,08:00,ok,2026-09-05T11:48:07.265281+05:30,2026-09-05_1148IST,airline_direct,IndiGo
DEL,CCU,6E,IndiGo,6E 2361,2026-09-06,1,economy,,,14413.0,False,14:35,ok,2026-09-05T11:48:07.265281+05:30,2026-09-05_1148IST,airline_direct,IndiGo
DEL,CCU,6E,IndiGo,6E 5073,2026-09-06,1,economy,,,14861.0,False,17:05,ok,2026-09-05T11:48:07.265281+05:30,2026-09-05_1148IST,airline_direct,IndiGo
DEL,CCU,6E,IndiGo,6E 2373,2026-09-06,1,economy,,,15325.0,False,11:10,ok,2026-09-05T11:48:07.265281+05:30,2026-09-05_1148IST,airline_direct,IndiGo
DEL,CCU,6E,IndiGo,6E 2453,2026-09-06,1,economy,,,15325.0,False,13:35,ok,2026-09-05T11:48:07.265281+05:30,2026-09-05_1148IST,airline_direct,IndiGo
DEL,CCU,6E,IndiGo,6E 5119,2026-09-06,1,economy,,,16157.0,False,05:10,ok,2026-09-05T11:48:07.265281+05:30,2026-09-05_1148IST,airline_direct,IndiGo
DEL,CCU,6E,IndiGo,6E 6282,2026-09-06,1,economy,,,17582.0,False,13:30,ok,2026-09-05T11:48:07.265281+05:30,2026-09-05_1148IST,airline_direct,IndiGo
DEL,CCU,6E,IndiGo,6E 717,2026-09-06,1,economy,,,17582.0,False,17:55,ok,2026-09-05T11:48:07.265281+05:30,2026-09-05_1148IST,airline_direct,IndiGo
DEL,CCU,6E,IndiGo,6E 2259,2026-09-06,1,economy,,,17956.0,False,12:20,ok,2026-09-05T11:48:07.265281+05:30,2026-09-05_1148IST,airline_direct,IndiGo
DEL,CCU,6E,IndiGo,6E 6245,2026-09-06,1,economy,,,18597.0,False,06:20,ok,2026-09-05T11:48:07.265281+05:30,2026-09-05_1148IST,airline_direct,IndiGo
DEL,CCU,6E,IndiGo,6E 5038,2026-09-06,1,economy,,,18807.0,False,14:00,ok,2026-09-05T11:48:07.265281+05:30,2026-09-05_1148IST,airline_direct,IndiGo
DEL,CCU,6E,IndiGo,6E 705,2026-09-06,1,business,,,33806.0,False,08:30,ok,2026-09-05T11:48:07.265281+05:30,2026-09-05_1148IST,airline_direct,IndiGo
DEL,CCU,6E,IndiGo,6E 705,2026-09-06,1,economy,,,19148.0,False,08:30,ok,2026-09-05T11:48:07.265281+05:30,2026-09-05_1148IST,airline_direct,IndiGo
DEL,CCU,6E,IndiGo,6E 6293,2026-09-06,1,business,,,33806.0,False,09:55,ok,2026-09-05T11:48:07.265281+05:30,2026-09-05_1148IST,airline_direct,IndiGo
DEL,CCU,6E,IndiGo,6E 6293,2026-09-06,1,economy,,,19148.0,False,09:55,ok,2026-09-05T11:48:07.265281+05:30,2026-09-05_1148IST,airline_direct,IndiGo
DEL,CCU,6E,IndiGo,6E 6212,2026-09-06,1,economy,,,19148.0,False,14:45,ok,2026-09-05T11:48:07.265281+05:30,2026-09-05_1148IST,airline_direct,IndiGo
DEL,CCU,6E,IndiGo,6E 6217,2026-09-06,1,economy,,,19148.0,False,16:15,ok,2026-09-05T11:48:07.265281+05:30,2026-09-05_1148IST,airline_direct,IndiGo
DEL,CCU,6E,IndiGo,6E 2614,2026-09-06,1,economy,,,19171.0,False,14:40,ok,2026-09-05T11:48:07.265281+05:30,2026-09-05_1148IST,airline_direct,IndiGo
DEL,CCU,6E,IndiGo,6E 6130,2026-09-06,1,economy,,,20511.0,False,12:55,ok,2026-09-05T11:48:07.265281+05:30,2026-09-05_1148IST,airline_direct,IndiGo
DEL,CCU,6E,IndiGo,6E 2203,2026-09-06,1,economy,,,20635.0,False,04:45,ok,2026-09-05T11:48:07.265281+05:30,2026-09-05_1148IST,airline_direct,IndiGo
DEL,CCU,6E,IndiGo,6E 6829,2026-09-06,1,economy,,,20661.0,False,17:20,ok,2026-09-05T11:48:07.265281+05:30,2026-09-05_1148IST,airline_direct,IndiGo
DEL,CCU,6E,IndiGo,6E 705,2026-09-06,1,business,,,33806.0,False,08:30,ok,2026-09-05T11:48:07.265281+05:30,2026-09-05_1148IST,airline_direct,IndiGo
DEL,CCU,6E,IndiGo,6E 705,2026-09-06,1,economy,,,20871.0,False,08:30,ok,2026-09-05T11:48:07.265281+05:30,2026-09-05_1148IST,airline_direct,IndiGo
DEL,CCU,6E,IndiGo,6E 6053,2026-09-06,1,economy,,,21491.0,False,13:05,ok,2026-09-05T11:48:07.265281+05:30,2026-09-05_1148IST,airline_direct,IndiGo
DEL,CCU,6E,IndiGo,6E 2331,2026-09-06,1,economy,,,22765.0,False,12:20,ok,2026-09-05T11:48:07.265281+05:30,2026-09-05_1148IST,airline_direct,IndiGo
DEL,CCU,6E,IndiGo,6E 6503,2026-09-06,1,economy,,,25730.0,False,13:25,ok,2026-09-05T11:48:07.265281+05:30,2026-09-05_1148IST,airline_direct,IndiGo
DEL,CCU,6E,IndiGo,6E 203,2026-09-06,1,business,,,33806.0,False,07:10,ok,2026-09-05T11:48:07.265281+05:30,2026-09-05_1148IST,airline_direct,IndiGo
DEL,CCU,6E,IndiGo,6E 203,2026-09-06,1,economy,,,27134.0,False,07:10,ok,2026-09-05T11:48:07.265281+05:30,2026-09-05_1148IST,airline_direct,IndiGo
DEL,CCU,6E,IndiGo,6E 6503,2026-09-06,1,economy,,,27987.0,False,13:25,ok,2026-09-05T11:48:07.265281+05:30,2026-09-05_1148IST,airline_direct,IndiGo
DEL,CCU,6E,IndiGo,6E 5041,2026-09-06,1,economy,,,28432.0,False,15:10,ok,2026-09-05T11:48:07.265281+05:30,2026-09-05_1148IST,airline_direct,IndiGo
DEL,CCU,6E,IndiGo,6E 203,2026-09-06,1,business,,,33806.0,False,07:10,ok,2026-09-05T11:48:07.265281+05:30,2026-09-05_1148IST,airline_direct,IndiGo
DEL,CCU,6E,IndiGo,6E 203,2026-09-06,1,economy,,,31449.0,False,07:10,ok,2026-09-05T11:48:07.265281+05:30,2026-09-05_1148IST,airline_direct,IndiGo
BLR,HYD,6E,IndiGo,6E 6178,2026-09-06,1,economy,,,6239.0,False,06:25,ok,2026-09-05T11:49:10.269677+05:30,2026-09-05_1149IST,airline_direct,IndiGo
BLR,HYD,6E,IndiGo,6E 484,2026-09-06,1,economy,,,8727.0,False,08:15,ok,2026-09-05T11:49:10.269677+05:30,2026-09-05_1149IST,airline_direct,IndiGo
BLR,HYD,6E,IndiGo,6E 312,2026-09-06,1,economy,,,11353.0,False,09:15,ok,2026-09-05T11:49:10.269677+05:30,2026-09-05_1149IST,airline_direct,IndiGo
BLR,HYD,6E,IndiGo,6E 537,2026-09-06,1,economy,,,12416.0,False,10:15,ok,2026-09-05T11:49:10.269677+05:30,2026-09-05_1149IST,airline_direct,IndiGo
BLR,HYD,6E,IndiGo,6E 6404,2026-09-06,1,economy,,,13589.0,False,11:35,ok,2026-09-05T11:49:10.269677+05:30,2026-09-05_1149IST,airline_direct,IndiGo
BLR,HYD,6E,IndiGo,6E 6784,2026-09-06,1,economy,,,13589.0,False,21:30,ok,2026-09-05T11:49:10.269677+05:30,2026-09-05_1149IST,airline_direct,IndiGo
BLR,HYD,6E,IndiGo,6E 6067,2026-09-06,1,economy,,,16310.0,False,16:30,ok,2026-09-05T11:49:10.269677+05:30,2026-09-05_1149IST,airline_direct,IndiGo
BLR,HYD,6E,IndiGo,6E 638,2026-09-06,1,economy,,,16310.0,False,18:35,ok,2026-09-05T11:49:10.269677+05:30,2026-09-05_1149IST,airline_direct,IndiGo
BLR,HYD,6E,IndiGo,6E 855,2026-09-06,1,economy,,,16310.0,False,19:45,ok,2026-09-05T11:49:10.269677+05:30,2026-09-05_1149IST,airline_direct,IndiGo
BLR,HYD,6E,IndiGo,6E 7071,2026-09-06,1,economy,,,6153.0,False,10:55,ok,2026-09-05T11:49:10.269677+05:30,2026-09-05_1149IST,airline_direct,IndiGo
BLR,HYD,6E,IndiGo,6E 7227,2026-09-06,1,economy,,,6412.0,False,06:25,ok,2026-09-05T11:49:10.269677+05:30,2026-09-05_1149IST,airline_direct,IndiGo
BLR,HYD,6E,IndiGo,6E 6269,2026-09-06,1,economy,,,6543.0,False,07:15,ok,2026-09-05T11:49:10.269677+05:30,2026-09-05_1149IST,airline_direct,IndiGo
BLR,HYD,6E,IndiGo,6E 6891,2026-09-06,1,economy,,,6543.0,False,17:15,ok,2026-09-05T11:49:10.269677+05:30,2026-09-05_1149IST,airline_direct,IndiGo
BLR,HYD,6E,IndiGo,6E 528,2026-09-06,1,economy,,,6969.0,False,21:40,ok,2026-09-05T11:49:10.269677+05:30,2026-09-05_1149IST,airline_direct,IndiGo
BLR,HYD,6E,IndiGo,6E 6563,2026-09-06,1,economy,,,7432.0,False,01:05,ok,2026-09-05T11:49:10.269677+05:30,2026-09-05_1149IST,airline_direct,IndiGo
BLR,HYD,6E,IndiGo,6E 6876,2026-09-06,1,economy,,,7432.0,False,02:40,ok,2026-09-05T11:49:10.269677+05:30,2026-09-05_1149IST,airline_direct,IndiGo
BLR,HYD,6E,IndiGo,6E 857,2026-09-06,1,economy,,,7935.0,False,07:05,ok,2026-09-05T11:49:10.269677+05:30,2026-09-05_1149IST,airline_direct,IndiGo
BLR,HYD,6E,IndiGo,6E 6753,2026-09-06,1,economy,,,7935.0,False,15:15,ok,2026-09-05T11:49:10.269677+05:30,2026-09-05_1149IST,airline_direct,IndiGo
BLR,HYD,6E,IndiGo,6E 6753,2026-09-06,1,economy,,,7935.0,False,15:15,ok,2026-09-05T11:49:10.269677+05:30,2026-09-05_1149IST,airline_direct,IndiGo
BLR,HYD,6E,IndiGo,6E 6168,2026-09-06,1,economy,,,7935.0,False,17:40,ok,2026-09-05T11:49:10.269677+05:30,2026-09-05_1149IST,airline_direct,IndiGo
BLR,HYD,6E,IndiGo,6E 6168,2026-09-06,1,economy,,,7935.0,False,17:40,ok,2026-09-05T11:49:10.269677+05:30,2026-09-05_1149IST,airline_direct,IndiGo
BLR,HYD,6E,IndiGo,6E 6554,2026-09-06,1,economy,,,7935.0,False,19:15,ok,2026-09-05T11:49:10.269677+05:30,2026-09-05_1149IST,airline_direct,IndiGo
BLR,HYD,6E,IndiGo,6E 6269,2026-09-06,1,economy,,,9081.0,False,07:15,ok,2026-09-05T11:49:10.269677+05:30,2026-09-05_1149IST,airline_direct,IndiGo
BLR,HYD,6E,IndiGo,6E 6208,2026-09-06,1,economy,,,9081.0,False,12:45,ok,2026-09-05T11:49:10.269677+05:30,2026-09-05_1149IST,airline_direct,IndiGo
BLR,HYD,6E,IndiGo,6E 6583,2026-09-06,1,economy,,,9212.0,False,10:40,ok,2026-09-05T11:49:10.269677+05:30,2026-09-05_1149IST,airline_direct,IndiGo
BLR,HYD,6E,IndiGo,6E 857,2026-09-06,1,economy,,,9730.0,False,07:05,ok,2026-09-05T11:49:10.269677+05:30,2026-09-05_1149IST,airline_direct,IndiGo
BLR,HYD,6E,IndiGo,6E 6208,2026-09-06,1,economy,,,9730.0,False,12:45,ok,2026-09-05T11:49:10.269677+05:30,2026-09-05_1149IST,airline_direct,IndiGo
BLR,HYD,6E,IndiGo,6E 441,2026-09-06,1,economy,,,9730.0,False,20:40,ok,2026-09-05T11:49:10.269677+05:30,2026-09-05_1149IST,airline_direct,IndiGo
BLR,HYD,6E,IndiGo,6E 116,2026-09-06,1,economy,,,9730.0,False,23:05,ok,2026-09-05T11:49:10.269677+05:30,2026-09-05_1149IST,airline_direct,IndiGo
BLR,HYD,6E,IndiGo,6E 574,2026-09-06,1,economy,,,9861.0,False,11:05,ok,2026-09-05T11:49:10.269677+05:30,2026-09-05_1149IST,airline_direct,IndiGo
BLR,HYD,6E,IndiGo,6E 7737,2026-09-06,1,economy,,,10304.0,False,15:15,ok,2026-09-05T11:49:10.269677+05:30,2026-09-05_1149IST,airline_direct,IndiGo
BLR,HYD,6E,IndiGo,6E 6702,2026-09-06,1,economy,,,10435.0,False,05:20,ok,2026-09-05T11:49:10.269677+05:30,2026-09-05_1149IST,airline_direct,IndiGo
BLR,HYD,6E,IndiGo,6E 6702,2026-09-06,1,economy,,,10435.0,False,05:20,ok,2026-09-05T11:49:10.269677+05:30,2026-09-05_1149IST,airline_direct,IndiGo
BLR,HYD,6E,IndiGo,6E 763,2026-09-06,1,economy,,,10435.0,False,07:05,ok,2026-09-05T11:49:10.269677+05:30,2026-09-05_1149IST,airline_direct,IndiGo
BLR,HYD,6E,IndiGo,6E 763,2026-09-06,1,economy,,,10435.0,False,07:05,ok,2026-09-05T11:49:10.269677+05:30,2026-09-05_1149IST,airline_direct,IndiGo
BLR,HYD,6E,IndiGo,6E 7204,2026-09-06,1,economy,,,10570.0,False,06:50,ok,2026-09-05T11:49:10.269677+05:30,2026-09-05_1149IST,airline_direct,IndiGo
BLR,HYD,6E,IndiGo,6E 763,2026-09-06,1,economy,,,11204.0,False,07:05,ok,2026-09-05T11:49:10.269677+05:30,2026-09-05_1149IST,airline_direct,IndiGo
BLR,HYD,6E,IndiGo,6E 7005,2026-09-06,1,economy,,,11204.0,False,08:05,ok,2026-09-05T11:49:10.269677+05:30,2026-09-05_1149IST,airline_direct,IndiGo
BLR,HYD,6E,IndiGo,6E 6336,2026-09-06,1,economy,,,11493.0,False,12:40,ok,2026-09-05T11:49:10.269677+05:30,2026-09-05_1149IST,airline_direct,IndiGo
BLR,HYD,6E,IndiGo,6E 7005,2026-09-06,1,economy,,,12041.0,False,08:05,ok,2026-09-05T11:49:10.269677+05:30,2026-09-05_1149IST,airline_direct,IndiGo
BLR,HYD,6E,IndiGo,6E 105,2026-09-06,1,economy,,,12041.0,False,18:50,ok,2026-09-05T11:49:10.269677+05:30,2026-09-05_1149IST,airline_direct,IndiGo
BLR,HYD,6E,IndiGo,6E 7204,2026-09-06,1,economy,,,12754.0,False,06:50,ok,2026-09-05T11:49:10.269677+05:30,2026-09-05_1149IST,airline_direct,IndiGo
BLR,HYD,6E,IndiGo,6E 703,2026-09-06,1,economy,,,12950.0,False,12:55,ok,2026-09-05T11:49:10.269677+05:30,2026-09-05_1149IST,airline_direct,IndiGo
BLR,HYD,6E,IndiGo,6E 6336,2026-09-06,1,economy,,,12973.0,False,12:40,ok,2026-09-05T11:49:10.269677+05:30,2026-09-05_1149IST,airline_direct,IndiGo
BLR,HYD,6E,IndiGo,6E 7285,2026-09-06,1,economy,,,15315.0,False,06:50,ok,2026-09-05T11:49:10.269677+05:30,2026-09-05_1149IST,airline_direct,IndiGo
BLR,HYD,6E,IndiGo,6E 356,2026-09-06,1,economy,,,16396.0,False,17:15,ok,2026-09-05T11:49:10.269677+05:30,2026-09-05_1149IST,airline_direct,IndiGo
BLR,HYD,6E,IndiGo,6E 356,2026-09-06,1,economy,,,16446.0,False,17:15,ok,2026-09-05T11:49:10.269677+05:30,2026-09-05_1149IST,airline_direct,IndiGo
BLR,HYD,6E,IndiGo,6E 6017,2026-09-06,1,economy,,,16797.0,False,18:15,ok,2026-09-05T11:49:10.269677+05:30,2026-09-05_1149IST,airline_direct,IndiGo
BLR,HYD,6E,IndiGo,6E 904,2026-09-06,1,economy,,,17529.0,False,10:50,ok,2026-09-05T11:49:10.269677+05:30,2026-09-05_1149IST,airline_direct,IndiGo
BLR,HYD,6E,IndiGo,6E 6653,2026-09-06,1,economy,,,18218.0,False,12:35,ok,2026-09-05T11:49:10.269677+05:30,2026-09-05_1149IST,airline_direct,IndiGo
BLR,HYD,6E,IndiGo,6E 105,2026-09-06,1,economy,,,19772.0,False,18:50,ok,2026-09-05T11:49:10.269677+05:30,2026-09-05_1149IST,airline_direct,IndiGo
BLR,HYD,6E,IndiGo,6E 6445,2026-09-06,1,economy,,,20364.0,False,10:25,ok,2026-09-05T11:49:10.269677+05:30,2026-09-05_1149IST,airline_direct,IndiGo
BLR,HYD,6E,IndiGo,6E 6542,2026-09-06,1,economy,,,21141.0,False,13:10,ok,2026-09-05T11:49:10.269677+05:30,2026-09-05_1149IST,airline_direct,IndiGo
BLR,HYD,6E,IndiGo,6E 6542,2026-09-06,1,economy,,,21141.0,False,13:10,ok,2026-09-05T11:49:10.269677+05:30,2026-09-05_1149IST,airline_direct,IndiGo
BLR,HYD,6E,IndiGo,6E 173,2026-09-06,1,economy,,,21922.0,False,15:30,ok,2026-09-05T11:49:10.269677+05:30,2026-09-05_1149IST,airline_direct,IndiGo
BLR,HYD,6E,IndiGo,6E 6445,2026-09-06,1,economy,,,23094.0,False,10:25,ok,2026-09-05T11:49:10.269677+05:30,2026-09-05_1149IST,airline_direct,IndiGo
BLR,HYD,6E,IndiGo,6E 6104,2026-09-06,1,economy,,,25860.0,False,11:40,ok,2026-09-05T11:49:10.269677+05:30,2026-09-05_1149IST,airline_direct,IndiGo
BLR,HYD,6E,IndiGo,6E 173,2026-09-06,1,economy,,,25860.0,False,15:30,ok,2026-09-05T11:49:10.269677+05:30,2026-09-05_1149IST,airline_direct,IndiGo
BLR,HYD,6E,IndiGo,6E 6104,2026-09-06,1,economy,,,28275.0,False,11:40,ok,2026-09-05T11:49:10.269677+05:30,2026-09-05_1149IST,airline_direct,IndiGo
MAA,DEL,6E,IndiGo,6E 2369,2026-09-06,1,business,,,28240.0,False,23:45,ok,2026-09-05T11:50:16.338543+05:30,2026-09-05_1150IST,airline_direct,IndiGo
MAA,DEL,6E,IndiGo,6E 2369,2026-09-06,1,economy,,,15069.0,False,23:45,ok,2026-09-05T11:50:16.338543+05:30,2026-09-05_1150IST,airline_direct,IndiGo
MAA,DEL,6E,IndiGo,6E 937,2026-09-06,1,business,,,28240.0,False,06:30,ok,2026-09-05T11:50:16.338543+05:30,2026-09-05_1150IST,airline_direct,IndiGo
MAA,DEL,6E,IndiGo,6E 937,2026-09-06,1,economy,,,16620.0,False,06:30,ok,2026-09-05T11:50:16.338543+05:30,2026-09-05_1150IST,airline_direct,IndiGo
MAA,DEL,6E,IndiGo,6E 951,2026-09-06,1,business,,,28240.0,False,21:50,ok,2026-09-05T11:50:16.338543+05:30,2026-09-05_1150IST,airline_direct,IndiGo
MAA,DEL,6E,IndiGo,6E 951,2026-09-06,1,economy,,,16620.0,False,21:50,ok,2026-09-05T11:50:16.338543+05:30,2026-09-05_1150IST,airline_direct,IndiGo
MAA,DEL,6E,IndiGo,6E 404,2026-09-06,1,business,,,28240.0,False,09:15,ok,2026-09-05T11:50:16.338543+05:30,2026-09-05_1150IST,airline_direct,IndiGo
MAA,DEL,6E,IndiGo,6E 404,2026-09-06,1,economy,,,18347.0,False,09:15,ok,2026-09-05T11:50:16.338543+05:30,2026-09-05_1150IST,airline_direct,IndiGo
MAA,DEL,6E,IndiGo,6E 6002,2026-09-06,1,business,,,28240.0,False,11:10,ok,2026-09-05T11:50:16.338543+05:30,2026-09-05_1150IST,airline_direct,IndiGo
MAA,DEL,6E,IndiGo,6E 6002,2026-09-06,1,economy,,,20270.0,False,11:10,ok,2026-09-05T11:50:16.338543+05:30,2026-09-05_1150IST,airline_direct,IndiGo
MAA,DEL,6E,IndiGo,6E 939,2026-09-06,1,business,,,28240.0,False,13:00,ok,2026-09-05T11:50:16.338543+05:30,2026-09-05_1150IST,airline_direct,IndiGo
MAA,DEL,6E,IndiGo,6E 939,2026-09-06,1,economy,,,20270.0,False,13:00,ok,2026-09-05T11:50:16.338543+05:30,2026-09-05_1150IST,airline_direct,IndiGo
MAA,DEL,6E,IndiGo,6E 613,2026-09-06,1,business,,,30280.0,False,19:00,ok,2026-09-05T11:50:16.338543+05:30,2026-09-05_1150IST,airline_direct,IndiGo
MAA,DEL,6E,IndiGo,6E 613,2026-09-06,1,economy,,,20270.0,False,19:00,ok,2026-09-05T11:50:16.338543+05:30,2026-09-05_1150IST,airline_direct,IndiGo
MAA,DEL,6E,IndiGo,6E 948,2026-09-06,1,business,,,30280.0,False,14:30,ok,2026-09-05T11:50:16.338543+05:30,2026-09-05_1150IST,airline_direct,IndiGo
MAA,DEL,6E,IndiGo,6E 948,2026-09-06,1,economy,,,21311.0,False,14:30,ok,2026-09-05T11:50:16.338543+05:30,2026-09-05_1150IST,airline_direct,IndiGo
MAA,DEL,6E,IndiGo,6E 698,2026-09-06,1,business,,,30280.0,False,16:45,ok,2026-09-05T11:50:16.338543+05:30,2026-09-05_1150IST,airline_direct,IndiGo
MAA,DEL,6E,IndiGo,6E 698,2026-09-06,1,economy,,,22411.0,False,16:45,ok,2026-09-05T11:50:16.338543+05:30,2026-09-05_1150IST,airline_direct,IndiGo
MAA,DEL,6E,IndiGo,6E 981,2026-09-06,1,economy,,,13487.0,False,13:50,ok,2026-09-05T11:50:16.338543+05:30,2026-09-05_1150IST,airline_direct,IndiGo
MAA,DEL,6E,IndiGo,6E 5367,2026-09-06,1,business,,,39741.0,False,18:15,ok,2026-09-05T11:50:16.338543+05:30,2026-09-05_1150IST,airline_direct,IndiGo
MAA,DEL,6E,IndiGo,6E 5367,2026-09-06,1,economy,,,13487.0,False,18:15,ok,2026-09-05T11:50:16.338543+05:30,2026-09-05_1150IST,airline_direct,IndiGo
MAA,DEL,6E,IndiGo,6E 6081,2026-09-06,1,business,,,32713.0,False,07:05,ok,2026-09-05T11:50:16.338543+05:30,2026-09-05_1150IST,airline_direct,IndiGo
MAA,DEL,6E,IndiGo,6E 6081,2026-09-06,1,economy,,,13986.0,False,07:05,ok,2026-09-05T11:50:16.338543+05:30,2026-09-05_1150IST,airline_direct,IndiGo
MAA,DEL,6E,IndiGo,6E 7199,2026-09-06,1,economy,,,14452.0,False,15:05,ok,2026-09-05T11:50:16.338543+05:30,2026-09-05_1150IST,airline_direct,IndiGo
MAA,DEL,6E,IndiGo,6E 6140,2026-09-06,1,business,,,33818.0,False,02:30,ok,2026-09-05T11:50:16.338543+05:30,2026-09-05_1150IST,airline_direct,IndiGo
MAA,DEL,6E,IndiGo,6E 6140,2026-09-06,1,economy,,,14826.0,False,02:30,ok,2026-09-05T11:50:16.338543+05:30,2026-09-05_1150IST,airline_direct,IndiGo
MAA,DEL,6E,IndiGo,6E 253,2026-09-06,1,economy,,,15108.0,False,03:10,ok,2026-09-05T11:50:16.338543+05:30,2026-09-05_1150IST,airline_direct,IndiGo
MAA,DEL,6E,IndiGo,6E 6081,2026-09-06,1,business,,,32713.0,False,07:05,ok,2026-09-05T11:50:16.338543+05:30,2026-09-05_1150IST,airline_direct,IndiGo
MAA,DEL,6E,IndiGo,6E 6081,2026-09-06,1,economy,,,15207.0,False,07:05,ok,2026-09-05T11:50:16.338543+05:30,2026-09-05_1150IST,airline_direct,IndiGo
MAA,DEL,6E,IndiGo,6E 5314,2026-09-06,1,business,,,39741.0,False,06:45,ok,2026-09-05T11:50:16.338543+05:30,2026-09-05_1150IST,airline_direct,IndiGo
MAA,DEL,6E,IndiGo,6E 5314,2026-09-06,1,economy,,,15535.0,False,06:45,ok,2026-09-05T11:50:16.338543+05:30,2026-09-05_1150IST,airline_direct,IndiGo
MAA,DEL,6E,IndiGo,6E 973,2026-09-06,1,economy,,,15577.0,False,11:55,ok,2026-09-05T11:50:16.338543+05:30,2026-09-05_1150IST,airline_direct,IndiGo
MAA,DEL,6E,IndiGo,6E 561,2026-09-06,1,business,,,35965.0,False,22:20,ok,2026-09-05T11:50:16.338543+05:30,2026-09-05_1150IST,airline_direct,IndiGo
MAA,DEL,6E,IndiGo,6E 561,2026-09-06,1,economy,,,15577.0,False,22:20,ok,2026-09-05T11:50:16.338543+05:30,2026-09-05_1150IST,airline_direct,IndiGo
MAA,DEL,6E,IndiGo,6E 6815,2026-09-06,1,business,,,32713.0,False,08:55,ok,2026-09-05T11:50:16.338543+05:30,2026-09-05_1150IST,airline_direct,IndiGo
MAA,DEL,6E,IndiGo,6E 6815,2026-09-06,1,economy,,,15881.0,False,08:55,ok,2026-09-05T11:50:16.338543+05:30,2026-09-05_1150IST,airline_direct,IndiGo
MAA,DEL,6E,IndiGo,6E 6892,2026-09-06,1,business,,,33846.0,False,10:55,ok,2026-09-05T11:50:16.338543+05:30,2026-09-05_1150IST,airline_direct,IndiGo
MAA,DEL,6E,IndiGo,6E 6892,2026-09-06,1,economy,,,16215.0,False,10:55,ok,2026-09-05T11:50:16.338543+05:30,2026-09-05_1150IST,airline_direct,IndiGo
MAA,DEL,6E,IndiGo,6E 6348,2026-09-06,1,business,,,39741.0,False,09:00,ok,2026-09-05T11:50:16.338543+05:30,2026-09-05_1150IST,airline_direct,IndiGo
MAA,DEL,6E,IndiGo,6E 6348,2026-09-06,1,economy,,,16671.0,False,09:00,ok,2026-09-05T11:50:16.338543+05:30,2026-09-05_1150IST,airline_direct,IndiGo
MAA,DEL,6E,IndiGo,6E 6892,2026-09-06,1,business,,,34815.0,False,10:55,ok,2026-09-05T11:50:16.338543+05:30,2026-09-05_1150IST,airline_direct,IndiGo
MAA,DEL,6E,IndiGo,6E 6892,2026-09-06,1,economy,,,16889.0,False,10:55,ok,2026-09-05T11:50:16.338543+05:30,2026-09-05_1150IST,airline_direct,IndiGo
MAA,DEL,6E,IndiGo,6E 6348,2026-09-06,1,business,,,39741.0,False,09:00,ok,2026-09-05T11:50:16.338543+05:30,2026-09-05_1150IST,airline_direct,IndiGo
MAA,DEL,6E,IndiGo,6E 6348,2026-09-06,1,economy,,,17144.0,False,09:00,ok,2026-09-05T11:50:16.338543+05:30,2026-09-05_1150IST,airline_direct,IndiGo
MAA,DEL,6E,IndiGo,6E 607,2026-09-06,1,business,,,31599.0,False,05:40,ok,2026-09-05T11:50:16.338543+05:30,2026-09-05_1150IST,airline_direct,IndiGo
MAA,DEL,6E,IndiGo,6E 607,2026-09-06,1,economy,,,17208.0,False,05:40,ok,2026-09-05T11:50:16.338543+05:30,2026-09-05_1150IST,airline_direct,IndiGo
MAA,DEL,6E,IndiGo,6E 6005,2026-09-06,1,economy,,,18426.0,False,15:45,ok,2026-09-05T11:50:16.338543+05:30,2026-09-05_1150IST,airline_direct,IndiGo
MAA,DEL,6E,IndiGo,6E 189,2026-09-06,1,business,,,38748.0,False,19:05,ok,2026-09-05T11:50:16.338543+05:30,2026-09-05_1150IST,airline_direct,IndiGo
MAA,DEL,6E,IndiGo,6E 189,2026-09-06,1,economy,,,19012.0,False,19:05,ok,2026-09-05T11:50:16.338543+05:30,2026-09-05_1150IST,airline_direct,IndiGo
MAA,DEL,6E,IndiGo,6E 5214,2026-09-06,1,business,,,39741.0,False,11:00,ok,2026-09-05T11:50:16.338543+05:30,2026-09-05_1150IST,airline_direct,IndiGo
MAA,DEL,6E,IndiGo,6E 5214,2026-09-06,1,economy,,,19163.0,False,11:00,ok,2026-09-05T11:50:16.338543+05:30,2026-09-05_1150IST,airline_direct,IndiGo
MAA,DEL,6E,IndiGo,6E 5104,2026-09-06,1,business,,,39741.0,False,16:40,ok,2026-09-05T11:50:16.338543+05:30,2026-09-05_1150IST,airline_direct,IndiGo
MAA,DEL,6E,IndiGo,6E 5104,2026-09-06,1,economy,,,19460.0,False,16:40,ok,2026-09-05T11:50:16.338543+05:30,2026-09-05_1150IST,airline_direct,IndiGo
MAA,DEL,6E,IndiGo,6E 5258,2026-09-06,1,business,,,39741.0,False,12:45,ok,2026-09-05T11:50:16.338543+05:30,2026-09-05_1150IST,airline_direct,IndiGo
MAA,DEL,6E,IndiGo,6E 5258,2026-09-06,1,economy,,,19478.0,False,12:45,ok,2026-09-05T11:50:16.338543+05:30,2026-09-05_1150IST,airline_direct,IndiGo
MAA,DEL,6E,IndiGo,6E 5258,2026-09-06,1,business,,,43340.0,False,12:45,ok,2026-09-05T11:50:16.338543+05:30,2026-09-05_1150IST,airline_direct,IndiGo
MAA,DEL,6E,IndiGo,6E 5258,2026-09-06,1,economy,,,19478.0,False,12:45,ok,2026-09-05T11:50:16.338543+05:30,2026-09-05_1150IST,airline_direct,IndiGo
MAA,DEL,6E,IndiGo,6E 6487,2026-09-06,1,business,,,36260.0,False,21:25,ok,2026-09-05T11:50:16.338543+05:30,2026-09-05_1150IST,airline_direct,IndiGo
MAA,DEL,6E,IndiGo,6E 6487,2026-09-06,1,economy,,,19500.0,False,21:25,ok,2026-09-05T11:50:16.338543+05:30,2026-09-05_1150IST,airline_direct,IndiGo
MAA,DEL,6E,IndiGo,6E 193,2026-09-06,1,business,,,36316.0,False,20:00,ok,2026-09-05T11:50:16.338543+05:30,2026-09-05_1150IST,airline_direct,IndiGo
MAA,DEL,6E,IndiGo,6E 193,2026-09-06,1,economy,,,19550.0,False,20:00,ok,2026-09-05T11:50:16.338543+05:30,2026-09-05_1150IST,airline_direct,IndiGo
MAA,DEL,6E,IndiGo,6E 321,2026-09-06,1,business,,,37589.0,False,08:20,ok,2026-09-05T11:50:16.338543+05:30,2026-09-05_1150IST,airline_direct,IndiGo
MAA,DEL,6E,IndiGo,6E 321,2026-09-06,1,economy,,,19803.0,False,08:20,ok,2026-09-05T11:50:16.338543+05:30,2026-09-05_1150IST,airline_direct,IndiGo
MAA,DEL,6E,IndiGo,6E 606,2026-09-06,1,business,,,37589.0,False,18:05,ok,2026-09-05T11:50:16.338543+05:30,2026-09-05_1150IST,airline_direct,IndiGo
MAA,DEL,6E,IndiGo,6E 606,2026-09-06,1,economy,,,19803.0,False,18:05,ok,2026-09-05T11:50:16.338543+05:30,2026-09-05_1150IST,airline_direct,IndiGo
MAA,DEL,6E,IndiGo,6E 5371,2026-09-06,1,business,,,48341.0,False,14:45,ok,2026-09-05T11:50:16.338543+05:30,2026-09-05_1150IST,airline_direct,IndiGo
MAA,DEL,6E,IndiGo,6E 5371,2026-09-06,1,economy,,,19933.0,False,14:45,ok,2026-09-05T11:50:16.338543+05:30,2026-09-05_1150IST,airline_direct,IndiGo
MAA,DEL,6E,IndiGo,6E 848,2026-09-06,1,economy,,,19937.0,False,17:50,ok,2026-09-05T11:50:16.338543+05:30,2026-09-05_1150IST,airline_direct,IndiGo
MAA,DEL,6E,IndiGo,6E 495,2026-09-06,1,business,,,31579.0,False,07:10,ok,2026-09-05T11:50:16.338543+05:30,2026-09-05_1150IST,airline_direct,IndiGo
MAA,DEL,6E,IndiGo,6E 495,2026-09-06,1,economy,,,20700.0,False,07:10,ok,2026-09-05T11:50:16.338543+05:30,2026-09-05_1150IST,airline_direct,IndiGo
MAA,DEL,6E,IndiGo,6E 495,2026-09-06,1,business,,,31579.0,False,07:10,ok,2026-09-05T11:50:16.338543+05:30,2026-09-05_1150IST,airline_direct,IndiGo
MAA,DEL,6E,IndiGo,6E 495,2026-09-06,1,economy,,,20700.0,False,07:10,ok,2026-09-05T11:50:16.338543+05:30,2026-09-05_1150IST,airline_direct,IndiGo
MAA,DEL,6E,IndiGo,6E 834,2026-09-06,1,business,,,32235.0,False,09:05,ok,2026-09-05T11:50:16.338543+05:30,2026-09-05_1150IST,airline_direct,IndiGo
MAA,DEL,6E,IndiGo,6E 834,2026-09-06,1,economy,,,21284.0,False,09:05,ok,2026-09-05T11:50:16.338543+05:30,2026-09-05_1150IST,airline_direct,IndiGo
MAA,DEL,6E,IndiGo,6E 834,2026-09-06,1,business,,,32235.0,False,09:05,ok,2026-09-05T11:50:16.338543+05:30,2026-09-05_1150IST,airline_direct,IndiGo
MAA,DEL,6E,IndiGo,6E 834,2026-09-06,1,economy,,,21284.0,False,09:05,ok,2026-09-05T11:50:16.338543+05:30,2026-09-05_1150IST,airline_direct,IndiGo
MAA,DEL,6E,IndiGo,6E 6326,2026-09-06,1,business,,,47749.0,False,11:45,ok,2026-09-05T11:50:16.338543+05:30,2026-09-05_1150IST,airline_direct,IndiGo
MAA,DEL,6E,IndiGo,6E 6326,2026-09-06,1,economy,,,22298.0,False,11:45,ok,2026-09-05T11:50:16.338543+05:30,2026-09-05_1150IST,airline_direct,IndiGo
MAA,DEL,6E,IndiGo,6E 6209,2026-09-06,1,business,,,39583.0,False,14:35,ok,2026-09-05T11:50:16.338543+05:30,2026-09-05_1150IST,airline_direct,IndiGo
MAA,DEL,6E,IndiGo,6E 6209,2026-09-06,1,economy,,,22309.0,False,14:35,ok,2026-09-05T11:50:16.338543+05:30,2026-09-05_1150IST,airline_direct,IndiGo
MAA,DEL,6E,IndiGo,6E 6209,2026-09-06,1,business,,,39583.0,False,14:35,ok,2026-09-05T11:50:16.338543+05:30,2026-09-05_1150IST,airline_direct,IndiGo
MAA,DEL,6E,IndiGo,6E 6209,2026-09-06,1,economy,,,22309.0,False,14:35,ok,2026-09-05T11:50:16.338543+05:30,2026-09-05_1150IST,airline_direct,IndiGo
MAA,DEL,6E,IndiGo,6E 847,2026-09-06,1,business,,,39583.0,False,16:15,ok,2026-09-05T11:50:16.338543+05:30,2026-09-05_1150IST,airline_direct,IndiGo
MAA,DEL,6E,IndiGo,6E 847,2026-09-06,1,economy,,,22309.0,False,16:15,ok,2026-09-05T11:50:16.338543+05:30,2026-09-05_1150IST,airline_direct,IndiGo
MAA,DEL,6E,IndiGo,6E 372,2026-09-06,1,business,,,33674.0,False,09:55,ok,2026-09-05T11:50:16.338543+05:30,2026-09-05_1150IST,airline_direct,IndiGo
MAA,DEL,6E,IndiGo,6E 372,2026-09-06,1,economy,,,22564.0,False,09:55,ok,2026-09-05T11:50:16.338543+05:30,2026-09-05_1150IST,airline_direct,IndiGo
MAA,DEL,6E,IndiGo,6E 489,2026-09-06,1,economy,,,22769.0,False,18:15,ok,2026-09-05T11:50:16.338543+05:30,2026-09-05_1150IST,airline_direct,IndiGo
MAA,DEL,6E,IndiGo,6E 183,2026-09-06,1,business,,,38917.0,False,16:35,ok,2026-09-05T11:50:16.338543+05:30,2026-09-05_1150IST,airline_direct,IndiGo
MAA,DEL,6E,IndiGo,6E 183,2026-09-06,1,economy,,,23089.0,False,16:35,ok,2026-09-05T11:50:16.338543+05:30,2026-09-05_1150IST,airline_direct,IndiGo
MAA,DEL,6E,IndiGo,6E 726,2026-09-06,1,economy,,,23588.0,False,18:20,ok,2026-09-05T11:50:16.338543+05:30,2026-09-05_1150IST,airline_direct,IndiGo
MAA,DEL,6E,IndiGo,6E 502,2026-09-06,1,business,,,40370.0,False,11:10,ok,2026-09-05T11:50:16.338543+05:30,2026-09-05_1150IST,airline_direct,IndiGo
MAA,DEL,6E,IndiGo,6E 502,2026-09-06,1,economy,,,23877.0,False,11:10,ok,2026-09-05T11:50:16.338543+05:30,2026-09-05_1150IST,airline_direct,IndiGo
MAA,DEL,6E,IndiGo,6E 6113,2026-09-06,1,economy,,,24149.0,False,17:00,ok,2026-09-05T11:50:16.338543+05:30,2026-09-05_1150IST,airline_direct,IndiGo
MAA,DEL,6E,IndiGo,6E 372,2026-09-06,1,business,,,33674.0,False,09:55,ok,2026-09-05T11:50:16.338543+05:30,2026-09-05_1150IST,airline_direct,IndiGo
MAA,DEL,6E,IndiGo,6E 372,2026-09-06,1,economy,,,25362.0,False,09:55,ok,2026-09-05T11:50:16.338543+05:30,2026-09-05_1150IST,airline_direct,IndiGo
MAA,DEL,6E,IndiGo,6E 539,2026-09-06,1,economy,,,26599.0,False,11:25,ok,2026-09-05T11:50:16.338543+05:30,2026-09-05_1150IST,airline_direct,IndiGo
MAA,DEL,6E,IndiGo,6E 562,2026-09-06,1,business,,,38828.0,False,18:20,ok,2026-09-05T11:50:16.338543+05:30,2026-09-05_1150IST,airline_direct,IndiGo
MAA,DEL,6E,IndiGo,6E 562,2026-09-06,1,economy,,,26990.0,False,18:20,ok,2026-09-05T11:50:16.338543+05:30,2026-09-05_1150IST,airline_direct,IndiGo
MAA,DEL,6E,IndiGo,6E 6158,2026-09-06,1,business,,,39931.0,False,16:10,ok,2026-09-05T11:50:16.338543+05:30,2026-09-05_1150IST,airline_direct,IndiGo
MAA,DEL,6E,IndiGo,6E 6158,2026-09-06,1,economy,,,28077.0,False,16:10,ok,2026-09-05T11:50:16.338543+05:30,2026-09-05_1150IST,airline_direct,IndiGo
MAA,DEL,6E,IndiGo,6E 6925,2026-09-06,1,business,,,37433.0,False,12:00,ok,2026-09-05T11:50:16.338543+05:30,2026-09-05_1150IST,airline_direct,IndiGo
MAA,DEL,6E,IndiGo,6E 6925,2026-09-06,1,economy,,,28918.0,False,12:00,ok,2026-09-05T11:50:16.338543+05:30,2026-09-05_1150IST,airline_direct,IndiGo
MAA,DEL,6E,IndiGo,6E 6925,2026-09-06,1,business,,,37433.0,False,12:00,ok,2026-09-05T11:50:16.338543+05:30,2026-09-05_1150IST,airline_direct,IndiGo
MAA,DEL,6E,IndiGo,6E 6925,2026-09-06,1,economy,,,29984.0,False,12:00,ok,2026-09-05T11:50:16.338543+05:30,2026-09-05_1150IST,airline_direct,IndiGo
MAA,DEL,6E,IndiGo,6E 597,2026-09-06,1,economy,,,32424.0,False,17:45,ok,2026-09-05T11:50:16.338543+05:30,2026-09-05_1150IST,airline_direct,IndiGo
MAA,DEL,6E,IndiGo,6E 401,2026-09-06,1,economy,,,33927.0,False,08:10,ok,2026-09-05T11:50:16.338543+05:30,2026-09-05_1150IST,airline_direct,IndiGo
DEL,BOM,6E,IndiGo,6E 320,2026-09-12,7,business,,,24260.0,False,08:00,ok,2026-09-05T11:51:12.605143+05:30,2026-09-05_1151IST,airline_direct,IndiGo
DEL,BOM,6E,IndiGo,6E 320,2026-09-12,7,economy,,,6305.0,False,08:00,ok,2026-09-05T11:51:12.605143+05:30,2026-09-05_1151IST,airline_direct,IndiGo
DEL,BOM,6E,IndiGo,6E 864,2026-09-12,7,business,,,24260.0,False,15:30,ok,2026-09-05T11:51:12.605143+05:30,2026-09-05_1151IST,airline_direct,IndiGo
DEL,BOM,6E,IndiGo,6E 864,2026-09-12,7,economy,,,6305.0,False,15:30,ok,2026-09-05T11:51:12.605143+05:30,2026-09-05_1151IST,airline_direct,IndiGo
DEL,BOM,6E,IndiGo,6E 327,2026-09-12,7,business,,,24260.0,False,16:15,ok,2026-09-05T11:51:12.605143+05:30,2026-09-05_1151IST,airline_direct,IndiGo
DEL,BOM,6E,IndiGo,6E 327,2026-09-12,7,economy,,,6305.0,False,16:15,ok,2026-09-05T11:51:12.605143+05:30,2026-09-05_1151IST,airline_direct,IndiGo
DEL,BOM,6E,IndiGo,6E 6706,2026-09-12,7,business,,,24260.0,False,17:00,ok,2026-09-05T11:51:12.605143+05:30,2026-09-05_1151IST,airline_direct,IndiGo
DEL,BOM,6E,IndiGo,6E 6706,2026-09-12,7,economy,,,6305.0,False,17:00,ok,2026-09-05T11:51:12.605143+05:30,2026-09-05_1151IST,airline_direct,IndiGo
DEL,BOM,6E,IndiGo,6E 329,2026-09-12,7,business,,,24260.0,False,18:00,ok,2026-09-05T11:51:12.605143+05:30,2026-09-05_1151IST,airline_direct,IndiGo
DEL,BOM,6E,IndiGo,6E 329,2026-09-12,7,economy,,,6305.0,False,18:00,ok,2026-09-05T11:51:12.605143+05:30,2026-09-05_1151IST,airline_direct,IndiGo
DEL,BOM,6E,IndiGo,6E 354,2026-09-12,7,business,,,24260.0,False,19:00,ok,2026-09-05T11:51:12.605143+05:30,2026-09-05_1151IST,airline_direct,IndiGo
DEL,BOM,6E,IndiGo,6E 354,2026-09-12,7,economy,,,6305.0,False,19:00,ok,2026-09-05T11:51:12.605143+05:30,2026-09-05_1151IST,airline_direct,IndiGo
DEL,BOM,6E,IndiGo,6E 6114,2026-09-12,7,business,,,24260.0,False,22:45,ok,2026-09-05T11:51:12.605143+05:30,2026-09-05_1151IST,airline_direct,IndiGo
DEL,BOM,6E,IndiGo,6E 6114,2026-09-12,7,economy,,,6305.0,False,22:45,ok,2026-09-05T11:51:12.605143+05:30,2026-09-05_1151IST,airline_direct,IndiGo
DEL,BOM,6E,IndiGo,6E 322,2026-09-12,7,business,,,24260.0,False,23:30,ok,2026-09-05T11:51:12.605143+05:30,2026-09-05_1151IST,airline_direct,IndiGo
DEL,BOM,6E,IndiGo,6E 322,2026-09-12,7,economy,,,6305.0,False,23:30,ok,2026-09-05T11:51:12.605143+05:30,2026-09-05_1151IST,airline_direct,IndiGo
DEL,BOM,6E,IndiGo,6E 6218,2026-09-12,7,business,,,24260.0,False,06:05,ok,2026-09-05T11:51:12.605143+05:30,2026-09-05_1151IST,airline_direct,IndiGo
DEL,BOM,6E,IndiGo,6E 6218,2026-09-12,7,economy,,,6357.0,False,06:05,ok,2026-09-05T11:51:12.605143+05:30,2026-09-05_1151IST,airline_direct,IndiGo
DEL,BOM,6E,IndiGo,6E 395,2026-09-12,7,business,,,24260.0,False,21:45,ok,2026-09-05T11:51:12.605143+05:30,2026-09-05_1151IST,airline_direct,IndiGo
DEL,BOM,6E,IndiGo,6E 395,2026-09-12,7,economy,,,6357.0,False,21:45,ok,2026-09-05T11:51:12.605143+05:30,2026-09-05_1151IST,airline_direct,IndiGo
DEL,BOM,6E,IndiGo,6E 449,2026-09-12,7,business,,,24260.0,False,05:00,ok,2026-09-05T11:51:12.605143+05:30,2026-09-05_1151IST,airline_direct,IndiGo
DEL,BOM,6E,IndiGo,6E 449,2026-09-12,7,economy,,,6431.0,False,05:00,ok,2026-09-05T11:51:12.605143+05:30,2026-09-05_1151IST,airline_direct,IndiGo
DEL,BOM,6E,IndiGo,6E 6814,2026-09-12,7,business,,,24260.0,False,07:15,ok,2026-09-05T11:51:12.605143+05:30,2026-09-05_1151IST,airline_direct,IndiGo
DEL,BOM,6E,IndiGo,6E 6814,2026-09-12,7,economy,,,6431.0,False,07:15,ok,2026-09-05T11:51:12.605143+05:30,2026-09-05_1151IST,airline_direct,IndiGo
DEL,BOM,6E,IndiGo,6E 675,2026-09-12,7,business,,,24260.0,False,08:45,ok,2026-09-05T11:51:12.605143+05:30,2026-09-05_1151IST,airline_direct,IndiGo
DEL,BOM,6E,IndiGo,6E 675,2026-09-12,7,economy,,,6431.0,False,08:45,ok,2026-09-05T11:51:12.605143+05:30,2026-09-05_1151IST,airline_direct,IndiGo
DEL,BOM,6E,IndiGo,6E 6676,2026-09-12,7,business,,,24260.0,False,12:00,ok,2026-09-05T11:51:12.605143+05:30,2026-09-05_1151IST,airline_direct,IndiGo
DEL,BOM,6E,IndiGo,6E 6676,2026-09-12,7,economy,,,6431.0,False,12:00,ok,2026-09-05T11:51:12.605143+05:30,2026-09-05_1151IST,airline_direct,IndiGo
DEL,BOM,6E,IndiGo,6E 324,2026-09-12,7,business,,,24260.0,False,13:00,ok,2026-09-05T11:51:12.605143+05:30,2026-09-05_1151IST,airline_direct,IndiGo
DEL,BOM,6E,IndiGo,6E 324,2026-09-12,7,economy,,,6431.0,False,13:00,ok,2026-09-05T11:51:12.605143+05:30,2026-09-05_1151IST,airline_direct,IndiGo
DEL,BOM,6E,IndiGo,6E 6022,2026-09-12,7,business,,,28443.0,False,14:00,ok,2026-09-05T11:51:12.605143+05:30,2026-09-05_1151IST,airline_direct,IndiGo
DEL,BOM,6E,IndiGo,6E 6022,2026-09-12,7,economy,,,6431.0,False,14:00,ok,2026-09-05T11:51:12.605143+05:30,2026-09-05_1151IST,airline_direct,IndiGo
DEL,BOM,6E,IndiGo,6E 6318,2026-09-12,7,business,,,24260.0,False,14:45,ok,2026-09-05T11:51:12.605143+05:30,2026-09-05_1151IST,airline_direct,IndiGo
DEL,BOM,6E,IndiGo,6E 6318,2026-09-12,7,economy,,,6431.0,False,14:45,ok,2026-09-05T11:51:12.605143+05:30,2026-09-05_1151IST,airline_direct,IndiGo
DEL,BOM,6E,IndiGo,6E 303,2026-09-12,7,business,,,24260.0,False,20:00,ok,2026-09-05T11:51:12.605143+05:30,2026-09-05_1151IST,airline_direct,IndiGo
DEL,BOM,6E,IndiGo,6E 303,2026-09-12,7,economy,,,6431.0,False,20:00,ok,2026-09-05T11:51:12.605143+05:30,2026-09-05_1151IST,airline_direct,IndiGo
DEL,BOM,6E,IndiGo,6E 6107,2026-09-12,7,business,,,24260.0,False,09:30,ok,2026-09-05T11:51:12.605143+05:30,2026-09-05_1151IST,airline_direct,IndiGo
DEL,BOM,6E,IndiGo,6E 6107,2026-09-12,7,economy,,,6688.0,False,09:30,ok,2026-09-05T11:51:12.605143+05:30,2026-09-05_1151IST,airline_direct,IndiGo
DEL,BOM,6E,IndiGo,6E 6328,2026-09-12,7,business,,,24260.0,False,10:15,ok,2026-09-05T11:51:12.605143+05:30,2026-09-05_1151IST,airline_direct,IndiGo
DEL,BOM,6E,IndiGo,6E 6328,2026-09-12,7,economy,,,6688.0,False,10:15,ok,2026-09-05T11:51:12.605143+05:30,2026-09-05_1151IST,airline_direct,IndiGo
DEL,BOM,6E,IndiGo,6E 6047,2026-09-12,7,business,,,24260.0,False,11:00,ok,2026-09-05T11:51:12.605143+05:30,2026-09-05_1151IST,airline_direct,IndiGo
DEL,BOM,6E,IndiGo,6E 6047,2026-09-12,7,economy,,,6688.0,False,11:00,ok,2026-09-05T11:51:12.605143+05:30,2026-09-05_1151IST,airline_direct,IndiGo
DEL,BOM,6E,IndiGo,6E 6261,2026-09-12,7,economy,,,6618.0,False,00:15,ok,2026-09-05T11:51:12.605143+05:30,2026-09-05_1151IST,airline_direct,IndiGo
DEL,BOM,6E,IndiGo,6E 6171,2026-09-12,7,economy,,,6618.0,False,05:40,ok,2026-09-05T11:51:12.605143+05:30,2026-09-05_1151IST,airline_direct,IndiGo
DEL,BOM,6E,IndiGo,6E 2076,2026-09-12,7,economy,,,6618.0,False,07:30,ok,2026-09-05T11:51:12.605143+05:30,2026-09-05_1151IST,airline_direct,IndiGo
DEL,BOM,6E,IndiGo,6E 2298,2026-09-12,7,economy,,,6618.0,False,09:45,ok,2026-09-05T11:51:12.605143+05:30,2026-09-05_1151IST,airline_direct,IndiGo
DEL,BOM,6E,IndiGo,6E 6983,2026-09-12,7,economy,,,6618.0,False,15:35,ok,2026-09-05T11:51:12.605143+05:30,2026-09-05_1151IST,airline_direct,IndiGo
DEL,BOM,6E,IndiGo,6E 931,2026-09-12,7,economy,,,6618.0,False,19:35,ok,2026-09-05T11:51:12.605143+05:30,2026-09-05_1151IST,airline_direct,IndiGo
DEL,BOM,6E,IndiGo,6E 2013,2026-09-12,7,economy,,,6618.0,False,21:50,ok,2026-09-05T11:51:12.605143+05:30,2026-09-05_1151IST,airline_direct,IndiGo
DEL,BOM,6E,IndiGo,6E 6459,2026-09-12,7,economy,,,6750.0,False,05:55,ok,2026-09-05T11:51:12.605143+05:30,2026-09-05_1151IST,airline_direct,IndiGo
DEL,BOM,6E,IndiGo,6E 6488,2026-09-12,7,economy,,,6750.0,False,11:20,ok,2026-09-05T11:51:12.605143+05:30,2026-09-05_1151IST,airline_direct,IndiGo
DEL,BOM,6E,IndiGo,6E 6433,2026-09-12,7,economy,,,6750.0,False,16:30,ok,2026-09-05T11:51:12.605143+05:30,2026-09-05_1151IST,airline_direct,IndiGo
DEL,BOM,6E,IndiGo,6E 6829,2026-09-12,7,economy,,,6750.0,False,17:20,ok,2026-09-05T11:51:12.605143+05:30,2026-09-05_1151IST,airline_direct,IndiGo
DEL,BOM,6E,IndiGo,6E 6829,2026-09-12,7,economy,,,6750.0,False,17:20,ok,2026-09-05T11:51:12.605143+05:30,2026-09-05_1151IST,airline_direct,IndiGo
DEL,BOM,6E,IndiGo,6E 5138,2026-09-12,7,economy,,,6750.0,False,19:10,ok,2026-09-05T11:51:12.605143+05:30,2026-09-05_1151IST,airline_direct,IndiGo
DEL,BOM,6E,IndiGo,6E 2169,2026-09-12,7,economy,,,6750.0,False,19:40,ok,2026-09-05T11:51:12.605143+05:30,2026-09-05_1151IST,airline_direct,IndiGo
DEL,BOM,6E,IndiGo,6E 6476,2026-09-12,7,economy,,,6828.0,False,07:05,ok,2026-09-05T11:51:12.605143+05:30,2026-09-05_1151IST,airline_direct,IndiGo
DEL,BOM,6E,IndiGo,6E 6050,2026-09-12,7,economy,,,6828.0,False,08:15,ok,2026-09-05T11:51:12.605143+05:30,2026-09-05_1151IST,airline_direct,IndiGo
DEL,BOM,6E,IndiGo,6E 5298,2026-09-12,7,economy,,,6828.0,False,09:00,ok,2026-09-05T11:51:12.605143+05:30,2026-09-05_1151IST,airline_direct,IndiGo
DEL,BOM,6E,IndiGo,6E 2319,2026-09-12,7,economy,,,6828.0,False,09:55,ok,2026-09-05T11:51:12.605143+05:30,2026-09-05_1151IST,airline_direct,IndiGo
DEL,BOM,6E,IndiGo,6E 2147,2026-09-12,7,economy,,,6828.0,False,11:10,ok,2026-09-05T11:51:12.605143+05:30,2026-09-05_1151IST,airline_direct,IndiGo
DEL,BOM,6E,IndiGo,6E 5206,2026-09-12,7,economy,,,6828.0,False,13:20,ok,2026-09-05T11:51:12.605143+05:30,2026-09-05_1151IST,airline_direct,IndiGo
DEL,BOM,6E,IndiGo,6E 2151,2026-09-12,7,economy,,,6828.0,False,19:45,ok,2026-09-05T11:51:12.605143+05:30,2026-09-05_1151IST,airline_direct,IndiGo
DEL,BOM,6E,IndiGo,6E 6479,2026-09-12,7,economy,,,6828.0,False,21:25,ok,2026-09-05T11:51:12.605143+05:30,2026-09-05_1151IST,airline_direct,IndiGo
DEL,BOM,6E,IndiGo,6E 705,2026-09-12,7,business,,,36166.0,False,08:30,ok,2026-09-05T11:51:12.605143+05:30,2026-09-05_1151IST,airline_direct,IndiGo
DEL,BOM,6E,IndiGo,6E 705,2026-09-12,7,economy,,,6960.0,False,08:30,ok,2026-09-05T11:51:12.605143+05:30,2026-09-05_1151IST,airline_direct,IndiGo
DEL,BOM,6E,IndiGo,6E 6293,2026-09-12,7,business,,,36166.0,False,09:55,ok,2026-09-05T11:51:12.605143+05:30,2026-09-05_1151IST,airline_direct,IndiGo
DEL,BOM,6E,IndiGo,6E 6293,2026-09-12,7,economy,,,6960.0,False,09:55,ok,2026-09-05T11:51:12.605143+05:30,2026-09-05_1151IST,airline_direct,IndiGo
DEL,BOM,6E,IndiGo,6E 6282,2026-09-12,7,business,,,38630.0,False,13:30,ok,2026-09-05T11:51:12.605143+05:30,2026-09-05_1151IST,airline_direct,IndiGo
DEL,BOM,6E,IndiGo,6E 6282,2026-09-12,7,economy,,,6960.0,False,13:30,ok,2026-09-05T11:51:12.605143+05:30,2026-09-05_1151IST,airline_direct,IndiGo
DEL,BOM,6E,IndiGo,6E 882,2026-09-12,7,business,,,29592.0,False,23:15,ok,2026-09-05T11:51:12.605143+05:30,2026-09-05_1151IST,airline_direct,IndiGo
DEL,BOM,6E,IndiGo,6E 882,2026-09-12,7,economy,,,6960.0,False,23:15,ok,2026-09-05T11:51:12.605143+05:30,2026-09-05_1151IST,airline_direct,IndiGo
DEL,BOM,6E,IndiGo,6E 357,2026-09-12,7,economy,,,7038.0,False,19:30,ok,2026-09-05T11:51:12.605143+05:30,2026-09-05_1151IST,airline_direct,IndiGo
DEL,BOM,6E,IndiGo,6E 2496,2026-09-12,7,economy,,,7275.0,False,12:40,ok,2026-09-05T11:51:12.605143+05:30,2026-09-05_1151IST,airline_direct,IndiGo
DEL,BOM,6E,IndiGo,6E 5038,2026-09-12,7,economy,,,7352.0,False,14:00,ok,2026-09-05T11:51:12.605143+05:30,2026-09-05_1151IST,airline_direct,IndiGo
DEL,BOM,6E,IndiGo,6E 2331,2026-09-12,7,economy,,,7718.0,False,12:20,ok,2026-09-05T11:51:12.605143+05:30,2026-09-05_1151IST,airline_direct,IndiGo
DEL,BOM,6E,IndiGo,6E 758,2026-09-12,7,economy,,,8561.0,False,16:10,ok,2026-09-05T11:51:12.605143+05:30,2026-09-05_1151IST,airline_direct,IndiGo
DEL,BOM,6E,IndiGo,6E 5119,2026-09-12,7,economy,,,9812.0,False,05:10,ok,2026-09-05T11:51:12.605143+05:30,2026-09-05_1151IST,airline_direct,IndiGo
DEL,BOM,6E,IndiGo,6E 5119,2026-09-12,7,economy,,,10621.0,False,05:10,ok,2026-09-05T11:51:12.605143+05:30,2026-09-05_1151IST,airline_direct,IndiGo
DEL,BOM,6E,IndiGo,6E 2249,2026-09-12,7,economy,,,10696.0,False,15:00,ok,2026-09-05T11:51:12.605143+05:30,2026-09-05_1151IST,airline_direct,IndiGo
DEL,BOM,6E,IndiGo,6E 2341,2026-09-12,7,economy,,,11577.0,False,14:50,ok,2026-09-05T11:51:12.605143+05:30,2026-09-05_1151IST,airline_direct,IndiGo
DEL,BOM,6E,IndiGo,6E 5073,2026-09-12,7,economy,,,11690.0,False,17:05,ok,2026-09-05T11:51:12.605143+05:30,2026-09-05_1151IST,airline_direct,IndiGo
DEL,BOM,6E,IndiGo,6E 6443,2026-09-12,7,economy,,,12494.0,False,09:00,ok,2026-09-05T11:51:12.605143+05:30,2026-09-05_1151IST,airline_direct,IndiGo
DEL,BOM,6E,IndiGo,6E 5014,2026-09-12,7,economy,,,12593.0,False,18:30,ok,2026-09-05T11:51:12.605143+05:30,2026-09-05_1151IST,airline_direct,IndiGo
DEL,BOM,6E,IndiGo,6E 704,2026-09-12,7,business,,,40956.0,False,02:25,ok,2026-09-05T11:51:12.605143+05:30,2026-09-05_1151IST,airline_direct,IndiGo
DEL,BOM,6E,IndiGo,6E 704,2026-09-12,7,economy,,,13124.0,False,02:25,ok,2026-09-05T11:51:12.605143+05:30,2026-09-05_1151IST,airline_direct,IndiGo
DEL,BOM,6E,IndiGo,6E 6601,2026-09-12,7,business,,,36166.0,False,19:45,ok,2026-09-05T11:51:12.605143+05:30,2026-09-05_1151IST,airline_direct,IndiGo
DEL,BOM,6E,IndiGo,6E 6601,2026-09-12,7,economy,,,13439.0,False,19:45,ok,2026-09-05T11:51:12.605143+05:30,2026-09-05_1151IST,airline_direct,IndiGo
DEL,BOM,6E,IndiGo,6E 6497,2026-09-12,7,economy,,,14051.0,False,18:40,ok,2026-09-05T11:51:12.605143+05:30,2026-09-05_1151IST,airline_direct,IndiGo
DEL,BOM,6E,IndiGo,6E 5033,2026-09-12,7,economy,,,14939.0,False,15:50,ok,2026-09-05T11:51:12.605143+05:30,2026-09-05_1151IST,airline_direct,IndiGo
DEL,BOM,6E,IndiGo,6E 358,2026-09-12,7,economy,,,18193.0,False,12:15,ok,2026-09-05T11:51:12.605143+05:30,2026-09-05_1151IST,airline_direct,IndiGo
DEL,BOM,6E,IndiGo,6E 5073,2026-09-12,7,economy,,,21245.0,False,17:05,ok,2026-09-05T11:51:12.605143+05:30,2026-09-05_1151IST,airline_direct,IndiGo
DEL,BLR,6E,IndiGo,6E 820,2026-09-12,7,business,,,29942.0,False,03:00,ok,2026-09-05T11:52:15.598813+05:30,2026-09-05_1152IST,airline_direct,IndiGo
DEL,BLR,6E,IndiGo,6E 820,2026-09-12,7,economy,,,8671.0,False,03:00,ok,2026-09-05T11:52:15.598813+05:30,2026-09-05_1152IST,airline_direct,IndiGo
DEL,BLR,6E,IndiGo,6E 2314,2026-09-12,7,business,,,29942.0,False,05:45,ok,2026-09-05T11:52:15.598813+05:30,2026-09-05_1152IST,airline_direct,IndiGo
DEL,BLR,6E,IndiGo,6E 2314,2026-09-12,7,economy,,,8671.0,False,05:45,ok,2026-09-05T11:52:15.598813+05:30,2026-09-05_1152IST,airline_direct,IndiGo
DEL,BLR,6E,IndiGo,6E 810,2026-09-12,7,business,,,29942.0,False,07:05,ok,2026-09-05T11:52:15.598813+05:30,2026-09-05_1152IST,airline_direct,IndiGo
DEL,BLR,6E,IndiGo,6E 810,2026-09-12,7,economy,,,8671.0,False,07:05,ok,2026-09-05T11:52:15.598813+05:30,2026-09-05_1152IST,airline_direct,IndiGo
DEL,BLR,6E,IndiGo,6E 6515,2026-09-12,7,business,,,29942.0,False,20:45,ok,2026-09-05T11:52:15.598813+05:30,2026-09-05_1152IST,airline_direct,IndiGo
DEL,BLR,6E,IndiGo,6E 6515,2026-09-12,7,economy,,,8671.0,False,20:45,ok,2026-09-05T11:52:15.598813+05:30,2026-09-05_1152IST,airline_direct,IndiGo
DEL,BLR,6E,IndiGo,6E 846,2026-09-12,7,business,,,29942.0,False,22:00,ok,2026-09-05T11:52:15.598813+05:30,2026-09-05_1152IST,airline_direct,IndiGo
DEL,BLR,6E,IndiGo,6E 846,2026-09-12,7,economy,,,8671.0,False,22:00,ok,2026-09-05T11:52:15.598813+05:30,2026-09-05_1152IST,airline_direct,IndiGo
DEL,BLR,6E,IndiGo,6E 873,2026-09-12,7,business,,,29942.0,False,08:20,ok,2026-09-05T11:52:15.598813+05:30,2026-09-05_1152IST,airline_direct,IndiGo
DEL,BLR,6E,IndiGo,6E 873,2026-09-12,7,economy,,,9128.0,False,08:20,ok,2026-09-05T11:52:15.598813+05:30,2026-09-05_1152IST,airline_direct,IndiGo
DEL,BLR,6E,IndiGo,6E 880,2026-09-12,7,business,,,29942.0,False,15:45,ok,2026-09-05T11:52:15.598813+05:30,2026-09-05_1152IST,airline_direct,IndiGo
DEL,BLR,6E,IndiGo,6E 880,2026-09-12,7,economy,,,9128.0,False,15:45,ok,2026-09-05T11:52:15.598813+05:30,2026-09-05_1152IST,airline_direct,IndiGo
DEL,BLR,6E,IndiGo,6E 837,2026-09-12,7,business,,,29942.0,False,17:00,ok,2026-09-05T11:52:15.598813+05:30,2026-09-05_1152IST,airline_direct,IndiGo
DEL,BLR,6E,IndiGo,6E 837,2026-09-12,7,economy,,,9128.0,False,17:00,ok,2026-09-05T11:52:15.598813+05:30,2026-09-05_1152IST,airline_direct,IndiGo
DEL,BLR,6E,IndiGo,6E 811,2026-09-12,7,business,,,29942.0,False,18:20,ok,2026-09-05T11:52:15.598813+05:30,2026-09-05_1152IST,airline_direct,IndiGo
DEL,BLR,6E,IndiGo,6E 811,2026-09-12,7,economy,,,9128.0,False,18:20,ok,2026-09-05T11:52:15.598813+05:30,2026-09-05_1152IST,airline_direct,IndiGo
DEL,BLR,6E,IndiGo,6E 861,2026-09-12,7,business,,,29942.0,False,19:30,ok,2026-09-05T11:52:15.598813+05:30,2026-09-05_1152IST,airline_direct,IndiGo
DEL,BLR,6E,IndiGo,6E 861,2026-09-12,7,economy,,,9128.0,False,19:30,ok,2026-09-05T11:52:15.598813+05:30,2026-09-05_1152IST,airline_direct,IndiGo
DEL,BLR,6E,IndiGo,6E 826,2026-09-12,7,business,,,29942.0,False,09:30,ok,2026-09-05T11:52:15.598813+05:30,2026-09-05_1152IST,airline_direct,IndiGo
DEL,BLR,6E,IndiGo,6E 826,2026-09-12,7,economy,,,9613.0,False,09:30,ok,2026-09-05T11:52:15.598813+05:30,2026-09-05_1152IST,airline_direct,IndiGo
DEL,BLR,6E,IndiGo,6E 842,2026-09-12,7,business,,,29942.0,False,10:45,ok,2026-09-05T11:52:15.598813+05:30,2026-09-05_1152IST,airline_direct,IndiGo
DEL,BLR,6E,IndiGo,6E 842,2026-09-12,7,economy,,,9613.0,False,10:45,ok,2026-09-05T11:52:15.598813+05:30,2026-09-05_1152IST,airline_direct,IndiGo
DEL,BLR,6E,IndiGo,6E 850,2026-09-12,7,business,,,29942.0,False,12:20,ok,2026-09-05T11:52:15.598813+05:30,2026-09-05_1152IST,airline_direct,IndiGo
DEL,BLR,6E,IndiGo,6E 850,2026-09-12,7,economy,,,9613.0,False,12:20,ok,2026-09-05T11:52:15.598813+05:30,2026-09-05_1152IST,airline_direct,IndiGo
DEL,BLR,6E,IndiGo,6E 176,2026-09-12,7,business,,,29942.0,False,13:15,ok,2026-09-05T11:52:15.598813+05:30,2026-09-05_1152IST,airline_direct,IndiGo
DEL,BLR,6E,IndiGo,6E 176,2026-09-12,7,economy,,,9613.0,False,13:15,ok,2026-09-05T11:52:15.598813+05:30,2026-09-05_1152IST,airline_direct,IndiGo
DEL,BLR,6E,IndiGo,6E 828,2026-09-12,7,business,,,29942.0,False,14:30,ok,2026-09-05T11:52:15.598813+05:30,2026-09-05_1152IST,airline_direct,IndiGo
DEL,BLR,6E,IndiGo,6E 828,2026-09-12,7,economy,,,9613.0,False,14:30,ok,2026-09-05T11:52:15.598813+05:30,2026-09-05_1152IST,airline_direct,IndiGo
DEL,BLR,6E,IndiGo,6E 6433,2026-09-12,7,economy,,,9867.0,False,16:30,ok,2026-09-05T11:52:15.598813+05:30,2026-09-05_1152IST,airline_direct,IndiGo
DEL,BLR,6E,IndiGo,6E 705,2026-09-12,7,business,,,31793.0,False,08:30,ok,2026-09-05T11:52:15.598813+05:30,2026-09-05_1152IST,airline_direct,IndiGo
DEL,BLR,6E,IndiGo,6E 705,2026-09-12,7,economy,,,9946.0,False,08:30,ok,2026-09-05T11:52:15.598813+05:30,2026-09-05_1152IST,airline_direct,IndiGo
DEL,BLR,6E,IndiGo,6E 6293,2026-09-12,7,business,,,27917.0,False,09:55,ok,2026-09-05T11:52:15.598813+05:30,2026-09-05_1152IST,airline_direct,IndiGo
DEL,BLR,6E,IndiGo,6E 6293,2026-09-12,7,economy,,,9946.0,False,09:55,ok,2026-09-05T11:52:15.598813+05:30,2026-09-05_1152IST,airline_direct,IndiGo
DEL,BLR,6E,IndiGo,6E 6282,2026-09-12,7,business,,,27551.0,False,13:30,ok,2026-09-05T11:52:15.598813+05:30,2026-09-05_1152IST,airline_direct,IndiGo
DEL,BLR,6E,IndiGo,6E 6282,2026-09-12,7,economy,,,9946.0,False,13:30,ok,2026-09-05T11:52:15.598813+05:30,2026-09-05_1152IST,airline_direct,IndiGo
DEL,BLR,6E,IndiGo,6E 6217,2026-09-12,7,business,,,27551.0,False,16:15,ok,2026-09-05T11:52:15.598813+05:30,2026-09-05_1152IST,airline_direct,IndiGo
DEL,BLR,6E,IndiGo,6E 6217,2026-09-12,7,economy,,,9946.0,False,16:15,ok,2026-09-05T11:52:15.598813+05:30,2026-09-05_1152IST,airline_direct,IndiGo
DEL,BLR,6E,IndiGo,6E 6217,2026-09-12,7,business,,,29802.0,False,16:15,ok,2026-09-05T11:52:15.598813+05:30,2026-09-05_1152IST,airline_direct,IndiGo
DEL,BLR,6E,IndiGo,6E 6217,2026-09-12,7,economy,,,9946.0,False,16:15,ok,2026-09-05T11:52:15.598813+05:30,2026-09-05_1152IST,airline_direct,IndiGo
DEL,BLR,6E,IndiGo,6E 717,2026-09-12,7,business,,,29802.0,False,17:55,ok,2026-09-05T11:52:15.598813+05:30,2026-09-05_1152IST,airline_direct,IndiGo
DEL,BLR,6E,IndiGo,6E 717,2026-09-12,7,economy,,,9946.0,False,17:55,ok,2026-09-05T11:52:15.598813+05:30,2026-09-05_1152IST,airline_direct,IndiGo
DEL,BLR,6E,IndiGo,6E 5119,2026-09-12,7,economy,,,10077.0,False,05:10,ok,2026-09-05T11:52:15.598813+05:30,2026-09-05_1152IST,airline_direct,IndiGo
DEL,BLR,6E,IndiGo,6E 6459,2026-09-12,7,economy,,,10077.0,False,05:55,ok,2026-09-05T11:52:15.598813+05:30,2026-09-05_1152IST,airline_direct,IndiGo
DEL,BLR,6E,IndiGo,6E 320,2026-09-12,7,business,,,40536.0,False,08:00,ok,2026-09-05T11:52:15.598813+05:30,2026-09-05_1152IST,airline_direct,IndiGo
DEL,BLR,6E,IndiGo,6E 320,2026-09-12,7,economy,,,10077.0,False,08:00,ok,2026-09-05T11:52:15.598813+05:30,2026-09-05_1152IST,airline_direct,IndiGo
DEL,BLR,6E,IndiGo,6E 2557,2026-09-12,7,economy,,,10077.0,False,15:20,ok,2026-09-05T11:52:15.598813+05:30,2026-09-05_1152IST,airline_direct,IndiGo
DEL,BLR,6E,IndiGo,6E 6437,2026-09-12,7,business,,,27386.0,False,16:25,ok,2026-09-05T11:52:15.598813+05:30,2026-09-05_1152IST,airline_direct,IndiGo
DEL,BLR,6E,IndiGo,6E 6437,2026-09-12,7,economy,,,10077.0,False,16:25,ok,2026-09-05T11:52:15.598813+05:30,2026-09-05_1152IST,airline_direct,IndiGo
DEL,BLR,6E,IndiGo,6E 6706,2026-09-12,7,business,,,40536.0,False,17:00,ok,2026-09-05T11:52:15.598813+05:30,2026-09-05_1152IST,airline_direct,IndiGo
DEL,BLR,6E,IndiGo,6E 6706,2026-09-12,7,economy,,,10077.0,False,17:00,ok,2026-09-05T11:52:15.598813+05:30,2026-09-05_1152IST,airline_direct,IndiGo
DEL,BLR,6E,IndiGo,6E 5073,2026-09-12,7,economy,,,10077.0,False,17:05,ok,2026-09-05T11:52:15.598813+05:30,2026-09-05_1152IST,airline_direct,IndiGo
DEL,BLR,6E,IndiGo,6E 6829,2026-09-12,7,economy,,,10077.0,False,17:20,ok,2026-09-05T11:52:15.598813+05:30,2026-09-05_1152IST,airline_direct,IndiGo
DEL,BLR,6E,IndiGo,6E 329,2026-09-12,7,business,,,40536.0,False,18:00,ok,2026-09-05T11:52:15.598813+05:30,2026-09-05_1152IST,airline_direct,IndiGo
DEL,BLR,6E,IndiGo,6E 329,2026-09-12,7,economy,,,10077.0,False,18:00,ok,2026-09-05T11:52:15.598813+05:30,2026-09-05_1152IST,airline_direct,IndiGo
DEL,BLR,6E,IndiGo,6E 6673,2026-09-12,7,economy,,,10077.0,False,21:15,ok,2026-09-05T11:52:15.598813+05:30,2026-09-05_1152IST,airline_direct,IndiGo
DEL,BLR,6E,IndiGo,6E 2618,2026-09-12,7,business,,,26999.0,False,23:00,ok,2026-09-05T11:52:15.598813+05:30,2026-09-05_1152IST,airline_direct,IndiGo
DEL,BLR,6E,IndiGo,6E 2618,2026-09-12,7,economy,,,10077.0,False,23:00,ok,2026-09-05T11:52:15.598813+05:30,2026-09-05_1152IST,airline_direct,IndiGo
DEL,BLR,6E,IndiGo,6E 6476,2026-09-12,7,economy,,,10156.0,False,07:05,ok,2026-09-05T11:52:15.598813+05:30,2026-09-05_1152IST,airline_direct,IndiGo
DEL,BLR,6E,IndiGo,6E 940,2026-09-12,7,business,,,32913.0,False,09:15,ok,2026-09-05T11:52:15.598813+05:30,2026-09-05_1152IST,airline_direct,IndiGo
DEL,BLR,6E,IndiGo,6E 940,2026-09-12,7,economy,,,10156.0,False,09:15,ok,2026-09-05T11:52:15.598813+05:30,2026-09-05_1152IST,airline_direct,IndiGo
DEL,BLR,6E,IndiGo,6E 6115,2026-09-12,7,business,,,32460.0,False,13:10,ok,2026-09-05T11:52:15.598813+05:30,2026-09-05_1152IST,airline_direct,IndiGo
DEL,BLR,6E,IndiGo,6E 6115,2026-09-12,7,economy,,,10156.0,False,13:10,ok,2026-09-05T11:52:15.598813+05:30,2026-09-05_1152IST,airline_direct,IndiGo
DEL,BLR,6E,IndiGo,6E 5038,2026-09-12,7,economy,,,10156.0,False,14:00,ok,2026-09-05T11:52:15.598813+05:30,2026-09-05_1152IST,airline_direct,IndiGo
DEL,BLR,6E,IndiGo,6E 5033,2026-09-12,7,economy,,,10156.0,False,15:50,ok,2026-09-05T11:52:15.598813+05:30,2026-09-05_1152IST,airline_direct,IndiGo
DEL,BLR,6E,IndiGo,6E 947,2026-09-12,7,business,,,33957.0,False,16:40,ok,2026-09-05T11:52:15.598813+05:30,2026-09-05_1152IST,airline_direct,IndiGo
DEL,BLR,6E,IndiGo,6E 947,2026-09-12,7,economy,,,10156.0,False,16:40,ok,2026-09-05T11:52:15.598813+05:30,2026-09-05_1152IST,airline_direct,IndiGo
DEL,BLR,6E,IndiGo,6E 2151,2026-09-12,7,economy,,,10156.0,False,19:45,ok,2026-09-05T11:52:15.598813+05:30,2026-09-05_1152IST,airline_direct,IndiGo
DEL,BLR,6E,IndiGo,6E 5191,2026-09-12,7,business,,,35824.0,False,05:00,ok,2026-09-05T11:52:15.598813+05:30,2026-09-05_1152IST,airline_direct,IndiGo
DEL,BLR,6E,IndiGo,6E 5191,2026-09-12,7,economy,,,10497.0,False,05:00,ok,2026-09-05T11:52:15.598813+05:30,2026-09-05_1152IST,airline_direct,IndiGo
DEL,BLR,6E,IndiGo,6E 513,2026-09-12,7,business,,,34998.0,False,08:30,ok,2026-09-05T11:52:15.598813+05:30,2026-09-05_1152IST,airline_direct,IndiGo
DEL,BLR,6E,IndiGo,6E 513,2026-09-12,7,economy,,,10497.0,False,08:30,ok,2026-09-05T11:52:15.598813+05:30,2026-09-05_1152IST,airline_direct,IndiGo
DEL,BLR,6E,IndiGo,6E 2343,2026-09-12,7,business,,,27593.0,False,02:20,ok,2026-09-05T11:52:15.598813+05:30,2026-09-05_1152IST,airline_direct,IndiGo
DEL,BLR,6E,IndiGo,6E 2343,2026-09-12,7,economy,,,10851.0,False,02:20,ok,2026-09-05T11:52:15.598813+05:30,2026-09-05_1152IST,airline_direct,IndiGo
DEL,BLR,6E,IndiGo,6E 5001,2026-09-12,7,economy,,,11087.0,False,17:10,ok,2026-09-05T11:52:15.598813+05:30,2026-09-05_1152IST,airline_direct,IndiGo
DEL,BLR,6E,IndiGo,6E 704,2026-09-12,7,business,,,27917.0,False,02:25,ok,2026-09-05T11:52:15.598813+05:30,2026-09-05_1152IST,airline_direct,IndiGo
DEL,BLR,6E,IndiGo,6E 704,2026-09-12,7,economy,,,11430.0,False,02:25,ok,2026-09-05T11:52:15.598813+05:30,2026-09-05_1152IST,airline_direct,IndiGo
DEL,BLR,6E,IndiGo,6E 2277,2026-09-12,7,economy,,,12699.0,False,10:25,ok,2026-09-05T11:52:15.598813+05:30,2026-09-05_1152IST,airline_direct,IndiGo
DEL,BLR,6E,IndiGo,6E 884,2026-09-12,7,business,,,28321.0,False,11:45,ok,2026-09-05T11:52:15.598813+05:30,2026-09-05_1152IST,airline_direct,IndiGo
DEL,BLR,6E,IndiGo,6E 884,2026-09-12,7,economy,,,13106.0,False,11:45,ok,2026-09-05T11:52:15.598813+05:30,2026-09-05_1152IST,airline_direct,IndiGo
DEL,BLR,6E,IndiGo,6E 329,2026-09-12,7,business,,,40536.0,False,18:00,ok,2026-09-05T11:52:15.598813+05:30,2026-09-05_1152IST,airline_direct,IndiGo
DEL,BLR,6E,IndiGo,6E 329,2026-09-12,7,economy,,,13280.0,False,18:00,ok,2026-09-05T11:52:15.598813+05:30,2026-09-05_1152IST,airline_direct,IndiGo
DEL,BLR,6E,IndiGo,6E 6497,2026-09-12,7,economy,,,13841.0,False,18:40,ok,2026-09-05T11:52:15.598813+05:30,2026-09-05_1152IST,airline_direct,IndiGo
DEL,BLR,6E,IndiGo,6E 434,2026-09-12,7,business,,,32913.0,False,11:00,ok,2026-09-05T11:52:15.598813+05:30,2026-09-05_1152IST,airline_direct,IndiGo
DEL,BLR,6E,IndiGo,6E 434,2026-09-12,7,economy,,,14813.0,False,11:00,ok,2026-09-05T11:52:15.598813+05:30,2026-09-05_1152IST,airline_direct,IndiGo
DEL,BLR,6E,IndiGo,6E 758,2026-09-12,7,economy,,,15157.0,False,16:10,ok,2026-09-05T11:52:15.598813+05:30,2026-09-05_1152IST,airline_direct,IndiGo
DEL,BLR,6E,IndiGo,6E 6022,2026-09-12,7,business,,,44135.0,False,14:00,ok,2026-09-05T11:52:15.598813+05:30,2026-09-05_1152IST,airline_direct,IndiGo
DEL,BLR,6E,IndiGo,6E 6022,2026-09-12,7,economy,,,15370.0,False,14:00,ok,2026-09-05T11:52:15.598813+05:30,2026-09-05_1152IST,airline_direct,IndiGo
DEL,BLR,6E,IndiGo,6E 6091,2026-09-12,7,business,,,32913.0,False,15:15,ok,2026-09-05T11:52:15.598813+05:30,2026-09-05_1152IST,airline_direct,IndiGo
DEL,BLR,6E,IndiGo,6E 6091,2026-09-12,7,economy,,,16019.0,False,15:15,ok,2026-09-05T11:52:15.598813+05:30,2026-09-05_1152IST,airline_direct,IndiGo
DEL,BLR,6E,IndiGo,6E 6470,2026-09-12,7,economy,,,16027.0,False,06:55,ok,2026-09-05T11:52:15.598813+05:30,2026-09-05_1152IST,airline_direct,IndiGo
DEL,BLR,6E,IndiGo,6E 931,2026-09-12,7,economy,,,16887.0,False,19:35,ok,2026-09-05T11:52:15.598813+05:30,2026-09-05_1152IST,airline_direct,IndiGo
DEL,BLR,6E,IndiGo,6E 6488,2026-09-12,7,economy,,,17258.0,False,11:20,ok,2026-09-05T11:52:15.598813+05:30,2026-09-05_1152IST,airline_direct,IndiGo
DEL,BLR,6E,IndiGo,6E 6632,2026-09-12,7,economy,,,17337.0,False,17:50,ok,2026-09-05T11:52:15.598813+05:30,2026-09-05_1152IST,airline_direct,IndiGo
DEL,BLR,6E,IndiGo,6E 2262,2026-09-12,7,business,,,31002.0,False,06:10,ok,2026-09-05T11:52:15.598813+05:30,2026-09-05_1152IST,airline_direct,IndiGo
DEL,BLR,6E,IndiGo,6E 2262,2026-09-12,7,economy,,,18209.0,False,06:10,ok,2026-09-05T11:52:15.598813+05:30,2026-09-05_1152IST,airline_direct,IndiGo
DEL,BLR,6E,IndiGo,6E 950,2026-09-12,7,business,,,33957.0,False,18:15,ok,2026-09-05T11:52:15.598813+05:30,2026-09-05_1152IST,airline_direct,IndiGo
DEL,BLR,6E,IndiGo,6E 950,2026-09-12,7,economy,,,18545.0,False,18:15,ok,2026-09-05T11:52:15.598813+05:30,2026-09-05_1152IST,airline_direct,IndiGo
DEL,BLR,6E,IndiGo,6E 6047,2026-09-12,7,business,,,40536.0,False,11:00,ok,2026-09-05T11:52:15.598813+05:30,2026-09-05_1152IST,airline_direct,IndiGo
DEL,BLR,6E,IndiGo,6E 6047,2026-09-12,7,economy,,,19413.0,False,11:00,ok,2026-09-05T11:52:15.598813+05:30,2026-09-05_1152IST,airline_direct,IndiGo
BOM,BLR,6E,IndiGo,6E 5388,2026-09-12,7,business,,,22488.0,False,22:20,ok,2026-09-05T11:53:16.666908+05:30,2026-09-05_1153IST,airline_direct,IndiGo
BOM,BLR,6E,IndiGo,6E 5388,2026-09-12,7,economy,,,6747.0,False,22:20,ok,2026-09-05T11:53:16.666908+05:30,2026-09-05_1153IST,airline_direct,IndiGo
BOM,BLR,6E,IndiGo,6E 6188,2026-09-12,7,business,,,22488.0,False,21:30,ok,2026-09-05T11:53:16.666908+05:30,2026-09-05_1153IST,airline_direct,IndiGo
BOM,BLR,6E,IndiGo,6E 6188,2026-09-12,7,economy,,,7062.0,False,21:30,ok,2026-09-05T11:53:16.666908+05:30,2026-09-05_1153IST,airline_direct,IndiGo
BOM,BLR,6E,IndiGo,6E 5047,2026-09-12,7,business,,,22488.0,False,18:30,ok,2026-09-05T11:53:16.666908+05:30,2026-09-05_1153IST,airline_direct,IndiGo
BOM,BLR,6E,IndiGo,6E 5047,2026-09-12,7,economy,,,8742.0,False,18:30,ok,2026-09-05T11:53:16.666908+05:30,2026-09-05_1153IST,airline_direct,IndiGo
BOM,BLR,6E,IndiGo,6E 5221,2026-09-12,7,business,,,22488.0,False,17:00,ok,2026-09-05T11:53:16.666908+05:30,2026-09-05_1153IST,airline_direct,IndiGo
BOM,BLR,6E,IndiGo,6E 5221,2026-09-12,7,economy,,,9267.0,False,17:00,ok,2026-09-05T11:53:16.666908+05:30,2026-09-05_1153IST,airline_direct,IndiGo
BOM,BLR,6E,IndiGo,6E 5296,2026-09-12,7,business,,,22488.0,False,06:30,ok,2026-09-05T11:53:16.666908+05:30,2026-09-05_1153IST,airline_direct,IndiGo
BOM,BLR,6E,IndiGo,6E 5296,2026-09-12,7,economy,,,9792.0,False,06:30,ok,2026-09-05T11:53:16.666908+05:30,2026-09-05_1153IST,airline_direct,IndiGo
BOM,BLR,6E,IndiGo,6E 5193,2026-09-12,7,economy,,,9792.0,False,08:05,ok,2026-09-05T11:53:16.666908+05:30,2026-09-05_1153IST,airline_direct,IndiGo
BOM,BLR,6E,IndiGo,6E 5294,2026-09-12,7,business,,,22488.0,False,04:30,ok,2026-09-05T11:53:16.666908+05:30,2026-09-05_1153IST,airline_direct,IndiGo
BOM,BLR,6E,IndiGo,6E 5294,2026-09-12,7,economy,,,10341.0,False,04:30,ok,2026-09-05T11:53:16.666908+05:30,2026-09-05_1153IST,airline_direct,IndiGo
BOM,BLR,6E,IndiGo,6E 5092,2026-09-12,7,business,,,22488.0,False,09:50,ok,2026-09-05T11:53:16.666908+05:30,2026-09-05_1153IST,airline_direct,IndiGo
BOM,BLR,6E,IndiGo,6E 5092,2026-09-12,7,economy,,,11052.0,False,09:50,ok,2026-09-05T11:53:16.666908+05:30,2026-09-05_1153IST,airline_direct,IndiGo
BOM,BLR,6E,IndiGo,6E 5382,2026-09-12,7,business,,,22488.0,False,14:30,ok,2026-09-05T11:53:16.666908+05:30,2026-09-05_1153IST,airline_direct,IndiGo
BOM,BLR,6E,IndiGo,6E 5382,2026-09-12,7,economy,,,11052.0,False,14:30,ok,2026-09-05T11:53:16.666908+05:30,2026-09-05_1153IST,airline_direct,IndiGo
BOM,BLR,6E,IndiGo,6E 5323,2026-09-12,7,business,,,22488.0,False,01:10,ok,2026-09-05T11:53:16.666908+05:30,2026-09-05_1153IST,airline_direct,IndiGo
BOM,BLR,6E,IndiGo,6E 5323,2026-09-12,7,economy,,,11181.0,False,01:10,ok,2026-09-05T11:53:16.666908+05:30,2026-09-05_1153IST,airline_direct,IndiGo
BOM,BLR,6E,IndiGo,6E 5217,2026-09-12,7,business,,,22488.0,False,11:00,ok,2026-09-05T11:53:16.666908+05:30,2026-09-05_1153IST,airline_direct,IndiGo
BOM,BLR,6E,IndiGo,6E 5217,2026-09-12,7,economy,,,11787.0,False,11:00,ok,2026-09-05T11:53:16.666908+05:30,2026-09-05_1153IST,airline_direct,IndiGo
BOM,BLR,6E,IndiGo,6E 5184,2026-09-12,7,business,,,22488.0,False,12:30,ok,2026-09-05T11:53:16.666908+05:30,2026-09-05_1153IST,airline_direct,IndiGo
BOM,BLR,6E,IndiGo,6E 5184,2026-09-12,7,economy,,,12522.0,False,12:30,ok,2026-09-05T11:53:16.666908+05:30,2026-09-05_1153IST,airline_direct,IndiGo
BOM,BLR,6E,IndiGo,6E 5071,2026-09-12,7,business,,,22488.0,False,15:35,ok,2026-09-05T11:53:16.666908+05:30,2026-09-05_1153IST,airline_direct,IndiGo
BOM,BLR,6E,IndiGo,6E 5071,2026-09-12,7,economy,,,12522.0,False,15:35,ok,2026-09-05T11:53:16.666908+05:30,2026-09-05_1153IST,airline_direct,IndiGo
BOM,BLR,6E,IndiGo,6E 5241,2026-09-12,7,economy,,,7243.0,False,16:40,ok,2026-09-05T11:53:16.666908+05:30,2026-09-05_1153IST,airline_direct,IndiGo
BOM,BLR,6E,IndiGo,6E 5241,2026-09-12,7,economy,,,7243.0,False,16:40,ok,2026-09-05T11:53:16.666908+05:30,2026-09-05_1153IST,airline_direct,IndiGo
BOM,BLR,6E,IndiGo,6E 5386,2026-09-12,7,business,,,24495.0,False,15:10,ok,2026-09-05T11:53:16.666908+05:30,2026-09-05_1153IST,airline_direct,IndiGo
BOM,BLR,6E,IndiGo,6E 5386,2026-09-12,7,economy,,,7374.0,False,15:10,ok,2026-09-05T11:53:16.666908+05:30,2026-09-05_1153IST,airline_direct,IndiGo
BOM,BLR,6E,IndiGo,6E 5386,2026-09-12,7,business,,,24495.0,False,15:10,ok,2026-09-05T11:53:16.666908+05:30,2026-09-05_1153IST,airline_direct,IndiGo
BOM,BLR,6E,IndiGo,6E 5386,2026-09-12,7,economy,,,7374.0,False,15:10,ok,2026-09-05T11:53:16.666908+05:30,2026-09-05_1153IST,airline_direct,IndiGo
BOM,BLR,6E,IndiGo,6E 5228,2026-09-12,7,business,,,23210.0,False,16:45,ok,2026-09-05T11:53:16.666908+05:30,2026-09-05_1153IST,airline_direct,IndiGo
BOM,BLR,6E,IndiGo,6E 5228,2026-09-12,7,economy,,,7374.0,False,16:45,ok,2026-09-05T11:53:16.666908+05:30,2026-09-05_1153IST,airline_direct,IndiGo
BOM,BLR,6E,IndiGo,6E 6802,2026-09-12,7,economy,,,7505.0,False,16:55,ok,2026-09-05T11:53:16.666908+05:30,2026-09-05_1153IST,airline_direct,IndiGo
BOM,BLR,6E,IndiGo,6E 632,2026-09-12,7,economy,,,7584.0,False,04:00,ok,2026-09-05T11:53:16.666908+05:30,2026-09-05_1153IST,airline_direct,IndiGo
BOM,BLR,6E,IndiGo,6E 6701,2026-09-12,7,economy,,,7584.0,False,05:35,ok,2026-09-05T11:53:16.666908+05:30,2026-09-05_1153IST,airline_direct,IndiGo
BOM,BLR,6E,IndiGo,6E 2284,2026-09-12,7,economy,,,7584.0,False,12:05,ok,2026-09-05T11:53:16.666908+05:30,2026-09-05_1153IST,airline_direct,IndiGo
BOM,BLR,6E,IndiGo,6E 5201,2026-09-12,7,economy,,,7584.0,False,14:55,ok,2026-09-05T11:53:16.666908+05:30,2026-09-05_1153IST,airline_direct,IndiGo
BOM,BLR,6E,IndiGo,6E 240,2026-09-12,7,economy,,,7584.0,False,15:45,ok,2026-09-05T11:53:16.666908+05:30,2026-09-05_1153IST,airline_direct,IndiGo
BOM,BLR,6E,IndiGo,6E 6599,2026-09-12,7,economy,,,7715.0,False,16:50,ok,2026-09-05T11:53:16.666908+05:30,2026-09-05_1153IST,airline_direct,IndiGo
BOM,BLR,6E,IndiGo,6E 5109,2026-09-12,7,economy,,,8126.0,False,09:35,ok,2026-09-05T11:53:16.666908+05:30,2026-09-05_1153IST,airline_direct,IndiGo
BOM,BLR,6E,IndiGo,6E 673,2026-09-12,7,economy,,,8126.0,False,12:30,ok,2026-09-05T11:53:16.666908+05:30,2026-09-05_1153IST,airline_direct,IndiGo
BOM,BLR,6E,IndiGo,6E 437,2026-09-12,7,economy,,,8126.0,False,17:10,ok,2026-09-05T11:53:16.666908+05:30,2026-09-05_1153IST,airline_direct,IndiGo
BOM,BLR,6E,IndiGo,6E 136,2026-09-12,7,business,,,26046.0,False,04:05,ok,2026-09-05T11:53:16.666908+05:30,2026-09-05_1153IST,airline_direct,IndiGo
BOM,BLR,6E,IndiGo,6E 136,2026-09-12,7,economy,,,8718.0,False,04:05,ok,2026-09-05T11:53:16.666908+05:30,2026-09-05_1153IST,airline_direct,IndiGo
BOM,BLR,6E,IndiGo,6E 2237,2026-09-12,7,economy,,,8718.0,False,18:40,ok,2026-09-05T11:53:16.666908+05:30,2026-09-05_1153IST,airline_direct,IndiGo
BOM,BLR,6E,IndiGo,6E 5107,2026-09-12,7,economy,,,8718.0,False,20:00,ok,2026-09-05T11:53:16.666908+05:30,2026-09-05_1153IST,airline_direct,IndiGo
BOM,BLR,6E,IndiGo,6E 230,2026-09-12,7,economy,,,9023.0,False,13:55,ok,2026-09-05T11:53:16.666908+05:30,2026-09-05_1153IST,airline_direct,IndiGo
BOM,BLR,6E,IndiGo,6E 5126,2026-09-12,7,economy,,,10068.0,False,18:15,ok,2026-09-05T11:53:16.666908+05:30,2026-09-05_1153IST,airline_direct,IndiGo
BOM,BLR,6E,IndiGo,6E 5082,2026-09-12,7,economy,,,10566.0,False,18:05,ok,2026-09-05T11:53:16.666908+05:30,2026-09-05_1153IST,airline_direct,IndiGo
BOM,BLR,6E,IndiGo,6E 5228,2026-09-12,7,business,,,25462.0,False,16:45,ok,2026-09-05T11:53:16.666908+05:30,2026-09-05_1153IST,airline_direct,IndiGo
BOM,BLR,6E,IndiGo,6E 5228,2026-09-12,7,economy,,,11706.0,False,16:45,ok,2026-09-05T11:53:16.666908+05:30,2026-09-05_1153IST,airline_direct,IndiGo
BOM,BLR,6E,IndiGo,6E 5318,2026-09-12,7,business,,,23576.0,False,10:15,ok,2026-09-05T11:53:16.666908+05:30,2026-09-05_1153IST,airline_direct,IndiGo
BOM,BLR,6E,IndiGo,6E 5318,2026-09-12,7,economy,,,12233.0,False,10:15,ok,2026-09-05T11:53:16.666908+05:30,2026-09-05_1153IST,airline_direct,IndiGo
BOM,BLR,6E,IndiGo,6E 261,2026-09-12,7,economy,,,12253.0,False,11:20,ok,2026-09-05T11:53:16.666908+05:30,2026-09-05_1153IST,airline_direct,IndiGo
BOM,BLR,6E,IndiGo,6E 6057,2026-09-12,7,economy,,,12385.0,False,09:15,ok,2026-09-05T11:53:16.666908+05:30,2026-09-05_1153IST,airline_direct,IndiGo
BOM,BLR,6E,IndiGo,6E 5318,2026-09-12,7,business,,,23981.0,False,10:15,ok,2026-09-05T11:53:16.666908+05:30,2026-09-05_1153IST,airline_direct,IndiGo
BOM,BLR,6E,IndiGo,6E 5318,2026-09-12,7,economy,,,12594.0,False,10:15,ok,2026-09-05T11:53:16.666908+05:30,2026-09-05_1153IST,airline_direct,IndiGo
BOM,BLR,6E,IndiGo,6E 5386,2026-09-12,7,business,,,26747.0,False,15:10,ok,2026-09-05T11:53:16.666908+05:30,2026-09-05_1153IST,airline_direct,IndiGo
BOM,BLR,6E,IndiGo,6E 5386,2026-09-12,7,economy,,,12861.0,False,15:10,ok,2026-09-05T11:53:16.666908+05:30,2026-09-05_1153IST,airline_direct,IndiGo
BOM,BLR,6E,IndiGo,6E 5178,2026-09-12,7,business,,,23576.0,False,11:40,ok,2026-09-05T11:53:16.666908+05:30,2026-09-05_1153IST,airline_direct,IndiGo
BOM,BLR,6E,IndiGo,6E 5178,2026-09-12,7,economy,,,12863.0,False,11:40,ok,2026-09-05T11:53:16.666908+05:30,2026-09-05_1153IST,airline_direct,IndiGo
BOM,BLR,6E,IndiGo,6E 5178,2026-09-12,7,business,,,23981.0,False,11:40,ok,2026-09-05T11:53:16.666908+05:30,2026-09-05_1153IST,airline_direct,IndiGo
BOM,BLR,6E,IndiGo,6E 5178,2026-09-12,7,economy,,,13224.0,False,11:40,ok,2026-09-05T11:53:16.666908+05:30,2026-09-05_1153IST,airline_direct,IndiGo
BOM,BLR,6E,IndiGo,6E 6361,2026-09-12,7,economy,,,13255.0,False,05:00,ok,2026-09-05T11:53:16.666908+05:30,2026-09-05_1153IST,airline_direct,IndiGo
BOM,BLR,6E,IndiGo,6E 5123,2026-09-12,7,economy,,,13518.0,False,14:40,ok,2026-09-05T11:53:16.666908+05:30,2026-09-05_1153IST,airline_direct,IndiGo
BOM,BLR,6E,IndiGo,6E 5337,2026-09-12,7,business,,,27179.0,False,13:45,ok,2026-09-05T11:53:16.666908+05:30,2026-09-05_1153IST,airline_direct,IndiGo
BOM,BLR,6E,IndiGo,6E 5337,2026-09-12,7,economy,,,13596.0,False,13:45,ok,2026-09-05T11:53:16.666908+05:30,2026-09-05_1153IST,airline_direct,IndiGo
BOM,BLR,6E,IndiGo,6E 6362,2026-09-12,7,business,,,27453.0,False,05:45,ok,2026-09-05T11:53:16.666908+05:30,2026-09-05_1153IST,airline_direct,IndiGo
BOM,BLR,6E,IndiGo,6E 6362,2026-09-12,7,economy,,,14633.0,False,05:45,ok,2026-09-05T11:53:16.666908+05:30,2026-09-05_1153IST,airline_direct,IndiGo
BOM,BLR,6E,IndiGo,6E 136,2026-09-12,7,business,,,27632.0,False,04:05,ok,2026-09-05T11:53:16.666908+05:30,2026-09-05_1153IST,airline_direct,IndiGo
BOM,BLR,6E,IndiGo,6E 136,2026-09-12,7,economy,,,14688.0,False,04:05,ok,2026-09-05T11:53:16.666908+05:30,2026-09-05_1153IST,airline_direct,IndiGo
BOM,BLR,6E,IndiGo,6E 5188,2026-09-12,7,business,,,27632.0,False,06:15,ok,2026-09-05T11:53:16.666908+05:30,2026-09-05_1153IST,airline_direct,IndiGo
BOM,BLR,6E,IndiGo,6E 5188,2026-09-12,7,economy,,,14688.0,False,06:15,ok,2026-09-05T11:53:16.666908+05:30,2026-09-05_1153IST,airline_direct,IndiGo
BOM,BLR,6E,IndiGo,6E 5313,2026-09-12,7,business,,,27632.0,False,09:50,ok,2026-09-05T11:53:16.666908+05:30,2026-09-05_1153IST,airline_direct,IndiGo
BOM,BLR,6E,IndiGo,6E 5313,2026-09-12,7,economy,,,14688.0,False,09:50,ok,2026-09-05T11:53:16.666908+05:30,2026-09-05_1153IST,airline_direct,IndiGo
BOM,BLR,6E,IndiGo,6E 5337,2026-09-12,7,business,,,27632.0,False,13:45,ok,2026-09-05T11:53:16.666908+05:30,2026-09-05_1153IST,airline_direct,IndiGo
BOM,BLR,6E,IndiGo,6E 5337,2026-09-12,7,economy,,,14688.0,False,13:45,ok,2026-09-05T11:53:16.666908+05:30,2026-09-05_1153IST,airline_direct,IndiGo
BOM,BLR,6E,IndiGo,6E 5048,2026-09-12,7,business,,,28676.0,False,17:25,ok,2026-09-05T11:53:16.666908+05:30,2026-09-05_1153IST,airline_direct,IndiGo
BOM,BLR,6E,IndiGo,6E 5048,2026-09-12,7,economy,,,14688.0,False,17:25,ok,2026-09-05T11:53:16.666908+05:30,2026-09-05_1153IST,airline_direct,IndiGo
BOM,BLR,6E,IndiGo,6E 5196,2026-09-12,7,business,,,27632.0,False,15:25,ok,2026-09-05T11:53:16.666908+05:30,2026-09-05_1153IST,airline_direct,IndiGo
BOM,BLR,6E,IndiGo,6E 5196,2026-09-12,7,economy,,,14691.0,False,15:25,ok,2026-09-05T11:53:16.666908+05:30,2026-09-05_1153IST,airline_direct,IndiGo
BOM,BLR,6E,IndiGo,6E 5181,2026-09-12,7,economy,,,14820.0,False,10:25,ok,2026-09-05T11:53:16.666908+05:30,2026-09-05_1153IST,airline_direct,IndiGo
BOM,BLR,6E,IndiGo,6E 5196,2026-09-12,7,business,,,28676.0,False,15:25,ok,2026-09-05T11:53:16.666908+05:30,2026-09-05_1153IST,airline_direct,IndiGo
BOM,BLR,6E,IndiGo,6E 5196,2026-09-12,7,economy,,,15621.0,False,15:25,ok,2026-09-05T11:53:16.666908+05:30,2026-09-05_1153IST,airline_direct,IndiGo
BOM,BLR,6E,IndiGo,6E 5318,2026-09-12,7,business,,,27453.0,False,10:15,ok,2026-09-05T11:53:16.666908+05:30,2026-09-05_1153IST,airline_direct,IndiGo
BOM,BLR,6E,IndiGo,6E 5318,2026-09-12,7,economy,,,15683.0,False,10:15,ok,2026-09-05T11:53:16.666908+05:30,2026-09-05_1153IST,airline_direct,IndiGo
BOM,BLR,6E,IndiGo,6E 6349,2026-09-12,7,business,,,27632.0,False,11:40,ok,2026-09-05T11:53:16.666908+05:30,2026-09-05_1153IST,airline_direct,IndiGo
BOM,BLR,6E,IndiGo,6E 6349,2026-09-12,7,economy,,,15881.0,False,11:40,ok,2026-09-05T11:53:16.666908+05:30,2026-09-05_1153IST,airline_direct,IndiGo
BOM,BLR,6E,IndiGo,6E 5313,2026-09-12,7,business,,,27632.0,False,09:50,ok,2026-09-05T11:53:16.666908+05:30,2026-09-05_1153IST,airline_direct,IndiGo
BOM,BLR,6E,IndiGo,6E 5313,2026-09-12,7,economy,,,16023.0,False,09:50,ok,2026-09-05T11:53:16.666908+05:30,2026-09-05_1153IST,airline_direct,IndiGo
BOM,BLR,6E,IndiGo,6E 5246,2026-09-12,7,business,,,27453.0,False,07:15,ok,2026-09-05T11:53:16.666908+05:30,2026-09-05_1153IST,airline_direct,IndiGo
BOM,BLR,6E,IndiGo,6E 5246,2026-09-12,7,economy,,,16313.0,False,07:15,ok,2026-09-05T11:53:16.666908+05:30,2026-09-05_1153IST,airline_direct,IndiGo
BOM,BLR,6E,IndiGo,6E 6349,2026-09-12,7,business,,,27179.0,False,11:40,ok,2026-09-05T11:53:16.666908+05:30,2026-09-05_1153IST,airline_direct,IndiGo
BOM,BLR,6E,IndiGo,6E 6349,2026-09-12,7,economy,,,16361.0,False,11:40,ok,2026-09-05T11:53:16.666908+05:30,2026-09-05_1153IST,airline_direct,IndiGo
BOM,BLR,6E,IndiGo,6E 5204,2026-09-12,7,business,,,27632.0,False,08:15,ok,2026-09-05T11:53:16.666908+05:30,2026-09-05_1153IST,airline_direct,IndiGo
BOM,BLR,6E,IndiGo,6E 5204,2026-09-12,7,economy,,,16764.0,False,08:15,ok,2026-09-05T11:53:16.666908+05:30,2026-09-05_1153IST,airline_direct,IndiGo
BOM,BLR,6E,IndiGo,6E 2016,2026-09-12,7,economy,,,19239.0,False,13:35,ok,2026-09-05T11:53:16.666908+05:30,2026-09-05_1153IST,airline_direct,IndiGo
DEL,CCU,6E,IndiGo,6E 5191,2026-09-12,7,business,,,26140.0,False,05:00,ok,2026-09-05T11:54:46.599449+05:30,2026-09-05_1154IST,airline_direct,IndiGo
DEL,CCU,6E,IndiGo,6E 5191,2026-09-12,7,economy,,,8502.0,False,05:00,ok,2026-09-05T11:54:46.599449+05:30,2026-09-05_1154IST,airline_direct,IndiGo
DEL,CCU,6E,IndiGo,6E 340,2026-09-12,7,business,,,26140.0,False,07:20,ok,2026-09-05T11:54:46.599449+05:30,2026-09-05_1154IST,airline_direct,IndiGo
DEL,CCU,6E,IndiGo,6E 340,2026-09-12,7,economy,,,8502.0,False,07:20,ok,2026-09-05T11:54:46.599449+05:30,2026-09-05_1154IST,airline_direct,IndiGo
DEL,CCU,6E,IndiGo,6E 894,2026-09-12,7,business,,,26140.0,False,10:15,ok,2026-09-05T11:54:46.599449+05:30,2026-09-05_1154IST,airline_direct,IndiGo
DEL,CCU,6E,IndiGo,6E 894,2026-09-12,7,economy,,,8502.0,False,10:15,ok,2026-09-05T11:54:46.599449+05:30,2026-09-05_1154IST,airline_direct,IndiGo
DEL,CCU,6E,IndiGo,6E 2487,2026-09-12,7,business,,,26140.0,False,11:50,ok,2026-09-05T11:54:46.599449+05:30,2026-09-05_1154IST,airline_direct,IndiGo
DEL,CCU,6E,IndiGo,6E 2487,2026-09-12,7,economy,,,8502.0,False,11:50,ok,2026-09-05T11:54:46.599449+05:30,2026-09-05_1154IST,airline_direct,IndiGo
DEL,CCU,6E,IndiGo,6E 897,2026-09-12,7,business,,,26140.0,False,12:45,ok,2026-09-05T11:54:46.599449+05:30,2026-09-05_1154IST,airline_direct,IndiGo
DEL,CCU,6E,IndiGo,6E 897,2026-09-12,7,economy,,,8502.0,False,12:45,ok,2026-09-05T11:54:46.599449+05:30,2026-09-05_1154IST,airline_direct,IndiGo
DEL,CCU,6E,IndiGo,6E 513,2026-09-12,7,business,,,26140.0,False,08:30,ok,2026-09-05T11:54:46.599449+05:30,2026-09-05_1154IST,airline_direct,IndiGo
DEL,CCU,6E,IndiGo,6E 513,2026-09-12,7,economy,,,8765.0,False,08:30,ok,2026-09-05T11:54:46.599449+05:30,2026-09-05_1154IST,airline_direct,IndiGo
DEL,CCU,6E,IndiGo,6E 6415,2026-09-12,7,business,,,26140.0,False,16:00,ok,2026-09-05T11:54:46.599449+05:30,2026-09-05_1154IST,airline_direct,IndiGo
DEL,CCU,6E,IndiGo,6E 6415,2026-09-12,7,economy,,,9080.0,False,16:00,ok,2026-09-05T11:54:46.599449+05:30,2026-09-05_1154IST,airline_direct,IndiGo
DEL,CCU,6E,IndiGo,6E 2276,2026-09-12,7,business,,,26140.0,False,17:55,ok,2026-09-05T11:54:46.599449+05:30,2026-09-05_1154IST,airline_direct,IndiGo
DEL,CCU,6E,IndiGo,6E 2276,2026-09-12,7,economy,,,9080.0,False,17:55,ok,2026-09-05T11:54:46.599449+05:30,2026-09-05_1154IST,airline_direct,IndiGo
DEL,CCU,6E,IndiGo,6E 247,2026-09-12,7,business,,,26140.0,False,23:30,ok,2026-09-05T11:54:46.599449+05:30,2026-09-05_1154IST,airline_direct,IndiGo
DEL,CCU,6E,IndiGo,6E 247,2026-09-12,7,economy,,,9080.0,False,23:30,ok,2026-09-05T11:54:46.599449+05:30,2026-09-05_1154IST,airline_direct,IndiGo
DEL,CCU,6E,IndiGo,6E 910,2026-09-12,7,business,,,26140.0,False,14:25,ok,2026-09-05T11:54:46.599449+05:30,2026-09-05_1154IST,airline_direct,IndiGo
DEL,CCU,6E,IndiGo,6E 910,2026-09-12,7,economy,,,9552.0,False,14:25,ok,2026-09-05T11:54:46.599449+05:30,2026-09-05_1154IST,airline_direct,IndiGo
DEL,CCU,6E,IndiGo,6E 6517,2026-09-12,7,business,,,26140.0,False,19:30,ok,2026-09-05T11:54:46.599449+05:30,2026-09-05_1154IST,airline_direct,IndiGo
DEL,CCU,6E,IndiGo,6E 6517,2026-09-12,7,economy,,,9552.0,False,19:30,ok,2026-09-05T11:54:46.599449+05:30,2026-09-05_1154IST,airline_direct,IndiGo
DEL,CCU,6E,IndiGo,6E 6245,2026-09-12,7,economy,,,7376.0,False,06:20,ok,2026-09-05T11:54:46.599449+05:30,2026-09-05_1154IST,airline_direct,IndiGo
DEL,CCU,6E,IndiGo,6E 5206,2026-09-12,7,economy,,,7376.0,False,13:20,ok,2026-09-05T11:54:46.599449+05:30,2026-09-05_1154IST,airline_direct,IndiGo
DEL,CCU,6E,IndiGo,6E 2453,2026-09-12,7,economy,,,7376.0,False,13:35,ok,2026-09-05T11:54:46.599449+05:30,2026-09-05_1154IST,airline_direct,IndiGo
DEL,CCU,6E,IndiGo,6E 6440,2026-09-12,7,economy,,,7376.0,False,16:40,ok,2026-09-05T11:54:46.599449+05:30,2026-09-05_1154IST,airline_direct,IndiGo
DEL,CCU,6E,IndiGo,6E 6459,2026-09-12,7,economy,,,7507.0,False,05:55,ok,2026-09-05T11:54:46.599449+05:30,2026-09-05_1154IST,airline_direct,IndiGo
DEL,CCU,6E,IndiGo,6E 2361,2026-09-12,7,economy,,,7507.0,False,14:35,ok,2026-09-05T11:54:46.599449+05:30,2026-09-05_1154IST,airline_direct,IndiGo
DEL,CCU,6E,IndiGo,6E 6190,2026-09-12,7,economy,,,7586.0,False,07:40,ok,2026-09-05T11:54:46.599449+05:30,2026-09-05_1154IST,airline_direct,IndiGo
DEL,CCU,6E,IndiGo,6E 2203,2026-09-12,7,economy,,,7691.0,False,04:45,ok,2026-09-05T11:54:46.599449+05:30,2026-09-05_1154IST,airline_direct,IndiGo
DEL,CCU,6E,IndiGo,6E 6124,2026-09-12,7,economy,,,7691.0,False,07:30,ok,2026-09-05T11:54:46.599449+05:30,2026-09-05_1154IST,airline_direct,IndiGo
DEL,CCU,6E,IndiGo,6E 5215,2026-09-12,7,economy,,,7691.0,False,07:45,ok,2026-09-05T11:54:46.599449+05:30,2026-09-05_1154IST,airline_direct,IndiGo
DEL,CCU,6E,IndiGo,6E 5307,2026-09-12,7,economy,,,7691.0,False,10:50,ok,2026-09-05T11:54:46.599449+05:30,2026-09-05_1154IST,airline_direct,IndiGo
DEL,CCU,6E,IndiGo,6E 5041,2026-09-12,7,economy,,,7691.0,False,15:10,ok,2026-09-05T11:54:46.599449+05:30,2026-09-05_1154IST,airline_direct,IndiGo
DEL,CCU,6E,IndiGo,6E 203,2026-09-12,7,business,,,32272.0,False,07:10,ok,2026-09-05T11:54:46.599449+05:30,2026-09-05_1154IST,airline_direct,IndiGo
DEL,CCU,6E,IndiGo,6E 203,2026-09-12,7,economy,,,7927.0,False,07:10,ok,2026-09-05T11:54:46.599449+05:30,2026-09-05_1154IST,airline_direct,IndiGo
DEL,CCU,6E,IndiGo,6E 705,2026-09-12,7,business,,,32980.0,False,08:30,ok,2026-09-05T11:54:46.599449+05:30,2026-09-05_1154IST,airline_direct,IndiGo
DEL,CCU,6E,IndiGo,6E 705,2026-09-12,7,economy,,,7927.0,False,08:30,ok,2026-09-05T11:54:46.599449+05:30,2026-09-05_1154IST,airline_direct,IndiGo
DEL,CCU,6E,IndiGo,6E 705,2026-09-12,7,business,,,32272.0,False,08:30,ok,2026-09-05T11:54:46.599449+05:30,2026-09-05_1154IST,airline_direct,IndiGo
DEL,CCU,6E,IndiGo,6E 705,2026-09-12,7,economy,,,7927.0,False,08:30,ok,2026-09-05T11:54:46.599449+05:30,2026-09-05_1154IST,airline_direct,IndiGo
DEL,CCU,6E,IndiGo,6E 6293,2026-09-12,7,business,,,32272.0,False,09:55,ok,2026-09-05T11:54:46.599449+05:30,2026-09-05_1154IST,airline_direct,IndiGo
DEL,CCU,6E,IndiGo,6E 6293,2026-09-12,7,economy,,,7927.0,False,09:55,ok,2026-09-05T11:54:46.599449+05:30,2026-09-05_1154IST,airline_direct,IndiGo
DEL,CCU,6E,IndiGo,6E 907,2026-09-12,7,economy,,,7927.0,False,10:00,ok,2026-09-05T11:54:46.599449+05:30,2026-09-05_1154IST,airline_direct,IndiGo
DEL,CCU,6E,IndiGo,6E 884,2026-09-12,7,business,,,32272.0,False,11:45,ok,2026-09-05T11:54:46.599449+05:30,2026-09-05_1154IST,airline_direct,IndiGo
DEL,CCU,6E,IndiGo,6E 884,2026-09-12,7,economy,,,7927.0,False,11:45,ok,2026-09-05T11:54:46.599449+05:30,2026-09-05_1154IST,airline_direct,IndiGo
DEL,CCU,6E,IndiGo,6E 2331,2026-09-12,7,economy,,,7927.0,False,12:20,ok,2026-09-05T11:54:46.599449+05:30,2026-09-05_1154IST,airline_direct,IndiGo
DEL,CCU,6E,IndiGo,6E 5073,2026-09-12,7,economy,,,7927.0,False,17:05,ok,2026-09-05T11:54:46.599449+05:30,2026-09-05_1154IST,airline_direct,IndiGo
DEL,CCU,6E,IndiGo,6E 882,2026-09-12,7,business,,,31918.0,False,23:15,ok,2026-09-05T11:54:46.599449+05:30,2026-09-05_1154IST,airline_direct,IndiGo
DEL,CCU,6E,IndiGo,6E 882,2026-09-12,7,economy,,,7927.0,False,23:15,ok,2026-09-05T11:54:46.599449+05:30,2026-09-05_1154IST,airline_direct,IndiGo
DEL,CCU,6E,IndiGo,6E 6371,2026-09-12,7,economy,,,8032.0,False,06:20,ok,2026-09-05T11:54:46.599449+05:30,2026-09-05_1154IST,airline_direct,IndiGo
DEL,CCU,6E,IndiGo,6E 2037,2026-09-12,7,economy,,,8194.0,False,10:55,ok,2026-09-05T11:54:46.599449+05:30,2026-09-05_1154IST,airline_direct,IndiGo
DEL,CCU,6E,IndiGo,6E 2259,2026-09-12,7,economy,,,8194.0,False,12:20,ok,2026-09-05T11:54:46.599449+05:30,2026-09-05_1154IST,airline_direct,IndiGo
DEL,CCU,6E,IndiGo,6E 2259,2026-09-12,7,economy,,,8194.0,False,12:20,ok,2026-09-05T11:54:46.599449+05:30,2026-09-05_1154IST,airline_direct,IndiGo
DEL,CCU,6E,IndiGo,6E 5038,2026-09-12,7,economy,,,8194.0,False,14:00,ok,2026-09-05T11:54:46.599449+05:30,2026-09-05_1154IST,airline_direct,IndiGo
DEL,CCU,6E,IndiGo,6E 2614,2026-09-12,7,economy,,,8194.0,False,14:40,ok,2026-09-05T11:54:46.599449+05:30,2026-09-05_1154IST,airline_direct,IndiGo
DEL,CCU,6E,IndiGo,6E 2614,2026-09-12,7,economy,,,8194.0,False,14:40,ok,2026-09-05T11:54:46.599449+05:30,2026-09-05_1154IST,airline_direct,IndiGo
DEL,CCU,6E,IndiGo,6E 6829,2026-09-12,7,economy,,,8325.0,False,17:20,ok,2026-09-05T11:54:46.599449+05:30,2026-09-05_1154IST,airline_direct,IndiGo
DEL,CCU,6E,IndiGo,6E 6503,2026-09-12,7,economy,,,8509.0,False,13:25,ok,2026-09-05T11:54:46.599449+05:30,2026-09-05_1154IST,airline_direct,IndiGo
DEL,CCU,6E,IndiGo,6E 6190,2026-09-12,7,economy,,,8862.0,False,07:40,ok,2026-09-05T11:54:46.599449+05:30,2026-09-05_1154IST,airline_direct,IndiGo
DEL,CCU,6E,IndiGo,6E 2037,2026-09-12,7,economy,,,8862.0,False,10:55,ok,2026-09-05T11:54:46.599449+05:30,2026-09-05_1154IST,airline_direct,IndiGo
DEL,CCU,6E,IndiGo,6E 5033,2026-09-12,7,economy,,,8862.0,False,15:50,ok,2026-09-05T11:54:46.599449+05:30,2026-09-05_1154IST,airline_direct,IndiGo
DEL,CCU,6E,IndiGo,6E 6217,2026-09-12,7,business,,,31918.0,False,16:15,ok,2026-09-05T11:54:46.599449+05:30,2026-09-05_1154IST,airline_direct,IndiGo
DEL,CCU,6E,IndiGo,6E 6217,2026-09-12,7,economy,,,9203.0,False,16:15,ok,2026-09-05T11:54:46.599449+05:30,2026-09-05_1154IST,airline_direct,IndiGo
DEL,CCU,6E,IndiGo,6E 6130,2026-09-12,7,economy,,,9597.0,False,12:55,ok,2026-09-05T11:54:46.599449+05:30,2026-09-05_1154IST,airline_direct,IndiGo
DEL,CCU,6E,IndiGo,6E 6282,2026-09-12,7,business,,,32272.0,False,13:30,ok,2026-09-05T11:54:46.599449+05:30,2026-09-05_1154IST,airline_direct,IndiGo
DEL,CCU,6E,IndiGo,6E 6282,2026-09-12,7,economy,,,9938.0,False,13:30,ok,2026-09-05T11:54:46.599449+05:30,2026-09-05_1154IST,airline_direct,IndiGo
DEL,CCU,6E,IndiGo,6E 717,2026-09-12,7,business,,,31918.0,False,17:55,ok,2026-09-05T11:54:46.599449+05:30,2026-09-05_1154IST,airline_direct,IndiGo
DEL,CCU,6E,IndiGo,6E 717,2026-09-12,7,economy,,,9938.0,False,17:55,ok,2026-09-05T11:54:46.599449+05:30,2026-09-05_1154IST,airline_direct,IndiGo
DEL,CCU,6E,IndiGo,6E 2296,2026-09-12,7,economy,,,10404.0,False,09:20,ok,2026-09-05T11:54:46.599449+05:30,2026-09-05_1154IST,airline_direct,IndiGo
DEL,CCU,6E,IndiGo,6E 2296,2026-09-12,7,economy,,,10404.0,False,09:20,ok,2026-09-05T11:54:46.599449+05:30,2026-09-05_1154IST,airline_direct,IndiGo
DEL,CCU,6E,IndiGo,6E 6073,2026-09-12,7,economy,,,12268.0,False,05:00,ok,2026-09-05T11:54:46.599449+05:30,2026-09-05_1154IST,airline_direct,IndiGo
DEL,CCU,6E,IndiGo,6E 5119,2026-09-12,7,economy,,,12609.0,False,05:10,ok,2026-09-05T11:54:46.599449+05:30,2026-09-05_1154IST,airline_direct,IndiGo
DEL,CCU,6E,IndiGo,6E 5041,2026-09-12,7,economy,,,13445.0,False,15:10,ok,2026-09-05T11:54:46.599449+05:30,2026-09-05_1154IST,airline_direct,IndiGo
DEL,CCU,6E,IndiGo,6E 704,2026-09-12,7,business,,,31918.0,False,02:25,ok,2026-09-05T11:54:46.599449+05:30,2026-09-05_1154IST,airline_direct,IndiGo
DEL,CCU,6E,IndiGo,6E 704,2026-09-12,7,economy,,,13681.0,False,02:25,ok,2026-09-05T11:54:46.599449+05:30,2026-09-05_1154IST,airline_direct,IndiGo
DEL,CCU,6E,IndiGo,6E 704,2026-09-12,7,business,,,32272.0,False,02:25,ok,2026-09-05T11:54:46.599449+05:30,2026-09-05_1154IST,airline_direct,IndiGo
DEL,CCU,6E,IndiGo,6E 704,2026-09-12,7,economy,,,15705.0,False,02:25,ok,2026-09-05T11:54:46.599449+05:30,2026-09-05_1154IST,airline_direct,IndiGo
DEL,CCU,6E,IndiGo,6E 203,2026-09-12,7,business,,,32980.0,False,07:10,ok,2026-09-05T11:54:46.599449+05:30,2026-09-05_1154IST,airline_direct,IndiGo
DEL,CCU,6E,IndiGo,6E 203,2026-09-12,7,economy,,,17582.0,False,07:10,ok,2026-09-05T11:54:46.599449+05:30,2026-09-05_1154IST,airline_direct,IndiGo
DEL,CCU,6E,IndiGo,6E 734,2026-09-12,7,economy,,,21341.0,False,16:20,ok,2026-09-05T11:54:46.599449+05:30,2026-09-05_1154IST,airline_direct,IndiGo
DEL,CCU,6E,IndiGo,6E 6312,2026-09-12,7,economy,,,21898.0,False,14:25,ok,2026-09-05T11:54:46.599449+05:30,2026-09-05_1154IST,airline_direct,IndiGo
BLR,HYD,6E,IndiGo,6E 6784,2026-09-12,7,economy,,,4235.0,False,21:30,ok,2026-09-05T11:55:50.717639+05:30,2026-09-05_1155IST,airline_direct,IndiGo
BLR,HYD,6E,IndiGo,6E 6178,2026-09-12,7,economy,,,4921.0,False,06:25,ok,2026-09-05T11:55:50.717639+05:30,2026-09-05_1155IST,airline_direct,IndiGo
BLR,HYD,6E,IndiGo,6E 484,2026-09-12,7,economy,,,4921.0,False,08:15,ok,2026-09-05T11:55:50.717639+05:30,2026-09-05_1155IST,airline_direct,IndiGo
BLR,HYD,6E,IndiGo,6E 855,2026-09-12,7,economy,,,4921.0,False,19:45,ok,2026-09-05T11:55:50.717639+05:30,2026-09-05_1155IST,airline_direct,IndiGo
BLR,HYD,6E,IndiGo,6E 6404,2026-09-12,7,economy,,,5318.0,False,11:35,ok,2026-09-05T11:55:50.717639+05:30,2026-09-05_1155IST,airline_direct,IndiGo
BLR,HYD,6E,IndiGo,6E 407,2026-09-12,7,economy,,,5756.0,False,14:50,ok,2026-09-05T11:55:50.717639+05:30,2026-09-05_1155IST,airline_direct,IndiGo
BLR,HYD,6E,IndiGo,6E 6067,2026-09-12,7,economy,,,5756.0,False,16:30,ok,2026-09-05T11:55:50.717639+05:30,2026-09-05_1155IST,airline_direct,IndiGo
BLR,HYD,6E,IndiGo,6E 638,2026-09-12,7,economy,,,6239.0,False,18:35,ok,2026-09-05T11:55:50.717639+05:30,2026-09-05_1155IST,airline_direct,IndiGo
BLR,HYD,6E,IndiGo,6E 312,2026-09-12,7,economy,,,6772.0,False,09:15,ok,2026-09-05T11:55:50.717639+05:30,2026-09-05_1155IST,airline_direct,IndiGo
BLR,HYD,6E,IndiGo,6E 537,2026-09-12,7,economy,,,7361.0,False,10:15,ok,2026-09-05T11:55:50.717639+05:30,2026-09-05_1155IST,airline_direct,IndiGo
BLR,HYD,6E,IndiGo,6E 857,2026-09-12,7,economy,,,5463.0,False,07:05,ok,2026-09-05T11:55:50.717639+05:30,2026-09-05_1155IST,airline_direct,IndiGo
BLR,HYD,6E,IndiGo,6E 857,2026-09-12,7,economy,,,5463.0,False,07:05,ok,2026-09-05T11:55:50.717639+05:30,2026-09-05_1155IST,airline_direct,IndiGo
BLR,HYD,6E,IndiGo,6E 6269,2026-09-12,7,economy,,,5463.0,False,07:15,ok,2026-09-05T11:55:50.717639+05:30,2026-09-05_1155IST,airline_direct,IndiGo
BLR,HYD,6E,IndiGo,6E 6104,2026-09-12,7,economy,,,5463.0,False,11:40,ok,2026-09-05T11:55:50.717639+05:30,2026-09-05_1155IST,airline_direct,IndiGo
BLR,HYD,6E,IndiGo,6E 6208,2026-09-12,7,economy,,,5463.0,False,12:50,ok,2026-09-05T11:55:50.717639+05:30,2026-09-05_1155IST,airline_direct,IndiGo
BLR,HYD,6E,IndiGo,6E 6542,2026-09-12,7,economy,,,5463.0,False,13:10,ok,2026-09-05T11:55:50.717639+05:30,2026-09-05_1155IST,airline_direct,IndiGo
BLR,HYD,6E,IndiGo,6E 6542,2026-09-12,7,economy,,,5463.0,False,13:10,ok,2026-09-05T11:55:50.717639+05:30,2026-09-05_1155IST,airline_direct,IndiGo
BLR,HYD,6E,IndiGo,6E 356,2026-09-12,7,economy,,,5463.0,False,17:15,ok,2026-09-05T11:55:50.717639+05:30,2026-09-05_1155IST,airline_direct,IndiGo
BLR,HYD,6E,IndiGo,6E 6168,2026-09-12,7,economy,,,5463.0,False,17:40,ok,2026-09-05T11:55:50.717639+05:30,2026-09-05_1155IST,airline_direct,IndiGo
BLR,HYD,6E,IndiGo,6E 6017,2026-09-12,7,economy,,,5463.0,False,18:15,ok,2026-09-05T11:55:50.717639+05:30,2026-09-05_1155IST,airline_direct,IndiGo
BLR,HYD,6E,IndiGo,6E 441,2026-09-12,7,economy,,,5463.0,False,20:40,ok,2026-09-05T11:55:50.717639+05:30,2026-09-05_1155IST,airline_direct,IndiGo
BLR,HYD,6E,IndiGo,6E 528,2026-09-12,7,economy,,,5463.0,False,21:40,ok,2026-09-05T11:55:50.717639+05:30,2026-09-05_1155IST,airline_direct,IndiGo
BLR,HYD,6E,IndiGo,6E 116,2026-09-12,7,economy,,,5463.0,False,23:05,ok,2026-09-05T11:55:50.717639+05:30,2026-09-05_1155IST,airline_direct,IndiGo
BLR,HYD,6E,IndiGo,6E 6336,2026-09-12,7,economy,,,5594.0,False,12:25,ok,2026-09-05T11:55:50.717639+05:30,2026-09-05_1155IST,airline_direct,IndiGo
BLR,HYD,6E,IndiGo,6E 6336,2026-09-12,7,economy,,,5594.0,False,12:25,ok,2026-09-05T11:55:50.717639+05:30,2026-09-05_1155IST,airline_direct,IndiGo
BLR,HYD,6E,IndiGo,6E 7204,2026-09-12,7,economy,,,6153.0,False,06:50,ok,2026-09-05T11:55:50.717639+05:30,2026-09-05_1155IST,airline_direct,IndiGo
BLR,HYD,6E,IndiGo,6E 7227,2026-09-12,7,economy,,,6412.0,False,06:25,ok,2026-09-05T11:55:50.717639+05:30,2026-09-05_1155IST,airline_direct,IndiGo
BLR,HYD,6E,IndiGo,6E 7204,2026-09-12,7,economy,,,6543.0,False,06:50,ok,2026-09-05T11:55:50.717639+05:30,2026-09-05_1155IST,airline_direct,IndiGo
BLR,HYD,6E,IndiGo,6E 7071,2026-09-12,7,economy,,,6543.0,False,10:55,ok,2026-09-05T11:55:50.717639+05:30,2026-09-05_1155IST,airline_direct,IndiGo
BLR,HYD,6E,IndiGo,6E 6104,2026-09-12,7,economy,,,6543.0,False,11:40,ok,2026-09-05T11:55:50.717639+05:30,2026-09-05_1155IST,airline_direct,IndiGo
BLR,HYD,6E,IndiGo,6E 703,2026-09-12,7,economy,,,6543.0,False,12:55,ok,2026-09-05T11:55:50.717639+05:30,2026-09-05_1155IST,airline_direct,IndiGo
BLR,HYD,6E,IndiGo,6E 356,2026-09-12,7,economy,,,6543.0,False,17:15,ok,2026-09-05T11:55:50.717639+05:30,2026-09-05_1155IST,airline_direct,IndiGo
BLR,HYD,6E,IndiGo,6E 7005,2026-09-12,7,economy,,,6969.0,False,08:05,ok,2026-09-05T11:55:50.717639+05:30,2026-09-05_1155IST,airline_direct,IndiGo
BLR,HYD,6E,IndiGo,6E 576,2026-09-12,7,economy,,,6969.0,False,16:25,ok,2026-09-05T11:55:50.717639+05:30,2026-09-05_1155IST,airline_direct,IndiGo
BLR,HYD,6E,IndiGo,6E 105,2026-09-12,7,economy,,,6969.0,False,18:45,ok,2026-09-05T11:55:50.717639+05:30,2026-09-05_1155IST,airline_direct,IndiGo
BLR,HYD,6E,IndiGo,6E 105,2026-09-12,7,economy,,,6969.0,False,18:45,ok,2026-09-05T11:55:50.717639+05:30,2026-09-05_1155IST,airline_direct,IndiGo
BLR,HYD,6E,IndiGo,6E 6208,2026-09-12,7,economy,,,7432.0,False,12:50,ok,2026-09-05T11:55:50.717639+05:30,2026-09-05_1155IST,airline_direct,IndiGo
BLR,HYD,6E,IndiGo,6E 6208,2026-09-12,7,economy,,,7432.0,False,12:50,ok,2026-09-05T11:55:50.717639+05:30,2026-09-05_1155IST,airline_direct,IndiGo
BLR,HYD,6E,IndiGo,6E 6583,2026-09-12,7,economy,,,8615.0,False,10:40,ok,2026-09-05T11:55:50.717639+05:30,2026-09-05_1155IST,airline_direct,IndiGo
BLR,HYD,6E,IndiGo,6E 574,2026-09-12,7,economy,,,8615.0,False,11:05,ok,2026-09-05T11:55:50.717639+05:30,2026-09-05_1155IST,airline_direct,IndiGo
BLR,HYD,6E,IndiGo,6E 763,2026-09-12,7,economy,,,9730.0,False,07:05,ok,2026-09-05T11:55:50.717639+05:30,2026-09-05_1155IST,airline_direct,IndiGo
BLR,HYD,6E,IndiGo,6E 6891,2026-09-12,7,economy,,,10435.0,False,17:15,ok,2026-09-05T11:55:50.717639+05:30,2026-09-05_1155IST,airline_direct,IndiGo
BLR,HYD,6E,IndiGo,6E 6269,2026-09-12,7,economy,,,12041.0,False,07:15,ok,2026-09-05T11:55:50.717639+05:30,2026-09-05_1155IST,airline_direct,IndiGo
BLR,HYD,6E,IndiGo,6E 6753,2026-09-12,7,economy,,,12541.0,False,15:15,ok,2026-09-05T11:55:50.717639+05:30,2026-09-05_1155IST,airline_direct,IndiGo
BLR,HYD,6E,IndiGo,6E 6554,2026-09-12,7,economy,,,13604.0,False,19:15,ok,2026-09-05T11:55:50.717639+05:30,2026-09-05_1155IST,airline_direct,IndiGo
BLR,HYD,6E,IndiGo,6E 6653,2026-09-12,7,economy,,,13744.0,False,12:35,ok,2026-09-05T11:55:50.717639+05:30,2026-09-05_1155IST,airline_direct,IndiGo
BLR,HYD,6E,IndiGo,6E 414,2026-09-12,7,economy,,,14517.0,False,14:45,ok,2026-09-05T11:55:50.717639+05:30,2026-09-05_1155IST,airline_direct,IndiGo
BLR,HYD,6E,IndiGo,6E 6168,2026-09-12,7,economy,,,14654.0,False,17:40,ok,2026-09-05T11:55:50.717639+05:30,2026-09-05_1155IST,airline_direct,IndiGo
BLR,HYD,6E,IndiGo,6E 904,2026-09-12,7,economy,,,15018.0,False,10:50,ok,2026-09-05T11:55:50.717639+05:30,2026-09-05_1155IST,airline_direct,IndiGo
BLR,HYD,6E,IndiGo,6E 6445,2026-09-12,7,economy,,,15436.0,False,10:25,ok,2026-09-05T11:55:50.717639+05:30,2026-09-05_1155IST,airline_direct,IndiGo
BLR,HYD,6E,IndiGo,6E 6583,2026-09-12,7,economy,,,16051.0,False,10:40,ok,2026-09-05T11:55:50.717639+05:30,2026-09-05_1155IST,airline_direct,IndiGo
BLR,HYD,6E,IndiGo,6E 7005,2026-09-12,7,economy,,,16243.0,False,08:05,ok,2026-09-05T11:55:50.717639+05:30,2026-09-05_1155IST,airline_direct,IndiGo
BLR,HYD,6E,IndiGo,6E 6563,2026-09-12,7,economy,,,16528.0,False,01:05,ok,2026-09-05T11:55:50.717639+05:30,2026-09-05_1155IST,airline_direct,IndiGo
BLR,HYD,6E,IndiGo,6E 6876,2026-09-12,7,economy,,,16528.0,False,02:40,ok,2026-09-05T11:55:50.717639+05:30,2026-09-05_1155IST,airline_direct,IndiGo
BLR,HYD,6E,IndiGo,6E 6445,2026-09-12,7,economy,,,17221.0,False,10:25,ok,2026-09-05T11:55:50.717639+05:30,2026-09-05_1155IST,airline_direct,IndiGo
BLR,HYD,6E,IndiGo,6E 6162,2026-09-12,7,economy,,,19911.0,False,18:50,ok,2026-09-05T11:55:50.717639+05:30,2026-09-05_1155IST,airline_direct,IndiGo
BLR,HYD,6E,IndiGo,6E 109,2026-09-12,7,economy,,,20237.0,False,17:00,ok,2026-09-05T11:55:50.717639+05:30,2026-09-05_1155IST,airline_direct,IndiGo
BLR,HYD,6E,IndiGo,6E 763,2026-09-12,7,economy,,,21274.0,False,07:05,ok,2026-09-05T11:55:50.717639+05:30,2026-09-05_1155IST,airline_direct,IndiGo
BLR,HYD,6E,IndiGo,6E 763,2026-09-12,7,economy,,,21522.0,False,07:05,ok,2026-09-05T11:55:50.717639+05:30,2026-09-05_1155IST,airline_direct,IndiGo
BLR,HYD,6E,IndiGo,6E 5306,2026-09-12,7,economy,,,23138.0,False,14:35,ok,2026-09-05T11:55:50.717639+05:30,2026-09-05_1155IST,airline_direct,IndiGo
MAA,DEL,6E,IndiGo,6E 948,2026-09-12,7,business,,,30280.0,False,14:30,ok,2026-09-05T11:56:55.605555+05:30,2026-09-05_1156IST,airline_direct,IndiGo
MAA,DEL,6E,IndiGo,6E 948,2026-09-12,7,economy,,,9830.0,False,14:30,ok,2026-09-05T11:56:55.605555+05:30,2026-09-05_1156IST,airline_direct,IndiGo
MAA,DEL,6E,IndiGo,6E 2369,2026-09-12,7,business,,,28240.0,False,23:45,ok,2026-09-05T11:56:55.605555+05:30,2026-09-05_1156IST,airline_direct,IndiGo
MAA,DEL,6E,IndiGo,6E 2369,2026-09-12,7,economy,,,9830.0,False,23:45,ok,2026-09-05T11:56:55.605555+05:30,2026-09-05_1156IST,airline_direct,IndiGo
MAA,DEL,6E,IndiGo,6E 939,2026-09-12,7,business,,,28240.0,False,13:00,ok,2026-09-05T11:56:55.605555+05:30,2026-09-05_1156IST,airline_direct,IndiGo
MAA,DEL,6E,IndiGo,6E 939,2026-09-12,7,economy,,,10295.0,False,13:00,ok,2026-09-05T11:56:55.605555+05:30,2026-09-05_1156IST,airline_direct,IndiGo
MAA,DEL,6E,IndiGo,6E 404,2026-09-12,7,business,,,28240.0,False,09:15,ok,2026-09-05T11:56:55.605555+05:30,2026-09-05_1156IST,airline_direct,IndiGo
MAA,DEL,6E,IndiGo,6E 404,2026-09-12,7,economy,,,11303.0,False,09:15,ok,2026-09-05T11:56:55.605555+05:30,2026-09-05_1156IST,airline_direct,IndiGo
MAA,DEL,6E,IndiGo,6E 6002,2026-09-12,7,business,,,28240.0,False,11:10,ok,2026-09-05T11:56:55.605555+05:30,2026-09-05_1156IST,airline_direct,IndiGo
MAA,DEL,6E,IndiGo,6E 6002,2026-09-12,7,economy,,,11303.0,False,11:10,ok,2026-09-05T11:56:55.605555+05:30,2026-09-05_1156IST,airline_direct,IndiGo
MAA,DEL,6E,IndiGo,6E 698,2026-09-12,7,business,,,28240.0,False,16:45,ok,2026-09-05T11:56:55.605555+05:30,2026-09-05_1156IST,airline_direct,IndiGo
MAA,DEL,6E,IndiGo,6E 698,2026-09-12,7,economy,,,11303.0,False,16:45,ok,2026-09-05T11:56:55.605555+05:30,2026-09-05_1156IST,airline_direct,IndiGo
MAA,DEL,6E,IndiGo,6E 937,2026-09-12,7,business,,,28240.0,False,06:30,ok,2026-09-05T11:56:55.605555+05:30,2026-09-05_1156IST,airline_direct,IndiGo
MAA,DEL,6E,IndiGo,6E 937,2026-09-12,7,economy,,,11850.0,False,06:30,ok,2026-09-05T11:56:55.605555+05:30,2026-09-05_1156IST,airline_direct,IndiGo
MAA,DEL,6E,IndiGo,6E 613,2026-09-12,7,business,,,28240.0,False,19:00,ok,2026-09-05T11:56:55.605555+05:30,2026-09-05_1156IST,airline_direct,IndiGo
MAA,DEL,6E,IndiGo,6E 613,2026-09-12,7,economy,,,11850.0,False,19:00,ok,2026-09-05T11:56:55.605555+05:30,2026-09-05_1156IST,airline_direct,IndiGo
MAA,DEL,6E,IndiGo,6E 6797,2026-09-12,7,economy,,,11156.0,False,13:10,ok,2026-09-05T11:56:55.605555+05:30,2026-09-05_1156IST,airline_direct,IndiGo
MAA,DEL,6E,IndiGo,6E 973,2026-09-12,7,economy,,,11366.0,False,11:55,ok,2026-09-05T11:56:55.605555+05:30,2026-09-05_1156IST,airline_direct,IndiGo
MAA,DEL,6E,IndiGo,6E 6925,2026-09-12,7,business,,,32889.0,False,12:00,ok,2026-09-05T11:56:55.605555+05:30,2026-09-05_1156IST,airline_direct,IndiGo
MAA,DEL,6E,IndiGo,6E 6925,2026-09-12,7,economy,,,11366.0,False,12:00,ok,2026-09-05T11:56:55.605555+05:30,2026-09-05_1156IST,airline_direct,IndiGo
MAA,DEL,6E,IndiGo,6E 6925,2026-09-12,7,business,,,32889.0,False,12:00,ok,2026-09-05T11:56:55.605555+05:30,2026-09-05_1156IST,airline_direct,IndiGo
MAA,DEL,6E,IndiGo,6E 6925,2026-09-12,7,economy,,,11366.0,False,12:00,ok,2026-09-05T11:56:55.605555+05:30,2026-09-05_1156IST,airline_direct,IndiGo
MAA,DEL,6E,IndiGo,6E 562,2026-09-12,7,business,,,34532.0,False,18:20,ok,2026-09-05T11:56:55.605555+05:30,2026-09-05_1156IST,airline_direct,IndiGo
MAA,DEL,6E,IndiGo,6E 562,2026-09-12,7,economy,,,11366.0,False,18:20,ok,2026-09-05T11:56:55.605555+05:30,2026-09-05_1156IST,airline_direct,IndiGo
MAA,DEL,6E,IndiGo,6E 193,2026-09-12,7,business,,,30916.0,False,20:00,ok,2026-09-05T11:56:55.605555+05:30,2026-09-05_1156IST,airline_direct,IndiGo
MAA,DEL,6E,IndiGo,6E 193,2026-09-12,7,economy,,,11366.0,False,20:00,ok,2026-09-05T11:56:55.605555+05:30,2026-09-05_1156IST,airline_direct,IndiGo
MAA,DEL,6E,IndiGo,6E 6487,2026-09-12,7,business,,,30367.0,False,21:25,ok,2026-09-05T11:56:55.605555+05:30,2026-09-05_1156IST,airline_direct,IndiGo
MAA,DEL,6E,IndiGo,6E 6487,2026-09-12,7,economy,,,11366.0,False,21:25,ok,2026-09-05T11:56:55.605555+05:30,2026-09-05_1156IST,airline_direct,IndiGo
MAA,DEL,6E,IndiGo,6E 561,2026-09-12,7,business,,,30301.0,False,22:20,ok,2026-09-05T11:56:55.605555+05:30,2026-09-05_1156IST,airline_direct,IndiGo
MAA,DEL,6E,IndiGo,6E 561,2026-09-12,7,economy,,,11366.0,False,22:20,ok,2026-09-05T11:56:55.605555+05:30,2026-09-05_1156IST,airline_direct,IndiGo
MAA,DEL,6E,IndiGo,6E 6081,2026-09-12,7,business,,,32713.0,False,07:05,ok,2026-09-05T11:56:55.605555+05:30,2026-09-05_1156IST,airline_direct,IndiGo
MAA,DEL,6E,IndiGo,6E 6081,2026-09-12,7,economy,,,11445.0,False,07:05,ok,2026-09-05T11:56:55.605555+05:30,2026-09-05_1156IST,airline_direct,IndiGo
MAA,DEL,6E,IndiGo,6E 6081,2026-09-12,7,business,,,32713.0,False,07:05,ok,2026-09-05T11:56:55.605555+05:30,2026-09-05_1156IST,airline_direct,IndiGo
MAA,DEL,6E,IndiGo,6E 6081,2026-09-12,7,economy,,,11445.0,False,07:05,ok,2026-09-05T11:56:55.605555+05:30,2026-09-05_1156IST,airline_direct,IndiGo
MAA,DEL,6E,IndiGo,6E 726,2026-09-12,7,economy,,,11445.0,False,18:20,ok,2026-09-05T11:56:55.605555+05:30,2026-09-05_1156IST,airline_direct,IndiGo
MAA,DEL,6E,IndiGo,6E 5093,2026-09-12,7,business,,,39741.0,False,05:00,ok,2026-09-05T11:56:55.605555+05:30,2026-09-05_1156IST,airline_direct,IndiGo
MAA,DEL,6E,IndiGo,6E 5093,2026-09-12,7,economy,,,11576.0,False,05:00,ok,2026-09-05T11:56:55.605555+05:30,2026-09-05_1156IST,airline_direct,IndiGo
MAA,DEL,6E,IndiGo,6E 5314,2026-09-12,7,business,,,39741.0,False,06:45,ok,2026-09-05T11:56:55.605555+05:30,2026-09-05_1156IST,airline_direct,IndiGo
MAA,DEL,6E,IndiGo,6E 5314,2026-09-12,7,economy,,,11576.0,False,06:45,ok,2026-09-05T11:56:55.605555+05:30,2026-09-05_1156IST,airline_direct,IndiGo
MAA,DEL,6E,IndiGo,6E 321,2026-09-12,7,business,,,33577.0,False,08:20,ok,2026-09-05T11:56:55.605555+05:30,2026-09-05_1156IST,airline_direct,IndiGo
MAA,DEL,6E,IndiGo,6E 321,2026-09-12,7,economy,,,11576.0,False,08:20,ok,2026-09-05T11:56:55.605555+05:30,2026-09-05_1156IST,airline_direct,IndiGo
MAA,DEL,6E,IndiGo,6E 6326,2026-09-12,7,business,,,35229.0,False,11:45,ok,2026-09-05T11:56:55.605555+05:30,2026-09-05_1156IST,airline_direct,IndiGo
MAA,DEL,6E,IndiGo,6E 6326,2026-09-12,7,economy,,,11576.0,False,11:45,ok,2026-09-05T11:56:55.605555+05:30,2026-09-05_1156IST,airline_direct,IndiGo
MAA,DEL,6E,IndiGo,6E 606,2026-09-12,7,business,,,34049.0,False,18:05,ok,2026-09-05T11:56:55.605555+05:30,2026-09-05_1156IST,airline_direct,IndiGo
MAA,DEL,6E,IndiGo,6E 606,2026-09-12,7,economy,,,11576.0,False,18:05,ok,2026-09-05T11:56:55.605555+05:30,2026-09-05_1156IST,airline_direct,IndiGo
MAA,DEL,6E,IndiGo,6E 597,2026-09-12,7,economy,,,11733.0,False,17:45,ok,2026-09-05T11:56:55.605555+05:30,2026-09-05_1156IST,airline_direct,IndiGo
MAA,DEL,6E,IndiGo,6E 7084,2026-09-12,7,economy,,,12146.0,False,07:20,ok,2026-09-05T11:56:55.605555+05:30,2026-09-05_1156IST,airline_direct,IndiGo
MAA,DEL,6E,IndiGo,6E 848,2026-09-12,7,economy,,,12277.0,False,17:50,ok,2026-09-05T11:56:55.605555+05:30,2026-09-05_1156IST,airline_direct,IndiGo
MAA,DEL,6E,IndiGo,6E 539,2026-09-12,7,economy,,,13277.0,False,11:25,ok,2026-09-05T11:56:55.605555+05:30,2026-09-05_1156IST,airline_direct,IndiGo
MAA,DEL,6E,IndiGo,6E 847,2026-09-12,7,business,,,34299.0,False,16:15,ok,2026-09-05T11:56:55.605555+05:30,2026-09-05_1156IST,airline_direct,IndiGo
MAA,DEL,6E,IndiGo,6E 847,2026-09-12,7,economy,,,13356.0,False,16:15,ok,2026-09-05T11:56:55.605555+05:30,2026-09-05_1156IST,airline_direct,IndiGo
MAA,DEL,6E,IndiGo,6E 6209,2026-09-12,7,business,,,34299.0,False,14:35,ok,2026-09-05T11:56:55.605555+05:30,2026-09-05_1156IST,airline_direct,IndiGo
MAA,DEL,6E,IndiGo,6E 6209,2026-09-12,7,economy,,,14325.0,False,14:35,ok,2026-09-05T11:56:55.605555+05:30,2026-09-05_1156IST,airline_direct,IndiGo
MAA,DEL,6E,IndiGo,6E 6113,2026-09-12,7,economy,,,14363.0,False,17:00,ok,2026-09-05T11:56:55.605555+05:30,2026-09-05_1156IST,airline_direct,IndiGo
MAA,DEL,6E,IndiGo,6E 6815,2026-09-12,7,business,,,34299.0,False,08:55,ok,2026-09-05T11:56:55.605555+05:30,2026-09-05_1156IST,airline_direct,IndiGo
MAA,DEL,6E,IndiGo,6E 6815,2026-09-12,7,economy,,,14452.0,False,08:55,ok,2026-09-05T11:56:55.605555+05:30,2026-09-05_1156IST,airline_direct,IndiGo
MAA,DEL,6E,IndiGo,6E 6892,2026-09-12,7,business,,,34299.0,False,10:55,ok,2026-09-05T11:56:55.605555+05:30,2026-09-05_1156IST,airline_direct,IndiGo
MAA,DEL,6E,IndiGo,6E 6892,2026-09-12,7,economy,,,14452.0,False,10:55,ok,2026-09-05T11:56:55.605555+05:30,2026-09-05_1156IST,airline_direct,IndiGo
MAA,DEL,6E,IndiGo,6E 6209,2026-09-12,7,business,,,34299.0,False,14:35,ok,2026-09-05T11:56:55.605555+05:30,2026-09-05_1156IST,airline_direct,IndiGo
MAA,DEL,6E,IndiGo,6E 6209,2026-09-12,7,economy,,,14452.0,False,14:35,ok,2026-09-05T11:56:55.605555+05:30,2026-09-05_1156IST,airline_direct,IndiGo
MAA,DEL,6E,IndiGo,6E 6348,2026-09-12,7,business,,,39741.0,False,09:00,ok,2026-09-05T11:56:55.605555+05:30,2026-09-05_1156IST,airline_direct,IndiGo
MAA,DEL,6E,IndiGo,6E 6348,2026-09-12,7,economy,,,14583.0,False,09:00,ok,2026-09-05T11:56:55.605555+05:30,2026-09-05_1156IST,airline_direct,IndiGo
MAA,DEL,6E,IndiGo,6E 5214,2026-09-12,7,business,,,40966.0,False,11:00,ok,2026-09-05T11:56:55.605555+05:30,2026-09-05_1156IST,airline_direct,IndiGo
MAA,DEL,6E,IndiGo,6E 5214,2026-09-12,7,economy,,,14583.0,False,11:00,ok,2026-09-05T11:56:55.605555+05:30,2026-09-05_1156IST,airline_direct,IndiGo
MAA,DEL,6E,IndiGo,6E 5258,2026-09-12,7,business,,,39741.0,False,12:45,ok,2026-09-05T11:56:55.605555+05:30,2026-09-05_1156IST,airline_direct,IndiGo
MAA,DEL,6E,IndiGo,6E 5258,2026-09-12,7,economy,,,14583.0,False,12:45,ok,2026-09-05T11:56:55.605555+05:30,2026-09-05_1156IST,airline_direct,IndiGo
MAA,DEL,6E,IndiGo,6E 5258,2026-09-12,7,business,,,39741.0,False,12:45,ok,2026-09-05T11:56:55.605555+05:30,2026-09-05_1156IST,airline_direct,IndiGo
MAA,DEL,6E,IndiGo,6E 5258,2026-09-12,7,economy,,,14583.0,False,12:45,ok,2026-09-05T11:56:55.605555+05:30,2026-09-05_1156IST,airline_direct,IndiGo
MAA,DEL,6E,IndiGo,6E 5371,2026-09-12,7,business,,,39741.0,False,14:45,ok,2026-09-05T11:56:55.605555+05:30,2026-09-05_1156IST,airline_direct,IndiGo
MAA,DEL,6E,IndiGo,6E 5371,2026-09-12,7,economy,,,14583.0,False,14:45,ok,2026-09-05T11:56:55.605555+05:30,2026-09-05_1156IST,airline_direct,IndiGo
MAA,DEL,6E,IndiGo,6E 244,2026-09-12,7,economy,,,14856.0,False,03:55,ok,2026-09-05T11:56:55.605555+05:30,2026-09-05_1156IST,airline_direct,IndiGo
MAA,DEL,6E,IndiGo,6E 365,2026-09-12,7,business,,,33846.0,False,17:45,ok,2026-09-05T11:56:55.605555+05:30,2026-09-05_1156IST,airline_direct,IndiGo
MAA,DEL,6E,IndiGo,6E 365,2026-09-12,7,economy,,,14994.0,False,17:45,ok,2026-09-05T11:56:55.605555+05:30,2026-09-05_1156IST,airline_direct,IndiGo
MAA,DEL,6E,IndiGo,6E 6892,2026-09-12,7,business,,,34299.0,False,10:55,ok,2026-09-05T11:56:55.605555+05:30,2026-09-05_1156IST,airline_direct,IndiGo
MAA,DEL,6E,IndiGo,6E 6892,2026-09-12,7,economy,,,15397.0,False,10:55,ok,2026-09-05T11:56:55.605555+05:30,2026-09-05_1156IST,airline_direct,IndiGo
MAA,DEL,6E,IndiGo,6E 495,2026-09-12,7,business,,,30916.0,False,07:10,ok,2026-09-05T11:56:55.605555+05:30,2026-09-05_1156IST,airline_direct,IndiGo
MAA,DEL,6E,IndiGo,6E 495,2026-09-12,7,economy,,,15577.0,False,07:10,ok,2026-09-05T11:56:55.605555+05:30,2026-09-05_1156IST,airline_direct,IndiGo
MAA,DEL,6E,IndiGo,6E 834,2026-09-12,7,business,,,31516.0,False,09:05,ok,2026-09-05T11:56:55.605555+05:30,2026-09-05_1156IST,airline_direct,IndiGo
MAA,DEL,6E,IndiGo,6E 834,2026-09-12,7,economy,,,15577.0,False,09:05,ok,2026-09-05T11:56:55.605555+05:30,2026-09-05_1156IST,airline_direct,IndiGo
MAA,DEL,6E,IndiGo,6E 6140,2026-09-12,7,business,,,34395.0,False,02:30,ok,2026-09-05T11:56:55.605555+05:30,2026-09-05_1156IST,airline_direct,IndiGo
MAA,DEL,6E,IndiGo,6E 6140,2026-09-12,7,economy,,,15745.0,False,02:30,ok,2026-09-05T11:56:55.605555+05:30,2026-09-05_1156IST,airline_direct,IndiGo
MAA,DEL,6E,IndiGo,6E 6348,2026-09-12,7,business,,,39741.0,False,09:00,ok,2026-09-05T11:56:55.605555+05:30,2026-09-05_1156IST,airline_direct,IndiGo
MAA,DEL,6E,IndiGo,6E 6348,2026-09-12,7,economy,,,15745.0,False,09:00,ok,2026-09-05T11:56:55.605555+05:30,2026-09-05_1156IST,airline_direct,IndiGo
MAA,DEL,6E,IndiGo,6E 5104,2026-09-12,7,business,,,39741.0,False,16:40,ok,2026-09-05T11:56:55.605555+05:30,2026-09-05_1156IST,airline_direct,IndiGo
MAA,DEL,6E,IndiGo,6E 5104,2026-09-12,7,economy,,,15787.0,False,16:40,ok,2026-09-05T11:56:55.605555+05:30,2026-09-05_1156IST,airline_direct,IndiGo
MAA,DEL,6E,IndiGo,6E 5367,2026-09-12,7,business,,,39741.0,False,18:15,ok,2026-09-05T11:56:55.605555+05:30,2026-09-05_1156IST,airline_direct,IndiGo
MAA,DEL,6E,IndiGo,6E 5367,2026-09-12,7,economy,,,15787.0,False,18:15,ok,2026-09-05T11:56:55.605555+05:30,2026-09-05_1156IST,airline_direct,IndiGo
MAA,DEL,6E,IndiGo,6E 6140,2026-09-12,7,business,,,34395.0,False,02:30,ok,2026-09-05T11:56:55.605555+05:30,2026-09-05_1156IST,airline_direct,IndiGo
MAA,DEL,6E,IndiGo,6E 6140,2026-09-12,7,economy,,,16008.0,False,02:30,ok,2026-09-05T11:56:55.605555+05:30,2026-09-05_1156IST,airline_direct,IndiGo
MAA,DEL,6E,IndiGo,6E 372,2026-09-12,7,business,,,31516.0,False,09:55,ok,2026-09-05T11:56:55.605555+05:30,2026-09-05_1156IST,airline_direct,IndiGo
MAA,DEL,6E,IndiGo,6E 372,2026-09-12,7,economy,,,16494.0,False,09:55,ok,2026-09-05T11:56:55.605555+05:30,2026-09-05_1156IST,airline_direct,IndiGo
MAA,DEL,6E,IndiGo,6E 834,2026-09-12,7,business,,,31516.0,False,09:05,ok,2026-09-05T11:56:55.605555+05:30,2026-09-05_1156IST,airline_direct,IndiGo
MAA,DEL,6E,IndiGo,6E 834,2026-09-12,7,economy,,,17315.0,False,09:05,ok,2026-09-05T11:56:55.605555+05:30,2026-09-05_1156IST,airline_direct,IndiGo
MAA,DEL,6E,IndiGo,6E 495,2026-09-12,7,business,,,30916.0,False,07:10,ok,2026-09-05T11:56:55.605555+05:30,2026-09-05_1156IST,airline_direct,IndiGo
MAA,DEL,6E,IndiGo,6E 495,2026-09-12,7,economy,,,17684.0,False,07:10,ok,2026-09-05T11:56:55.605555+05:30,2026-09-05_1156IST,airline_direct,IndiGo
MAA,DEL,6E,IndiGo,6E 253,2026-09-12,7,economy,,,18678.0,False,03:10,ok,2026-09-05T11:56:55.605555+05:30,2026-09-05_1156IST,airline_direct,IndiGo
MAA,DEL,6E,IndiGo,6E 183,2026-09-12,7,business,,,36321.0,False,16:35,ok,2026-09-05T11:56:55.605555+05:30,2026-09-05_1156IST,airline_direct,IndiGo
MAA,DEL,6E,IndiGo,6E 183,2026-09-12,7,economy,,,19719.0,False,16:35,ok,2026-09-05T11:56:55.605555+05:30,2026-09-05_1156IST,airline_direct,IndiGo
MAA,DEL,6E,IndiGo,6E 607,2026-09-12,7,business,,,38599.0,False,04:50,ok,2026-09-05T11:56:55.605555+05:30,2026-09-05_1156IST,airline_direct,IndiGo
MAA,DEL,6E,IndiGo,6E 607,2026-09-12,7,economy,,,19833.0,False,04:50,ok,2026-09-05T11:56:55.605555+05:30,2026-09-05_1156IST,airline_direct,IndiGo
MAA,DEL,6E,IndiGo,6E 6158,2026-09-12,7,business,,,34532.0,False,16:10,ok,2026-09-05T11:56:55.605555+05:30,2026-09-05_1156IST,airline_direct,IndiGo
MAA,DEL,6E,IndiGo,6E 6158,2026-09-12,7,economy,,,20901.0,False,16:10,ok,2026-09-05T11:56:55.605555+05:30,2026-09-05_1156IST,airline_direct,IndiGo
MAA,DEL,6E,IndiGo,6E 401,2026-09-12,7,economy,,,21554.0,False,08:10,ok,2026-09-05T11:56:55.605555+05:30,2026-09-05_1156IST,airline_direct,IndiGo
DEL,BOM,6E,IndiGo,6E 6218,2026-09-20,15,business,,,21900.0,False,06:05,ok,2026-09-05T11:58:04.375096+05:30,2026-09-05_1158IST,airline_direct,IndiGo
DEL,BOM,6E,IndiGo,6E 6218,2026-09-20,15,economy,,,6305.0,False,06:05,ok,2026-09-05T11:58:04.375096+05:30,2026-09-05_1158IST,airline_direct,IndiGo
DEL,BOM,6E,IndiGo,6E 320,2026-09-20,15,business,,,21900.0,False,08:00,ok,2026-09-05T11:58:04.375096+05:30,2026-09-05_1158IST,airline_direct,IndiGo
DEL,BOM,6E,IndiGo,6E 320,2026-09-20,15,economy,,,6305.0,False,08:00,ok,2026-09-05T11:58:04.375096+05:30,2026-09-05_1158IST,airline_direct,IndiGo
DEL,BOM,6E,IndiGo,6E 675,2026-09-20,15,business,,,21900.0,False,08:45,ok,2026-09-05T11:58:04.375096+05:30,2026-09-05_1158IST,airline_direct,IndiGo
DEL,BOM,6E,IndiGo,6E 675,2026-09-20,15,economy,,,6305.0,False,08:45,ok,2026-09-05T11:58:04.375096+05:30,2026-09-05_1158IST,airline_direct,IndiGo
DEL,BOM,6E,IndiGo,6E 6107,2026-09-20,15,business,,,21900.0,False,09:30,ok,2026-09-05T11:58:04.375096+05:30,2026-09-05_1158IST,airline_direct,IndiGo
DEL,BOM,6E,IndiGo,6E 6107,2026-09-20,15,economy,,,6305.0,False,09:30,ok,2026-09-05T11:58:04.375096+05:30,2026-09-05_1158IST,airline_direct,IndiGo
DEL,BOM,6E,IndiGo,6E 6328,2026-09-20,15,business,,,21900.0,False,10:15,ok,2026-09-05T11:58:04.375096+05:30,2026-09-05_1158IST,airline_direct,IndiGo
DEL,BOM,6E,IndiGo,6E 6328,2026-09-20,15,economy,,,6305.0,False,10:15,ok,2026-09-05T11:58:04.375096+05:30,2026-09-05_1158IST,airline_direct,IndiGo
DEL,BOM,6E,IndiGo,6E 395,2026-09-20,15,business,,,21900.0,False,21:45,ok,2026-09-05T11:58:04.375096+05:30,2026-09-05_1158IST,airline_direct,IndiGo
DEL,BOM,6E,IndiGo,6E 395,2026-09-20,15,economy,,,6305.0,False,21:45,ok,2026-09-05T11:58:04.375096+05:30,2026-09-05_1158IST,airline_direct,IndiGo
DEL,BOM,6E,IndiGo,6E 6114,2026-09-20,15,business,,,21900.0,False,22:45,ok,2026-09-05T11:58:04.375096+05:30,2026-09-05_1158IST,airline_direct,IndiGo
DEL,BOM,6E,IndiGo,6E 6114,2026-09-20,15,economy,,,6305.0,False,22:45,ok,2026-09-05T11:58:04.375096+05:30,2026-09-05_1158IST,airline_direct,IndiGo
DEL,BOM,6E,IndiGo,6E 322,2026-09-20,15,business,,,21900.0,False,23:30,ok,2026-09-05T11:58:04.375096+05:30,2026-09-05_1158IST,airline_direct,IndiGo
DEL,BOM,6E,IndiGo,6E 322,2026-09-20,15,economy,,,6305.0,False,23:30,ok,2026-09-05T11:58:04.375096+05:30,2026-09-05_1158IST,airline_direct,IndiGo
DEL,BOM,6E,IndiGo,6E 303,2026-09-20,15,business,,,26083.0,False,20:00,ok,2026-09-05T11:58:04.375096+05:30,2026-09-05_1158IST,airline_direct,IndiGo
DEL,BOM,6E,IndiGo,6E 303,2026-09-20,15,economy,,,6431.0,False,20:00,ok,2026-09-05T11:58:04.375096+05:30,2026-09-05_1158IST,airline_direct,IndiGo
DEL,BOM,6E,IndiGo,6E 853,2026-09-20,15,business,,,21900.0,False,20:45,ok,2026-09-05T11:58:04.375096+05:30,2026-09-05_1158IST,airline_direct,IndiGo
DEL,BOM,6E,IndiGo,6E 853,2026-09-20,15,economy,,,6431.0,False,20:45,ok,2026-09-05T11:58:04.375096+05:30,2026-09-05_1158IST,airline_direct,IndiGo
DEL,BOM,6E,IndiGo,6E 6676,2026-09-20,15,business,,,21900.0,False,12:00,ok,2026-09-05T11:58:04.375096+05:30,2026-09-05_1158IST,airline_direct,IndiGo
DEL,BOM,6E,IndiGo,6E 6676,2026-09-20,15,economy,,,6688.0,False,12:00,ok,2026-09-05T11:58:04.375096+05:30,2026-09-05_1158IST,airline_direct,IndiGo
DEL,BOM,6E,IndiGo,6E 329,2026-09-20,15,business,,,21900.0,False,18:00,ok,2026-09-05T11:58:04.375096+05:30,2026-09-05_1158IST,airline_direct,IndiGo
DEL,BOM,6E,IndiGo,6E 329,2026-09-20,15,economy,,,6688.0,False,18:00,ok,2026-09-05T11:58:04.375096+05:30,2026-09-05_1158IST,airline_direct,IndiGo
DEL,BOM,6E,IndiGo,6E 6047,2026-09-20,15,business,,,21900.0,False,11:00,ok,2026-09-05T11:58:04.375096+05:30,2026-09-05_1158IST,airline_direct,IndiGo
DEL,BOM,6E,IndiGo,6E 6047,2026-09-20,15,economy,,,7003.0,False,11:00,ok,2026-09-05T11:58:04.375096+05:30,2026-09-05_1158IST,airline_direct,IndiGo
DEL,BOM,6E,IndiGo,6E 324,2026-09-20,15,business,,,26083.0,False,13:00,ok,2026-09-05T11:58:04.375096+05:30,2026-09-05_1158IST,airline_direct,IndiGo
DEL,BOM,6E,IndiGo,6E 324,2026-09-20,15,economy,,,7003.0,False,13:00,ok,2026-09-05T11:58:04.375096+05:30,2026-09-05_1158IST,airline_direct,IndiGo
DEL,BOM,6E,IndiGo,6E 6022,2026-09-20,15,business,,,21900.0,False,14:00,ok,2026-09-05T11:58:04.375096+05:30,2026-09-05_1158IST,airline_direct,IndiGo
DEL,BOM,6E,IndiGo,6E 6022,2026-09-20,15,economy,,,7003.0,False,14:00,ok,2026-09-05T11:58:04.375096+05:30,2026-09-05_1158IST,airline_direct,IndiGo
DEL,BOM,6E,IndiGo,6E 6318,2026-09-20,15,business,,,21900.0,False,14:45,ok,2026-09-05T11:58:04.375096+05:30,2026-09-05_1158IST,airline_direct,IndiGo
DEL,BOM,6E,IndiGo,6E 6318,2026-09-20,15,economy,,,7003.0,False,14:45,ok,2026-09-05T11:58:04.375096+05:30,2026-09-05_1158IST,airline_direct,IndiGo
DEL,BOM,6E,IndiGo,6E 864,2026-09-20,15,business,,,21900.0,False,15:30,ok,2026-09-05T11:58:04.375096+05:30,2026-09-05_1158IST,airline_direct,IndiGo
DEL,BOM,6E,IndiGo,6E 864,2026-09-20,15,economy,,,7003.0,False,15:30,ok,2026-09-05T11:58:04.375096+05:30,2026-09-05_1158IST,airline_direct,IndiGo
DEL,BOM,6E,IndiGo,6E 327,2026-09-20,15,business,,,21900.0,False,16:15,ok,2026-09-05T11:58:04.375096+05:30,2026-09-05_1158IST,airline_direct,IndiGo
DEL,BOM,6E,IndiGo,6E 327,2026-09-20,15,economy,,,7003.0,False,16:15,ok,2026-09-05T11:58:04.375096+05:30,2026-09-05_1158IST,airline_direct,IndiGo
DEL,BOM,6E,IndiGo,6E 6706,2026-09-20,15,business,,,21900.0,False,17:00,ok,2026-09-05T11:58:04.375096+05:30,2026-09-05_1158IST,airline_direct,IndiGo
DEL,BOM,6E,IndiGo,6E 6706,2026-09-20,15,economy,,,7003.0,False,17:00,ok,2026-09-05T11:58:04.375096+05:30,2026-09-05_1158IST,airline_direct,IndiGo
DEL,BOM,6E,IndiGo,6E 354,2026-09-20,15,business,,,21900.0,False,19:00,ok,2026-09-05T11:58:04.375096+05:30,2026-09-05_1158IST,airline_direct,IndiGo
DEL,BOM,6E,IndiGo,6E 354,2026-09-20,15,economy,,,7003.0,False,19:00,ok,2026-09-05T11:58:04.375096+05:30,2026-09-05_1158IST,airline_direct,IndiGo
DEL,BOM,6E,IndiGo,6E 6261,2026-09-20,15,economy,,,7120.0,False,00:15,ok,2026-09-05T11:58:04.375096+05:30,2026-09-05_1158IST,airline_direct,IndiGo
DEL,BOM,6E,IndiGo,6E 5119,2026-09-20,15,economy,,,7120.0,False,05:10,ok,2026-09-05T11:58:04.375096+05:30,2026-09-05_1158IST,airline_direct,IndiGo
DEL,BOM,6E,IndiGo,6E 5119,2026-09-20,15,economy,,,7120.0,False,05:10,ok,2026-09-05T11:58:04.375096+05:30,2026-09-05_1158IST,airline_direct,IndiGo
DEL,BOM,6E,IndiGo,6E 6171,2026-09-20,15,economy,,,7120.0,False,05:40,ok,2026-09-05T11:58:04.375096+05:30,2026-09-05_1158IST,airline_direct,IndiGo
DEL,BOM,6E,IndiGo,6E 2076,2026-09-20,15,economy,,,7120.0,False,07:30,ok,2026-09-05T11:58:04.375096+05:30,2026-09-05_1158IST,airline_direct,IndiGo
DEL,BOM,6E,IndiGo,6E 2341,2026-09-20,15,economy,,,7120.0,False,14:50,ok,2026-09-05T11:58:04.375096+05:30,2026-09-05_1158IST,airline_direct,IndiGo
DEL,BOM,6E,IndiGo,6E 6983,2026-09-20,15,economy,,,7120.0,False,15:35,ok,2026-09-05T11:58:04.375096+05:30,2026-09-05_1158IST,airline_direct,IndiGo
DEL,BOM,6E,IndiGo,6E 5073,2026-09-20,15,economy,,,7120.0,False,17:05,ok,2026-09-05T11:58:04.375096+05:30,2026-09-05_1158IST,airline_direct,IndiGo
DEL,BOM,6E,IndiGo,6E 5073,2026-09-20,15,economy,,,7120.0,False,17:05,ok,2026-09-05T11:58:04.375096+05:30,2026-09-05_1158IST,airline_direct,IndiGo
DEL,BOM,6E,IndiGo,6E 931,2026-09-20,15,economy,,,7120.0,False,19:35,ok,2026-09-05T11:58:04.375096+05:30,2026-09-05_1158IST,airline_direct,IndiGo
DEL,BOM,6E,IndiGo,6E 2013,2026-09-20,15,economy,,,7120.0,False,21:50,ok,2026-09-05T11:58:04.375096+05:30,2026-09-05_1158IST,airline_direct,IndiGo
DEL,BOM,6E,IndiGo,6E 6569,2026-09-20,15,economy,,,7252.0,False,05:00,ok,2026-09-05T11:58:04.375096+05:30,2026-09-05_1158IST,airline_direct,IndiGo
DEL,BOM,6E,IndiGo,6E 6443,2026-09-20,15,economy,,,7252.0,False,09:00,ok,2026-09-05T11:58:04.375096+05:30,2026-09-05_1158IST,airline_direct,IndiGo
DEL,BOM,6E,IndiGo,6E 6829,2026-09-20,15,economy,,,7252.0,False,17:20,ok,2026-09-05T11:58:04.375096+05:30,2026-09-05_1158IST,airline_direct,IndiGo
DEL,BOM,6E,IndiGo,6E 6829,2026-09-20,15,economy,,,7252.0,False,17:20,ok,2026-09-05T11:58:04.375096+05:30,2026-09-05_1158IST,airline_direct,IndiGo
DEL,BOM,6E,IndiGo,6E 184,2026-09-20,15,economy,,,7252.0,False,19:40,ok,2026-09-05T11:58:04.375096+05:30,2026-09-05_1158IST,airline_direct,IndiGo
DEL,BOM,6E,IndiGo,6E 6476,2026-09-20,15,economy,,,7330.0,False,07:05,ok,2026-09-05T11:58:04.375096+05:30,2026-09-05_1158IST,airline_direct,IndiGo
DEL,BOM,6E,IndiGo,6E 6476,2026-09-20,15,economy,,,7330.0,False,07:05,ok,2026-09-05T11:58:04.375096+05:30,2026-09-05_1158IST,airline_direct,IndiGo
DEL,BOM,6E,IndiGo,6E 5206,2026-09-20,15,economy,,,7330.0,False,13:20,ok,2026-09-05T11:58:04.375096+05:30,2026-09-05_1158IST,airline_direct,IndiGo
DEL,BOM,6E,IndiGo,6E 758,2026-09-20,15,economy,,,7330.0,False,16:10,ok,2026-09-05T11:58:04.375096+05:30,2026-09-05_1158IST,airline_direct,IndiGo
DEL,BOM,6E,IndiGo,6E 2151,2026-09-20,15,economy,,,7330.0,False,19:45,ok,2026-09-05T11:58:04.375096+05:30,2026-09-05_1158IST,airline_direct,IndiGo
DEL,BOM,6E,IndiGo,6E 6479,2026-09-20,15,economy,,,7330.0,False,21:25,ok,2026-09-05T11:58:04.375096+05:30,2026-09-05_1158IST,airline_direct,IndiGo
DEL,BOM,6E,IndiGo,6E 6293,2026-09-20,15,business,,,29617.0,False,09:55,ok,2026-09-05T11:58:04.375096+05:30,2026-09-05_1158IST,airline_direct,IndiGo
DEL,BOM,6E,IndiGo,6E 6293,2026-09-20,15,economy,,,7462.0,False,09:55,ok,2026-09-05T11:58:04.375096+05:30,2026-09-05_1158IST,airline_direct,IndiGo
DEL,BOM,6E,IndiGo,6E 6282,2026-09-20,15,business,,,32081.0,False,13:30,ok,2026-09-05T11:58:04.375096+05:30,2026-09-05_1158IST,airline_direct,IndiGo
DEL,BOM,6E,IndiGo,6E 6282,2026-09-20,15,economy,,,7462.0,False,13:30,ok,2026-09-05T11:58:04.375096+05:30,2026-09-05_1158IST,airline_direct,IndiGo
DEL,BOM,6E,IndiGo,6E 6282,2026-09-20,15,business,,,29617.0,False,13:30,ok,2026-09-05T11:58:04.375096+05:30,2026-09-05_1158IST,airline_direct,IndiGo
DEL,BOM,6E,IndiGo,6E 6282,2026-09-20,15,economy,,,7462.0,False,13:30,ok,2026-09-05T11:58:04.375096+05:30,2026-09-05_1158IST,airline_direct,IndiGo
DEL,BOM,6E,IndiGo,6E 6497,2026-09-20,15,economy,,,7462.0,False,18:40,ok,2026-09-05T11:58:04.375096+05:30,2026-09-05_1158IST,airline_direct,IndiGo
DEL,BOM,6E,IndiGo,6E 882,2026-09-20,15,business,,,26583.0,False,23:15,ok,2026-09-05T11:58:04.375096+05:30,2026-09-05_1158IST,airline_direct,IndiGo
DEL,BOM,6E,IndiGo,6E 882,2026-09-20,15,economy,,,7462.0,False,23:15,ok,2026-09-05T11:58:04.375096+05:30,2026-09-05_1158IST,airline_direct,IndiGo
DEL,BOM,6E,IndiGo,6E 357,2026-09-20,15,business,,,40627.0,False,19:25,ok,2026-09-05T11:58:04.375096+05:30,2026-09-05_1158IST,airline_direct,IndiGo
DEL,BOM,6E,IndiGo,6E 357,2026-09-20,15,economy,,,7540.0,False,19:25,ok,2026-09-05T11:58:04.375096+05:30,2026-09-05_1158IST,airline_direct,IndiGo
DEL,BOM,6E,IndiGo,6E 2298,2026-09-20,15,economy,,,8325.0,False,09:45,ok,2026-09-05T11:58:04.375096+05:30,2026-09-05_1158IST,airline_direct,IndiGo
DEL,BOM,6E,IndiGo,6E 5033,2026-09-20,15,economy,,,8325.0,False,15:50,ok,2026-09-05T11:58:04.375096+05:30,2026-09-05_1158IST,airline_direct,IndiGo
DEL,BOM,6E,IndiGo,6E 5014,2026-09-20,15,economy,,,8325.0,False,18:30,ok,2026-09-05T11:58:04.375096+05:30,2026-09-05_1158IST,airline_direct,IndiGo
DEL,BOM,6E,IndiGo,6E 6459,2026-09-20,15,economy,,,8456.0,False,05:55,ok,2026-09-05T11:58:04.375096+05:30,2026-09-05_1158IST,airline_direct,IndiGo
DEL,BOM,6E,IndiGo,6E 2349,2026-09-20,15,economy,,,9713.0,False,10:55,ok,2026-09-05T11:58:04.375096+05:30,2026-09-05_1158IST,airline_direct,IndiGo
DEL,BOM,6E,IndiGo,6E 2249,2026-09-20,15,economy,,,9974.0,False,15:00,ok,2026-09-05T11:58:04.375096+05:30,2026-09-05_1158IST,airline_direct,IndiGo
DEL,BOM,6E,IndiGo,6E 2331,2026-09-20,15,economy,,,11539.0,False,12:20,ok,2026-09-05T11:58:04.375096+05:30,2026-09-05_1158IST,airline_direct,IndiGo
DEL,BOM,6E,IndiGo,6E 6433,2026-09-20,15,economy,,,11670.0,False,16:30,ok,2026-09-05T11:58:04.375096+05:30,2026-09-05_1158IST,airline_direct,IndiGo
DEL,BOM,6E,IndiGo,6E 5138,2026-09-20,15,economy,,,12683.0,False,19:10,ok,2026-09-05T11:58:04.375096+05:30,2026-09-05_1158IST,airline_direct,IndiGo
DEL,BOM,6E,IndiGo,6E 5038,2026-09-20,15,economy,,,13875.0,False,14:00,ok,2026-09-05T11:58:04.375096+05:30,2026-09-05_1158IST,airline_direct,IndiGo
DEL,BOM,6E,IndiGo,6E 705,2026-09-20,15,business,,,29617.0,False,08:30,ok,2026-09-05T11:58:04.375096+05:30,2026-09-05_1158IST,airline_direct,IndiGo
DEL,BOM,6E,IndiGo,6E 705,2026-09-20,15,economy,,,14006.0,False,08:30,ok,2026-09-05T11:58:04.375096+05:30,2026-09-05_1158IST,airline_direct,IndiGo
DEL,BOM,6E,IndiGo,6E 6601,2026-09-20,15,business,,,29617.0,False,19:45,ok,2026-09-05T11:58:04.375096+05:30,2026-09-05_1158IST,airline_direct,IndiGo
DEL,BOM,6E,IndiGo,6E 6601,2026-09-20,15,economy,,,15230.0,False,19:45,ok,2026-09-05T11:58:04.375096+05:30,2026-09-05_1158IST,airline_direct,IndiGo
DEL,BOM,6E,IndiGo,6E 6488,2026-09-20,15,economy,,,15605.0,False,11:20,ok,2026-09-05T11:58:04.375096+05:30,2026-09-05_1158IST,airline_direct,IndiGo
DEL,BOM,6E,IndiGo,6E 6212,2026-09-20,15,business,,,29617.0,False,14:45,ok,2026-09-05T11:58:04.375096+05:30,2026-09-05_1158IST,airline_direct,IndiGo
DEL,BOM,6E,IndiGo,6E 6212,2026-09-20,15,economy,,,16352.0,False,14:45,ok,2026-09-05T11:58:04.375096+05:30,2026-09-05_1158IST,airline_direct,IndiGo
DEL,BOM,6E,IndiGo,6E 5298,2026-09-20,15,economy,,,17101.0,False,09:00,ok,2026-09-05T11:58:04.375096+05:30,2026-09-05_1158IST,airline_direct,IndiGo
DEL,BOM,6E,IndiGo,6E 358,2026-09-20,15,business,,,44167.0,False,12:15,ok,2026-09-05T11:58:04.375096+05:30,2026-09-05_1158IST,airline_direct,IndiGo
DEL,BOM,6E,IndiGo,6E 358,2026-09-20,15,economy,,,23508.0,False,12:15,ok,2026-09-05T11:58:04.375096+05:30,2026-09-05_1158IST,airline_direct,IndiGo
DEL,BOM,6E,IndiGo,6E 2496,2026-09-20,15,economy,,,50982.0,False,12:40,ok,2026-09-05T11:58:04.375096+05:30,2026-09-05_1158IST,airline_direct,IndiGo
DEL,BLR,6E,IndiGo,6E 820,2026-09-20,15,business,,,26048.0,False,03:00,ok,2026-09-05T11:59:06.228242+05:30,2026-09-05_1159IST,airline_direct,IndiGo
DEL,BLR,6E,IndiGo,6E 820,2026-09-20,15,economy,,,9613.0,False,03:00,ok,2026-09-05T11:59:06.228242+05:30,2026-09-05_1159IST,airline_direct,IndiGo
DEL,BLR,6E,IndiGo,6E 2314,2026-09-20,15,business,,,26048.0,False,05:45,ok,2026-09-05T11:59:06.228242+05:30,2026-09-05_1159IST,airline_direct,IndiGo
DEL,BLR,6E,IndiGo,6E 2314,2026-09-20,15,economy,,,9613.0,False,05:45,ok,2026-09-05T11:59:06.228242+05:30,2026-09-05_1159IST,airline_direct,IndiGo
DEL,BLR,6E,IndiGo,6E 871,2026-09-20,15,business,,,26048.0,False,23:30,ok,2026-09-05T11:59:06.228242+05:30,2026-09-05_1159IST,airline_direct,IndiGo
DEL,BLR,6E,IndiGo,6E 871,2026-09-20,15,economy,,,10128.0,False,23:30,ok,2026-09-05T11:59:06.228242+05:30,2026-09-05_1159IST,airline_direct,IndiGo
DEL,BLR,6E,IndiGo,6E 846,2026-09-20,15,business,,,26048.0,False,22:00,ok,2026-09-05T11:59:06.228242+05:30,2026-09-05_1159IST,airline_direct,IndiGo
DEL,BLR,6E,IndiGo,6E 846,2026-09-20,15,economy,,,10675.0,False,22:00,ok,2026-09-05T11:59:06.228242+05:30,2026-09-05_1159IST,airline_direct,IndiGo
DEL,BLR,6E,IndiGo,6E 810,2026-09-20,15,business,,,26048.0,False,07:05,ok,2026-09-05T11:59:06.228242+05:30,2026-09-05_1159IST,airline_direct,IndiGo
DEL,BLR,6E,IndiGo,6E 810,2026-09-20,15,economy,,,11257.0,False,07:05,ok,2026-09-05T11:59:06.228242+05:30,2026-09-05_1159IST,airline_direct,IndiGo
DEL,BLR,6E,IndiGo,6E 6515,2026-09-20,15,business,,,30048.0,False,20:45,ok,2026-09-05T11:59:06.228242+05:30,2026-09-05_1159IST,airline_direct,IndiGo
DEL,BLR,6E,IndiGo,6E 6515,2026-09-20,15,economy,,,11257.0,False,20:45,ok,2026-09-05T11:59:06.228242+05:30,2026-09-05_1159IST,airline_direct,IndiGo
DEL,BLR,6E,IndiGo,6E 873,2026-09-20,15,business,,,26048.0,False,08:20,ok,2026-09-05T11:59:06.228242+05:30,2026-09-05_1159IST,airline_direct,IndiGo
DEL,BLR,6E,IndiGo,6E 873,2026-09-20,15,economy,,,11873.0,False,08:20,ok,2026-09-05T11:59:06.228242+05:30,2026-09-05_1159IST,airline_direct,IndiGo
DEL,BLR,6E,IndiGo,6E 826,2026-09-20,15,business,,,26048.0,False,09:30,ok,2026-09-05T11:59:06.228242+05:30,2026-09-05_1159IST,airline_direct,IndiGo
DEL,BLR,6E,IndiGo,6E 826,2026-09-20,15,economy,,,11873.0,False,09:30,ok,2026-09-05T11:59:06.228242+05:30,2026-09-05_1159IST,airline_direct,IndiGo
DEL,BLR,6E,IndiGo,6E 837,2026-09-20,15,business,,,26048.0,False,17:00,ok,2026-09-05T11:59:06.228242+05:30,2026-09-05_1159IST,airline_direct,IndiGo
DEL,BLR,6E,IndiGo,6E 837,2026-09-20,15,economy,,,12529.0,False,17:00,ok,2026-09-05T11:59:06.228242+05:30,2026-09-05_1159IST,airline_direct,IndiGo
DEL,BLR,6E,IndiGo,6E 811,2026-09-20,15,business,,,30048.0,False,18:20,ok,2026-09-05T11:59:06.228242+05:30,2026-09-05_1159IST,airline_direct,IndiGo
DEL,BLR,6E,IndiGo,6E 811,2026-09-20,15,economy,,,12529.0,False,18:20,ok,2026-09-05T11:59:06.228242+05:30,2026-09-05_1159IST,airline_direct,IndiGo
DEL,BLR,6E,IndiGo,6E 880,2026-09-20,15,business,,,26048.0,False,15:45,ok,2026-09-05T11:59:06.228242+05:30,2026-09-05_1159IST,airline_direct,IndiGo
DEL,BLR,6E,IndiGo,6E 880,2026-09-20,15,economy,,,13225.0,False,15:45,ok,2026-09-05T11:59:06.228242+05:30,2026-09-05_1159IST,airline_direct,IndiGo
DEL,BLR,6E,IndiGo,6E 861,2026-09-20,15,business,,,26048.0,False,19:30,ok,2026-09-05T11:59:06.228242+05:30,2026-09-05_1159IST,airline_direct,IndiGo
DEL,BLR,6E,IndiGo,6E 861,2026-09-20,15,economy,,,13225.0,False,19:30,ok,2026-09-05T11:59:06.228242+05:30,2026-09-05_1159IST,airline_direct,IndiGo
DEL,BLR,6E,IndiGo,6E 842,2026-09-20,15,business,,,26048.0,False,10:45,ok,2026-09-05T11:59:06.228242+05:30,2026-09-05_1159IST,airline_direct,IndiGo
DEL,BLR,6E,IndiGo,6E 842,2026-09-20,15,economy,,,13964.0,False,10:45,ok,2026-09-05T11:59:06.228242+05:30,2026-09-05_1159IST,airline_direct,IndiGo
DEL,BLR,6E,IndiGo,6E 176,2026-09-20,15,business,,,26048.0,False,13:15,ok,2026-09-05T11:59:06.228242+05:30,2026-09-05_1159IST,airline_direct,IndiGo
DEL,BLR,6E,IndiGo,6E 176,2026-09-20,15,economy,,,13964.0,False,13:15,ok,2026-09-05T11:59:06.228242+05:30,2026-09-05_1159IST,airline_direct,IndiGo
DEL,BLR,6E,IndiGo,6E 850,2026-09-20,15,business,,,26048.0,False,12:20,ok,2026-09-05T11:59:06.228242+05:30,2026-09-05_1159IST,airline_direct,IndiGo
DEL,BLR,6E,IndiGo,6E 850,2026-09-20,15,economy,,,14750.0,False,12:20,ok,2026-09-05T11:59:06.228242+05:30,2026-09-05_1159IST,airline_direct,IndiGo
DEL,BLR,6E,IndiGo,6E 828,2026-09-20,15,business,,,26048.0,False,14:30,ok,2026-09-05T11:59:06.228242+05:30,2026-09-05_1159IST,airline_direct,IndiGo
DEL,BLR,6E,IndiGo,6E 828,2026-09-20,15,economy,,,14750.0,False,14:30,ok,2026-09-05T11:59:06.228242+05:30,2026-09-05_1159IST,airline_direct,IndiGo
DEL,BLR,6E,IndiGo,6E 6293,2026-09-20,15,business,,,28055.0,False,09:55,ok,2026-09-05T11:59:06.228242+05:30,2026-09-05_1159IST,airline_direct,IndiGo
DEL,BLR,6E,IndiGo,6E 6293,2026-09-20,15,economy,,,9946.0,False,09:55,ok,2026-09-05T11:59:06.228242+05:30,2026-09-05_1159IST,airline_direct,IndiGo
DEL,BLR,6E,IndiGo,6E 884,2026-09-20,15,business,,,26251.0,False,11:45,ok,2026-09-05T11:59:06.228242+05:30,2026-09-05_1159IST,airline_direct,IndiGo
DEL,BLR,6E,IndiGo,6E 884,2026-09-20,15,economy,,,9946.0,False,11:45,ok,2026-09-05T11:59:06.228242+05:30,2026-09-05_1159IST,airline_direct,IndiGo
DEL,BLR,6E,IndiGo,6E 6282,2026-09-20,15,business,,,26793.0,False,13:30,ok,2026-09-05T11:59:06.228242+05:30,2026-09-05_1159IST,airline_direct,IndiGo
DEL,BLR,6E,IndiGo,6E 6282,2026-09-20,15,economy,,,9946.0,False,13:30,ok,2026-09-05T11:59:06.228242+05:30,2026-09-05_1159IST,airline_direct,IndiGo
DEL,BLR,6E,IndiGo,6E 2343,2026-09-20,15,business,,,27593.0,False,02:20,ok,2026-09-05T11:59:06.228242+05:30,2026-09-05_1159IST,airline_direct,IndiGo
DEL,BLR,6E,IndiGo,6E 2343,2026-09-20,15,economy,,,10077.0,False,02:20,ok,2026-09-05T11:59:06.228242+05:30,2026-09-05_1159IST,airline_direct,IndiGo
DEL,BLR,6E,IndiGo,6E 5119,2026-09-20,15,economy,,,10077.0,False,05:10,ok,2026-09-05T11:59:06.228242+05:30,2026-09-05_1159IST,airline_direct,IndiGo
DEL,BLR,6E,IndiGo,6E 6470,2026-09-20,15,economy,,,10077.0,False,06:55,ok,2026-09-05T11:59:06.228242+05:30,2026-09-05_1159IST,airline_direct,IndiGo
DEL,BLR,6E,IndiGo,6E 6488,2026-09-20,15,economy,,,10077.0,False,11:20,ok,2026-09-05T11:59:06.228242+05:30,2026-09-05_1159IST,airline_direct,IndiGo
DEL,BLR,6E,IndiGo,6E 2557,2026-09-20,15,economy,,,10077.0,False,15:20,ok,2026-09-05T11:59:06.228242+05:30,2026-09-05_1159IST,airline_direct,IndiGo
DEL,BLR,6E,IndiGo,6E 734,2026-09-20,15,economy,,,10077.0,False,16:20,ok,2026-09-05T11:59:06.228242+05:30,2026-09-05_1159IST,airline_direct,IndiGo
DEL,BLR,6E,IndiGo,6E 6437,2026-09-20,15,business,,,28035.0,False,16:25,ok,2026-09-05T11:59:06.228242+05:30,2026-09-05_1159IST,airline_direct,IndiGo
DEL,BLR,6E,IndiGo,6E 6437,2026-09-20,15,economy,,,10077.0,False,16:25,ok,2026-09-05T11:59:06.228242+05:30,2026-09-05_1159IST,airline_direct,IndiGo
DEL,BLR,6E,IndiGo,6E 5073,2026-09-20,15,economy,,,10077.0,False,17:05,ok,2026-09-05T11:59:06.228242+05:30,2026-09-05_1159IST,airline_direct,IndiGo
DEL,BLR,6E,IndiGo,6E 6829,2026-09-20,15,economy,,,10077.0,False,17:20,ok,2026-09-05T11:59:06.228242+05:30,2026-09-05_1159IST,airline_direct,IndiGo
DEL,BLR,6E,IndiGo,6E 329,2026-09-20,15,business,,,34636.0,False,18:00,ok,2026-09-05T11:59:06.228242+05:30,2026-09-05_1159IST,airline_direct,IndiGo
DEL,BLR,6E,IndiGo,6E 329,2026-09-20,15,economy,,,10077.0,False,18:00,ok,2026-09-05T11:59:06.228242+05:30,2026-09-05_1159IST,airline_direct,IndiGo
DEL,BLR,6E,IndiGo,6E 6179,2026-09-20,15,economy,,,10077.0,False,18:30,ok,2026-09-05T11:59:06.228242+05:30,2026-09-05_1159IST,airline_direct,IndiGo
DEL,BLR,6E,IndiGo,6E 931,2026-09-20,15,economy,,,10077.0,False,19:35,ok,2026-09-05T11:59:06.228242+05:30,2026-09-05_1159IST,airline_direct,IndiGo
DEL,BLR,6E,IndiGo,6E 6673,2026-09-20,15,business,,,27808.0,False,21:15,ok,2026-09-05T11:59:06.228242+05:30,2026-09-05_1159IST,airline_direct,IndiGo
DEL,BLR,6E,IndiGo,6E 6673,2026-09-20,15,economy,,,10077.0,False,21:15,ok,2026-09-05T11:59:06.228242+05:30,2026-09-05_1159IST,airline_direct,IndiGo
DEL,BLR,6E,IndiGo,6E 2618,2026-09-20,15,business,,,28035.0,False,23:00,ok,2026-09-05T11:59:06.228242+05:30,2026-09-05_1159IST,airline_direct,IndiGo
DEL,BLR,6E,IndiGo,6E 2618,2026-09-20,15,economy,,,10077.0,False,23:00,ok,2026-09-05T11:59:06.228242+05:30,2026-09-05_1159IST,airline_direct,IndiGo
DEL,BLR,6E,IndiGo,6E 6476,2026-09-20,15,economy,,,10156.0,False,07:05,ok,2026-09-05T11:59:06.228242+05:30,2026-09-05_1159IST,airline_direct,IndiGo
DEL,BLR,6E,IndiGo,6E 940,2026-09-20,15,business,,,31548.0,False,09:15,ok,2026-09-05T11:59:06.228242+05:30,2026-09-05_1159IST,airline_direct,IndiGo
DEL,BLR,6E,IndiGo,6E 940,2026-09-20,15,economy,,,10156.0,False,09:15,ok,2026-09-05T11:59:06.228242+05:30,2026-09-05_1159IST,airline_direct,IndiGo
DEL,BLR,6E,IndiGo,6E 2277,2026-09-20,15,business,,,45201.0,False,10:25,ok,2026-09-05T11:59:06.228242+05:30,2026-09-05_1159IST,airline_direct,IndiGo
DEL,BLR,6E,IndiGo,6E 2277,2026-09-20,15,economy,,,10156.0,False,10:25,ok,2026-09-05T11:59:06.228242+05:30,2026-09-05_1159IST,airline_direct,IndiGo
DEL,BLR,6E,IndiGo,6E 5038,2026-09-20,15,economy,,,10156.0,False,14:00,ok,2026-09-05T11:59:06.228242+05:30,2026-09-05_1159IST,airline_direct,IndiGo
DEL,BLR,6E,IndiGo,6E 6091,2026-09-20,15,business,,,30402.0,False,15:15,ok,2026-09-05T11:59:06.228242+05:30,2026-09-05_1159IST,airline_direct,IndiGo
DEL,BLR,6E,IndiGo,6E 6091,2026-09-20,15,economy,,,10156.0,False,15:15,ok,2026-09-05T11:59:06.228242+05:30,2026-09-05_1159IST,airline_direct,IndiGo
DEL,BLR,6E,IndiGo,6E 5033,2026-09-20,15,economy,,,10156.0,False,15:50,ok,2026-09-05T11:59:06.228242+05:30,2026-09-05_1159IST,airline_direct,IndiGo
DEL,BLR,6E,IndiGo,6E 947,2026-09-20,15,business,,,29451.0,False,16:40,ok,2026-09-05T11:59:06.228242+05:30,2026-09-05_1159IST,airline_direct,IndiGo
DEL,BLR,6E,IndiGo,6E 947,2026-09-20,15,economy,,,10156.0,False,16:40,ok,2026-09-05T11:59:06.228242+05:30,2026-09-05_1159IST,airline_direct,IndiGo
DEL,BLR,6E,IndiGo,6E 2037,2026-09-20,15,economy,,,10156.0,False,17:45,ok,2026-09-05T11:59:06.228242+05:30,2026-09-05_1159IST,airline_direct,IndiGo
DEL,BLR,6E,IndiGo,6E 950,2026-09-20,15,business,,,29451.0,False,18:15,ok,2026-09-05T11:59:06.228242+05:30,2026-09-05_1159IST,airline_direct,IndiGo
DEL,BLR,6E,IndiGo,6E 950,2026-09-20,15,economy,,,10156.0,False,18:15,ok,2026-09-05T11:59:06.228242+05:30,2026-09-05_1159IST,airline_direct,IndiGo
DEL,BLR,6E,IndiGo,6E 2151,2026-09-20,15,economy,,,10156.0,False,19:45,ok,2026-09-05T11:59:06.228242+05:30,2026-09-05_1159IST,airline_direct,IndiGo
DEL,BLR,6E,IndiGo,6E 6497,2026-09-20,15,economy,,,10287.0,False,18:40,ok,2026-09-05T11:59:06.228242+05:30,2026-09-05_1159IST,airline_direct,IndiGo
DEL,BLR,6E,IndiGo,6E 754,2026-09-20,15,economy,,,10314.0,False,17:10,ok,2026-09-05T11:59:06.228242+05:30,2026-09-05_1159IST,airline_direct,IndiGo
DEL,BLR,6E,IndiGo,6E 5191,2026-09-20,15,business,,,31989.0,False,05:00,ok,2026-09-05T11:59:06.228242+05:30,2026-09-05_1159IST,airline_direct,IndiGo
DEL,BLR,6E,IndiGo,6E 5191,2026-09-20,15,economy,,,11271.0,False,05:00,ok,2026-09-05T11:59:06.228242+05:30,2026-09-05_1159IST,airline_direct,IndiGo
DEL,BLR,6E,IndiGo,6E 853,2026-09-20,15,business,,,34636.0,False,20:45,ok,2026-09-05T11:59:06.228242+05:30,2026-09-05_1159IST,airline_direct,IndiGo
DEL,BLR,6E,IndiGo,6E 853,2026-09-20,15,economy,,,12620.0,False,20:45,ok,2026-09-05T11:59:06.228242+05:30,2026-09-05_1159IST,airline_direct,IndiGo
DEL,BLR,6E,IndiGo,6E 2349,2026-09-20,15,economy,,,12740.0,False,10:55,ok,2026-09-05T11:59:06.228242+05:30,2026-09-05_1159IST,airline_direct,IndiGo
DEL,BLR,6E,IndiGo,6E 329,2026-09-20,15,business,,,34636.0,False,18:00,ok,2026-09-05T11:59:06.228242+05:30,2026-09-05_1159IST,airline_direct,IndiGo
DEL,BLR,6E,IndiGo,6E 329,2026-09-20,15,economy,,,13631.0,False,18:00,ok,2026-09-05T11:59:06.228242+05:30,2026-09-05_1159IST,airline_direct,IndiGo
DEL,BLR,6E,IndiGo,6E 434,2026-09-20,15,business,,,29451.0,False,11:00,ok,2026-09-05T11:59:06.228242+05:30,2026-09-05_1159IST,airline_direct,IndiGo
DEL,BLR,6E,IndiGo,6E 434,2026-09-20,15,economy,,,13709.0,False,11:00,ok,2026-09-05T11:59:06.228242+05:30,2026-09-05_1159IST,airline_direct,IndiGo
DEL,BLR,6E,IndiGo,6E 758,2026-09-20,15,economy,,,13745.0,False,16:10,ok,2026-09-05T11:59:06.228242+05:30,2026-09-05_1159IST,airline_direct,IndiGo
DEL,BLR,6E,IndiGo,6E 6212,2026-09-20,15,business,,,25312.0,False,14:45,ok,2026-09-05T11:59:06.228242+05:30,2026-09-05_1159IST,airline_direct,IndiGo
DEL,BLR,6E,IndiGo,6E 6212,2026-09-20,15,economy,,,13863.0,False,14:45,ok,2026-09-05T11:59:06.228242+05:30,2026-09-05_1159IST,airline_direct,IndiGo
DEL,BLR,6E,IndiGo,6E 717,2026-09-20,15,business,,,24542.0,False,17:55,ok,2026-09-05T11:59:06.228242+05:30,2026-09-05_1159IST,airline_direct,IndiGo
DEL,BLR,6E,IndiGo,6E 717,2026-09-20,15,economy,,,14010.0,False,17:55,ok,2026-09-05T11:59:06.228242+05:30,2026-09-05_1159IST,airline_direct,IndiGo
DEL,BLR,6E,IndiGo,6E 6459,2026-09-20,15,economy,,,14481.0,False,05:55,ok,2026-09-05T11:59:06.228242+05:30,2026-09-05_1159IST,airline_direct,IndiGo
DEL,BLR,6E,IndiGo,6E 864,2026-09-20,15,business,,,34636.0,False,15:30,ok,2026-09-05T11:59:06.228242+05:30,2026-09-05_1159IST,airline_direct,IndiGo
DEL,BLR,6E,IndiGo,6E 864,2026-09-20,15,economy,,,14734.0,False,15:30,ok,2026-09-05T11:59:06.228242+05:30,2026-09-05_1159IST,airline_direct,IndiGo
DEL,BLR,6E,IndiGo,6E 6217,2026-09-20,15,business,,,25312.0,False,16:15,ok,2026-09-05T11:59:06.228242+05:30,2026-09-05_1159IST,airline_direct,IndiGo
DEL,BLR,6E,IndiGo,6E 6217,2026-09-20,15,economy,,,15609.0,False,16:15,ok,2026-09-05T11:59:06.228242+05:30,2026-09-05_1159IST,airline_direct,IndiGo
DEL,BLR,6E,IndiGo,6E 2364,2026-09-20,15,economy,,,16911.0,False,04:50,ok,2026-09-05T11:59:06.228242+05:30,2026-09-05_1159IST,airline_direct,IndiGo
DEL,BLR,6E,IndiGo,6E 6433,2026-09-20,15,economy,,,17048.0,False,16:30,ok,2026-09-05T11:59:06.228242+05:30,2026-09-05_1159IST,airline_direct,IndiGo
DEL,BLR,6E,IndiGo,6E 6047,2026-09-20,15,business,,,34636.0,False,11:00,ok,2026-09-05T11:59:06.228242+05:30,2026-09-05_1159IST,airline_direct,IndiGo
DEL,BLR,6E,IndiGo,6E 6047,2026-09-20,15,economy,,,18258.0,False,11:00,ok,2026-09-05T11:59:06.228242+05:30,2026-09-05_1159IST,airline_direct,IndiGo
DEL,BLR,6E,IndiGo,6E 358,2026-09-20,15,business,,,42133.0,False,12:15,ok,2026-09-05T11:59:06.228242+05:30,2026-09-05_1159IST,airline_direct,IndiGo
DEL,BLR,6E,IndiGo,6E 358,2026-09-20,15,economy,,,23481.0,False,12:15,ok,2026-09-05T11:59:06.228242+05:30,2026-09-05_1159IST,airline_direct,IndiGo
BOM,BLR,6E,IndiGo,6E 5294,2026-09-20,15,business,,,18948.0,False,04:30,ok,2026-09-05T12:00:05.778445+05:30,2026-09-05_1200IST,airline_direct,IndiGo
BOM,BLR,6E,IndiGo,6E 5294,2026-09-20,15,economy,,,6141.0,False,04:30,ok,2026-09-05T12:00:05.778445+05:30,2026-09-05_1200IST,airline_direct,IndiGo
BOM,BLR,6E,IndiGo,6E 5296,2026-09-20,15,business,,,18948.0,False,06:30,ok,2026-09-05T12:00:05.778445+05:30,2026-09-05_1200IST,airline_direct,IndiGo
BOM,BLR,6E,IndiGo,6E 5296,2026-09-20,15,economy,,,6747.0,False,06:30,ok,2026-09-05T12:00:05.778445+05:30,2026-09-05_1200IST,airline_direct,IndiGo
BOM,BLR,6E,IndiGo,6E 5193,2026-09-20,15,economy,,,7062.0,False,08:05,ok,2026-09-05T12:00:05.778445+05:30,2026-09-05_1200IST,airline_direct,IndiGo
BOM,BLR,6E,IndiGo,6E 5323,2026-09-20,15,business,,,18948.0,False,01:10,ok,2026-09-05T12:00:05.778445+05:30,2026-09-05_1200IST,airline_direct,IndiGo
BOM,BLR,6E,IndiGo,6E 5323,2026-09-20,15,economy,,,7611.0,False,01:10,ok,2026-09-05T12:00:05.778445+05:30,2026-09-05_1200IST,airline_direct,IndiGo
BOM,BLR,6E,IndiGo,6E 5092,2026-09-20,15,business,,,18948.0,False,09:50,ok,2026-09-05T12:00:05.778445+05:30,2026-09-05_1200IST,airline_direct,IndiGo
BOM,BLR,6E,IndiGo,6E 5092,2026-09-20,15,economy,,,8217.0,False,09:50,ok,2026-09-05T12:00:05.778445+05:30,2026-09-05_1200IST,airline_direct,IndiGo
BOM,BLR,6E,IndiGo,6E 5217,2026-09-20,15,business,,,18948.0,False,11:00,ok,2026-09-05T12:00:05.778445+05:30,2026-09-05_1200IST,airline_direct,IndiGo
BOM,BLR,6E,IndiGo,6E 5217,2026-09-20,15,economy,,,8217.0,False,11:00,ok,2026-09-05T12:00:05.778445+05:30,2026-09-05_1200IST,airline_direct,IndiGo
BOM,BLR,6E,IndiGo,6E 5184,2026-09-20,15,business,,,18948.0,False,12:30,ok,2026-09-05T12:00:05.778445+05:30,2026-09-05_1200IST,airline_direct,IndiGo
BOM,BLR,6E,IndiGo,6E 5184,2026-09-20,15,economy,,,8742.0,False,12:30,ok,2026-09-05T12:00:05.778445+05:30,2026-09-05_1200IST,airline_direct,IndiGo
BOM,BLR,6E,IndiGo,6E 5221,2026-09-20,15,business,,,18948.0,False,17:00,ok,2026-09-05T12:00:05.778445+05:30,2026-09-05_1200IST,airline_direct,IndiGo
BOM,BLR,6E,IndiGo,6E 5221,2026-09-20,15,economy,,,8742.0,False,17:00,ok,2026-09-05T12:00:05.778445+05:30,2026-09-05_1200IST,airline_direct,IndiGo
BOM,BLR,6E,IndiGo,6E 5047,2026-09-20,15,business,,,18948.0,False,18:30,ok,2026-09-05T12:00:05.778445+05:30,2026-09-05_1200IST,airline_direct,IndiGo
BOM,BLR,6E,IndiGo,6E 5047,2026-09-20,15,economy,,,8742.0,False,18:30,ok,2026-09-05T12:00:05.778445+05:30,2026-09-05_1200IST,airline_direct,IndiGo
BOM,BLR,6E,IndiGo,6E 5032,2026-09-20,15,business,,,18948.0,False,19:55,ok,2026-09-05T12:00:05.778445+05:30,2026-09-05_1200IST,airline_direct,IndiGo
BOM,BLR,6E,IndiGo,6E 5032,2026-09-20,15,economy,,,8742.0,False,19:55,ok,2026-09-05T12:00:05.778445+05:30,2026-09-05_1200IST,airline_direct,IndiGo
BOM,BLR,6E,IndiGo,6E 6188,2026-09-20,15,business,,,18948.0,False,21:30,ok,2026-09-05T12:00:05.778445+05:30,2026-09-05_1200IST,airline_direct,IndiGo
BOM,BLR,6E,IndiGo,6E 6188,2026-09-20,15,economy,,,8742.0,False,21:30,ok,2026-09-05T12:00:05.778445+05:30,2026-09-05_1200IST,airline_direct,IndiGo
BOM,BLR,6E,IndiGo,6E 5388,2026-09-20,15,business,,,18948.0,False,22:20,ok,2026-09-05T12:00:05.778445+05:30,2026-09-05_1200IST,airline_direct,IndiGo
BOM,BLR,6E,IndiGo,6E 5388,2026-09-20,15,economy,,,8742.0,False,22:20,ok,2026-09-05T12:00:05.778445+05:30,2026-09-05_1200IST,airline_direct,IndiGo
BOM,BLR,6E,IndiGo,6E 5382,2026-09-20,15,business,,,18948.0,False,14:30,ok,2026-09-05T12:00:05.778445+05:30,2026-09-05_1200IST,airline_direct,IndiGo
BOM,BLR,6E,IndiGo,6E 5382,2026-09-20,15,economy,,,9267.0,False,14:30,ok,2026-09-05T12:00:05.778445+05:30,2026-09-05_1200IST,airline_direct,IndiGo
BOM,BLR,6E,IndiGo,6E 5071,2026-09-20,15,business,,,18948.0,False,15:35,ok,2026-09-05T12:00:05.778445+05:30,2026-09-05_1200IST,airline_direct,IndiGo
BOM,BLR,6E,IndiGo,6E 5071,2026-09-20,15,economy,,,11052.0,False,15:35,ok,2026-09-05T12:00:05.778445+05:30,2026-09-05_1200IST,airline_direct,IndiGo
BOM,BLR,6E,IndiGo,6E 230,2026-09-20,15,economy,,,7785.0,False,13:55,ok,2026-09-05T12:00:05.778445+05:30,2026-09-05_1200IST,airline_direct,IndiGo
BOM,BLR,6E,IndiGo,6E 5181,2026-09-20,15,economy,,,8257.0,False,10:25,ok,2026-09-05T12:00:05.778445+05:30,2026-09-05_1200IST,airline_direct,IndiGo
BOM,BLR,6E,IndiGo,6E 6599,2026-09-20,15,economy,,,8257.0,False,16:50,ok,2026-09-05T12:00:05.778445+05:30,2026-09-05_1200IST,airline_direct,IndiGo
BOM,BLR,6E,IndiGo,6E 6361,2026-09-20,15,economy,,,8377.0,False,05:00,ok,2026-09-05T12:00:05.778445+05:30,2026-09-05_1200IST,airline_direct,IndiGo
BOM,BLR,6E,IndiGo,6E 5241,2026-09-20,15,economy,,,8377.0,False,16:40,ok,2026-09-05T12:00:05.778445+05:30,2026-09-05_1200IST,airline_direct,IndiGo
BOM,BLR,6E,IndiGo,6E 6674,2026-09-20,15,economy,,,8508.0,False,09:05,ok,2026-09-05T12:00:05.778445+05:30,2026-09-05_1200IST,airline_direct,IndiGo
BOM,BLR,6E,IndiGo,6E 632,2026-09-20,15,economy,,,8718.0,False,04:00,ok,2026-09-05T12:00:05.778445+05:30,2026-09-05_1200IST,airline_direct,IndiGo
BOM,BLR,6E,IndiGo,6E 6701,2026-09-20,15,economy,,,8718.0,False,05:35,ok,2026-09-05T12:00:05.778445+05:30,2026-09-05_1200IST,airline_direct,IndiGo
BOM,BLR,6E,IndiGo,6E 6701,2026-09-20,15,economy,,,8718.0,False,05:35,ok,2026-09-05T12:00:05.778445+05:30,2026-09-05_1200IST,airline_direct,IndiGo
BOM,BLR,6E,IndiGo,6E 5188,2026-09-20,15,business,,,24760.0,False,06:15,ok,2026-09-05T12:00:05.778445+05:30,2026-09-05_1200IST,airline_direct,IndiGo
BOM,BLR,6E,IndiGo,6E 5188,2026-09-20,15,economy,,,8718.0,False,06:15,ok,2026-09-05T12:00:05.778445+05:30,2026-09-05_1200IST,airline_direct,IndiGo
BOM,BLR,6E,IndiGo,6E 5109,2026-09-20,15,economy,,,8718.0,False,09:35,ok,2026-09-05T12:00:05.778445+05:30,2026-09-05_1200IST,airline_direct,IndiGo
BOM,BLR,6E,IndiGo,6E 2284,2026-09-20,15,economy,,,8718.0,False,12:05,ok,2026-09-05T12:00:05.778445+05:30,2026-09-05_1200IST,airline_direct,IndiGo
BOM,BLR,6E,IndiGo,6E 5201,2026-09-20,15,economy,,,8718.0,False,14:55,ok,2026-09-05T12:00:05.778445+05:30,2026-09-05_1200IST,airline_direct,IndiGo
BOM,BLR,6E,IndiGo,6E 5196,2026-09-20,15,business,,,26124.0,False,15:25,ok,2026-09-05T12:00:05.778445+05:30,2026-09-05_1200IST,airline_direct,IndiGo
BOM,BLR,6E,IndiGo,6E 5196,2026-09-20,15,economy,,,8718.0,False,15:25,ok,2026-09-05T12:00:05.778445+05:30,2026-09-05_1200IST,airline_direct,IndiGo
BOM,BLR,6E,IndiGo,6E 240,2026-09-20,15,economy,,,8718.0,False,15:45,ok,2026-09-05T12:00:05.778445+05:30,2026-09-05_1200IST,airline_direct,IndiGo
BOM,BLR,6E,IndiGo,6E 437,2026-09-20,15,economy,,,8718.0,False,17:10,ok,2026-09-05T12:00:05.778445+05:30,2026-09-05_1200IST,airline_direct,IndiGo
BOM,BLR,6E,IndiGo,6E 5126,2026-09-20,15,economy,,,8718.0,False,18:15,ok,2026-09-05T12:00:05.778445+05:30,2026-09-05_1200IST,airline_direct,IndiGo
BOM,BLR,6E,IndiGo,6E 2237,2026-09-20,15,economy,,,8718.0,False,18:40,ok,2026-09-05T12:00:05.778445+05:30,2026-09-05_1200IST,airline_direct,IndiGo
BOM,BLR,6E,IndiGo,6E 5107,2026-09-20,15,economy,,,8718.0,False,20:00,ok,2026-09-05T12:00:05.778445+05:30,2026-09-05_1200IST,airline_direct,IndiGo
BOM,BLR,6E,IndiGo,6E 5082,2026-09-20,15,economy,,,9023.0,False,18:05,ok,2026-09-05T12:00:05.778445+05:30,2026-09-05_1200IST,airline_direct,IndiGo
BOM,BLR,6E,IndiGo,6E 5123,2026-09-20,15,economy,,,9285.0,False,14:40,ok,2026-09-05T12:00:05.778445+05:30,2026-09-05_1200IST,airline_direct,IndiGo
BOM,BLR,6E,IndiGo,6E 6802,2026-09-20,15,economy,,,9285.0,False,16:55,ok,2026-09-05T12:00:05.778445+05:30,2026-09-05_1200IST,airline_direct,IndiGo
BOM,BLR,6E,IndiGo,6E 5196,2026-09-20,15,business,,,25173.0,False,15:25,ok,2026-09-05T12:00:05.778445+05:30,2026-09-05_1200IST,airline_direct,IndiGo
BOM,BLR,6E,IndiGo,6E 5196,2026-09-20,15,economy,,,9364.0,False,15:25,ok,2026-09-05T12:00:05.778445+05:30,2026-09-05_1200IST,airline_direct,IndiGo
BOM,BLR,6E,IndiGo,6E 5048,2026-09-20,15,business,,,25173.0,False,17:25,ok,2026-09-05T12:00:05.778445+05:30,2026-09-05_1200IST,airline_direct,IndiGo
BOM,BLR,6E,IndiGo,6E 5048,2026-09-20,15,economy,,,9364.0,False,17:25,ok,2026-09-05T12:00:05.778445+05:30,2026-09-05_1200IST,airline_direct,IndiGo
BOM,BLR,6E,IndiGo,6E 261,2026-09-20,15,economy,,,9727.0,False,11:20,ok,2026-09-05T12:00:05.778445+05:30,2026-09-05_1200IST,airline_direct,IndiGo
BOM,BLR,6E,IndiGo,6E 261,2026-09-20,15,economy,,,10497.0,False,11:20,ok,2026-09-05T12:00:05.778445+05:30,2026-09-05_1200IST,airline_direct,IndiGo
BOM,BLR,6E,IndiGo,6E 6057,2026-09-20,15,economy,,,10628.0,False,09:15,ok,2026-09-05T12:00:05.778445+05:30,2026-09-05_1200IST,airline_direct,IndiGo
BOM,BLR,6E,IndiGo,6E 673,2026-09-20,15,economy,,,10838.0,False,12:30,ok,2026-09-05T12:00:05.778445+05:30,2026-09-05_1200IST,airline_direct,IndiGo
BOM,BLR,6E,IndiGo,6E 5178,2026-09-20,15,business,,,20441.0,False,11:45,ok,2026-09-05T12:00:05.778445+05:30,2026-09-05_1200IST,airline_direct,IndiGo
BOM,BLR,6E,IndiGo,6E 5178,2026-09-20,15,economy,,,12069.0,False,11:45,ok,2026-09-05T12:00:05.778445+05:30,2026-09-05_1200IST,airline_direct,IndiGo
BOM,BLR,6E,IndiGo,6E 5386,2026-09-20,15,business,,,19670.0,False,15:10,ok,2026-09-05T12:00:05.778445+05:30,2026-09-05_1200IST,airline_direct,IndiGo
BOM,BLR,6E,IndiGo,6E 5386,2026-09-20,15,economy,,,12538.0,False,15:10,ok,2026-09-05T12:00:05.778445+05:30,2026-09-05_1200IST,airline_direct,IndiGo
BOM,BLR,6E,IndiGo,6E 5228,2026-09-20,15,business,,,19670.0,False,16:45,ok,2026-09-05T12:00:05.778445+05:30,2026-09-05_1200IST,airline_direct,IndiGo
BOM,BLR,6E,IndiGo,6E 5228,2026-09-20,15,economy,,,12538.0,False,16:45,ok,2026-09-05T12:00:05.778445+05:30,2026-09-05_1200IST,airline_direct,IndiGo
BOM,BLR,6E,IndiGo,6E 2011,2026-09-20,15,economy,,,12805.0,False,13:35,ok,2026-09-05T12:00:05.778445+05:30,2026-09-05_1200IST,airline_direct,IndiGo
BOM,BLR,6E,IndiGo,6E 5318,2026-09-20,15,business,,,21379.0,False,10:15,ok,2026-09-05T12:00:05.778445+05:30,2026-09-05_1200IST,airline_direct,IndiGo
BOM,BLR,6E,IndiGo,6E 5318,2026-09-20,15,economy,,,12903.0,False,10:15,ok,2026-09-05T12:00:05.778445+05:30,2026-09-05_1200IST,airline_direct,IndiGo
BOM,BLR,6E,IndiGo,6E 5178,2026-09-20,15,business,,,21379.0,False,11:45,ok,2026-09-05T12:00:05.778445+05:30,2026-09-05_1200IST,airline_direct,IndiGo
BOM,BLR,6E,IndiGo,6E 5178,2026-09-20,15,economy,,,12903.0,False,11:45,ok,2026-09-05T12:00:05.778445+05:30,2026-09-05_1200IST,airline_direct,IndiGo
BOM,BLR,6E,IndiGo,6E 5386,2026-09-20,15,business,,,20441.0,False,15:10,ok,2026-09-05T12:00:05.778445+05:30,2026-09-05_1200IST,airline_direct,IndiGo
BOM,BLR,6E,IndiGo,6E 5386,2026-09-20,15,economy,,,13224.0,False,15:10,ok,2026-09-05T12:00:05.778445+05:30,2026-09-05_1200IST,airline_direct,IndiGo
BOM,BLR,6E,IndiGo,6E 5386,2026-09-20,15,business,,,20441.0,False,15:10,ok,2026-09-05T12:00:05.778445+05:30,2026-09-05_1200IST,airline_direct,IndiGo
BOM,BLR,6E,IndiGo,6E 5386,2026-09-20,15,economy,,,13224.0,False,15:10,ok,2026-09-05T12:00:05.778445+05:30,2026-09-05_1200IST,airline_direct,IndiGo
BOM,BLR,6E,IndiGo,6E 5228,2026-09-20,15,business,,,20441.0,False,16:45,ok,2026-09-05T12:00:05.778445+05:30,2026-09-05_1200IST,airline_direct,IndiGo
BOM,BLR,6E,IndiGo,6E 5228,2026-09-20,15,economy,,,13224.0,False,16:45,ok,2026-09-05T12:00:05.778445+05:30,2026-09-05_1200IST,airline_direct,IndiGo
BOM,BLR,6E,IndiGo,6E 6349,2026-09-20,15,business,,,25173.0,False,11:40,ok,2026-09-05T12:00:05.778445+05:30,2026-09-05_1200IST,airline_direct,IndiGo
BOM,BLR,6E,IndiGo,6E 6349,2026-09-20,15,economy,,,14288.0,False,11:40,ok,2026-09-05T12:00:05.778445+05:30,2026-09-05_1200IST,airline_direct,IndiGo
BOM,BLR,6E,IndiGo,6E 5318,2026-09-20,15,business,,,23183.0,False,10:15,ok,2026-09-05T12:00:05.778445+05:30,2026-09-05_1200IST,airline_direct,IndiGo
BOM,BLR,6E,IndiGo,6E 5318,2026-09-20,15,economy,,,14509.0,False,10:15,ok,2026-09-05T12:00:05.778445+05:30,2026-09-05_1200IST,airline_direct,IndiGo
BOM,BLR,6E,IndiGo,6E 5178,2026-09-20,15,business,,,23183.0,False,11:45,ok,2026-09-05T12:00:05.778445+05:30,2026-09-05_1200IST,airline_direct,IndiGo
BOM,BLR,6E,IndiGo,6E 5178,2026-09-20,15,economy,,,14509.0,False,11:45,ok,2026-09-05T12:00:05.778445+05:30,2026-09-05_1200IST,airline_direct,IndiGo
BOM,BLR,6E,IndiGo,6E 5337,2026-09-20,15,business,,,26124.0,False,13:45,ok,2026-09-05T12:00:05.778445+05:30,2026-09-05_1200IST,airline_direct,IndiGo
BOM,BLR,6E,IndiGo,6E 5337,2026-09-20,15,economy,,,14538.0,False,13:45,ok,2026-09-05T12:00:05.778445+05:30,2026-09-05_1200IST,airline_direct,IndiGo
BOM,BLR,6E,IndiGo,6E 673,2026-09-20,15,economy,,,14688.0,False,12:30,ok,2026-09-05T12:00:05.778445+05:30,2026-09-05_1200IST,airline_direct,IndiGo
BOM,BLR,6E,IndiGo,6E 6349,2026-09-20,15,business,,,26124.0,False,11:40,ok,2026-09-05T12:00:05.778445+05:30,2026-09-05_1200IST,airline_direct,IndiGo
BOM,BLR,6E,IndiGo,6E 6349,2026-09-20,15,economy,,,15135.0,False,11:40,ok,2026-09-05T12:00:05.778445+05:30,2026-09-05_1200IST,airline_direct,IndiGo
BOM,BLR,6E,IndiGo,6E 5241,2026-09-20,15,economy,,,15139.0,False,16:40,ok,2026-09-05T12:00:05.778445+05:30,2026-09-05_1200IST,airline_direct,IndiGo
BOM,BLR,6E,IndiGo,6E 230,2026-09-20,15,economy,,,15584.0,False,13:55,ok,2026-09-05T12:00:05.778445+05:30,2026-09-05_1200IST,airline_direct,IndiGo
BOM,BLR,6E,IndiGo,6E 5313,2026-09-20,15,business,,,25173.0,False,09:50,ok,2026-09-05T12:00:05.778445+05:30,2026-09-05_1200IST,airline_direct,IndiGo
BOM,BLR,6E,IndiGo,6E 5313,2026-09-20,15,economy,,,15620.0,False,09:50,ok,2026-09-05T12:00:05.778445+05:30,2026-09-05_1200IST,airline_direct,IndiGo
BOM,BLR,6E,IndiGo,6E 230,2026-09-20,15,economy,,,16424.0,False,13:55,ok,2026-09-05T12:00:05.778445+05:30,2026-09-05_1200IST,airline_direct,IndiGo
BOM,BLR,6E,IndiGo,6E 5313,2026-09-20,15,business,,,27270.0,False,09:50,ok,2026-09-05T12:00:05.778445+05:30,2026-09-05_1200IST,airline_direct,IndiGo
BOM,BLR,6E,IndiGo,6E 5313,2026-09-20,15,economy,,,17486.0,False,09:50,ok,2026-09-05T12:00:05.778445+05:30,2026-09-05_1200IST,airline_direct,IndiGo
DEL,CCU,6E,IndiGo,6E 389,2026-09-20,15,business,,,22600.0,False,21:50,ok,2026-09-05T12:01:07.542828+05:30,2026-09-05_1201IST,airline_direct,IndiGo
DEL,CCU,6E,IndiGo,6E 389,2026-09-20,15,economy,,,8502.0,False,21:50,ok,2026-09-05T12:01:07.542828+05:30,2026-09-05_1201IST,airline_direct,IndiGo
DEL,CCU,6E,IndiGo,6E 247,2026-09-20,15,business,,,22600.0,False,23:30,ok,2026-09-05T12:01:07.542828+05:30,2026-09-05_1201IST,airline_direct,IndiGo
DEL,CCU,6E,IndiGo,6E 247,2026-09-20,15,economy,,,8502.0,False,23:30,ok,2026-09-05T12:01:07.542828+05:30,2026-09-05_1201IST,airline_direct,IndiGo
DEL,CCU,6E,IndiGo,6E 897,2026-09-20,15,business,,,22600.0,False,12:45,ok,2026-09-05T12:01:07.542828+05:30,2026-09-05_1201IST,airline_direct,IndiGo
DEL,CCU,6E,IndiGo,6E 897,2026-09-20,15,economy,,,9080.0,False,12:45,ok,2026-09-05T12:01:07.542828+05:30,2026-09-05_1201IST,airline_direct,IndiGo
DEL,CCU,6E,IndiGo,6E 6415,2026-09-20,15,business,,,22600.0,False,16:00,ok,2026-09-05T12:01:07.542828+05:30,2026-09-05_1201IST,airline_direct,IndiGo
DEL,CCU,6E,IndiGo,6E 6415,2026-09-20,15,economy,,,9080.0,False,16:00,ok,2026-09-05T12:01:07.542828+05:30,2026-09-05_1201IST,airline_direct,IndiGo
DEL,CCU,6E,IndiGo,6E 910,2026-09-20,15,business,,,22600.0,False,14:25,ok,2026-09-05T12:01:07.542828+05:30,2026-09-05_1201IST,airline_direct,IndiGo
DEL,CCU,6E,IndiGo,6E 910,2026-09-20,15,economy,,,9552.0,False,14:25,ok,2026-09-05T12:01:07.542828+05:30,2026-09-05_1201IST,airline_direct,IndiGo
DEL,CCU,6E,IndiGo,6E 5191,2026-09-20,15,business,,,22600.0,False,05:00,ok,2026-09-05T12:01:07.542828+05:30,2026-09-05_1201IST,airline_direct,IndiGo
DEL,CCU,6E,IndiGo,6E 5191,2026-09-20,15,economy,,,10707.0,False,05:00,ok,2026-09-05T12:01:07.542828+05:30,2026-09-05_1201IST,airline_direct,IndiGo
DEL,CCU,6E,IndiGo,6E 340,2026-09-20,15,business,,,22600.0,False,07:20,ok,2026-09-05T12:01:07.542828+05:30,2026-09-05_1201IST,airline_direct,IndiGo
DEL,CCU,6E,IndiGo,6E 340,2026-09-20,15,economy,,,11442.0,False,07:20,ok,2026-09-05T12:01:07.542828+05:30,2026-09-05_1201IST,airline_direct,IndiGo
DEL,CCU,6E,IndiGo,6E 894,2026-09-20,15,business,,,22600.0,False,10:15,ok,2026-09-05T12:01:07.542828+05:30,2026-09-05_1201IST,airline_direct,IndiGo
DEL,CCU,6E,IndiGo,6E 894,2026-09-20,15,economy,,,11442.0,False,10:15,ok,2026-09-05T12:01:07.542828+05:30,2026-09-05_1201IST,airline_direct,IndiGo
DEL,CCU,6E,IndiGo,6E 2276,2026-09-20,15,business,,,22600.0,False,17:55,ok,2026-09-05T12:01:07.542828+05:30,2026-09-05_1201IST,airline_direct,IndiGo
DEL,CCU,6E,IndiGo,6E 2276,2026-09-20,15,economy,,,12230.0,False,17:55,ok,2026-09-05T12:01:07.542828+05:30,2026-09-05_1201IST,airline_direct,IndiGo
DEL,CCU,6E,IndiGo,6E 6517,2026-09-20,15,business,,,22600.0,False,19:30,ok,2026-09-05T12:01:07.542828+05:30,2026-09-05_1201IST,airline_direct,IndiGo
DEL,CCU,6E,IndiGo,6E 6517,2026-09-20,15,economy,,,12230.0,False,19:30,ok,2026-09-05T12:01:07.542828+05:30,2026-09-05_1201IST,airline_direct,IndiGo
DEL,CCU,6E,IndiGo,6E 5036,2026-09-20,15,economy,,,7507.0,False,08:00,ok,2026-09-05T12:01:07.542828+05:30,2026-09-05_1201IST,airline_direct,IndiGo
DEL,CCU,6E,IndiGo,6E 6312,2026-09-20,15,economy,,,7507.0,False,14:25,ok,2026-09-05T12:01:07.542828+05:30,2026-09-05_1201IST,airline_direct,IndiGo
DEL,CCU,6E,IndiGo,6E 2361,2026-09-20,15,economy,,,7507.0,False,14:35,ok,2026-09-05T12:01:07.542828+05:30,2026-09-05_1201IST,airline_direct,IndiGo
DEL,CCU,6E,IndiGo,6E 6073,2026-09-20,15,economy,,,7586.0,False,05:00,ok,2026-09-05T12:01:07.542828+05:30,2026-09-05_1201IST,airline_direct,IndiGo
DEL,CCU,6E,IndiGo,6E 6190,2026-09-20,15,economy,,,7586.0,False,07:40,ok,2026-09-05T12:01:07.542828+05:30,2026-09-05_1201IST,airline_direct,IndiGo
DEL,CCU,6E,IndiGo,6E 5298,2026-09-20,15,economy,,,7586.0,False,09:00,ok,2026-09-05T12:01:07.542828+05:30,2026-09-05_1201IST,airline_direct,IndiGo
DEL,CCU,6E,IndiGo,6E 6124,2026-09-20,15,economy,,,7691.0,False,07:30,ok,2026-09-05T12:01:07.542828+05:30,2026-09-05_1201IST,airline_direct,IndiGo
DEL,CCU,6E,IndiGo,6E 5215,2026-09-20,15,economy,,,7691.0,False,07:45,ok,2026-09-05T12:01:07.542828+05:30,2026-09-05_1201IST,airline_direct,IndiGo
DEL,CCU,6E,IndiGo,6E 5041,2026-09-20,15,economy,,,7691.0,False,15:10,ok,2026-09-05T12:01:07.542828+05:30,2026-09-05_1201IST,airline_direct,IndiGo
DEL,CCU,6E,IndiGo,6E 6503,2026-09-20,15,economy,,,7901.0,False,13:25,ok,2026-09-05T12:01:07.542828+05:30,2026-09-05_1201IST,airline_direct,IndiGo
DEL,CCU,6E,IndiGo,6E 6503,2026-09-20,15,economy,,,7901.0,False,13:25,ok,2026-09-05T12:01:07.542828+05:30,2026-09-05_1201IST,airline_direct,IndiGo
DEL,CCU,6E,IndiGo,6E 5119,2026-09-20,15,economy,,,7927.0,False,05:10,ok,2026-09-05T12:01:07.542828+05:30,2026-09-05_1201IST,airline_direct,IndiGo
DEL,CCU,6E,IndiGo,6E 203,2026-09-20,15,business,,,28673.0,False,07:10,ok,2026-09-05T12:01:07.542828+05:30,2026-09-05_1201IST,airline_direct,IndiGo
DEL,CCU,6E,IndiGo,6E 203,2026-09-20,15,economy,,,7927.0,False,07:10,ok,2026-09-05T12:01:07.542828+05:30,2026-09-05_1201IST,airline_direct,IndiGo
DEL,CCU,6E,IndiGo,6E 203,2026-09-20,15,business,,,28673.0,False,07:10,ok,2026-09-05T12:01:07.542828+05:30,2026-09-05_1201IST,airline_direct,IndiGo
DEL,CCU,6E,IndiGo,6E 203,2026-09-20,15,economy,,,7927.0,False,07:10,ok,2026-09-05T12:01:07.542828+05:30,2026-09-05_1201IST,airline_direct,IndiGo
DEL,CCU,6E,IndiGo,6E 705,2026-09-20,15,business,,,28673.0,False,08:30,ok,2026-09-05T12:01:07.542828+05:30,2026-09-05_1201IST,airline_direct,IndiGo
DEL,CCU,6E,IndiGo,6E 705,2026-09-20,15,economy,,,7927.0,False,08:30,ok,2026-09-05T12:01:07.542828+05:30,2026-09-05_1201IST,airline_direct,IndiGo
DEL,CCU,6E,IndiGo,6E 705,2026-09-20,15,business,,,28673.0,False,08:30,ok,2026-09-05T12:01:07.542828+05:30,2026-09-05_1201IST,airline_direct,IndiGo
DEL,CCU,6E,IndiGo,6E 705,2026-09-20,15,economy,,,7927.0,False,08:30,ok,2026-09-05T12:01:07.542828+05:30,2026-09-05_1201IST,airline_direct,IndiGo
DEL,CCU,6E,IndiGo,6E 6293,2026-09-20,15,business,,,28673.0,False,09:55,ok,2026-09-05T12:01:07.542828+05:30,2026-09-05_1201IST,airline_direct,IndiGo
DEL,CCU,6E,IndiGo,6E 6293,2026-09-20,15,economy,,,7927.0,False,09:55,ok,2026-09-05T12:01:07.542828+05:30,2026-09-05_1201IST,airline_direct,IndiGo
DEL,CCU,6E,IndiGo,6E 6293,2026-09-20,15,business,,,28673.0,False,09:55,ok,2026-09-05T12:01:07.542828+05:30,2026-09-05_1201IST,airline_direct,IndiGo
DEL,CCU,6E,IndiGo,6E 6293,2026-09-20,15,economy,,,7927.0,False,09:55,ok,2026-09-05T12:01:07.542828+05:30,2026-09-05_1201IST,airline_direct,IndiGo
DEL,CCU,6E,IndiGo,6E 884,2026-09-20,15,business,,,28673.0,False,11:45,ok,2026-09-05T12:01:07.542828+05:30,2026-09-05_1201IST,airline_direct,IndiGo
DEL,CCU,6E,IndiGo,6E 884,2026-09-20,15,economy,,,7927.0,False,11:45,ok,2026-09-05T12:01:07.542828+05:30,2026-09-05_1201IST,airline_direct,IndiGo
DEL,CCU,6E,IndiGo,6E 6282,2026-09-20,15,business,,,28673.0,False,13:30,ok,2026-09-05T12:01:07.542828+05:30,2026-09-05_1201IST,airline_direct,IndiGo
DEL,CCU,6E,IndiGo,6E 6282,2026-09-20,15,economy,,,7927.0,False,13:30,ok,2026-09-05T12:01:07.542828+05:30,2026-09-05_1201IST,airline_direct,IndiGo
DEL,CCU,6E,IndiGo,6E 6282,2026-09-20,15,business,,,28201.0,False,13:30,ok,2026-09-05T12:01:07.542828+05:30,2026-09-05_1201IST,airline_direct,IndiGo
DEL,CCU,6E,IndiGo,6E 6282,2026-09-20,15,economy,,,7927.0,False,13:30,ok,2026-09-05T12:01:07.542828+05:30,2026-09-05_1201IST,airline_direct,IndiGo
DEL,CCU,6E,IndiGo,6E 6212,2026-09-20,15,business,,,28201.0,False,14:45,ok,2026-09-05T12:01:07.542828+05:30,2026-09-05_1201IST,airline_direct,IndiGo
DEL,CCU,6E,IndiGo,6E 6212,2026-09-20,15,economy,,,7927.0,False,14:45,ok,2026-09-05T12:01:07.542828+05:30,2026-09-05_1201IST,airline_direct,IndiGo
DEL,CCU,6E,IndiGo,6E 2341,2026-09-20,15,economy,,,7927.0,False,14:50,ok,2026-09-05T12:01:07.542828+05:30,2026-09-05_1201IST,airline_direct,IndiGo
DEL,CCU,6E,IndiGo,6E 5073,2026-09-20,15,economy,,,7927.0,False,17:05,ok,2026-09-05T12:01:07.542828+05:30,2026-09-05_1201IST,airline_direct,IndiGo
DEL,CCU,6E,IndiGo,6E 882,2026-09-20,15,business,,,28201.0,False,23:15,ok,2026-09-05T12:01:07.542828+05:30,2026-09-05_1201IST,airline_direct,IndiGo
DEL,CCU,6E,IndiGo,6E 882,2026-09-20,15,economy,,,7927.0,False,23:15,ok,2026-09-05T12:01:07.542828+05:30,2026-09-05_1201IST,airline_direct,IndiGo
DEL,CCU,6E,IndiGo,6E 6245,2026-09-20,15,economy,,,7984.0,False,06:20,ok,2026-09-05T12:01:07.542828+05:30,2026-09-05_1201IST,airline_direct,IndiGo
DEL,CCU,6E,IndiGo,6E 2373,2026-09-20,15,economy,,,7984.0,False,11:10,ok,2026-09-05T12:01:07.542828+05:30,2026-09-05_1201IST,airline_direct,IndiGo
DEL,CCU,6E,IndiGo,6E 2453,2026-09-20,15,economy,,,7984.0,False,13:35,ok,2026-09-05T12:01:07.542828+05:30,2026-09-05_1201IST,airline_direct,IndiGo
DEL,CCU,6E,IndiGo,6E 6371,2026-09-20,15,economy,,,8032.0,False,06:20,ok,2026-09-05T12:01:07.542828+05:30,2026-09-05_1201IST,airline_direct,IndiGo
DEL,CCU,6E,IndiGo,6E 6551,2026-09-20,15,economy,,,8032.0,False,12:00,ok,2026-09-05T12:01:07.542828+05:30,2026-09-05_1201IST,airline_direct,IndiGo
DEL,CCU,6E,IndiGo,6E 6312,2026-09-20,15,economy,,,8115.0,False,14:25,ok,2026-09-05T12:01:07.542828+05:30,2026-09-05_1201IST,airline_direct,IndiGo
DEL,CCU,6E,IndiGo,6E 734,2026-09-20,15,economy,,,8115.0,False,16:20,ok,2026-09-05T12:01:07.542828+05:30,2026-09-05_1201IST,airline_direct,IndiGo
DEL,CCU,6E,IndiGo,6E 6190,2026-09-20,15,economy,,,8194.0,False,07:40,ok,2026-09-05T12:01:07.542828+05:30,2026-09-05_1201IST,airline_direct,IndiGo
DEL,CCU,6E,IndiGo,6E 2296,2026-09-20,15,economy,,,8194.0,False,09:20,ok,2026-09-05T12:01:07.542828+05:30,2026-09-05_1201IST,airline_direct,IndiGo
DEL,CCU,6E,IndiGo,6E 2614,2026-09-20,15,economy,,,8194.0,False,14:40,ok,2026-09-05T12:01:07.542828+05:30,2026-09-05_1201IST,airline_direct,IndiGo
DEL,CCU,6E,IndiGo,6E 2614,2026-09-20,15,economy,,,8194.0,False,14:40,ok,2026-09-05T12:01:07.542828+05:30,2026-09-05_1201IST,airline_direct,IndiGo
DEL,CCU,6E,IndiGo,6E 5033,2026-09-20,15,economy,,,8194.0,False,15:50,ok,2026-09-05T12:01:07.542828+05:30,2026-09-05_1201IST,airline_direct,IndiGo
DEL,CCU,6E,IndiGo,6E 5307,2026-09-20,15,economy,,,8299.0,False,10:50,ok,2026-09-05T12:01:07.542828+05:30,2026-09-05_1201IST,airline_direct,IndiGo
DEL,CCU,6E,IndiGo,6E 5041,2026-09-20,15,economy,,,8299.0,False,15:10,ok,2026-09-05T12:01:07.542828+05:30,2026-09-05_1201IST,airline_direct,IndiGo
DEL,CCU,6E,IndiGo,6E 717,2026-09-20,15,business,,,28201.0,False,17:55,ok,2026-09-05T12:01:07.542828+05:30,2026-09-05_1201IST,airline_direct,IndiGo
DEL,CCU,6E,IndiGo,6E 717,2026-09-20,15,economy,,,8535.0,False,17:55,ok,2026-09-05T12:01:07.542828+05:30,2026-09-05_1201IST,airline_direct,IndiGo
DEL,CCU,6E,IndiGo,6E 6053,2026-09-20,15,economy,,,8862.0,False,13:05,ok,2026-09-05T12:01:07.542828+05:30,2026-09-05_1201IST,airline_direct,IndiGo
DEL,CCU,6E,IndiGo,6E 6829,2026-09-20,15,economy,,,8993.0,False,17:20,ok,2026-09-05T12:01:07.542828+05:30,2026-09-05_1201IST,airline_direct,IndiGo
DEL,CCU,6E,IndiGo,6E 6217,2026-09-20,15,business,,,28201.0,False,16:15,ok,2026-09-05T12:01:07.542828+05:30,2026-09-05_1201IST,airline_direct,IndiGo
DEL,CCU,6E,IndiGo,6E 6217,2026-09-20,15,economy,,,9203.0,False,16:15,ok,2026-09-05T12:01:07.542828+05:30,2026-09-05_1201IST,airline_direct,IndiGo
DEL,CCU,6E,IndiGo,6E 2296,2026-09-20,15,economy,,,9597.0,False,09:20,ok,2026-09-05T12:01:07.542828+05:30,2026-09-05_1201IST,airline_direct,IndiGo
DEL,CCU,6E,IndiGo,6E 6130,2026-09-20,15,economy,,,10404.0,False,12:55,ok,2026-09-05T12:01:07.542828+05:30,2026-09-05_1201IST,airline_direct,IndiGo
DEL,CCU,6E,IndiGo,6E 2259,2026-09-20,15,economy,,,12178.0,False,12:20,ok,2026-09-05T12:01:07.542828+05:30,2026-09-05_1201IST,airline_direct,IndiGo
DEL,CCU,6E,IndiGo,6E 2331,2026-09-20,15,economy,,,12621.0,False,12:20,ok,2026-09-05T12:01:07.542828+05:30,2026-09-05_1201IST,airline_direct,IndiGo
DEL,CCU,6E,IndiGo,6E 2203,2026-09-20,15,economy,,,13445.0,False,04:45,ok,2026-09-05T12:01:07.542828+05:30,2026-09-05_1201IST,airline_direct,IndiGo
DEL,CCU,6E,IndiGo,6E 5038,2026-09-20,15,economy,,,13837.0,False,14:00,ok,2026-09-05T12:01:07.542828+05:30,2026-09-05_1201IST,airline_direct,IndiGo
BLR,HYD,6E,IndiGo,6E 6178,2026-09-20,15,economy,,,4235.0,False,06:25,ok,2026-09-05T12:02:24.112187+05:30,2026-09-05_1202IST,airline_direct,IndiGo
BLR,HYD,6E,IndiGo,6E 484,2026-09-20,15,economy,,,4235.0,False,08:15,ok,2026-09-05T12:02:24.112187+05:30,2026-09-05_1202IST,airline_direct,IndiGo
BLR,HYD,6E,IndiGo,6E 312,2026-09-20,15,economy,,,4235.0,False,09:15,ok,2026-09-05T12:02:24.112187+05:30,2026-09-05_1202IST,airline_direct,IndiGo
BLR,HYD,6E,IndiGo,6E 537,2026-09-20,15,economy,,,5318.0,False,10:15,ok,2026-09-05T12:02:24.112187+05:30,2026-09-05_1202IST,airline_direct,IndiGo
BLR,HYD,6E,IndiGo,6E 855,2026-09-20,15,economy,,,5318.0,False,19:45,ok,2026-09-05T12:02:24.112187+05:30,2026-09-05_1202IST,airline_direct,IndiGo
BLR,HYD,6E,IndiGo,6E 6784,2026-09-20,15,economy,,,5318.0,False,21:30,ok,2026-09-05T12:02:24.112187+05:30,2026-09-05_1202IST,airline_direct,IndiGo
BLR,HYD,6E,IndiGo,6E 638,2026-09-20,15,economy,,,8010.0,False,18:35,ok,2026-09-05T12:02:24.112187+05:30,2026-09-05_1202IST,airline_direct,IndiGo
BLR,HYD,6E,IndiGo,6E 6404,2026-09-20,15,economy,,,8727.0,False,11:35,ok,2026-09-05T12:02:24.112187+05:30,2026-09-05_1202IST,airline_direct,IndiGo
BLR,HYD,6E,IndiGo,6E 6067,2026-09-20,15,economy,,,9518.0,False,16:30,ok,2026-09-05T12:02:24.112187+05:30,2026-09-05_1202IST,airline_direct,IndiGo
BLR,HYD,6E,IndiGo,6E 6563,2026-09-20,15,economy,,,5463.0,False,01:05,ok,2026-09-05T12:02:24.112187+05:30,2026-09-05_1202IST,airline_direct,IndiGo
BLR,HYD,6E,IndiGo,6E 6876,2026-09-20,15,economy,,,5463.0,False,02:40,ok,2026-09-05T12:02:24.112187+05:30,2026-09-05_1202IST,airline_direct,IndiGo
BLR,HYD,6E,IndiGo,6E 857,2026-09-20,15,economy,,,5463.0,False,07:05,ok,2026-09-05T12:02:24.112187+05:30,2026-09-05_1202IST,airline_direct,IndiGo
BLR,HYD,6E,IndiGo,6E 857,2026-09-20,15,economy,,,5463.0,False,07:05,ok,2026-09-05T12:02:24.112187+05:30,2026-09-05_1202IST,airline_direct,IndiGo
BLR,HYD,6E,IndiGo,6E 6269,2026-09-20,15,economy,,,5463.0,False,07:15,ok,2026-09-05T12:02:24.112187+05:30,2026-09-05_1202IST,airline_direct,IndiGo
BLR,HYD,6E,IndiGo,6E 6269,2026-09-20,15,economy,,,5463.0,False,07:15,ok,2026-09-05T12:02:24.112187+05:30,2026-09-05_1202IST,airline_direct,IndiGo
BLR,HYD,6E,IndiGo,6E 6542,2026-09-20,15,economy,,,5463.0,False,13:10,ok,2026-09-05T12:02:24.112187+05:30,2026-09-05_1202IST,airline_direct,IndiGo
BLR,HYD,6E,IndiGo,6E 356,2026-09-20,15,economy,,,5463.0,False,17:15,ok,2026-09-05T12:02:24.112187+05:30,2026-09-05_1202IST,airline_direct,IndiGo
BLR,HYD,6E,IndiGo,6E 6017,2026-09-20,15,economy,,,5463.0,False,18:15,ok,2026-09-05T12:02:24.112187+05:30,2026-09-05_1202IST,airline_direct,IndiGo
BLR,HYD,6E,IndiGo,6E 441,2026-09-20,15,economy,,,5463.0,False,20:40,ok,2026-09-05T12:02:24.112187+05:30,2026-09-05_1202IST,airline_direct,IndiGo
BLR,HYD,6E,IndiGo,6E 528,2026-09-20,15,economy,,,5463.0,False,21:40,ok,2026-09-05T12:02:24.112187+05:30,2026-09-05_1202IST,airline_direct,IndiGo
BLR,HYD,6E,IndiGo,6E 116,2026-09-20,15,economy,,,5463.0,False,23:05,ok,2026-09-05T12:02:24.112187+05:30,2026-09-05_1202IST,airline_direct,IndiGo
BLR,HYD,6E,IndiGo,6E 6336,2026-09-20,15,economy,,,5594.0,False,12:25,ok,2026-09-05T12:02:24.112187+05:30,2026-09-05_1202IST,airline_direct,IndiGo
BLR,HYD,6E,IndiGo,6E 7204,2026-09-20,15,economy,,,6153.0,False,06:50,ok,2026-09-05T12:02:24.112187+05:30,2026-09-05_1202IST,airline_direct,IndiGo
BLR,HYD,6E,IndiGo,6E 6583,2026-09-20,15,economy,,,6284.0,False,10:40,ok,2026-09-05T12:02:24.112187+05:30,2026-09-05_1202IST,airline_direct,IndiGo
BLR,HYD,6E,IndiGo,6E 7227,2026-09-20,15,economy,,,6412.0,False,06:25,ok,2026-09-05T12:02:24.112187+05:30,2026-09-05_1202IST,airline_direct,IndiGo
BLR,HYD,6E,IndiGo,6E 7204,2026-09-20,15,economy,,,6543.0,False,06:50,ok,2026-09-05T12:02:24.112187+05:30,2026-09-05_1202IST,airline_direct,IndiGo
BLR,HYD,6E,IndiGo,6E 6653,2026-09-20,15,economy,,,6543.0,False,12:35,ok,2026-09-05T12:02:24.112187+05:30,2026-09-05_1202IST,airline_direct,IndiGo
BLR,HYD,6E,IndiGo,6E 6168,2026-09-20,15,economy,,,6543.0,False,17:40,ok,2026-09-05T12:02:24.112187+05:30,2026-09-05_1202IST,airline_direct,IndiGo
BLR,HYD,6E,IndiGo,6E 6168,2026-09-20,15,economy,,,6543.0,False,17:40,ok,2026-09-05T12:02:24.112187+05:30,2026-09-05_1202IST,airline_direct,IndiGo
BLR,HYD,6E,IndiGo,6E 6554,2026-09-20,15,economy,,,6543.0,False,19:15,ok,2026-09-05T12:02:24.112187+05:30,2026-09-05_1202IST,airline_direct,IndiGo
BLR,HYD,6E,IndiGo,6E 574,2026-09-20,15,economy,,,6674.0,False,11:05,ok,2026-09-05T12:02:24.112187+05:30,2026-09-05_1202IST,airline_direct,IndiGo
BLR,HYD,6E,IndiGo,6E 6336,2026-09-20,15,economy,,,6674.0,False,12:25,ok,2026-09-05T12:02:24.112187+05:30,2026-09-05_1202IST,airline_direct,IndiGo
BLR,HYD,6E,IndiGo,6E 7737,2026-09-20,15,economy,,,7301.0,False,15:15,ok,2026-09-05T12:02:24.112187+05:30,2026-09-05_1202IST,airline_direct,IndiGo
BLR,HYD,6E,IndiGo,6E 763,2026-09-20,15,economy,,,7432.0,False,07:05,ok,2026-09-05T12:02:24.112187+05:30,2026-09-05_1202IST,airline_direct,IndiGo
BLR,HYD,6E,IndiGo,6E 6753,2026-09-20,15,economy,,,7432.0,False,15:15,ok,2026-09-05T12:02:24.112187+05:30,2026-09-05_1202IST,airline_direct,IndiGo
BLR,HYD,6E,IndiGo,6E 6753,2026-09-20,15,economy,,,7432.0,False,15:15,ok,2026-09-05T12:02:24.112187+05:30,2026-09-05_1202IST,airline_direct,IndiGo
BLR,HYD,6E,IndiGo,6E 6753,2026-09-20,15,economy,,,7432.0,False,15:15,ok,2026-09-05T12:02:24.112187+05:30,2026-09-05_1202IST,airline_direct,IndiGo
BLR,HYD,6E,IndiGo,6E 6653,2026-09-20,15,economy,,,7935.0,False,12:35,ok,2026-09-05T12:02:24.112187+05:30,2026-09-05_1202IST,airline_direct,IndiGo
BLR,HYD,6E,IndiGo,6E 7071,2026-09-20,15,economy,,,8484.0,False,10:55,ok,2026-09-05T12:02:24.112187+05:30,2026-09-05_1202IST,airline_direct,IndiGo
BLR,HYD,6E,IndiGo,6E 105,2026-09-20,15,economy,,,8484.0,False,18:50,ok,2026-09-05T12:02:24.112187+05:30,2026-09-05_1202IST,airline_direct,IndiGo
BLR,HYD,6E,IndiGo,6E 173,2026-09-20,15,economy,,,9081.0,False,15:30,ok,2026-09-05T12:02:24.112187+05:30,2026-09-05_1202IST,airline_direct,IndiGo
BLR,HYD,6E,IndiGo,6E 763,2026-09-20,15,economy,,,9730.0,False,07:05,ok,2026-09-05T12:02:24.112187+05:30,2026-09-05_1202IST,airline_direct,IndiGo
BLR,HYD,6E,IndiGo,6E 6104,2026-09-20,15,economy,,,9730.0,False,11:40,ok,2026-09-05T12:02:24.112187+05:30,2026-09-05_1202IST,airline_direct,IndiGo
BLR,HYD,6E,IndiGo,6E 173,2026-09-20,15,economy,,,9730.0,False,15:30,ok,2026-09-05T12:02:24.112187+05:30,2026-09-05_1202IST,airline_direct,IndiGo
BLR,HYD,6E,IndiGo,6E 7005,2026-09-20,15,economy,,,10435.0,False,08:05,ok,2026-09-05T12:02:24.112187+05:30,2026-09-05_1202IST,airline_direct,IndiGo
BLR,HYD,6E,IndiGo,6E 6104,2026-09-20,15,economy,,,10435.0,False,11:40,ok,2026-09-05T12:02:24.112187+05:30,2026-09-05_1202IST,airline_direct,IndiGo
BLR,HYD,6E,IndiGo,6E 109,2026-09-20,15,economy,,,10435.0,False,17:00,ok,2026-09-05T12:02:24.112187+05:30,2026-09-05_1202IST,airline_direct,IndiGo
BLR,HYD,6E,IndiGo,6E 356,2026-09-20,15,economy,,,10435.0,False,17:15,ok,2026-09-05T12:02:24.112187+05:30,2026-09-05_1202IST,airline_direct,IndiGo
BLR,HYD,6E,IndiGo,6E 6208,2026-09-20,15,economy,,,11204.0,False,12:45,ok,2026-09-05T12:02:24.112187+05:30,2026-09-05_1202IST,airline_direct,IndiGo
BLR,HYD,6E,IndiGo,6E 6208,2026-09-20,15,economy,,,11204.0,False,12:45,ok,2026-09-05T12:02:24.112187+05:30,2026-09-05_1202IST,airline_direct,IndiGo
BLR,HYD,6E,IndiGo,6E 6891,2026-09-20,15,economy,,,11757.0,False,17:15,ok,2026-09-05T12:02:24.112187+05:30,2026-09-05_1202IST,airline_direct,IndiGo
BLR,HYD,6E,IndiGo,6E 904,2026-09-20,15,economy,,,12422.0,False,10:50,ok,2026-09-05T12:02:24.112187+05:30,2026-09-05_1202IST,airline_direct,IndiGo
BLR,HYD,6E,IndiGo,6E 763,2026-09-20,15,economy,,,12950.0,False,07:05,ok,2026-09-05T12:02:24.112187+05:30,2026-09-05_1202IST,airline_direct,IndiGo
BLR,HYD,6E,IndiGo,6E 703,2026-09-20,15,economy,,,12950.0,False,12:55,ok,2026-09-05T12:02:24.112187+05:30,2026-09-05_1202IST,airline_direct,IndiGo
BLR,HYD,6E,IndiGo,6E 7285,2026-09-20,15,economy,,,13389.0,False,06:50,ok,2026-09-05T12:02:24.112187+05:30,2026-09-05_1202IST,airline_direct,IndiGo
BLR,HYD,6E,IndiGo,6E 7005,2026-09-20,15,economy,,,13940.0,False,08:05,ok,2026-09-05T12:02:24.112187+05:30,2026-09-05_1202IST,airline_direct,IndiGo
BLR,HYD,6E,IndiGo,6E 6162,2026-09-20,15,economy,,,17777.0,False,18:50,ok,2026-09-05T12:02:24.112187+05:30,2026-09-05_1202IST,airline_direct,IndiGo
BLR,HYD,6E,IndiGo,6E 6445,2026-09-20,15,economy,,,23094.0,False,10:25,ok,2026-09-05T12:02:24.112187+05:30,2026-09-05_1202IST,airline_direct,IndiGo
BLR,HYD,6E,IndiGo,6E 6445,2026-09-20,15,economy,,,23094.0,False,10:25,ok,2026-09-05T12:02:24.112187+05:30,2026-09-05_1202IST,airline_direct,IndiGo
MAA,DEL,6E,IndiGo,6E 948,2026-09-20,15,business,,,24700.0,False,14:30,ok,2026-09-05T12:03:17.303729+05:30,2026-09-05_1203IST,airline_direct,IndiGo
MAA,DEL,6E,IndiGo,6E 948,2026-09-20,15,economy,,,9830.0,False,14:30,ok,2026-09-05T12:03:17.303729+05:30,2026-09-05_1203IST,airline_direct,IndiGo
MAA,DEL,6E,IndiGo,6E 698,2026-09-20,15,business,,,24700.0,False,16:45,ok,2026-09-05T12:03:17.303729+05:30,2026-09-05_1203IST,airline_direct,IndiGo
MAA,DEL,6E,IndiGo,6E 698,2026-09-20,15,economy,,,9830.0,False,16:45,ok,2026-09-05T12:03:17.303729+05:30,2026-09-05_1203IST,airline_direct,IndiGo
MAA,DEL,6E,IndiGo,6E 613,2026-09-20,15,business,,,24700.0,False,19:00,ok,2026-09-05T12:03:17.303729+05:30,2026-09-05_1203IST,airline_direct,IndiGo
MAA,DEL,6E,IndiGo,6E 613,2026-09-20,15,economy,,,9830.0,False,19:00,ok,2026-09-05T12:03:17.303729+05:30,2026-09-05_1203IST,airline_direct,IndiGo
MAA,DEL,6E,IndiGo,6E 951,2026-09-20,15,business,,,24700.0,False,21:50,ok,2026-09-05T12:03:17.303729+05:30,2026-09-05_1203IST,airline_direct,IndiGo
MAA,DEL,6E,IndiGo,6E 951,2026-09-20,15,economy,,,9830.0,False,21:50,ok,2026-09-05T12:03:17.303729+05:30,2026-09-05_1203IST,airline_direct,IndiGo
MAA,DEL,6E,IndiGo,6E 2369,2026-09-20,15,business,,,24700.0,False,23:45,ok,2026-09-05T12:03:17.303729+05:30,2026-09-05_1203IST,airline_direct,IndiGo
MAA,DEL,6E,IndiGo,6E 2369,2026-09-20,15,economy,,,9830.0,False,23:45,ok,2026-09-05T12:03:17.303729+05:30,2026-09-05_1203IST,airline_direct,IndiGo
MAA,DEL,6E,IndiGo,6E 937,2026-09-20,15,business,,,24700.0,False,06:30,ok,2026-09-05T12:03:17.303729+05:30,2026-09-05_1203IST,airline_direct,IndiGo
MAA,DEL,6E,IndiGo,6E 937,2026-09-20,15,economy,,,10295.0,False,06:30,ok,2026-09-05T12:03:17.303729+05:30,2026-09-05_1203IST,airline_direct,IndiGo
MAA,DEL,6E,IndiGo,6E 6002,2026-09-20,15,business,,,24700.0,False,11:10,ok,2026-09-05T12:03:17.303729+05:30,2026-09-05_1203IST,airline_direct,IndiGo
MAA,DEL,6E,IndiGo,6E 6002,2026-09-20,15,economy,,,10785.0,False,11:10,ok,2026-09-05T12:03:17.303729+05:30,2026-09-05_1203IST,airline_direct,IndiGo
MAA,DEL,6E,IndiGo,6E 939,2026-09-20,15,business,,,24700.0,False,13:00,ok,2026-09-05T12:03:17.303729+05:30,2026-09-05_1203IST,airline_direct,IndiGo
MAA,DEL,6E,IndiGo,6E 939,2026-09-20,15,economy,,,10785.0,False,13:00,ok,2026-09-05T12:03:17.303729+05:30,2026-09-05_1203IST,airline_direct,IndiGo
MAA,DEL,6E,IndiGo,6E 404,2026-09-20,15,business,,,24700.0,False,09:15,ok,2026-09-05T12:03:17.303729+05:30,2026-09-05_1203IST,airline_direct,IndiGo
MAA,DEL,6E,IndiGo,6E 404,2026-09-20,15,economy,,,11303.0,False,09:15,ok,2026-09-05T12:03:17.303729+05:30,2026-09-05_1203IST,airline_direct,IndiGo
MAA,DEL,6E,IndiGo,6E 6081,2026-09-20,15,business,,,29704.0,False,07:05,ok,2026-09-05T12:03:17.303729+05:30,2026-09-05_1203IST,airline_direct,IndiGo
MAA,DEL,6E,IndiGo,6E 6081,2026-09-20,15,economy,,,9857.0,False,07:05,ok,2026-09-05T12:03:17.303729+05:30,2026-09-05_1203IST,airline_direct,IndiGo
MAA,DEL,6E,IndiGo,6E 6081,2026-09-20,15,business,,,29704.0,False,07:05,ok,2026-09-05T12:03:17.303729+05:30,2026-09-05_1203IST,airline_direct,IndiGo
MAA,DEL,6E,IndiGo,6E 6081,2026-09-20,15,economy,,,9857.0,False,07:05,ok,2026-09-05T12:03:17.303729+05:30,2026-09-05_1203IST,airline_direct,IndiGo
MAA,DEL,6E,IndiGo,6E 6815,2026-09-20,15,business,,,29704.0,False,08:55,ok,2026-09-05T12:03:17.303729+05:30,2026-09-05_1203IST,airline_direct,IndiGo
MAA,DEL,6E,IndiGo,6E 6815,2026-09-20,15,economy,,,9857.0,False,08:55,ok,2026-09-05T12:03:17.303729+05:30,2026-09-05_1203IST,airline_direct,IndiGo
MAA,DEL,6E,IndiGo,6E 6892,2026-09-20,15,business,,,30424.0,False,10:55,ok,2026-09-05T12:03:17.303729+05:30,2026-09-05_1203IST,airline_direct,IndiGo
MAA,DEL,6E,IndiGo,6E 6892,2026-09-20,15,economy,,,9857.0,False,10:55,ok,2026-09-05T12:03:17.303729+05:30,2026-09-05_1203IST,airline_direct,IndiGo
MAA,DEL,6E,IndiGo,6E 6892,2026-09-20,15,business,,,30424.0,False,10:55,ok,2026-09-05T12:03:17.303729+05:30,2026-09-05_1203IST,airline_direct,IndiGo
MAA,DEL,6E,IndiGo,6E 6892,2026-09-20,15,economy,,,9857.0,False,10:55,ok,2026-09-05T12:03:17.303729+05:30,2026-09-05_1203IST,airline_direct,IndiGo
MAA,DEL,6E,IndiGo,6E 6005,2026-09-20,15,economy,,,9857.0,False,15:45,ok,2026-09-05T12:03:17.303729+05:30,2026-09-05_1203IST,airline_direct,IndiGo
MAA,DEL,6E,IndiGo,6E 6812,2026-09-20,15,economy,,,9857.0,False,20:00,ok,2026-09-05T12:03:17.303729+05:30,2026-09-05_1203IST,airline_direct,IndiGo
MAA,DEL,6E,IndiGo,6E 6140,2026-09-20,15,business,,,30415.0,False,02:30,ok,2026-09-05T12:03:17.303729+05:30,2026-09-05_1203IST,airline_direct,IndiGo
MAA,DEL,6E,IndiGo,6E 6140,2026-09-20,15,economy,,,9988.0,False,02:30,ok,2026-09-05T12:03:17.303729+05:30,2026-09-05_1203IST,airline_direct,IndiGo
MAA,DEL,6E,IndiGo,6E 5314,2026-09-20,15,business,,,35375.0,False,06:45,ok,2026-09-05T12:03:17.303729+05:30,2026-09-05_1203IST,airline_direct,IndiGo
MAA,DEL,6E,IndiGo,6E 5314,2026-09-20,15,economy,,,9988.0,False,06:45,ok,2026-09-05T12:03:17.303729+05:30,2026-09-05_1203IST,airline_direct,IndiGo
MAA,DEL,6E,IndiGo,6E 321,2026-09-20,15,business,,,31040.0,False,08:20,ok,2026-09-05T12:03:17.303729+05:30,2026-09-05_1203IST,airline_direct,IndiGo
MAA,DEL,6E,IndiGo,6E 321,2026-09-20,15,economy,,,9988.0,False,08:20,ok,2026-09-05T12:03:17.303729+05:30,2026-09-05_1203IST,airline_direct,IndiGo
MAA,DEL,6E,IndiGo,6E 6348,2026-09-20,15,business,,,35375.0,False,09:00,ok,2026-09-05T12:03:17.303729+05:30,2026-09-05_1203IST,airline_direct,IndiGo
MAA,DEL,6E,IndiGo,6E 6348,2026-09-20,15,economy,,,9988.0,False,09:00,ok,2026-09-05T12:03:17.303729+05:30,2026-09-05_1203IST,airline_direct,IndiGo
MAA,DEL,6E,IndiGo,6E 6326,2026-09-20,15,business,,,31512.0,False,11:45,ok,2026-09-05T12:03:17.303729+05:30,2026-09-05_1203IST,airline_direct,IndiGo
MAA,DEL,6E,IndiGo,6E 6326,2026-09-20,15,economy,,,9988.0,False,11:45,ok,2026-09-05T12:03:17.303729+05:30,2026-09-05_1203IST,airline_direct,IndiGo
MAA,DEL,6E,IndiGo,6E 981,2026-09-20,15,economy,,,9988.0,False,13:50,ok,2026-09-05T12:03:17.303729+05:30,2026-09-05_1203IST,airline_direct,IndiGo
MAA,DEL,6E,IndiGo,6E 5371,2026-09-20,15,business,,,35375.0,False,14:45,ok,2026-09-05T12:03:17.303729+05:30,2026-09-05_1203IST,airline_direct,IndiGo
MAA,DEL,6E,IndiGo,6E 5371,2026-09-20,15,economy,,,9988.0,False,14:45,ok,2026-09-05T12:03:17.303729+05:30,2026-09-05_1203IST,airline_direct,IndiGo
MAA,DEL,6E,IndiGo,6E 5104,2026-09-20,15,business,,,35375.0,False,16:40,ok,2026-09-05T12:03:17.303729+05:30,2026-09-05_1203IST,airline_direct,IndiGo
MAA,DEL,6E,IndiGo,6E 5104,2026-09-20,15,economy,,,9988.0,False,16:40,ok,2026-09-05T12:03:17.303729+05:30,2026-09-05_1203IST,airline_direct,IndiGo
MAA,DEL,6E,IndiGo,6E 6113,2026-09-20,15,economy,,,9988.0,False,17:00,ok,2026-09-05T12:03:17.303729+05:30,2026-09-05_1203IST,airline_direct,IndiGo
MAA,DEL,6E,IndiGo,6E 606,2026-09-20,15,business,,,30568.0,False,18:05,ok,2026-09-05T12:03:17.303729+05:30,2026-09-05_1203IST,airline_direct,IndiGo
MAA,DEL,6E,IndiGo,6E 606,2026-09-20,15,economy,,,9988.0,False,18:05,ok,2026-09-05T12:03:17.303729+05:30,2026-09-05_1203IST,airline_direct,IndiGo
MAA,DEL,6E,IndiGo,6E 253,2026-09-20,15,business,,,27587.0,False,03:10,ok,2026-09-05T12:03:17.303729+05:30,2026-09-05_1203IST,airline_direct,IndiGo
MAA,DEL,6E,IndiGo,6E 253,2026-09-20,15,economy,,,10535.0,False,03:10,ok,2026-09-05T12:03:17.303729+05:30,2026-09-05_1203IST,airline_direct,IndiGo
MAA,DEL,6E,IndiGo,6E 607,2026-09-20,15,business,,,27587.0,False,05:40,ok,2026-09-05T12:03:17.303729+05:30,2026-09-05_1203IST,airline_direct,IndiGo
MAA,DEL,6E,IndiGo,6E 607,2026-09-20,15,economy,,,10535.0,False,05:40,ok,2026-09-05T12:03:17.303729+05:30,2026-09-05_1203IST,airline_direct,IndiGo
MAA,DEL,6E,IndiGo,6E 495,2026-09-20,15,business,,,27420.0,False,07:10,ok,2026-09-05T12:03:17.303729+05:30,2026-09-05_1203IST,airline_direct,IndiGo
MAA,DEL,6E,IndiGo,6E 495,2026-09-20,15,economy,,,10535.0,False,07:10,ok,2026-09-05T12:03:17.303729+05:30,2026-09-05_1203IST,airline_direct,IndiGo
MAA,DEL,6E,IndiGo,6E 495,2026-09-20,15,business,,,27420.0,False,07:10,ok,2026-09-05T12:03:17.303729+05:30,2026-09-05_1203IST,airline_direct,IndiGo
MAA,DEL,6E,IndiGo,6E 495,2026-09-20,15,economy,,,10535.0,False,07:10,ok,2026-09-05T12:03:17.303729+05:30,2026-09-05_1203IST,airline_direct,IndiGo
MAA,DEL,6E,IndiGo,6E 834,2026-09-20,15,business,,,27420.0,False,09:05,ok,2026-09-05T12:03:17.303729+05:30,2026-09-05_1203IST,airline_direct,IndiGo
MAA,DEL,6E,IndiGo,6E 834,2026-09-20,15,economy,,,10535.0,False,09:05,ok,2026-09-05T12:03:17.303729+05:30,2026-09-05_1203IST,airline_direct,IndiGo
MAA,DEL,6E,IndiGo,6E 539,2026-09-20,15,economy,,,10535.0,False,11:25,ok,2026-09-05T12:03:17.303729+05:30,2026-09-05_1203IST,airline_direct,IndiGo
MAA,DEL,6E,IndiGo,6E 6925,2026-09-20,15,business,,,28570.0,False,12:00,ok,2026-09-05T12:03:17.303729+05:30,2026-09-05_1203IST,airline_direct,IndiGo
MAA,DEL,6E,IndiGo,6E 6925,2026-09-20,15,economy,,,10535.0,False,12:00,ok,2026-09-05T12:03:17.303729+05:30,2026-09-05_1203IST,airline_direct,IndiGo
MAA,DEL,6E,IndiGo,6E 183,2026-09-20,15,business,,,31483.0,False,16:35,ok,2026-09-05T12:03:17.303729+05:30,2026-09-05_1203IST,airline_direct,IndiGo
MAA,DEL,6E,IndiGo,6E 183,2026-09-20,15,economy,,,10535.0,False,16:35,ok,2026-09-05T12:03:17.303729+05:30,2026-09-05_1203IST,airline_direct,IndiGo
MAA,DEL,6E,IndiGo,6E 848,2026-09-20,15,economy,,,10535.0,False,17:50,ok,2026-09-05T12:03:17.303729+05:30,2026-09-05_1203IST,airline_direct,IndiGo
MAA,DEL,6E,IndiGo,6E 489,2026-09-20,15,economy,,,10535.0,False,18:15,ok,2026-09-05T12:03:17.303729+05:30,2026-09-05_1203IST,airline_direct,IndiGo
MAA,DEL,6E,IndiGo,6E 193,2026-09-20,15,business,,,27420.0,False,20:00,ok,2026-09-05T12:03:17.303729+05:30,2026-09-05_1203IST,airline_direct,IndiGo
MAA,DEL,6E,IndiGo,6E 193,2026-09-20,15,economy,,,10535.0,False,20:00,ok,2026-09-05T12:03:17.303729+05:30,2026-09-05_1203IST,airline_direct,IndiGo
MAA,DEL,6E,IndiGo,6E 6487,2026-09-20,15,business,,,26857.0,False,21:25,ok,2026-09-05T12:03:17.303729+05:30,2026-09-05_1203IST,airline_direct,IndiGo
MAA,DEL,6E,IndiGo,6E 6487,2026-09-20,15,economy,,,10535.0,False,21:25,ok,2026-09-05T12:03:17.303729+05:30,2026-09-05_1203IST,airline_direct,IndiGo
MAA,DEL,6E,IndiGo,6E 561,2026-09-20,15,business,,,28767.0,False,22:20,ok,2026-09-05T12:03:17.303729+05:30,2026-09-05_1203IST,airline_direct,IndiGo
MAA,DEL,6E,IndiGo,6E 561,2026-09-20,15,economy,,,10535.0,False,22:20,ok,2026-09-05T12:03:17.303729+05:30,2026-09-05_1203IST,airline_direct,IndiGo
MAA,DEL,6E,IndiGo,6E 7199,2026-09-20,15,economy,,,10614.0,False,15:05,ok,2026-09-05T12:03:17.303729+05:30,2026-09-05_1203IST,airline_direct,IndiGo
MAA,DEL,6E,IndiGo,6E 973,2026-09-20,15,economy,,,12277.0,False,11:55,ok,2026-09-05T12:03:17.303729+05:30,2026-09-05_1203IST,airline_direct,IndiGo
MAA,DEL,6E,IndiGo,6E 597,2026-09-20,15,economy,,,12645.0,False,17:45,ok,2026-09-05T12:03:17.303729+05:30,2026-09-05_1203IST,airline_direct,IndiGo
MAA,DEL,6E,IndiGo,6E 372,2026-09-20,15,business,,,26398.0,False,09:55,ok,2026-09-05T12:03:17.303729+05:30,2026-09-05_1203IST,airline_direct,IndiGo
MAA,DEL,6E,IndiGo,6E 372,2026-09-20,15,economy,,,13192.0,False,09:55,ok,2026-09-05T12:03:17.303729+05:30,2026-09-05_1203IST,airline_direct,IndiGo
MAA,DEL,6E,IndiGo,6E 189,2026-09-20,15,business,,,31788.0,False,19:05,ok,2026-09-05T12:03:17.303729+05:30,2026-09-05_1203IST,airline_direct,IndiGo
MAA,DEL,6E,IndiGo,6E 189,2026-09-20,15,economy,,,13826.0,False,19:05,ok,2026-09-05T12:03:17.303729+05:30,2026-09-05_1203IST,airline_direct,IndiGo
MAA,DEL,6E,IndiGo,6E 372,2026-09-20,15,business,,,26398.0,False,09:55,ok,2026-09-05T12:03:17.303729+05:30,2026-09-05_1203IST,airline_direct,IndiGo
MAA,DEL,6E,IndiGo,6E 372,2026-09-20,15,economy,,,13871.0,False,09:55,ok,2026-09-05T12:03:17.303729+05:30,2026-09-05_1203IST,airline_direct,IndiGo
MAA,DEL,6E,IndiGo,6E 834,2026-09-20,15,business,,,27420.0,False,09:05,ok,2026-09-05T12:03:17.303729+05:30,2026-09-05_1203IST,airline_direct,IndiGo
MAA,DEL,6E,IndiGo,6E 834,2026-09-20,15,economy,,,14101.0,False,09:05,ok,2026-09-05T12:03:17.303729+05:30,2026-09-05_1203IST,airline_direct,IndiGo
MAA,DEL,6E,IndiGo,6E 502,2026-09-20,15,business,,,30185.0,False,11:10,ok,2026-09-05T12:03:17.303729+05:30,2026-09-05_1203IST,airline_direct,IndiGo
MAA,DEL,6E,IndiGo,6E 502,2026-09-20,15,economy,,,14373.0,False,11:10,ok,2026-09-05T12:03:17.303729+05:30,2026-09-05_1203IST,airline_direct,IndiGo
MAA,DEL,6E,IndiGo,6E 6348,2026-09-20,15,business,,,35375.0,False,09:00,ok,2026-09-05T12:03:17.303729+05:30,2026-09-05_1203IST,airline_direct,IndiGo
MAA,DEL,6E,IndiGo,6E 6348,2026-09-20,15,economy,,,14583.0,False,09:00,ok,2026-09-05T12:03:17.303729+05:30,2026-09-05_1203IST,airline_direct,IndiGo
MAA,DEL,6E,IndiGo,6E 5367,2026-09-20,15,business,,,35375.0,False,18:15,ok,2026-09-05T12:03:17.303729+05:30,2026-09-05_1203IST,airline_direct,IndiGo
MAA,DEL,6E,IndiGo,6E 5367,2026-09-20,15,economy,,,14583.0,False,18:15,ok,2026-09-05T12:03:17.303729+05:30,2026-09-05_1203IST,airline_direct,IndiGo
MAA,DEL,6E,IndiGo,6E 847,2026-09-20,15,business,,,30837.0,False,16:15,ok,2026-09-05T12:03:17.303729+05:30,2026-09-05_1203IST,airline_direct,IndiGo
MAA,DEL,6E,IndiGo,6E 847,2026-09-20,15,economy,,,15585.0,False,16:15,ok,2026-09-05T12:03:17.303729+05:30,2026-09-05_1203IST,airline_direct,IndiGo
MAA,DEL,6E,IndiGo,6E 5258,2026-09-20,15,business,,,35375.0,False,12:45,ok,2026-09-05T12:03:17.303729+05:30,2026-09-05_1203IST,airline_direct,IndiGo
MAA,DEL,6E,IndiGo,6E 5258,2026-09-20,15,economy,,,15745.0,False,12:45,ok,2026-09-05T12:03:17.303729+05:30,2026-09-05_1203IST,airline_direct,IndiGo
MAA,DEL,6E,IndiGo,6E 6925,2026-09-20,15,business,,,28570.0,False,12:00,ok,2026-09-05T12:03:17.303729+05:30,2026-09-05_1203IST,airline_direct,IndiGo
MAA,DEL,6E,IndiGo,6E 6925,2026-09-20,15,economy,,,15804.0,False,12:00,ok,2026-09-05T12:03:17.303729+05:30,2026-09-05_1203IST,airline_direct,IndiGo
MAA,DEL,6E,IndiGo,6E 6158,2026-09-20,15,business,,,28570.0,False,16:10,ok,2026-09-05T12:03:17.303729+05:30,2026-09-05_1203IST,airline_direct,IndiGo
MAA,DEL,6E,IndiGo,6E 6158,2026-09-20,15,economy,,,15804.0,False,16:10,ok,2026-09-05T12:03:17.303729+05:30,2026-09-05_1203IST,airline_direct,IndiGo
MAA,DEL,6E,IndiGo,6E 5214,2026-09-20,15,business,,,35375.0,False,11:00,ok,2026-09-05T12:03:17.303729+05:30,2026-09-05_1203IST,airline_direct,IndiGo
MAA,DEL,6E,IndiGo,6E 5214,2026-09-20,15,economy,,,16295.0,False,11:00,ok,2026-09-05T12:03:17.303729+05:30,2026-09-05_1203IST,airline_direct,IndiGo
MAA,DEL,6E,IndiGo,6E 6209,2026-09-20,15,business,,,32934.0,False,14:35,ok,2026-09-05T12:03:17.303729+05:30,2026-09-05_1203IST,airline_direct,IndiGo
MAA,DEL,6E,IndiGo,6E 6209,2026-09-20,15,economy,,,16306.0,False,14:35,ok,2026-09-05T12:03:17.303729+05:30,2026-09-05_1203IST,airline_direct,IndiGo
MAA,DEL,6E,IndiGo,6E 6209,2026-09-20,15,business,,,32934.0,False,14:35,ok,2026-09-05T12:03:17.303729+05:30,2026-09-05_1203IST,airline_direct,IndiGo
MAA,DEL,6E,IndiGo,6E 6209,2026-09-20,15,economy,,,16306.0,False,14:35,ok,2026-09-05T12:03:17.303729+05:30,2026-09-05_1203IST,airline_direct,IndiGo
MAA,DEL,6E,IndiGo,6E 5258,2026-09-20,15,business,,,35375.0,False,12:45,ok,2026-09-05T12:03:17.303729+05:30,2026-09-05_1203IST,airline_direct,IndiGo
MAA,DEL,6E,IndiGo,6E 5258,2026-09-20,15,economy,,,17005.0,False,12:45,ok,2026-09-05T12:03:17.303729+05:30,2026-09-05_1203IST,airline_direct,IndiGo
MAA,DEL,6E,IndiGo,6E 562,2026-09-20,15,business,,,28570.0,False,18:20,ok,2026-09-05T12:03:17.303729+05:30,2026-09-05_1203IST,airline_direct,IndiGo
MAA,DEL,6E,IndiGo,6E 562,2026-09-20,15,economy,,,17372.0,False,18:20,ok,2026-09-05T12:03:17.303729+05:30,2026-09-05_1203IST,airline_direct,IndiGo
MAA,DEL,6E,IndiGo,6E 401,2026-09-20,15,economy,,,24849.0,False,08:10,ok,2026-09-05T12:03:17.303729+05:30,2026-09-05_1203IST,airline_direct,IndiGo
DEL,BOM,6E,IndiGo,6E 6107,2026-10-05,30,business,,,21900.0,False,09:30,ok,2026-09-05T12:05:43.715510+05:30,2026-09-05_1205IST,airline_direct,IndiGo
DEL,BOM,6E,IndiGo,6E 6107,2026-10-05,30,economy,,,6305.0,False,09:30,ok,2026-09-05T12:05:43.715510+05:30,2026-09-05_1205IST,airline_direct,IndiGo
DEL,BOM,6E,IndiGo,6E 6047,2026-10-05,30,business,,,21900.0,False,11:00,ok,2026-09-05T12:05:43.715510+05:30,2026-09-05_1205IST,airline_direct,IndiGo
DEL,BOM,6E,IndiGo,6E 6047,2026-10-05,30,economy,,,6305.0,False,11:00,ok,2026-09-05T12:05:43.715510+05:30,2026-09-05_1205IST,airline_direct,IndiGo
DEL,BOM,6E,IndiGo,6E 6676,2026-10-05,30,business,,,21900.0,False,12:00,ok,2026-09-05T12:05:43.715510+05:30,2026-09-05_1205IST,airline_direct,IndiGo
DEL,BOM,6E,IndiGo,6E 6676,2026-10-05,30,economy,,,6305.0,False,12:00,ok,2026-09-05T12:05:43.715510+05:30,2026-09-05_1205IST,airline_direct,IndiGo
DEL,BOM,6E,IndiGo,6E 324,2026-10-05,30,business,,,21900.0,False,13:00,ok,2026-09-05T12:05:43.715510+05:30,2026-09-05_1205IST,airline_direct,IndiGo
DEL,BOM,6E,IndiGo,6E 324,2026-10-05,30,economy,,,6305.0,False,13:00,ok,2026-09-05T12:05:43.715510+05:30,2026-09-05_1205IST,airline_direct,IndiGo
DEL,BOM,6E,IndiGo,6E 6022,2026-10-05,30,business,,,21900.0,False,14:00,ok,2026-09-05T12:05:43.715510+05:30,2026-09-05_1205IST,airline_direct,IndiGo
DEL,BOM,6E,IndiGo,6E 6022,2026-10-05,30,economy,,,6305.0,False,14:00,ok,2026-09-05T12:05:43.715510+05:30,2026-09-05_1205IST,airline_direct,IndiGo
DEL,BOM,6E,IndiGo,6E 6318,2026-10-05,30,business,,,21900.0,False,14:45,ok,2026-09-05T12:05:43.715510+05:30,2026-09-05_1205IST,airline_direct,IndiGo
DEL,BOM,6E,IndiGo,6E 6318,2026-10-05,30,economy,,,6305.0,False,14:45,ok,2026-09-05T12:05:43.715510+05:30,2026-09-05_1205IST,airline_direct,IndiGo
DEL,BOM,6E,IndiGo,6E 864,2026-10-05,30,business,,,21900.0,False,15:30,ok,2026-09-05T12:05:43.715510+05:30,2026-09-05_1205IST,airline_direct,IndiGo
DEL,BOM,6E,IndiGo,6E 864,2026-10-05,30,economy,,,6305.0,False,15:30,ok,2026-09-05T12:05:43.715510+05:30,2026-09-05_1205IST,airline_direct,IndiGo
DEL,BOM,6E,IndiGo,6E 327,2026-10-05,30,business,,,21900.0,False,16:15,ok,2026-09-05T12:05:43.715510+05:30,2026-09-05_1205IST,airline_direct,IndiGo
DEL,BOM,6E,IndiGo,6E 327,2026-10-05,30,economy,,,6305.0,False,16:15,ok,2026-09-05T12:05:43.715510+05:30,2026-09-05_1205IST,airline_direct,IndiGo
DEL,BOM,6E,IndiGo,6E 6706,2026-10-05,30,business,,,21900.0,False,17:00,ok,2026-09-05T12:05:43.715510+05:30,2026-09-05_1205IST,airline_direct,IndiGo
DEL,BOM,6E,IndiGo,6E 6706,2026-10-05,30,economy,,,6305.0,False,17:00,ok,2026-09-05T12:05:43.715510+05:30,2026-09-05_1205IST,airline_direct,IndiGo
DEL,BOM,6E,IndiGo,6E 354,2026-10-05,30,business,,,21900.0,False,19:00,ok,2026-09-05T12:05:43.715510+05:30,2026-09-05_1205IST,airline_direct,IndiGo
DEL,BOM,6E,IndiGo,6E 354,2026-10-05,30,economy,,,6305.0,False,19:00,ok,2026-09-05T12:05:43.715510+05:30,2026-09-05_1205IST,airline_direct,IndiGo
DEL,BOM,6E,IndiGo,6E 303,2026-10-05,30,business,,,21900.0,False,20:00,ok,2026-09-05T12:05:43.715510+05:30,2026-09-05_1205IST,airline_direct,IndiGo
DEL,BOM,6E,IndiGo,6E 303,2026-10-05,30,economy,,,6305.0,False,20:00,ok,2026-09-05T12:05:43.715510+05:30,2026-09-05_1205IST,airline_direct,IndiGo
DEL,BOM,6E,IndiGo,6E 6114,2026-10-05,30,business,,,21900.0,False,22:45,ok,2026-09-05T12:05:43.715510+05:30,2026-09-05_1205IST,airline_direct,IndiGo
DEL,BOM,6E,IndiGo,6E 6114,2026-10-05,30,economy,,,6305.0,False,22:45,ok,2026-09-05T12:05:43.715510+05:30,2026-09-05_1205IST,airline_direct,IndiGo
DEL,BOM,6E,IndiGo,6E 449,2026-10-05,30,business,,,21900.0,False,05:00,ok,2026-09-05T12:05:43.715510+05:30,2026-09-05_1205IST,airline_direct,IndiGo
DEL,BOM,6E,IndiGo,6E 449,2026-10-05,30,economy,,,6357.0,False,05:00,ok,2026-09-05T12:05:43.715510+05:30,2026-09-05_1205IST,airline_direct,IndiGo
DEL,BOM,6E,IndiGo,6E 675,2026-10-05,30,business,,,21900.0,False,08:45,ok,2026-09-05T12:05:43.715510+05:30,2026-09-05_1205IST,airline_direct,IndiGo
DEL,BOM,6E,IndiGo,6E 675,2026-10-05,30,economy,,,6357.0,False,08:45,ok,2026-09-05T12:05:43.715510+05:30,2026-09-05_1205IST,airline_direct,IndiGo
DEL,BOM,6E,IndiGo,6E 329,2026-10-05,30,business,,,26083.0,False,18:00,ok,2026-09-05T12:05:43.715510+05:30,2026-09-05_1205IST,airline_direct,IndiGo
DEL,BOM,6E,IndiGo,6E 329,2026-10-05,30,economy,,,6357.0,False,18:00,ok,2026-09-05T12:05:43.715510+05:30,2026-09-05_1205IST,airline_direct,IndiGo
DEL,BOM,6E,IndiGo,6E 853,2026-10-05,30,business,,,21900.0,False,20:45,ok,2026-09-05T12:05:43.715510+05:30,2026-09-05_1205IST,airline_direct,IndiGo
DEL,BOM,6E,IndiGo,6E 853,2026-10-05,30,economy,,,6357.0,False,20:45,ok,2026-09-05T12:05:43.715510+05:30,2026-09-05_1205IST,airline_direct,IndiGo
DEL,BOM,6E,IndiGo,6E 395,2026-10-05,30,business,,,21900.0,False,21:45,ok,2026-09-05T12:05:43.715510+05:30,2026-09-05_1205IST,airline_direct,IndiGo
DEL,BOM,6E,IndiGo,6E 395,2026-10-05,30,economy,,,6357.0,False,21:45,ok,2026-09-05T12:05:43.715510+05:30,2026-09-05_1205IST,airline_direct,IndiGo
DEL,BOM,6E,IndiGo,6E 6218,2026-10-05,30,business,,,21900.0,False,06:05,ok,2026-09-05T12:05:43.715510+05:30,2026-09-05_1205IST,airline_direct,IndiGo
DEL,BOM,6E,IndiGo,6E 6218,2026-10-05,30,economy,,,6431.0,False,06:05,ok,2026-09-05T12:05:43.715510+05:30,2026-09-05_1205IST,airline_direct,IndiGo
DEL,BOM,6E,IndiGo,6E 322,2026-10-05,30,business,,,21900.0,False,23:30,ok,2026-09-05T12:05:43.715510+05:30,2026-09-05_1205IST,airline_direct,IndiGo
DEL,BOM,6E,IndiGo,6E 322,2026-10-05,30,economy,,,6431.0,False,23:30,ok,2026-09-05T12:05:43.715510+05:30,2026-09-05_1205IST,airline_direct,IndiGo
DEL,BOM,6E,IndiGo,6E 6814,2026-10-05,30,business,,,21900.0,False,07:15,ok,2026-09-05T12:05:43.715510+05:30,2026-09-05_1205IST,airline_direct,IndiGo
DEL,BOM,6E,IndiGo,6E 6814,2026-10-05,30,economy,,,6688.0,False,07:15,ok,2026-09-05T12:05:43.715510+05:30,2026-09-05_1205IST,airline_direct,IndiGo
DEL,BOM,6E,IndiGo,6E 320,2026-10-05,30,business,,,21900.0,False,08:00,ok,2026-09-05T12:05:43.715510+05:30,2026-09-05_1205IST,airline_direct,IndiGo
DEL,BOM,6E,IndiGo,6E 320,2026-10-05,30,economy,,,6688.0,False,08:00,ok,2026-09-05T12:05:43.715510+05:30,2026-09-05_1205IST,airline_direct,IndiGo
DEL,BOM,6E,IndiGo,6E 6328,2026-10-05,30,business,,,21900.0,False,10:15,ok,2026-09-05T12:05:43.715510+05:30,2026-09-05_1205IST,airline_direct,IndiGo
DEL,BOM,6E,IndiGo,6E 6328,2026-10-05,30,economy,,,7003.0,False,10:15,ok,2026-09-05T12:05:43.715510+05:30,2026-09-05_1205IST,airline_direct,IndiGo
DEL,BOM,6E,IndiGo,6E 353,2026-10-05,30,business,,,21900.0,False,03:00,ok,2026-09-05T12:05:43.715510+05:30,2026-09-05_1205IST,airline_direct,IndiGo
DEL,BOM,6E,IndiGo,6E 353,2026-10-05,30,economy,,,7318.0,False,03:00,ok,2026-09-05T12:05:43.715510+05:30,2026-09-05_1205IST,airline_direct,IndiGo
DEL,BOM,6E,IndiGo,6E 6261,2026-10-05,30,economy,,,6090.0,False,00:15,ok,2026-09-05T12:05:43.715510+05:30,2026-09-05_1205IST,airline_direct,IndiGo
DEL,BOM,6E,IndiGo,6E 5119,2026-10-05,30,economy,,,6090.0,False,05:10,ok,2026-09-05T12:05:43.715510+05:30,2026-09-05_1205IST,airline_direct,IndiGo
DEL,BOM,6E,IndiGo,6E 2076,2026-10-05,30,economy,,,6090.0,False,07:30,ok,2026-09-05T12:05:43.715510+05:30,2026-09-05_1205IST,airline_direct,IndiGo
DEL,BOM,6E,IndiGo,6E 2331,2026-10-05,30,economy,,,6090.0,False,12:20,ok,2026-09-05T12:05:43.715510+05:30,2026-09-05_1205IST,airline_direct,IndiGo
DEL,BOM,6E,IndiGo,6E 2341,2026-10-05,30,economy,,,6090.0,False,14:50,ok,2026-09-05T12:05:43.715510+05:30,2026-09-05_1205IST,airline_direct,IndiGo
DEL,BOM,6E,IndiGo,6E 6983,2026-10-05,30,economy,,,6090.0,False,15:35,ok,2026-09-05T12:05:43.715510+05:30,2026-09-05_1205IST,airline_direct,IndiGo
DEL,BOM,6E,IndiGo,6E 5073,2026-10-05,30,economy,,,6090.0,False,17:05,ok,2026-09-05T12:05:43.715510+05:30,2026-09-05_1205IST,airline_direct,IndiGo
DEL,BOM,6E,IndiGo,6E 5073,2026-10-05,30,economy,,,6090.0,False,17:05,ok,2026-09-05T12:05:43.715510+05:30,2026-09-05_1205IST,airline_direct,IndiGo
DEL,BOM,6E,IndiGo,6E 5014,2026-10-05,30,economy,,,6090.0,False,18:30,ok,2026-09-05T12:05:43.715510+05:30,2026-09-05_1205IST,airline_direct,IndiGo
DEL,BOM,6E,IndiGo,6E 931,2026-10-05,30,economy,,,6090.0,False,19:30,ok,2026-09-05T12:05:43.715510+05:30,2026-09-05_1205IST,airline_direct,IndiGo
DEL,BOM,6E,IndiGo,6E 6569,2026-10-05,30,economy,,,6222.0,False,05:00,ok,2026-09-05T12:05:43.715510+05:30,2026-09-05_1205IST,airline_direct,IndiGo
DEL,BOM,6E,IndiGo,6E 6459,2026-10-05,30,economy,,,6222.0,False,05:55,ok,2026-09-05T12:05:43.715510+05:30,2026-09-05_1205IST,airline_direct,IndiGo
DEL,BOM,6E,IndiGo,6E 6443,2026-10-05,30,economy,,,6222.0,False,09:00,ok,2026-09-05T12:05:43.715510+05:30,2026-09-05_1205IST,airline_direct,IndiGo
DEL,BOM,6E,IndiGo,6E 6488,2026-10-05,30,economy,,,6222.0,False,11:20,ok,2026-09-05T12:05:43.715510+05:30,2026-09-05_1205IST,airline_direct,IndiGo
DEL,BOM,6E,IndiGo,6E 2249,2026-10-05,30,economy,,,6222.0,False,15:00,ok,2026-09-05T12:05:43.715510+05:30,2026-09-05_1205IST,airline_direct,IndiGo
DEL,BOM,6E,IndiGo,6E 6433,2026-10-05,30,economy,,,6222.0,False,16:30,ok,2026-09-05T12:05:43.715510+05:30,2026-09-05_1205IST,airline_direct,IndiGo
DEL,BOM,6E,IndiGo,6E 6829,2026-10-05,30,economy,,,6222.0,False,17:20,ok,2026-09-05T12:05:43.715510+05:30,2026-09-05_1205IST,airline_direct,IndiGo
DEL,BOM,6E,IndiGo,6E 6829,2026-10-05,30,economy,,,6222.0,False,17:20,ok,2026-09-05T12:05:43.715510+05:30,2026-09-05_1205IST,airline_direct,IndiGo
DEL,BOM,6E,IndiGo,6E 5138,2026-10-05,30,economy,,,6222.0,False,19:10,ok,2026-09-05T12:05:43.715510+05:30,2026-09-05_1205IST,airline_direct,IndiGo
DEL,BOM,6E,IndiGo,6E 2169,2026-10-05,30,economy,,,6222.0,False,19:20,ok,2026-09-05T12:05:43.715510+05:30,2026-09-05_1205IST,airline_direct,IndiGo
DEL,BOM,6E,IndiGo,6E 6050,2026-10-05,30,economy,,,6300.0,False,08:15,ok,2026-09-05T12:05:43.715510+05:30,2026-09-05_1205IST,airline_direct,IndiGo
DEL,BOM,6E,IndiGo,6E 2113,2026-10-05,30,economy,,,6300.0,False,13:20,ok,2026-09-05T12:05:43.715510+05:30,2026-09-05_1205IST,airline_direct,IndiGo
DEL,BOM,6E,IndiGo,6E 5038,2026-10-05,30,economy,,,6300.0,False,14:00,ok,2026-09-05T12:05:43.715510+05:30,2026-09-05_1205IST,airline_direct,IndiGo
DEL,BOM,6E,IndiGo,6E 758,2026-10-05,30,economy,,,6300.0,False,16:10,ok,2026-09-05T12:05:43.715510+05:30,2026-09-05_1205IST,airline_direct,IndiGo
DEL,BOM,6E,IndiGo,6E 2151,2026-10-05,30,economy,,,6300.0,False,19:45,ok,2026-09-05T12:05:43.715510+05:30,2026-09-05_1205IST,airline_direct,IndiGo
DEL,BOM,6E,IndiGo,6E 6479,2026-10-05,30,economy,,,6300.0,False,21:25,ok,2026-09-05T12:05:43.715510+05:30,2026-09-05_1205IST,airline_direct,IndiGo
DEL,BOM,6E,IndiGo,6E 705,2026-10-05,30,business,,,29617.0,False,08:30,ok,2026-09-05T12:05:43.715510+05:30,2026-09-05_1205IST,airline_direct,IndiGo
DEL,BOM,6E,IndiGo,6E 705,2026-10-05,30,economy,,,6432.0,False,08:30,ok,2026-09-05T12:05:43.715510+05:30,2026-09-05_1205IST,airline_direct,IndiGo
DEL,BOM,6E,IndiGo,6E 6293,2026-10-05,30,business,,,29617.0,False,09:55,ok,2026-09-05T12:05:43.715510+05:30,2026-09-05_1205IST,airline_direct,IndiGo
DEL,BOM,6E,IndiGo,6E 6293,2026-10-05,30,economy,,,6432.0,False,09:55,ok,2026-09-05T12:05:43.715510+05:30,2026-09-05_1205IST,airline_direct,IndiGo
DEL,BOM,6E,IndiGo,6E 6282,2026-10-05,30,business,,,29617.0,False,13:30,ok,2026-09-05T12:05:43.715510+05:30,2026-09-05_1205IST,airline_direct,IndiGo
DEL,BOM,6E,IndiGo,6E 6282,2026-10-05,30,economy,,,6432.0,False,13:30,ok,2026-09-05T12:05:43.715510+05:30,2026-09-05_1205IST,airline_direct,IndiGo
DEL,BOM,6E,IndiGo,6E 717,2026-10-05,30,business,,,29617.0,False,17:55,ok,2026-09-05T12:05:43.715510+05:30,2026-09-05_1205IST,airline_direct,IndiGo
DEL,BOM,6E,IndiGo,6E 717,2026-10-05,30,economy,,,6432.0,False,17:55,ok,2026-09-05T12:05:43.715510+05:30,2026-09-05_1205IST,airline_direct,IndiGo
DEL,BOM,6E,IndiGo,6E 6497,2026-10-05,30,economy,,,6432.0,False,18:40,ok,2026-09-05T12:05:43.715510+05:30,2026-09-05_1205IST,airline_direct,IndiGo
DEL,BOM,6E,IndiGo,6E 6601,2026-10-05,30,business,,,29617.0,False,19:45,ok,2026-09-05T12:05:43.715510+05:30,2026-09-05_1205IST,airline_direct,IndiGo
DEL,BOM,6E,IndiGo,6E 6601,2026-10-05,30,economy,,,6432.0,False,19:45,ok,2026-09-05T12:05:43.715510+05:30,2026-09-05_1205IST,airline_direct,IndiGo
DEL,BOM,6E,IndiGo,6E 5119,2026-10-05,30,economy,,,6562.0,False,05:10,ok,2026-09-05T12:05:43.715510+05:30,2026-09-05_1205IST,airline_direct,IndiGo
DEL,BOM,6E,IndiGo,6E 2496,2026-10-05,30,economy,,,6747.0,False,12:40,ok,2026-09-05T12:05:43.715510+05:30,2026-09-05_1205IST,airline_direct,IndiGo
DEL,BOM,6E,IndiGo,6E 2298,2026-10-05,30,economy,,,7650.0,False,09:45,ok,2026-09-05T12:05:43.715510+05:30,2026-09-05_1205IST,airline_direct,IndiGo
DEL,BOM,6E,IndiGo,6E 6171,2026-10-05,30,economy,,,8276.0,False,05:40,ok,2026-09-05T12:05:43.715510+05:30,2026-09-05_1205IST,airline_direct,IndiGo
DEL,BOM,6E,IndiGo,6E 704,2026-10-05,30,business,,,29617.0,False,02:25,ok,2026-09-05T12:05:43.715510+05:30,2026-09-05_1205IST,airline_direct,IndiGo
DEL,BOM,6E,IndiGo,6E 704,2026-10-05,30,economy,,,8618.0,False,02:25,ok,2026-09-05T12:05:43.715510+05:30,2026-09-05_1205IST,airline_direct,IndiGo
DEL,BOM,6E,IndiGo,6E 6212,2026-10-05,30,business,,,29617.0,False,14:45,ok,2026-09-05T12:05:43.715510+05:30,2026-09-05_1205IST,airline_direct,IndiGo
DEL,BOM,6E,IndiGo,6E 6212,2026-10-05,30,economy,,,8618.0,False,14:45,ok,2026-09-05T12:05:43.715510+05:30,2026-09-05_1205IST,airline_direct,IndiGo
DEL,BOM,6E,IndiGo,6E 2349,2026-10-05,30,economy,,,9314.0,False,10:55,ok,2026-09-05T12:05:43.715510+05:30,2026-09-05_1205IST,airline_direct,IndiGo
DEL,BOM,6E,IndiGo,6E 2013,2026-10-05,30,economy,,,9960.0,False,21:50,ok,2026-09-05T12:05:43.715510+05:30,2026-09-05_1205IST,airline_direct,IndiGo
DEL,BOM,6E,IndiGo,6E 358,2026-10-05,30,economy,,,10141.0,False,12:10,ok,2026-09-05T12:05:43.715510+05:30,2026-09-05_1205IST,airline_direct,IndiGo
DEL,BOM,6E,IndiGo,6E 357,2026-10-05,30,business,,,36261.0,False,19:30,ok,2026-09-05T12:05:43.715510+05:30,2026-09-05_1205IST,airline_direct,IndiGo
DEL,BOM,6E,IndiGo,6E 357,2026-10-05,30,economy,,,10722.0,False,19:30,ok,2026-09-05T12:05:43.715510+05:30,2026-09-05_1205IST,airline_direct,IndiGo
DEL,BOM,6E,IndiGo,6E 5298,2026-10-05,30,economy,,,11678.0,False,09:00,ok,2026-09-05T12:05:43.715510+05:30,2026-09-05_1205IST,airline_direct,IndiGo
DEL,BOM,6E,IndiGo,6E 882,2026-10-05,30,business,,,26583.0,False,23:15,ok,2026-09-05T12:05:43.715510+05:30,2026-09-05_1205IST,airline_direct,IndiGo
DEL,BOM,6E,IndiGo,6E 882,2026-10-05,30,economy,,,12484.0,False,23:15,ok,2026-09-05T12:05:43.715510+05:30,2026-09-05_1205IST,airline_direct,IndiGo
DEL,BLR,6E,IndiGo,6E 2314,2026-10-05,30,business,,,26048.0,False,05:45,ok,2026-09-05T12:06:50.219999+05:30,2026-09-05_1206IST,airline_direct,IndiGo
DEL,BLR,6E,IndiGo,6E 2314,2026-10-05,30,economy,,,8671.0,False,05:45,ok,2026-09-05T12:06:50.219999+05:30,2026-09-05_1206IST,airline_direct,IndiGo
DEL,BLR,6E,IndiGo,6E 810,2026-10-05,30,business,,,26048.0,False,07:05,ok,2026-09-05T12:06:50.219999+05:30,2026-09-05_1206IST,airline_direct,IndiGo
DEL,BLR,6E,IndiGo,6E 810,2026-10-05,30,economy,,,8671.0,False,07:05,ok,2026-09-05T12:06:50.219999+05:30,2026-09-05_1206IST,airline_direct,IndiGo
DEL,BLR,6E,IndiGo,6E 826,2026-10-05,30,business,,,26048.0,False,09:30,ok,2026-09-05T12:06:50.219999+05:30,2026-09-05_1206IST,airline_direct,IndiGo
DEL,BLR,6E,IndiGo,6E 826,2026-10-05,30,economy,,,8671.0,False,09:30,ok,2026-09-05T12:06:50.219999+05:30,2026-09-05_1206IST,airline_direct,IndiGo
DEL,BLR,6E,IndiGo,6E 842,2026-10-05,30,business,,,26048.0,False,10:45,ok,2026-09-05T12:06:50.219999+05:30,2026-09-05_1206IST,airline_direct,IndiGo
DEL,BLR,6E,IndiGo,6E 842,2026-10-05,30,economy,,,8671.0,False,10:45,ok,2026-09-05T12:06:50.219999+05:30,2026-09-05_1206IST,airline_direct,IndiGo
DEL,BLR,6E,IndiGo,6E 850,2026-10-05,30,business,,,26048.0,False,12:15,ok,2026-09-05T12:06:50.219999+05:30,2026-09-05_1206IST,airline_direct,IndiGo
DEL,BLR,6E,IndiGo,6E 850,2026-10-05,30,economy,,,8671.0,False,12:15,ok,2026-09-05T12:06:50.219999+05:30,2026-09-05_1206IST,airline_direct,IndiGo
DEL,BLR,6E,IndiGo,6E 176,2026-10-05,30,business,,,26048.0,False,13:15,ok,2026-09-05T12:06:50.219999+05:30,2026-09-05_1206IST,airline_direct,IndiGo
DEL,BLR,6E,IndiGo,6E 176,2026-10-05,30,economy,,,8671.0,False,13:15,ok,2026-09-05T12:06:50.219999+05:30,2026-09-05_1206IST,airline_direct,IndiGo
DEL,BLR,6E,IndiGo,6E 828,2026-10-05,30,business,,,26048.0,False,14:30,ok,2026-09-05T12:06:50.219999+05:30,2026-09-05_1206IST,airline_direct,IndiGo
DEL,BLR,6E,IndiGo,6E 828,2026-10-05,30,economy,,,8671.0,False,14:30,ok,2026-09-05T12:06:50.219999+05:30,2026-09-05_1206IST,airline_direct,IndiGo
DEL,BLR,6E,IndiGo,6E 880,2026-10-05,30,business,,,26048.0,False,15:45,ok,2026-09-05T12:06:50.219999+05:30,2026-09-05_1206IST,airline_direct,IndiGo
DEL,BLR,6E,IndiGo,6E 880,2026-10-05,30,economy,,,8671.0,False,15:45,ok,2026-09-05T12:06:50.219999+05:30,2026-09-05_1206IST,airline_direct,IndiGo
DEL,BLR,6E,IndiGo,6E 837,2026-10-05,30,business,,,26048.0,False,17:00,ok,2026-09-05T12:06:50.219999+05:30,2026-09-05_1206IST,airline_direct,IndiGo
DEL,BLR,6E,IndiGo,6E 837,2026-10-05,30,economy,,,8671.0,False,17:00,ok,2026-09-05T12:06:50.219999+05:30,2026-09-05_1206IST,airline_direct,IndiGo
DEL,BLR,6E,IndiGo,6E 6515,2026-10-05,30,business,,,26048.0,False,20:45,ok,2026-09-05T12:06:50.219999+05:30,2026-09-05_1206IST,airline_direct,IndiGo
DEL,BLR,6E,IndiGo,6E 6515,2026-10-05,30,economy,,,8671.0,False,20:45,ok,2026-09-05T12:06:50.219999+05:30,2026-09-05_1206IST,airline_direct,IndiGo
DEL,BLR,6E,IndiGo,6E 871,2026-10-05,30,business,,,26048.0,False,23:30,ok,2026-09-05T12:06:50.219999+05:30,2026-09-05_1206IST,airline_direct,IndiGo
DEL,BLR,6E,IndiGo,6E 871,2026-10-05,30,economy,,,8671.0,False,23:30,ok,2026-09-05T12:06:50.219999+05:30,2026-09-05_1206IST,airline_direct,IndiGo
DEL,BLR,6E,IndiGo,6E 6054,2026-10-05,30,business,,,26048.0,False,01:05,ok,2026-09-05T12:06:50.219999+05:30,2026-09-05_1206IST,airline_direct,IndiGo
DEL,BLR,6E,IndiGo,6E 6054,2026-10-05,30,economy,,,9128.0,False,01:05,ok,2026-09-05T12:06:50.219999+05:30,2026-09-05_1206IST,airline_direct,IndiGo
DEL,BLR,6E,IndiGo,6E 873,2026-10-05,30,business,,,26048.0,False,08:20,ok,2026-09-05T12:06:50.219999+05:30,2026-09-05_1206IST,airline_direct,IndiGo
DEL,BLR,6E,IndiGo,6E 873,2026-10-05,30,economy,,,9128.0,False,08:20,ok,2026-09-05T12:06:50.219999+05:30,2026-09-05_1206IST,airline_direct,IndiGo
DEL,BLR,6E,IndiGo,6E 811,2026-10-05,30,business,,,26048.0,False,18:20,ok,2026-09-05T12:06:50.219999+05:30,2026-09-05_1206IST,airline_direct,IndiGo
DEL,BLR,6E,IndiGo,6E 811,2026-10-05,30,economy,,,9128.0,False,18:20,ok,2026-09-05T12:06:50.219999+05:30,2026-09-05_1206IST,airline_direct,IndiGo
DEL,BLR,6E,IndiGo,6E 820,2026-10-05,30,business,,,26048.0,False,03:00,ok,2026-09-05T12:06:50.219999+05:30,2026-09-05_1206IST,airline_direct,IndiGo
DEL,BLR,6E,IndiGo,6E 820,2026-10-05,30,economy,,,9613.0,False,03:00,ok,2026-09-05T12:06:50.219999+05:30,2026-09-05_1206IST,airline_direct,IndiGo
DEL,BLR,6E,IndiGo,6E 861,2026-10-05,30,business,,,26048.0,False,19:30,ok,2026-09-05T12:06:50.219999+05:30,2026-09-05_1206IST,airline_direct,IndiGo
DEL,BLR,6E,IndiGo,6E 861,2026-10-05,30,economy,,,9613.0,False,19:30,ok,2026-09-05T12:06:50.219999+05:30,2026-09-05_1206IST,airline_direct,IndiGo
DEL,BLR,6E,IndiGo,6E 846,2026-10-05,30,business,,,26048.0,False,22:00,ok,2026-09-05T12:06:50.219999+05:30,2026-09-05_1206IST,airline_direct,IndiGo
DEL,BLR,6E,IndiGo,6E 846,2026-10-05,30,economy,,,10675.0,False,22:00,ok,2026-09-05T12:06:50.219999+05:30,2026-09-05_1206IST,airline_direct,IndiGo
DEL,BLR,6E,IndiGo,6E 704,2026-10-05,30,business,,,24908.0,False,02:25,ok,2026-09-05T12:06:50.219999+05:30,2026-09-05_1206IST,airline_direct,IndiGo
DEL,BLR,6E,IndiGo,6E 704,2026-10-05,30,economy,,,8360.0,False,02:25,ok,2026-09-05T12:06:50.219999+05:30,2026-09-05_1206IST,airline_direct,IndiGo
DEL,BLR,6E,IndiGo,6E 704,2026-10-05,30,business,,,24908.0,False,02:25,ok,2026-09-05T12:06:50.219999+05:30,2026-09-05_1206IST,airline_direct,IndiGo
DEL,BLR,6E,IndiGo,6E 704,2026-10-05,30,economy,,,8360.0,False,02:25,ok,2026-09-05T12:06:50.219999+05:30,2026-09-05_1206IST,airline_direct,IndiGo
DEL,BLR,6E,IndiGo,6E 6293,2026-10-05,30,business,,,24908.0,False,09:55,ok,2026-09-05T12:06:50.219999+05:30,2026-09-05_1206IST,airline_direct,IndiGo
DEL,BLR,6E,IndiGo,6E 6293,2026-10-05,30,economy,,,8360.0,False,09:55,ok,2026-09-05T12:06:50.219999+05:30,2026-09-05_1206IST,airline_direct,IndiGo
DEL,BLR,6E,IndiGo,6E 884,2026-10-05,30,business,,,25312.0,False,11:45,ok,2026-09-05T12:06:50.219999+05:30,2026-09-05_1206IST,airline_direct,IndiGo
DEL,BLR,6E,IndiGo,6E 884,2026-10-05,30,economy,,,8360.0,False,11:45,ok,2026-09-05T12:06:50.219999+05:30,2026-09-05_1206IST,airline_direct,IndiGo
DEL,BLR,6E,IndiGo,6E 6282,2026-10-05,30,business,,,25312.0,False,13:30,ok,2026-09-05T12:06:50.219999+05:30,2026-09-05_1206IST,airline_direct,IndiGo
DEL,BLR,6E,IndiGo,6E 6282,2026-10-05,30,economy,,,8360.0,False,13:30,ok,2026-09-05T12:06:50.219999+05:30,2026-09-05_1206IST,airline_direct,IndiGo
DEL,BLR,6E,IndiGo,6E 6212,2026-10-05,30,business,,,25312.0,False,14:45,ok,2026-09-05T12:06:50.219999+05:30,2026-09-05_1206IST,airline_direct,IndiGo
DEL,BLR,6E,IndiGo,6E 6212,2026-10-05,30,economy,,,8360.0,False,14:45,ok,2026-09-05T12:06:50.219999+05:30,2026-09-05_1206IST,airline_direct,IndiGo
DEL,BLR,6E,IndiGo,6E 717,2026-10-05,30,business,,,24542.0,False,17:55,ok,2026-09-05T12:06:50.219999+05:30,2026-09-05_1206IST,airline_direct,IndiGo
DEL,BLR,6E,IndiGo,6E 717,2026-10-05,30,economy,,,8360.0,False,17:55,ok,2026-09-05T12:06:50.219999+05:30,2026-09-05_1206IST,airline_direct,IndiGo
DEL,BLR,6E,IndiGo,6E 2343,2026-10-05,30,business,,,27107.0,False,02:20,ok,2026-09-05T12:06:50.219999+05:30,2026-09-05_1206IST,airline_direct,IndiGo
DEL,BLR,6E,IndiGo,6E 2343,2026-10-05,30,economy,,,8491.0,False,02:20,ok,2026-09-05T12:06:50.219999+05:30,2026-09-05_1206IST,airline_direct,IndiGo
DEL,BLR,6E,IndiGo,6E 6569,2026-10-05,30,economy,,,8491.0,False,05:00,ok,2026-09-05T12:06:50.219999+05:30,2026-09-05_1206IST,airline_direct,IndiGo
DEL,BLR,6E,IndiGo,6E 6459,2026-10-05,30,economy,,,8491.0,False,05:55,ok,2026-09-05T12:06:50.219999+05:30,2026-09-05_1206IST,airline_direct,IndiGo
DEL,BLR,6E,IndiGo,6E 6488,2026-10-05,30,economy,,,8491.0,False,11:20,ok,2026-09-05T12:06:50.219999+05:30,2026-09-05_1206IST,airline_direct,IndiGo
DEL,BLR,6E,IndiGo,6E 2361,2026-10-05,30,economy,,,8491.0,False,14:35,ok,2026-09-05T12:06:50.219999+05:30,2026-09-05_1206IST,airline_direct,IndiGo
DEL,BLR,6E,IndiGo,6E 990,2026-10-05,30,economy,,,8491.0,False,14:50,ok,2026-09-05T12:06:50.219999+05:30,2026-09-05_1206IST,airline_direct,IndiGo
DEL,BLR,6E,IndiGo,6E 2557,2026-10-05,30,economy,,,8491.0,False,15:20,ok,2026-09-05T12:06:50.219999+05:30,2026-09-05_1206IST,airline_direct,IndiGo
DEL,BLR,6E,IndiGo,6E 864,2026-10-05,30,business,,,34636.0,False,15:30,ok,2026-09-05T12:06:50.219999+05:30,2026-09-05_1206IST,airline_direct,IndiGo
DEL,BLR,6E,IndiGo,6E 864,2026-10-05,30,economy,,,8491.0,False,15:30,ok,2026-09-05T12:06:50.219999+05:30,2026-09-05_1206IST,airline_direct,IndiGo
DEL,BLR,6E,IndiGo,6E 734,2026-10-05,30,economy,,,8491.0,False,16:20,ok,2026-09-05T12:06:50.219999+05:30,2026-09-05_1206IST,airline_direct,IndiGo
DEL,BLR,6E,IndiGo,6E 5073,2026-10-05,30,economy,,,8491.0,False,17:05,ok,2026-09-05T12:06:50.219999+05:30,2026-09-05_1206IST,airline_direct,IndiGo
DEL,BLR,6E,IndiGo,6E 329,2026-10-05,30,business,,,38235.0,False,18:00,ok,2026-09-05T12:06:50.219999+05:30,2026-09-05_1206IST,airline_direct,IndiGo
DEL,BLR,6E,IndiGo,6E 329,2026-10-05,30,economy,,,8491.0,False,18:00,ok,2026-09-05T12:06:50.219999+05:30,2026-09-05_1206IST,airline_direct,IndiGo
DEL,BLR,6E,IndiGo,6E 6179,2026-10-05,30,economy,,,8491.0,False,18:30,ok,2026-09-05T12:06:50.219999+05:30,2026-09-05_1206IST,airline_direct,IndiGo
DEL,BLR,6E,IndiGo,6E 6476,2026-10-05,30,economy,,,8570.0,False,07:05,ok,2026-09-05T12:06:50.219999+05:30,2026-09-05_1206IST,airline_direct,IndiGo
DEL,BLR,6E,IndiGo,6E 434,2026-10-05,30,economy,,,8570.0,False,11:00,ok,2026-09-05T12:06:50.219999+05:30,2026-09-05_1206IST,airline_direct,IndiGo
DEL,BLR,6E,IndiGo,6E 6115,2026-10-05,30,economy,,,8570.0,False,13:10,ok,2026-09-05T12:06:50.219999+05:30,2026-09-05_1206IST,airline_direct,IndiGo
DEL,BLR,6E,IndiGo,6E 5038,2026-10-05,30,economy,,,8570.0,False,14:00,ok,2026-09-05T12:06:50.219999+05:30,2026-09-05_1206IST,airline_direct,IndiGo
DEL,BLR,6E,IndiGo,6E 6091,2026-10-05,30,economy,,,8570.0,False,15:15,ok,2026-09-05T12:06:50.219999+05:30,2026-09-05_1206IST,airline_direct,IndiGo
DEL,BLR,6E,IndiGo,6E 947,2026-10-05,30,economy,,,8570.0,False,16:40,ok,2026-09-05T12:06:50.219999+05:30,2026-09-05_1206IST,airline_direct,IndiGo
DEL,BLR,6E,IndiGo,6E 2150,2026-10-05,30,business,,,35879.0,False,16:55,ok,2026-09-05T12:06:50.219999+05:30,2026-09-05_1206IST,airline_direct,IndiGo
DEL,BLR,6E,IndiGo,6E 2150,2026-10-05,30,economy,,,8570.0,False,16:55,ok,2026-09-05T12:06:50.219999+05:30,2026-09-05_1206IST,airline_direct,IndiGo
DEL,BLR,6E,IndiGo,6E 950,2026-10-05,30,economy,,,8570.0,False,18:15,ok,2026-09-05T12:06:50.219999+05:30,2026-09-05_1206IST,airline_direct,IndiGo
DEL,BLR,6E,IndiGo,6E 357,2026-10-05,30,business,,,35053.0,False,19:30,ok,2026-09-05T12:06:50.219999+05:30,2026-09-05_1206IST,airline_direct,IndiGo
DEL,BLR,6E,IndiGo,6E 357,2026-10-05,30,economy,,,8570.0,False,19:30,ok,2026-09-05T12:06:50.219999+05:30,2026-09-05_1206IST,airline_direct,IndiGo
DEL,BLR,6E,IndiGo,6E 2769,2026-10-05,30,economy,,,8701.0,False,08:10,ok,2026-09-05T12:06:50.219999+05:30,2026-09-05_1206IST,airline_direct,IndiGo
DEL,BLR,6E,IndiGo,6E 6497,2026-10-05,30,economy,,,8701.0,False,18:40,ok,2026-09-05T12:06:50.219999+05:30,2026-09-05_1206IST,airline_direct,IndiGo
DEL,BLR,6E,IndiGo,6E 2482,2026-10-05,30,economy,,,8701.0,False,19:55,ok,2026-09-05T12:06:50.219999+05:30,2026-09-05_1206IST,airline_direct,IndiGo
DEL,BLR,6E,IndiGo,6E 5191,2026-10-05,30,economy,,,8911.0,False,05:00,ok,2026-09-05T12:06:50.219999+05:30,2026-09-05_1206IST,airline_direct,IndiGo
DEL,BLR,6E,IndiGo,6E 758,2026-10-05,30,economy,,,9029.0,False,16:10,ok,2026-09-05T12:06:50.219999+05:30,2026-09-05_1206IST,airline_direct,IndiGo
DEL,BLR,6E,IndiGo,6E 6217,2026-10-05,30,business,,,24908.0,False,16:15,ok,2026-09-05T12:06:50.219999+05:30,2026-09-05_1206IST,airline_direct,IndiGo
DEL,BLR,6E,IndiGo,6E 6217,2026-10-05,30,economy,,,9029.0,False,16:15,ok,2026-09-05T12:06:50.219999+05:30,2026-09-05_1206IST,airline_direct,IndiGo
DEL,BLR,6E,IndiGo,6E 5119,2026-10-05,30,economy,,,9161.0,False,05:10,ok,2026-09-05T12:06:50.219999+05:30,2026-09-05_1206IST,airline_direct,IndiGo
DEL,BLR,6E,IndiGo,6E 931,2026-10-05,30,economy,,,9161.0,False,19:30,ok,2026-09-05T12:06:50.219999+05:30,2026-09-05_1206IST,airline_direct,IndiGo
DEL,BLR,6E,IndiGo,6E 358,2026-10-05,30,business,,,36469.0,False,12:10,ok,2026-09-05T12:06:50.219999+05:30,2026-09-05_1206IST,airline_direct,IndiGo
DEL,BLR,6E,IndiGo,6E 358,2026-10-05,30,economy,,,9239.0,False,12:10,ok,2026-09-05T12:06:50.219999+05:30,2026-09-05_1206IST,airline_direct,IndiGo
DEL,BLR,6E,IndiGo,6E 5033,2026-10-05,30,economy,,,9239.0,False,15:50,ok,2026-09-05T12:06:50.219999+05:30,2026-09-05_1206IST,airline_direct,IndiGo
DEL,BLR,6E,IndiGo,6E 513,2026-10-05,30,business,,,29865.0,False,08:30,ok,2026-09-05T12:06:50.219999+05:30,2026-09-05_1206IST,airline_direct,IndiGo
DEL,BLR,6E,IndiGo,6E 513,2026-10-05,30,economy,,,9581.0,False,08:30,ok,2026-09-05T12:06:50.219999+05:30,2026-09-05_1206IST,airline_direct,IndiGo
DEL,BLR,6E,IndiGo,6E 933,2026-10-05,30,economy,,,10786.0,False,02:55,ok,2026-09-05T12:06:50.219999+05:30,2026-09-05_1206IST,airline_direct,IndiGo
DEL,BLR,6E,IndiGo,6E 2618,2026-10-05,30,business,,,26315.0,False,23:00,ok,2026-09-05T12:06:50.219999+05:30,2026-09-05_1206IST,airline_direct,IndiGo
DEL,BLR,6E,IndiGo,6E 2618,2026-10-05,30,economy,,,10969.0,False,23:00,ok,2026-09-05T12:06:50.219999+05:30,2026-09-05_1206IST,airline_direct,IndiGo
DEL,BLR,6E,IndiGo,6E 6437,2026-10-05,30,business,,,26315.0,False,16:25,ok,2026-09-05T12:06:50.219999+05:30,2026-09-05_1206IST,airline_direct,IndiGo
DEL,BLR,6E,IndiGo,6E 6437,2026-10-05,30,economy,,,11598.0,False,16:25,ok,2026-09-05T12:06:50.219999+05:30,2026-09-05_1206IST,airline_direct,IndiGo
DEL,BLR,6E,IndiGo,6E 2277,2026-10-05,30,business,,,37295.0,False,10:25,ok,2026-09-05T12:06:50.219999+05:30,2026-09-05_1206IST,airline_direct,IndiGo
DEL,BLR,6E,IndiGo,6E 2277,2026-10-05,30,economy,,,11677.0,False,10:25,ok,2026-09-05T12:06:50.219999+05:30,2026-09-05_1206IST,airline_direct,IndiGo
DEL,BLR,6E,IndiGo,6E 2349,2026-10-05,30,economy,,,11722.0,False,10:55,ok,2026-09-05T12:06:50.219999+05:30,2026-09-05_1206IST,airline_direct,IndiGo
DEL,BLR,6E,IndiGo,6E 6673,2026-10-05,30,business,,,26315.0,False,21:15,ok,2026-09-05T12:06:50.219999+05:30,2026-09-05_1206IST,airline_direct,IndiGo
DEL,BLR,6E,IndiGo,6E 6673,2026-10-05,30,economy,,,12473.0,False,21:15,ok,2026-09-05T12:06:50.219999+05:30,2026-09-05_1206IST,airline_direct,IndiGo
DEL,BLR,6E,IndiGo,6E 6632,2026-10-05,30,economy,,,13203.0,False,17:50,ok,2026-09-05T12:06:50.219999+05:30,2026-09-05_1206IST,airline_direct,IndiGo
DEL,BLR,6E,IndiGo,6E 2364,2026-10-05,30,economy,,,15070.0,False,04:50,ok,2026-09-05T12:06:50.219999+05:30,2026-09-05_1206IST,airline_direct,IndiGo
DEL,BLR,6E,IndiGo,6E 754,2026-10-05,30,economy,,,16370.0,False,17:10,ok,2026-09-05T12:06:50.219999+05:30,2026-09-05_1206IST,airline_direct,IndiGo
BOM,BLR,6E,IndiGo,error,2026-10-05,30,unknown,,,,False,unknown,error,2026-09-05T12:08:51.649521+05:30,2026-09-05_1208IST,airline_direct,IndiGo
DEL,CCU,6E,IndiGo,6E 340,2026-10-05,30,business,,,22600.0,False,07:20,ok,2026-09-05T12:11:37.186792+05:30,2026-09-05_1211IST,airline_direct,IndiGo
DEL,CCU,6E,IndiGo,6E 340,2026-10-05,30,economy,,,8502.0,False,07:20,ok,2026-09-05T12:11:37.186792+05:30,2026-09-05_1211IST,airline_direct,IndiGo
DEL,CCU,6E,IndiGo,6E 894,2026-10-05,30,business,,,22600.0,False,10:15,ok,2026-09-05T12:11:37.186792+05:30,2026-09-05_1211IST,airline_direct,IndiGo
DEL,CCU,6E,IndiGo,6E 894,2026-10-05,30,economy,,,9080.0,False,10:15,ok,2026-09-05T12:11:37.186792+05:30,2026-09-05_1211IST,airline_direct,IndiGo
DEL,CCU,6E,IndiGo,6E 910,2026-10-05,30,business,,,22600.0,False,14:25,ok,2026-09-05T12:11:37.186792+05:30,2026-09-05_1211IST,airline_direct,IndiGo
DEL,CCU,6E,IndiGo,6E 910,2026-10-05,30,economy,,,9080.0,False,14:25,ok,2026-09-05T12:11:37.186792+05:30,2026-09-05_1211IST,airline_direct,IndiGo
DEL,CCU,6E,IndiGo,6E 6517,2026-10-05,30,business,,,22600.0,False,19:30,ok,2026-09-05T12:11:37.186792+05:30,2026-09-05_1211IST,airline_direct,IndiGo
DEL,CCU,6E,IndiGo,6E 6517,2026-10-05,30,economy,,,9080.0,False,19:30,ok,2026-09-05T12:11:37.186792+05:30,2026-09-05_1211IST,airline_direct,IndiGo
DEL,CCU,6E,IndiGo,6E 513,2026-10-05,30,business,,,22600.0,False,08:30,ok,2026-09-05T12:11:37.186792+05:30,2026-09-05_1211IST,airline_direct,IndiGo
DEL,CCU,6E,IndiGo,6E 513,2026-10-05,30,economy,,,9552.0,False,08:30,ok,2026-09-05T12:11:37.186792+05:30,2026-09-05_1211IST,airline_direct,IndiGo
DEL,CCU,6E,IndiGo,6E 897,2026-10-05,30,business,,,22600.0,False,12:45,ok,2026-09-05T12:11:37.186792+05:30,2026-09-05_1211IST,airline_direct,IndiGo
DEL,CCU,6E,IndiGo,6E 897,2026-10-05,30,economy,,,9552.0,False,12:45,ok,2026-09-05T12:11:37.186792+05:30,2026-09-05_1211IST,airline_direct,IndiGo
DEL,CCU,6E,IndiGo,6E 389,2026-10-05,30,business,,,22600.0,False,21:50,ok,2026-09-05T12:11:37.186792+05:30,2026-09-05_1211IST,airline_direct,IndiGo
DEL,CCU,6E,IndiGo,6E 389,2026-10-05,30,economy,,,9552.0,False,21:50,ok,2026-09-05T12:11:37.186792+05:30,2026-09-05_1211IST,airline_direct,IndiGo
DEL,CCU,6E,IndiGo,6E 247,2026-10-05,30,business,,,22600.0,False,23:30,ok,2026-09-05T12:11:37.186792+05:30,2026-09-05_1211IST,airline_direct,IndiGo
DEL,CCU,6E,IndiGo,6E 247,2026-10-05,30,economy,,,9552.0,False,23:30,ok,2026-09-05T12:11:37.186792+05:30,2026-09-05_1211IST,airline_direct,IndiGo
DEL,CCU,6E,IndiGo,6E 5191,2026-10-05,30,business,,,22600.0,False,05:00,ok,2026-09-05T12:11:37.186792+05:30,2026-09-05_1211IST,airline_direct,IndiGo
DEL,CCU,6E,IndiGo,6E 5191,2026-10-05,30,economy,,,10077.0,False,05:00,ok,2026-09-05T12:11:37.186792+05:30,2026-09-05_1211IST,airline_direct,IndiGo
DEL,CCU,6E,IndiGo,6E 930,2026-10-05,30,business,,,22600.0,False,02:45,ok,2026-09-05T12:11:37.186792+05:30,2026-09-05_1211IST,airline_direct,IndiGo
DEL,CCU,6E,IndiGo,6E 930,2026-10-05,30,economy,,,10707.0,False,02:45,ok,2026-09-05T12:11:37.186792+05:30,2026-09-05_1211IST,airline_direct,IndiGo
DEL,CCU,6E,IndiGo,6E 6415,2026-10-05,30,business,,,22600.0,False,16:00,ok,2026-09-05T12:11:37.186792+05:30,2026-09-05_1211IST,airline_direct,IndiGo
DEL,CCU,6E,IndiGo,6E 6415,2026-10-05,30,economy,,,10707.0,False,16:00,ok,2026-09-05T12:11:37.186792+05:30,2026-09-05_1211IST,airline_direct,IndiGo
DEL,CCU,6E,IndiGo,6E 2276,2026-10-05,30,business,,,22600.0,False,17:55,ok,2026-09-05T12:11:37.186792+05:30,2026-09-05_1211IST,airline_direct,IndiGo
DEL,CCU,6E,IndiGo,6E 2276,2026-10-05,30,economy,,,11442.0,False,17:55,ok,2026-09-05T12:11:37.186792+05:30,2026-09-05_1211IST,airline_direct,IndiGo
DEL,CCU,6E,IndiGo,6E 6236,2026-10-05,30,economy,,,7368.0,False,16:20,ok,2026-09-05T12:11:37.186792+05:30,2026-09-05_1211IST,airline_direct,IndiGo
DEL,CCU,6E,IndiGo,6E 6190,2026-10-05,30,economy,,,7578.0,False,07:40,ok,2026-09-05T12:11:37.186792+05:30,2026-09-05_1211IST,airline_direct,IndiGo
DEL,CCU,6E,IndiGo,6E 2296,2026-10-05,30,economy,,,7578.0,False,09:20,ok,2026-09-05T12:11:37.186792+05:30,2026-09-05_1211IST,airline_direct,IndiGo
DEL,CCU,6E,IndiGo,6E 6503,2026-10-05,30,economy,,,7893.0,False,13:25,ok,2026-09-05T12:11:37.186792+05:30,2026-09-05_1211IST,airline_direct,IndiGo
DEL,CCU,6E,IndiGo,6E 704,2026-10-05,30,business,,,27847.0,False,02:25,ok,2026-09-05T12:11:37.186792+05:30,2026-09-05_1211IST,airline_direct,IndiGo
DEL,CCU,6E,IndiGo,6E 704,2026-10-05,30,economy,,,7920.0,False,02:25,ok,2026-09-05T12:11:37.186792+05:30,2026-09-05_1211IST,airline_direct,IndiGo
DEL,CCU,6E,IndiGo,6E 2331,2026-10-05,30,economy,,,7920.0,False,12:20,ok,2026-09-05T12:11:37.186792+05:30,2026-09-05_1211IST,airline_direct,IndiGo
DEL,CCU,6E,IndiGo,6E 5073,2026-10-05,30,economy,,,7920.0,False,17:05,ok,2026-09-05T12:11:37.186792+05:30,2026-09-05_1211IST,airline_direct,IndiGo
DEL,CCU,6E,IndiGo,6E 6245,2026-10-05,30,economy,,,7975.0,False,06:20,ok,2026-09-05T12:11:37.186792+05:30,2026-09-05_1211IST,airline_direct,IndiGo
DEL,CCU,6E,IndiGo,6E 2453,2026-10-05,30,economy,,,7975.0,False,13:35,ok,2026-09-05T12:11:37.186792+05:30,2026-09-05_1211IST,airline_direct,IndiGo
DEL,CCU,6E,IndiGo,6E 6459,2026-10-05,30,economy,,,8107.0,False,05:55,ok,2026-09-05T12:11:37.186792+05:30,2026-09-05_1211IST,airline_direct,IndiGo
DEL,CCU,6E,IndiGo,6E 2361,2026-10-05,30,economy,,,8107.0,False,14:35,ok,2026-09-05T12:11:37.186792+05:30,2026-09-05_1211IST,airline_direct,IndiGo
DEL,CCU,6E,IndiGo,6E 6073,2026-10-05,30,economy,,,8185.0,False,05:00,ok,2026-09-05T12:11:37.186792+05:30,2026-09-05_1211IST,airline_direct,IndiGo
DEL,CCU,6E,IndiGo,6E 6190,2026-10-05,30,economy,,,8185.0,False,07:40,ok,2026-09-05T12:11:37.186792+05:30,2026-09-05_1211IST,airline_direct,IndiGo
DEL,CCU,6E,IndiGo,6E 5033,2026-10-05,30,economy,,,8185.0,False,15:50,ok,2026-09-05T12:11:37.186792+05:30,2026-09-05_1211IST,airline_direct,IndiGo
DEL,CCU,6E,IndiGo,6E 5215,2026-10-05,30,economy,,,8290.0,False,07:40,ok,2026-09-05T12:11:37.186792+05:30,2026-09-05_1211IST,airline_direct,IndiGo
DEL,CCU,6E,IndiGo,6E 5041,2026-10-05,30,economy,,,8290.0,False,15:10,ok,2026-09-05T12:11:37.186792+05:30,2026-09-05_1211IST,airline_direct,IndiGo
DEL,CCU,6E,IndiGo,6E 5041,2026-10-05,30,economy,,,8290.0,False,15:10,ok,2026-09-05T12:11:37.186792+05:30,2026-09-05_1211IST,airline_direct,IndiGo
DEL,CCU,6E,IndiGo,6E 2316,2026-10-05,30,economy,,,8290.0,False,17:30,ok,2026-09-05T12:11:37.186792+05:30,2026-09-05_1211IST,airline_direct,IndiGo
DEL,CCU,6E,IndiGo,6E 6829,2026-10-05,30,economy,,,8317.0,False,17:20,ok,2026-09-05T12:11:37.186792+05:30,2026-09-05_1211IST,airline_direct,IndiGo
DEL,CCU,6E,IndiGo,6E 6503,2026-10-05,30,economy,,,8500.0,False,13:25,ok,2026-09-05T12:11:37.186792+05:30,2026-09-05_1211IST,airline_direct,IndiGo
DEL,CCU,6E,IndiGo,6E 704,2026-10-05,30,business,,,27847.0,False,02:25,ok,2026-09-05T12:11:37.186792+05:30,2026-09-05_1211IST,airline_direct,IndiGo
DEL,CCU,6E,IndiGo,6E 704,2026-10-05,30,economy,,,8527.0,False,02:25,ok,2026-09-05T12:11:37.186792+05:30,2026-09-05_1211IST,airline_direct,IndiGo
DEL,CCU,6E,IndiGo,6E 705,2026-10-05,30,business,,,28673.0,False,08:30,ok,2026-09-05T12:11:37.186792+05:30,2026-09-05_1211IST,airline_direct,IndiGo
DEL,CCU,6E,IndiGo,6E 705,2026-10-05,30,economy,,,8527.0,False,08:30,ok,2026-09-05T12:11:37.186792+05:30,2026-09-05_1211IST,airline_direct,IndiGo
DEL,CCU,6E,IndiGo,6E 6293,2026-10-05,30,business,,,27847.0,False,09:55,ok,2026-09-05T12:11:37.186792+05:30,2026-09-05_1211IST,airline_direct,IndiGo
DEL,CCU,6E,IndiGo,6E 6293,2026-10-05,30,economy,,,8527.0,False,09:55,ok,2026-09-05T12:11:37.186792+05:30,2026-09-05_1211IST,airline_direct,IndiGo
DEL,CCU,6E,IndiGo,6E 6282,2026-10-05,30,business,,,27847.0,False,13:30,ok,2026-09-05T12:11:37.186792+05:30,2026-09-05_1211IST,airline_direct,IndiGo
DEL,CCU,6E,IndiGo,6E 6282,2026-10-05,30,economy,,,8527.0,False,13:30,ok,2026-09-05T12:11:37.186792+05:30,2026-09-05_1211IST,airline_direct,IndiGo
DEL,CCU,6E,IndiGo,6E 6217,2026-10-05,30,business,,,27493.0,False,16:15,ok,2026-09-05T12:11:37.186792+05:30,2026-09-05_1211IST,airline_direct,IndiGo
DEL,CCU,6E,IndiGo,6E 6217,2026-10-05,30,economy,,,8527.0,False,16:15,ok,2026-09-05T12:11:37.186792+05:30,2026-09-05_1211IST,airline_direct,IndiGo
DEL,CCU,6E,IndiGo,6E 717,2026-10-05,30,business,,,27493.0,False,17:55,ok,2026-09-05T12:11:37.186792+05:30,2026-09-05_1211IST,airline_direct,IndiGo
DEL,CCU,6E,IndiGo,6E 717,2026-10-05,30,economy,,,8527.0,False,17:55,ok,2026-09-05T12:11:37.186792+05:30,2026-09-05_1211IST,airline_direct,IndiGo
DEL,CCU,6E,IndiGo,6E 6551,2026-10-05,30,economy,,,8632.0,False,12:00,ok,2026-09-05T12:11:37.186792+05:30,2026-09-05_1211IST,airline_direct,IndiGo
DEL,CCU,6E,IndiGo,6E 2769,2026-10-05,30,economy,,,8643.0,False,08:10,ok,2026-09-05T12:11:37.186792+05:30,2026-09-05_1211IST,airline_direct,IndiGo
DEL,CCU,6E,IndiGo,6E 2373,2026-10-05,30,economy,,,8643.0,False,11:10,ok,2026-09-05T12:11:37.186792+05:30,2026-09-05_1211IST,airline_direct,IndiGo
DEL,CCU,6E,IndiGo,6E 2453,2026-10-05,30,economy,,,8643.0,False,13:35,ok,2026-09-05T12:11:37.186792+05:30,2026-09-05_1211IST,airline_direct,IndiGo
DEL,CCU,6E,IndiGo,6E 6246,2026-10-05,30,economy,,,8774.0,False,05:25,ok,2026-09-05T12:11:37.186792+05:30,2026-09-05_1211IST,airline_direct,IndiGo
DEL,CCU,6E,IndiGo,6E 6312,2026-10-05,30,economy,,,8774.0,False,14:25,ok,2026-09-05T12:11:37.186792+05:30,2026-09-05_1211IST,airline_direct,IndiGo
DEL,CCU,6E,IndiGo,6E 2259,2026-10-05,30,economy,,,8853.0,False,12:20,ok,2026-09-05T12:11:37.186792+05:30,2026-09-05_1211IST,airline_direct,IndiGo
DEL,CCU,6E,IndiGo,6E 6053,2026-10-05,30,economy,,,8853.0,False,13:05,ok,2026-09-05T12:11:37.186792+05:30,2026-09-05_1211IST,airline_direct,IndiGo
DEL,CCU,6E,IndiGo,6E 5038,2026-10-05,30,economy,,,8853.0,False,14:00,ok,2026-09-05T12:11:37.186792+05:30,2026-09-05_1211IST,airline_direct,IndiGo
DEL,CCU,6E,IndiGo,6E 2614,2026-10-05,30,economy,,,8853.0,False,14:40,ok,2026-09-05T12:11:37.186792+05:30,2026-09-05_1211IST,airline_direct,IndiGo
DEL,CCU,6E,IndiGo,6E 717,2026-10-05,30,business,,,27493.0,False,17:55,ok,2026-09-05T12:11:37.186792+05:30,2026-09-05_1211IST,airline_direct,IndiGo
DEL,CCU,6E,IndiGo,6E 717,2026-10-05,30,economy,,,9194.0,False,17:55,ok,2026-09-05T12:11:37.186792+05:30,2026-09-05_1211IST,airline_direct,IndiGo
DEL,CCU,6E,IndiGo,6E 6371,2026-10-05,30,economy,,,9299.0,False,06:20,ok,2026-09-05T12:11:37.186792+05:30,2026-09-05_1211IST,airline_direct,IndiGo
DEL,CCU,6E,IndiGo,6E 734,2026-10-05,30,economy,,,9508.0,False,16:20,ok,2026-09-05T12:11:37.186792+05:30,2026-09-05_1211IST,airline_direct,IndiGo
DEL,CCU,6E,IndiGo,6E 5119,2026-10-05,30,economy,,,9928.0,False,05:10,ok,2026-09-05T12:11:37.186792+05:30,2026-09-05_1211IST,airline_direct,IndiGo
DEL,CCU,6E,IndiGo,6E 5036,2026-10-05,30,economy,,,10315.0,False,08:00,ok,2026-09-05T12:11:37.186792+05:30,2026-09-05_1211IST,airline_direct,IndiGo
DEL,CCU,6E,IndiGo,6E 705,2026-10-05,30,business,,,27847.0,False,08:30,ok,2026-09-05T12:11:37.186792+05:30,2026-09-05_1211IST,airline_direct,IndiGo
DEL,CCU,6E,IndiGo,6E 705,2026-10-05,30,economy,,,10735.0,False,08:30,ok,2026-09-05T12:11:37.186792+05:30,2026-09-05_1211IST,airline_direct,IndiGo
DEL,CCU,6E,IndiGo,6E 5298,2026-10-05,30,economy,,,12034.0,False,09:00,ok,2026-09-05T12:11:37.186792+05:30,2026-09-05_1211IST,airline_direct,IndiGo
DEL,CCU,6E,IndiGo,6E 2296,2026-10-05,30,economy,,,13326.0,False,09:20,ok,2026-09-05T12:11:37.186792+05:30,2026-09-05_1211IST,airline_direct,IndiGo
DEL,CCU,6E,IndiGo,6E 6124,2026-10-05,30,economy,,,15099.0,False,07:30,ok,2026-09-05T12:11:37.186792+05:30,2026-09-05_1211IST,airline_direct,IndiGo
DEL,CCU,6E,IndiGo,6E 203,2026-10-05,30,business,,,28673.0,False,07:10,ok,2026-09-05T12:11:37.186792+05:30,2026-09-05_1211IST,airline_direct,IndiGo
DEL,CCU,6E,IndiGo,6E 203,2026-10-05,30,economy,,,15869.0,False,07:10,ok,2026-09-05T12:11:37.186792+05:30,2026-09-05_1211IST,airline_direct,IndiGo
DEL,CCU,6E,IndiGo,6E 5307,2026-10-05,30,economy,,,17426.0,False,10:50,ok,2026-09-05T12:11:37.186792+05:30,2026-09-05_1211IST,airline_direct,IndiGo
DEL,CCU,6E,IndiGo,6E 5307,2026-10-05,30,economy,,,18266.0,False,10:50,ok,2026-09-05T12:11:37.186792+05:30,2026-09-05_1211IST,airline_direct,IndiGo
BLR,HYD,6E,IndiGo,6E 6067,2026-10-05,30,economy,,,4561.0,False,16:30,ok,2026-09-05T12:12:32.110250+05:30,2026-09-05_1212IST,airline_direct,IndiGo
BLR,HYD,6E,IndiGo,6E 312,2026-10-05,30,economy,,,4921.0,False,09:15,ok,2026-09-05T12:12:32.110250+05:30,2026-09-05_1212IST,airline_direct,IndiGo
BLR,HYD,6E,IndiGo,6E 537,2026-10-05,30,economy,,,4921.0,False,10:15,ok,2026-09-05T12:12:32.110250+05:30,2026-09-05_1212IST,airline_direct,IndiGo
BLR,HYD,6E,IndiGo,6E 638,2026-10-05,30,economy,,,4921.0,False,18:35,ok,2026-09-05T12:12:32.110250+05:30,2026-09-05_1212IST,airline_direct,IndiGo
BLR,HYD,6E,IndiGo,6E 855,2026-10-05,30,economy,,,4921.0,False,19:45,ok,2026-09-05T12:12:32.110250+05:30,2026-09-05_1212IST,airline_direct,IndiGo
BLR,HYD,6E,IndiGo,6E 6404,2026-10-05,30,economy,,,5318.0,False,11:35,ok,2026-09-05T12:12:32.110250+05:30,2026-09-05_1212IST,airline_direct,IndiGo
BLR,HYD,6E,IndiGo,6E 6178,2026-10-05,30,economy,,,7361.0,False,06:10,ok,2026-09-05T12:12:32.110250+05:30,2026-09-05_1212IST,airline_direct,IndiGo
BLR,HYD,6E,IndiGo,6E 484,2026-10-05,30,economy,,,7361.0,False,08:15,ok,2026-09-05T12:12:32.110250+05:30,2026-09-05_1212IST,airline_direct,IndiGo
BLR,HYD,6E,IndiGo,6E 6784,2026-10-05,30,economy,,,8727.0,False,21:25,ok,2026-09-05T12:12:32.110250+05:30,2026-09-05_1212IST,airline_direct,IndiGo
BLR,HYD,6E,IndiGo,6E 857,2026-10-05,30,economy,,,4553.0,False,07:05,ok,2026-09-05T12:12:32.110250+05:30,2026-09-05_1212IST,airline_direct,IndiGo
BLR,HYD,6E,IndiGo,6E 857,2026-10-05,30,economy,,,4553.0,False,07:05,ok,2026-09-05T12:12:32.110250+05:30,2026-09-05_1212IST,airline_direct,IndiGo
BLR,HYD,6E,IndiGo,6E 6269,2026-10-05,30,economy,,,4553.0,False,07:15,ok,2026-09-05T12:12:32.110250+05:30,2026-09-05_1212IST,airline_direct,IndiGo
BLR,HYD,6E,IndiGo,6E 6269,2026-10-05,30,economy,,,4553.0,False,07:15,ok,2026-09-05T12:12:32.110250+05:30,2026-09-05_1212IST,airline_direct,IndiGo
BLR,HYD,6E,IndiGo,6E 6208,2026-10-05,30,economy,,,4553.0,False,12:45,ok,2026-09-05T12:12:32.110250+05:30,2026-09-05_1212IST,airline_direct,IndiGo
BLR,HYD,6E,IndiGo,6E 356,2026-10-05,30,economy,,,4553.0,False,17:15,ok,2026-09-05T12:12:32.110250+05:30,2026-09-05_1212IST,airline_direct,IndiGo
BLR,HYD,6E,IndiGo,6E 356,2026-10-05,30,economy,,,4553.0,False,17:15,ok,2026-09-05T12:12:32.110250+05:30,2026-09-05_1212IST,airline_direct,IndiGo
BLR,HYD,6E,IndiGo,6E 6017,2026-10-05,30,economy,,,4553.0,False,18:15,ok,2026-09-05T12:12:32.110250+05:30,2026-09-05_1212IST,airline_direct,IndiGo
BLR,HYD,6E,IndiGo,6E 105,2026-10-05,30,economy,,,4553.0,False,18:50,ok,2026-09-05T12:12:32.110250+05:30,2026-09-05_1212IST,airline_direct,IndiGo
BLR,HYD,6E,IndiGo,6E 6336,2026-10-05,30,economy,,,4685.0,False,12:40,ok,2026-09-05T12:12:32.110250+05:30,2026-09-05_1212IST,airline_direct,IndiGo
BLR,HYD,6E,IndiGo,6E 6336,2026-10-05,30,economy,,,4685.0,False,12:40,ok,2026-09-05T12:12:32.110250+05:30,2026-09-05_1212IST,airline_direct,IndiGo
BLR,HYD,6E,IndiGo,6E 6563,2026-10-05,30,economy,,,4836.0,False,01:05,ok,2026-09-05T12:12:32.110250+05:30,2026-09-05_1212IST,airline_direct,IndiGo
BLR,HYD,6E,IndiGo,6E 763,2026-10-05,30,economy,,,4836.0,False,07:10,ok,2026-09-05T12:12:32.110250+05:30,2026-09-05_1212IST,airline_direct,IndiGo
BLR,HYD,6E,IndiGo,6E 7737,2026-10-05,30,economy,,,5014.0,False,10:50,ok,2026-09-05T12:12:32.110250+05:30,2026-09-05_1212IST,airline_direct,IndiGo
BLR,HYD,6E,IndiGo,6E 7737,2026-10-05,30,economy,,,5014.0,False,10:50,ok,2026-09-05T12:12:32.110250+05:30,2026-09-05_1212IST,airline_direct,IndiGo
BLR,HYD,6E,IndiGo,6E 7204,2026-10-05,30,economy,,,5146.0,False,06:50,ok,2026-09-05T12:12:32.110250+05:30,2026-09-05_1212IST,airline_direct,IndiGo
BLR,HYD,6E,IndiGo,6E 2030,2026-10-05,30,economy,,,5146.0,False,14:50,ok,2026-09-05T12:12:32.110250+05:30,2026-09-05_1212IST,airline_direct,IndiGo
BLR,HYD,6E,IndiGo,6E 6753,2026-10-05,30,economy,,,5146.0,False,15:15,ok,2026-09-05T12:12:32.110250+05:30,2026-09-05_1212IST,airline_direct,IndiGo
BLR,HYD,6E,IndiGo,6E 6003,2026-10-05,30,economy,,,5146.0,False,15:35,ok,2026-09-05T12:12:32.110250+05:30,2026-09-05_1212IST,airline_direct,IndiGo
BLR,HYD,6E,IndiGo,6E 109,2026-10-05,30,economy,,,5146.0,False,17:00,ok,2026-09-05T12:12:32.110250+05:30,2026-09-05_1212IST,airline_direct,IndiGo
BLR,HYD,6E,IndiGo,6E 6162,2026-10-05,30,economy,,,5146.0,False,18:50,ok,2026-09-05T12:12:32.110250+05:30,2026-09-05_1212IST,airline_direct,IndiGo
BLR,HYD,6E,IndiGo,6E 6104,2026-10-05,30,economy,,,5486.0,False,11:40,ok,2026-09-05T12:12:32.110250+05:30,2026-09-05_1212IST,airline_direct,IndiGo
BLR,HYD,6E,IndiGo,6E 7227,2026-10-05,30,economy,,,5729.0,False,06:25,ok,2026-09-05T12:12:32.110250+05:30,2026-09-05_1212IST,airline_direct,IndiGo
BLR,HYD,6E,IndiGo,6E 6753,2026-10-05,30,economy,,,5861.0,False,15:15,ok,2026-09-05T12:12:32.110250+05:30,2026-09-05_1212IST,airline_direct,IndiGo
BLR,HYD,6E,IndiGo,6E 7223,2026-10-05,30,economy,,,5861.0,False,15:30,ok,2026-09-05T12:12:32.110250+05:30,2026-09-05_1212IST,airline_direct,IndiGo
BLR,HYD,6E,IndiGo,6E 6168,2026-10-05,30,economy,,,5861.0,False,17:40,ok,2026-09-05T12:12:32.110250+05:30,2026-09-05_1212IST,airline_direct,IndiGo
BLR,HYD,6E,IndiGo,6E 6554,2026-10-05,30,economy,,,5861.0,False,19:15,ok,2026-09-05T12:12:32.110250+05:30,2026-09-05_1212IST,airline_direct,IndiGo
BLR,HYD,6E,IndiGo,6E 6653,2026-10-05,30,economy,,,6271.0,False,12:35,ok,2026-09-05T12:12:32.110250+05:30,2026-09-05_1212IST,airline_direct,IndiGo
BLR,HYD,6E,IndiGo,6E 703,2026-10-05,30,economy,,,6271.0,False,12:55,ok,2026-09-05T12:12:32.110250+05:30,2026-09-05_1212IST,airline_direct,IndiGo
BLR,HYD,6E,IndiGo,6E 574,2026-10-05,30,economy,,,6402.0,False,11:05,ok,2026-09-05T12:12:32.110250+05:30,2026-09-05_1212IST,airline_direct,IndiGo
BLR,HYD,6E,IndiGo,6E 763,2026-10-05,30,economy,,,6724.0,False,07:10,ok,2026-09-05T12:12:32.110250+05:30,2026-09-05_1212IST,airline_direct,IndiGo
BLR,HYD,6E,IndiGo,6E 6168,2026-10-05,30,economy,,,6724.0,False,17:40,ok,2026-09-05T12:12:32.110250+05:30,2026-09-05_1212IST,airline_direct,IndiGo
BLR,HYD,6E,IndiGo,6E 6876,2026-10-05,30,economy,,,7221.0,False,02:40,ok,2026-09-05T12:12:32.110250+05:30,2026-09-05_1212IST,airline_direct,IndiGo
BLR,HYD,6E,IndiGo,6E 7204,2026-10-05,30,economy,,,7221.0,False,06:50,ok,2026-09-05T12:12:32.110250+05:30,2026-09-05_1212IST,airline_direct,IndiGo
BLR,HYD,6E,IndiGo,6E 7737,2026-10-05,30,economy,,,7636.0,False,10:50,ok,2026-09-05T12:12:32.110250+05:30,2026-09-05_1212IST,airline_direct,IndiGo
BLR,HYD,6E,IndiGo,6E 763,2026-10-05,30,economy,,,7767.0,False,07:10,ok,2026-09-05T12:12:32.110250+05:30,2026-09-05_1212IST,airline_direct,IndiGo
BLR,HYD,6E,IndiGo,6E 7005,2026-10-05,30,economy,,,7767.0,False,08:05,ok,2026-09-05T12:12:32.110250+05:30,2026-09-05_1212IST,airline_direct,IndiGo
BLR,HYD,6E,IndiGo,6E 6653,2026-10-05,30,economy,,,7767.0,False,12:35,ok,2026-09-05T12:12:32.110250+05:30,2026-09-05_1212IST,airline_direct,IndiGo
BLR,HYD,6E,IndiGo,6E 6208,2026-10-05,30,economy,,,8262.0,False,12:45,ok,2026-09-05T12:12:32.110250+05:30,2026-09-05_1212IST,airline_direct,IndiGo
BLR,HYD,6E,IndiGo,6E 7005,2026-10-05,30,economy,,,8369.0,False,08:05,ok,2026-09-05T12:12:32.110250+05:30,2026-09-05_1212IST,airline_direct,IndiGo
BLR,HYD,6E,IndiGo,6E 528,2026-10-05,30,economy,,,9051.0,False,21:40,ok,2026-09-05T12:12:32.110250+05:30,2026-09-05_1212IST,airline_direct,IndiGo
BLR,HYD,6E,IndiGo,6E 904,2026-10-05,30,economy,,,9194.0,False,10:45,ok,2026-09-05T12:12:32.110250+05:30,2026-09-05_1212IST,airline_direct,IndiGo
BLR,HYD,6E,IndiGo,6E 7285,2026-10-05,30,economy,,,9202.0,False,06:50,ok,2026-09-05T12:12:32.110250+05:30,2026-09-05_1212IST,airline_direct,IndiGo
BLR,HYD,6E,IndiGo,6E 441,2026-10-05,30,economy,,,9367.0,False,20:40,ok,2026-09-05T12:12:32.110250+05:30,2026-09-05_1212IST,airline_direct,IndiGo
BLR,HYD,6E,IndiGo,6E 6583,2026-10-05,30,economy,,,9887.0,False,10:40,ok,2026-09-05T12:12:32.110250+05:30,2026-09-05_1212IST,airline_direct,IndiGo
BLR,HYD,6E,IndiGo,6E 105,2026-10-05,30,economy,,,9896.0,False,18:50,ok,2026-09-05T12:12:32.110250+05:30,2026-09-05_1212IST,airline_direct,IndiGo
BLR,HYD,6E,IndiGo,6E 116,2026-10-05,30,economy,,,9896.0,False,23:05,ok,2026-09-05T12:12:32.110250+05:30,2026-09-05_1212IST,airline_direct,IndiGo
BLR,HYD,6E,IndiGo,6E 116,2026-10-05,30,economy,,,9896.0,False,23:05,ok,2026-09-05T12:12:32.110250+05:30,2026-09-05_1212IST,airline_direct,IndiGo
BLR,HYD,6E,IndiGo,6E 6445,2026-10-05,30,economy,,,13773.0,False,10:25,ok,2026-09-05T12:12:32.110250+05:30,2026-09-05_1212IST,airline_direct,IndiGo
BLR,HYD,6E,IndiGo,6E 6445,2026-10-05,30,economy,,,16398.0,False,10:25,ok,2026-09-05T12:12:32.110250+05:30,2026-09-05_1212IST,airline_direct,IndiGo
MAA,DEL,6E,IndiGo,6E 937,2026-10-05,30,business,,,24700.0,False,06:30,ok,2026-09-05T12:13:33.614691+05:30,2026-09-05_1213IST,airline_direct,IndiGo
MAA,DEL,6E,IndiGo,6E 937,2026-10-05,30,economy,,,9830.0,False,06:30,ok,2026-09-05T12:13:33.614691+05:30,2026-09-05_1213IST,airline_direct,IndiGo
MAA,DEL,6E,IndiGo,6E 404,2026-10-05,30,business,,,24700.0,False,09:15,ok,2026-09-05T12:13:33.614691+05:30,2026-09-05_1213IST,airline_direct,IndiGo
MAA,DEL,6E,IndiGo,6E 404,2026-10-05,30,economy,,,9830.0,False,09:15,ok,2026-09-05T12:13:33.614691+05:30,2026-09-05_1213IST,airline_direct,IndiGo
MAA,DEL,6E,IndiGo,6E 6002,2026-10-05,30,business,,,24700.0,False,11:10,ok,2026-09-05T12:13:33.614691+05:30,2026-09-05_1213IST,airline_direct,IndiGo
MAA,DEL,6E,IndiGo,6E 6002,2026-10-05,30,economy,,,9830.0,False,11:10,ok,2026-09-05T12:13:33.614691+05:30,2026-09-05_1213IST,airline_direct,IndiGo
MAA,DEL,6E,IndiGo,6E 939,2026-10-05,30,business,,,24700.0,False,13:00,ok,2026-09-05T12:13:33.614691+05:30,2026-09-05_1213IST,airline_direct,IndiGo
MAA,DEL,6E,IndiGo,6E 939,2026-10-05,30,economy,,,9830.0,False,13:00,ok,2026-09-05T12:13:33.614691+05:30,2026-09-05_1213IST,airline_direct,IndiGo
MAA,DEL,6E,IndiGo,6E 948,2026-10-05,30,business,,,24700.0,False,14:30,ok,2026-09-05T12:13:33.614691+05:30,2026-09-05_1213IST,airline_direct,IndiGo
MAA,DEL,6E,IndiGo,6E 948,2026-10-05,30,economy,,,9830.0,False,14:30,ok,2026-09-05T12:13:33.614691+05:30,2026-09-05_1213IST,airline_direct,IndiGo
MAA,DEL,6E,IndiGo,6E 613,2026-10-05,30,business,,,24700.0,False,19:00,ok,2026-09-05T12:13:33.614691+05:30,2026-09-05_1213IST,airline_direct,IndiGo
MAA,DEL,6E,IndiGo,6E 613,2026-10-05,30,economy,,,9830.0,False,19:00,ok,2026-09-05T12:13:33.614691+05:30,2026-09-05_1213IST,airline_direct,IndiGo
MAA,DEL,6E,IndiGo,6E 951,2026-10-05,30,business,,,24700.0,False,21:50,ok,2026-09-05T12:13:33.614691+05:30,2026-09-05_1213IST,airline_direct,IndiGo
MAA,DEL,6E,IndiGo,6E 951,2026-10-05,30,economy,,,9830.0,False,21:50,ok,2026-09-05T12:13:33.614691+05:30,2026-09-05_1213IST,airline_direct,IndiGo
MAA,DEL,6E,IndiGo,6E 2369,2026-10-05,30,business,,,24700.0,False,23:45,ok,2026-09-05T12:13:33.614691+05:30,2026-09-05_1213IST,airline_direct,IndiGo
MAA,DEL,6E,IndiGo,6E 2369,2026-10-05,30,economy,,,9830.0,False,23:45,ok,2026-09-05T12:13:33.614691+05:30,2026-09-05_1213IST,airline_direct,IndiGo
MAA,DEL,6E,IndiGo,6E 953,2026-10-05,30,business,,,24700.0,False,02:45,ok,2026-09-05T12:13:33.614691+05:30,2026-09-05_1213IST,airline_direct,IndiGo
MAA,DEL,6E,IndiGo,6E 953,2026-10-05,30,economy,,,10295.0,False,02:45,ok,2026-09-05T12:13:33.614691+05:30,2026-09-05_1213IST,airline_direct,IndiGo
MAA,DEL,6E,IndiGo,6E 698,2026-10-05,30,business,,,24700.0,False,16:45,ok,2026-09-05T12:13:33.614691+05:30,2026-09-05_1213IST,airline_direct,IndiGo
MAA,DEL,6E,IndiGo,6E 698,2026-10-05,30,economy,,,10295.0,False,16:45,ok,2026-09-05T12:13:33.614691+05:30,2026-09-05_1213IST,airline_direct,IndiGo
MAA,DEL,6E,IndiGo,6E 6797,2026-10-05,30,economy,,,9409.0,False,13:10,ok,2026-09-05T12:13:33.614691+05:30,2026-09-05_1213IST,airline_direct,IndiGo
MAA,DEL,6E,IndiGo,6E 253,2026-10-05,30,business,,,28415.0,False,03:10,ok,2026-09-05T12:13:33.614691+05:30,2026-09-05_1213IST,airline_direct,IndiGo
MAA,DEL,6E,IndiGo,6E 253,2026-10-05,30,economy,,,9619.0,False,03:10,ok,2026-09-05T12:13:33.614691+05:30,2026-09-05_1213IST,airline_direct,IndiGo
MAA,DEL,6E,IndiGo,6E 244,2026-10-05,30,economy,,,9619.0,False,03:55,ok,2026-09-05T12:13:33.614691+05:30,2026-09-05_1213IST,airline_direct,IndiGo
MAA,DEL,6E,IndiGo,6E 607,2026-10-05,30,business,,,28415.0,False,05:40,ok,2026-09-05T12:13:33.614691+05:30,2026-09-05_1213IST,airline_direct,IndiGo
MAA,DEL,6E,IndiGo,6E 607,2026-10-05,30,economy,,,9619.0,False,05:40,ok,2026-09-05T12:13:33.614691+05:30,2026-09-05_1213IST,airline_direct,IndiGo
MAA,DEL,6E,IndiGo,6E 401,2026-10-05,30,economy,,,9619.0,False,08:10,ok,2026-09-05T12:13:33.614691+05:30,2026-09-05_1213IST,airline_direct,IndiGo
MAA,DEL,6E,IndiGo,6E 834,2026-10-05,30,economy,,,9619.0,False,09:05,ok,2026-09-05T12:13:33.614691+05:30,2026-09-05_1213IST,airline_direct,IndiGo
MAA,DEL,6E,IndiGo,6E 834,2026-10-05,30,economy,,,9619.0,False,09:05,ok,2026-09-05T12:13:33.614691+05:30,2026-09-05_1213IST,airline_direct,IndiGo
MAA,DEL,6E,IndiGo,6E 372,2026-10-05,30,economy,,,9619.0,False,09:55,ok,2026-09-05T12:13:33.614691+05:30,2026-09-05_1213IST,airline_direct,IndiGo
MAA,DEL,6E,IndiGo,6E 6079,2026-10-05,30,economy,,,9619.0,False,10:15,ok,2026-09-05T12:13:33.614691+05:30,2026-09-05_1213IST,airline_direct,IndiGo
MAA,DEL,6E,IndiGo,6E 193,2026-10-05,30,economy,,,9619.0,False,20:00,ok,2026-09-05T12:13:33.614691+05:30,2026-09-05_1213IST,airline_direct,IndiGo
MAA,DEL,6E,IndiGo,6E 6487,2026-10-05,30,economy,,,9619.0,False,21:25,ok,2026-09-05T12:13:33.614691+05:30,2026-09-05_1213IST,airline_direct,IndiGo
MAA,DEL,6E,IndiGo,6E 6081,2026-10-05,30,economy,,,9697.0,False,07:05,ok,2026-09-05T12:13:33.614691+05:30,2026-09-05_1213IST,airline_direct,IndiGo
MAA,DEL,6E,IndiGo,6E 6081,2026-10-05,30,economy,,,9697.0,False,07:05,ok,2026-09-05T12:13:33.614691+05:30,2026-09-05_1213IST,airline_direct,IndiGo
MAA,DEL,6E,IndiGo,6E 6815,2026-10-05,30,economy,,,9697.0,False,08:55,ok,2026-09-05T12:13:33.614691+05:30,2026-09-05_1213IST,airline_direct,IndiGo
MAA,DEL,6E,IndiGo,6E 6892,2026-10-05,30,economy,,,9697.0,False,10:55,ok,2026-09-05T12:13:33.614691+05:30,2026-09-05_1213IST,airline_direct,IndiGo
MAA,DEL,6E,IndiGo,6E 6892,2026-10-05,30,economy,,,9697.0,False,10:55,ok,2026-09-05T12:13:33.614691+05:30,2026-09-05_1213IST,airline_direct,IndiGo
MAA,DEL,6E,IndiGo,6E 6209,2026-10-05,30,economy,,,9697.0,False,14:35,ok,2026-09-05T12:13:33.614691+05:30,2026-09-05_1213IST,airline_direct,IndiGo
MAA,DEL,6E,IndiGo,6E 6209,2026-10-05,30,economy,,,9697.0,False,14:35,ok,2026-09-05T12:13:33.614691+05:30,2026-09-05_1213IST,airline_direct,IndiGo
MAA,DEL,6E,IndiGo,6E 847,2026-10-05,30,economy,,,9697.0,False,16:15,ok,2026-09-05T12:13:33.614691+05:30,2026-09-05_1213IST,airline_direct,IndiGo
MAA,DEL,6E,IndiGo,6E 365,2026-10-05,30,economy,,,9697.0,False,17:45,ok,2026-09-05T12:13:33.614691+05:30,2026-09-05_1213IST,airline_direct,IndiGo
MAA,DEL,6E,IndiGo,6E 189,2026-10-05,30,economy,,,9697.0,False,19:05,ok,2026-09-05T12:13:33.614691+05:30,2026-09-05_1213IST,airline_direct,IndiGo
MAA,DEL,6E,IndiGo,6E 6812,2026-10-05,30,economy,,,9697.0,False,20:00,ok,2026-09-05T12:13:33.614691+05:30,2026-09-05_1213IST,airline_direct,IndiGo
MAA,DEL,6E,IndiGo,6E 6140,2026-10-05,30,business,,,29944.0,False,02:30,ok,2026-09-05T12:13:33.614691+05:30,2026-09-05_1213IST,airline_direct,IndiGo
MAA,DEL,6E,IndiGo,6E 6140,2026-10-05,30,economy,,,9829.0,False,02:30,ok,2026-09-05T12:13:33.614691+05:30,2026-09-05_1213IST,airline_direct,IndiGo
MAA,DEL,6E,IndiGo,6E 6140,2026-10-05,30,business,,,29944.0,False,02:30,ok,2026-09-05T12:13:33.614691+05:30,2026-09-05_1213IST,airline_direct,IndiGo
MAA,DEL,6E,IndiGo,6E 6140,2026-10-05,30,economy,,,9829.0,False,02:30,ok,2026-09-05T12:13:33.614691+05:30,2026-09-05_1213IST,airline_direct,IndiGo
MAA,DEL,6E,IndiGo,6E 321,2026-10-05,30,business,,,30568.0,False,08:20,ok,2026-09-05T12:13:33.614691+05:30,2026-09-05_1213IST,airline_direct,IndiGo
MAA,DEL,6E,IndiGo,6E 321,2026-10-05,30,economy,,,9829.0,False,08:20,ok,2026-09-05T12:13:33.614691+05:30,2026-09-05_1213IST,airline_direct,IndiGo
MAA,DEL,6E,IndiGo,6E 6348,2026-10-05,30,business,,,35375.0,False,09:00,ok,2026-09-05T12:13:33.614691+05:30,2026-09-05_1213IST,airline_direct,IndiGo
MAA,DEL,6E,IndiGo,6E 6348,2026-10-05,30,economy,,,9829.0,False,09:00,ok,2026-09-05T12:13:33.614691+05:30,2026-09-05_1213IST,airline_direct,IndiGo
MAA,DEL,6E,IndiGo,6E 6348,2026-10-05,30,business,,,35375.0,False,09:00,ok,2026-09-05T12:13:33.614691+05:30,2026-09-05_1213IST,airline_direct,IndiGo
MAA,DEL,6E,IndiGo,6E 6348,2026-10-05,30,economy,,,9829.0,False,09:00,ok,2026-09-05T12:13:33.614691+05:30,2026-09-05_1213IST,airline_direct,IndiGo
MAA,DEL,6E,IndiGo,6E 5214,2026-10-05,30,business,,,38974.0,False,11:00,ok,2026-09-05T12:13:33.614691+05:30,2026-09-05_1213IST,airline_direct,IndiGo
MAA,DEL,6E,IndiGo,6E 5214,2026-10-05,30,economy,,,9829.0,False,11:00,ok,2026-09-05T12:13:33.614691+05:30,2026-09-05_1213IST,airline_direct,IndiGo
MAA,DEL,6E,IndiGo,6E 5258,2026-10-05,30,business,,,35375.0,False,12:45,ok,2026-09-05T12:13:33.614691+05:30,2026-09-05_1213IST,airline_direct,IndiGo
MAA,DEL,6E,IndiGo,6E 5258,2026-10-05,30,economy,,,9829.0,False,12:45,ok,2026-09-05T12:13:33.614691+05:30,2026-09-05_1213IST,airline_direct,IndiGo
MAA,DEL,6E,IndiGo,6E 5371,2026-10-05,30,business,,,35375.0,False,14:45,ok,2026-09-05T12:13:33.614691+05:30,2026-09-05_1213IST,airline_direct,IndiGo
MAA,DEL,6E,IndiGo,6E 5371,2026-10-05,30,economy,,,9829.0,False,14:45,ok,2026-09-05T12:13:33.614691+05:30,2026-09-05_1213IST,airline_direct,IndiGo
MAA,DEL,6E,IndiGo,6E 986,2026-10-05,30,business,,,30568.0,False,15:05,ok,2026-09-05T12:13:33.614691+05:30,2026-09-05_1213IST,airline_direct,IndiGo
MAA,DEL,6E,IndiGo,6E 986,2026-10-05,30,economy,,,9829.0,False,15:05,ok,2026-09-05T12:13:33.614691+05:30,2026-09-05_1213IST,airline_direct,IndiGo
MAA,DEL,6E,IndiGo,6E 6113,2026-10-05,30,economy,,,9829.0,False,17:00,ok,2026-09-05T12:13:33.614691+05:30,2026-09-05_1213IST,airline_direct,IndiGo
MAA,DEL,6E,IndiGo,6E 5367,2026-10-05,30,business,,,35375.0,False,18:15,ok,2026-09-05T12:13:33.614691+05:30,2026-09-05_1213IST,airline_direct,IndiGo
MAA,DEL,6E,IndiGo,6E 5367,2026-10-05,30,economy,,,9829.0,False,18:15,ok,2026-09-05T12:13:33.614691+05:30,2026-09-05_1213IST,airline_direct,IndiGo
MAA,DEL,6E,IndiGo,6E 597,2026-10-05,30,economy,,,9986.0,False,17:45,ok,2026-09-05T12:13:33.614691+05:30,2026-09-05_1213IST,airline_direct,IndiGo
MAA,DEL,6E,IndiGo,6E 848,2026-10-05,30,economy,,,10376.0,False,17:50,ok,2026-09-05T12:13:33.614691+05:30,2026-09-05_1213IST,airline_direct,IndiGo
MAA,DEL,6E,IndiGo,6E 6326,2026-10-05,30,business,,,30096.0,False,11:45,ok,2026-09-05T12:13:33.614691+05:30,2026-09-05_1213IST,airline_direct,IndiGo
MAA,DEL,6E,IndiGo,6E 6326,2026-10-05,30,economy,,,11418.0,False,11:45,ok,2026-09-05T12:13:33.614691+05:30,2026-09-05_1213IST,airline_direct,IndiGo
MAA,DEL,6E,IndiGo,6E 561,2026-10-05,30,business,,,28415.0,False,22:20,ok,2026-09-05T12:13:33.614691+05:30,2026-09-05_1213IST,airline_direct,IndiGo
MAA,DEL,6E,IndiGo,6E 561,2026-10-05,30,economy,,,11835.0,False,22:20,ok,2026-09-05T12:13:33.614691+05:30,2026-09-05_1213IST,airline_direct,IndiGo
MAA,DEL,6E,IndiGo,6E 502,2026-10-05,30,business,,,28887.0,False,11:10,ok,2026-09-05T12:13:33.614691+05:30,2026-09-05_1213IST,airline_direct,IndiGo
MAA,DEL,6E,IndiGo,6E 502,2026-10-05,30,economy,,,12056.0,False,11:10,ok,2026-09-05T12:13:33.614691+05:30,2026-09-05_1213IST,airline_direct,IndiGo
MAA,DEL,6E,IndiGo,6E 495,2026-10-05,30,economy,,,12123.0,False,07:10,ok,2026-09-05T12:13:33.614691+05:30,2026-09-05_1213IST,airline_direct,IndiGo
MAA,DEL,6E,IndiGo,6E 495,2026-10-05,30,economy,,,12123.0,False,07:10,ok,2026-09-05T12:13:33.614691+05:30,2026-09-05_1213IST,airline_direct,IndiGo
MAA,DEL,6E,IndiGo,6E 6925,2026-10-05,30,economy,,,12180.0,False,12:00,ok,2026-09-05T12:13:33.614691+05:30,2026-09-05_1213IST,airline_direct,IndiGo
MAA,DEL,6E,IndiGo,6E 562,2026-10-05,30,economy,,,13129.0,False,18:20,ok,2026-09-05T12:13:33.614691+05:30,2026-09-05_1213IST,airline_direct,IndiGo
MAA,DEL,6E,IndiGo,6E 6225,2026-10-05,30,business,,,35375.0,False,22:30,ok,2026-09-05T12:13:33.614691+05:30,2026-09-05_1213IST,airline_direct,IndiGo
MAA,DEL,6E,IndiGo,6E 6225,2026-10-05,30,economy,,,13369.0,False,22:30,ok,2026-09-05T12:13:33.614691+05:30,2026-09-05_1213IST,airline_direct,IndiGo
MAA,DEL,6E,IndiGo,6E 183,2026-10-05,30,business,,,30775.0,False,16:35,ok,2026-09-05T12:13:33.614691+05:30,2026-09-05_1213IST,airline_direct,IndiGo
MAA,DEL,6E,IndiGo,6E 183,2026-10-05,30,economy,,,13443.0,False,16:35,ok,2026-09-05T12:13:33.614691+05:30,2026-09-05_1213IST,airline_direct,IndiGo
MAA,DEL,6E,IndiGo,6E 5093,2026-10-05,30,business,,,35375.0,False,05:00,ok,2026-09-05T12:13:33.614691+05:30,2026-09-05_1213IST,airline_direct,IndiGo
MAA,DEL,6E,IndiGo,6E 5093,2026-10-05,30,economy,,,13453.0,False,05:00,ok,2026-09-05T12:13:33.614691+05:30,2026-09-05_1213IST,airline_direct,IndiGo
MAA,DEL,6E,IndiGo,6E 588,2026-10-05,30,business,,,36717.0,False,17:40,ok,2026-09-05T12:13:33.614691+05:30,2026-09-05_1213IST,airline_direct,IndiGo
MAA,DEL,6E,IndiGo,6E 588,2026-10-05,30,economy,,,14444.0,False,17:40,ok,2026-09-05T12:13:33.614691+05:30,2026-09-05_1213IST,airline_direct,IndiGo
MAA,DEL,6E,IndiGo,6E 6158,2026-10-05,30,economy,,,16100.0,False,16:10,ok,2026-09-05T12:13:33.614691+05:30,2026-09-05_1213IST,airline_direct,IndiGo
MAA,DEL,6E,IndiGo,6E 973,2026-10-05,30,business,,,36481.0,False,11:55,ok,2026-09-05T12:13:33.614691+05:30,2026-09-05_1213IST,airline_direct,IndiGo
MAA,DEL,6E,IndiGo,6E 973,2026-10-05,30,economy,,,16786.0,False,11:55,ok,2026-09-05T12:13:33.614691+05:30,2026-09-05_1213IST,airline_direct,IndiGo
MAA,DEL,6E,IndiGo,6E 539,2026-10-05,30,economy,,,18255.0,False,11:25,ok,2026-09-05T12:13:33.614691+05:30,2026-09-05_1213IST,airline_direct,IndiGo
DEL,BOM,6E,IndiGo,6E 353,2026-10-20,45,business,,,21900.0,False,03:00,ok,2026-09-05T12:14:28.906900+05:30,2026-09-05_1214IST,airline_direct,IndiGo
DEL,BOM,6E,IndiGo,6E 353,2026-10-20,45,economy,,,6546.0,False,03:00,ok,2026-09-05T12:14:28.906900+05:30,2026-09-05_1214IST,airline_direct,IndiGo
DEL,BOM,6E,IndiGo,6E 449,2026-10-20,45,business,,,21900.0,False,05:00,ok,2026-09-05T12:14:28.906900+05:30,2026-09-05_1214IST,airline_direct,IndiGo
DEL,BOM,6E,IndiGo,6E 449,2026-10-20,45,economy,,,6546.0,False,05:00,ok,2026-09-05T12:14:28.906900+05:30,2026-09-05_1214IST,airline_direct,IndiGo
DEL,BOM,6E,IndiGo,6E 6218,2026-10-20,45,business,,,21900.0,False,06:05,ok,2026-09-05T12:14:28.906900+05:30,2026-09-05_1214IST,airline_direct,IndiGo
DEL,BOM,6E,IndiGo,6E 6218,2026-10-20,45,economy,,,6546.0,False,06:05,ok,2026-09-05T12:14:28.906900+05:30,2026-09-05_1214IST,airline_direct,IndiGo
DEL,BOM,6E,IndiGo,6E 320,2026-10-20,45,business,,,21900.0,False,08:00,ok,2026-09-05T12:14:28.906900+05:30,2026-09-05_1214IST,airline_direct,IndiGo
DEL,BOM,6E,IndiGo,6E 320,2026-10-20,45,economy,,,6546.0,False,08:00,ok,2026-09-05T12:14:28.906900+05:30,2026-09-05_1214IST,airline_direct,IndiGo
DEL,BOM,6E,IndiGo,6E 675,2026-10-20,45,business,,,21900.0,False,08:45,ok,2026-09-05T12:14:28.906900+05:30,2026-09-05_1214IST,airline_direct,IndiGo
DEL,BOM,6E,IndiGo,6E 675,2026-10-20,45,economy,,,6546.0,False,08:45,ok,2026-09-05T12:14:28.906900+05:30,2026-09-05_1214IST,airline_direct,IndiGo
DEL,BOM,6E,IndiGo,6E 6107,2026-10-20,45,business,,,21900.0,False,09:30,ok,2026-09-05T12:14:28.906900+05:30,2026-09-05_1214IST,airline_direct,IndiGo
DEL,BOM,6E,IndiGo,6E 6107,2026-10-20,45,economy,,,6546.0,False,09:30,ok,2026-09-05T12:14:28.906900+05:30,2026-09-05_1214IST,airline_direct,IndiGo
DEL,BOM,6E,IndiGo,6E 6328,2026-10-20,45,business,,,21900.0,False,10:15,ok,2026-09-05T12:14:28.906900+05:30,2026-09-05_1214IST,airline_direct,IndiGo
DEL,BOM,6E,IndiGo,6E 6328,2026-10-20,45,economy,,,6546.0,False,10:15,ok,2026-09-05T12:14:28.906900+05:30,2026-09-05_1214IST,airline_direct,IndiGo
DEL,BOM,6E,IndiGo,6E 6047,2026-10-20,45,business,,,21900.0,False,11:00,ok,2026-09-05T12:14:28.906900+05:30,2026-09-05_1214IST,airline_direct,IndiGo
DEL,BOM,6E,IndiGo,6E 6047,2026-10-20,45,economy,,,6546.0,False,11:00,ok,2026-09-05T12:14:28.906900+05:30,2026-09-05_1214IST,airline_direct,IndiGo
DEL,BOM,6E,IndiGo,6E 6676,2026-10-20,45,business,,,21900.0,False,12:00,ok,2026-09-05T12:14:28.906900+05:30,2026-09-05_1214IST,airline_direct,IndiGo
DEL,BOM,6E,IndiGo,6E 6676,2026-10-20,45,economy,,,6546.0,False,12:00,ok,2026-09-05T12:14:28.906900+05:30,2026-09-05_1214IST,airline_direct,IndiGo
DEL,BOM,6E,IndiGo,6E 324,2026-10-20,45,business,,,21900.0,False,13:00,ok,2026-09-05T12:14:28.906900+05:30,2026-09-05_1214IST,airline_direct,IndiGo
DEL,BOM,6E,IndiGo,6E 324,2026-10-20,45,economy,,,6546.0,False,13:00,ok,2026-09-05T12:14:28.906900+05:30,2026-09-05_1214IST,airline_direct,IndiGo
DEL,BOM,6E,IndiGo,6E 6022,2026-10-20,45,business,,,21900.0,False,14:00,ok,2026-09-05T12:14:28.906900+05:30,2026-09-05_1214IST,airline_direct,IndiGo
DEL,BOM,6E,IndiGo,6E 6022,2026-10-20,45,economy,,,6546.0,False,14:00,ok,2026-09-05T12:14:28.906900+05:30,2026-09-05_1214IST,airline_direct,IndiGo
DEL,BOM,6E,IndiGo,6E 6318,2026-10-20,45,business,,,21900.0,False,14:45,ok,2026-09-05T12:14:28.906900+05:30,2026-09-05_1214IST,airline_direct,IndiGo
DEL,BOM,6E,IndiGo,6E 6318,2026-10-20,45,economy,,,6546.0,False,14:45,ok,2026-09-05T12:14:28.906900+05:30,2026-09-05_1214IST,airline_direct,IndiGo
DEL,BOM,6E,IndiGo,6E 864,2026-10-20,45,business,,,21900.0,False,15:30,ok,2026-09-05T12:14:28.906900+05:30,2026-09-05_1214IST,airline_direct,IndiGo
DEL,BOM,6E,IndiGo,6E 864,2026-10-20,45,economy,,,6546.0,False,15:30,ok,2026-09-05T12:14:28.906900+05:30,2026-09-05_1214IST,airline_direct,IndiGo
DEL,BOM,6E,IndiGo,6E 327,2026-10-20,45,business,,,21900.0,False,16:15,ok,2026-09-05T12:14:28.906900+05:30,2026-09-05_1214IST,airline_direct,IndiGo
DEL,BOM,6E,IndiGo,6E 327,2026-10-20,45,economy,,,6546.0,False,16:15,ok,2026-09-05T12:14:28.906900+05:30,2026-09-05_1214IST,airline_direct,IndiGo
DEL,BOM,6E,IndiGo,6E 6706,2026-10-20,45,business,,,21900.0,False,17:00,ok,2026-09-05T12:14:28.906900+05:30,2026-09-05_1214IST,airline_direct,IndiGo
DEL,BOM,6E,IndiGo,6E 6706,2026-10-20,45,economy,,,6546.0,False,17:00,ok,2026-09-05T12:14:28.906900+05:30,2026-09-05_1214IST,airline_direct,IndiGo
DEL,BOM,6E,IndiGo,6E 6114,2026-10-20,45,business,,,21900.0,False,22:45,ok,2026-09-05T12:14:28.906900+05:30,2026-09-05_1214IST,airline_direct,IndiGo
DEL,BOM,6E,IndiGo,6E 6114,2026-10-20,45,economy,,,6546.0,False,22:45,ok,2026-09-05T12:14:28.906900+05:30,2026-09-05_1214IST,airline_direct,IndiGo
DEL,BOM,6E,IndiGo,6E 322,2026-10-20,45,business,,,21900.0,False,23:30,ok,2026-09-05T12:14:28.906900+05:30,2026-09-05_1214IST,airline_direct,IndiGo
DEL,BOM,6E,IndiGo,6E 322,2026-10-20,45,economy,,,6546.0,False,23:30,ok,2026-09-05T12:14:28.906900+05:30,2026-09-05_1214IST,airline_direct,IndiGo
DEL,BOM,6E,IndiGo,6E 853,2026-10-20,45,business,,,21900.0,False,20:45,ok,2026-09-05T12:14:28.906900+05:30,2026-09-05_1214IST,airline_direct,IndiGo
DEL,BOM,6E,IndiGo,6E 853,2026-10-20,45,economy,,,6696.0,False,20:45,ok,2026-09-05T12:14:28.906900+05:30,2026-09-05_1214IST,airline_direct,IndiGo
DEL,BOM,6E,IndiGo,6E 395,2026-10-20,45,business,,,21900.0,False,21:45,ok,2026-09-05T12:14:28.906900+05:30,2026-09-05_1214IST,airline_direct,IndiGo
DEL,BOM,6E,IndiGo,6E 395,2026-10-20,45,economy,,,6696.0,False,21:45,ok,2026-09-05T12:14:28.906900+05:30,2026-09-05_1214IST,airline_direct,IndiGo
DEL,BOM,6E,IndiGo,6E 6814,2026-10-20,45,business,,,21900.0,False,07:15,ok,2026-09-05T12:14:28.906900+05:30,2026-09-05_1214IST,airline_direct,IndiGo
DEL,BOM,6E,IndiGo,6E 6814,2026-10-20,45,economy,,,6996.0,False,07:15,ok,2026-09-05T12:14:28.906900+05:30,2026-09-05_1214IST,airline_direct,IndiGo
DEL,BOM,6E,IndiGo,6E 329,2026-10-20,45,business,,,21900.0,False,18:00,ok,2026-09-05T12:14:28.906900+05:30,2026-09-05_1214IST,airline_direct,IndiGo
DEL,BOM,6E,IndiGo,6E 329,2026-10-20,45,economy,,,6996.0,False,18:00,ok,2026-09-05T12:14:28.906900+05:30,2026-09-05_1214IST,airline_direct,IndiGo
DEL,BOM,6E,IndiGo,6E 354,2026-10-20,45,business,,,21900.0,False,19:00,ok,2026-09-05T12:14:28.906900+05:30,2026-09-05_1214IST,airline_direct,IndiGo
DEL,BOM,6E,IndiGo,6E 354,2026-10-20,45,economy,,,6996.0,False,19:00,ok,2026-09-05T12:14:28.906900+05:30,2026-09-05_1214IST,airline_direct,IndiGo
DEL,BOM,6E,IndiGo,6E 303,2026-10-20,45,business,,,21900.0,False,20:00,ok,2026-09-05T12:14:28.906900+05:30,2026-09-05_1214IST,airline_direct,IndiGo
DEL,BOM,6E,IndiGo,6E 303,2026-10-20,45,economy,,,6996.0,False,20:00,ok,2026-09-05T12:14:28.906900+05:30,2026-09-05_1214IST,airline_direct,IndiGo
DEL,BOM,6E,IndiGo,6E 6261,2026-10-20,45,economy,,,6090.0,False,00:15,ok,2026-09-05T12:14:28.906900+05:30,2026-09-05_1214IST,airline_direct,IndiGo
DEL,BOM,6E,IndiGo,6E 5119,2026-10-20,45,economy,,,6090.0,False,05:10,ok,2026-09-05T12:14:28.906900+05:30,2026-09-05_1214IST,airline_direct,IndiGo
DEL,BOM,6E,IndiGo,6E 2076,2026-10-20,45,economy,,,6090.0,False,07:30,ok,2026-09-05T12:14:28.906900+05:30,2026-09-05_1214IST,airline_direct,IndiGo
DEL,BOM,6E,IndiGo,6E 6454,2026-10-20,45,economy,,,6090.0,False,13:50,ok,2026-09-05T12:14:28.906900+05:30,2026-09-05_1214IST,airline_direct,IndiGo
DEL,BOM,6E,IndiGo,6E 2341,2026-10-20,45,economy,,,6090.0,False,14:50,ok,2026-09-05T12:14:28.906900+05:30,2026-09-05_1214IST,airline_direct,IndiGo
DEL,BOM,6E,IndiGo,6E 2013,2026-10-20,45,economy,,,6090.0,False,21:50,ok,2026-09-05T12:14:28.906900+05:30,2026-09-05_1214IST,airline_direct,IndiGo
DEL,BOM,6E,IndiGo,6E 6569,2026-10-20,45,economy,,,6222.0,False,05:00,ok,2026-09-05T12:14:28.906900+05:30,2026-09-05_1214IST,airline_direct,IndiGo
DEL,BOM,6E,IndiGo,6E 2249,2026-10-20,45,economy,,,6222.0,False,15:00,ok,2026-09-05T12:14:28.906900+05:30,2026-09-05_1214IST,airline_direct,IndiGo
DEL,BOM,6E,IndiGo,6E 2169,2026-10-20,45,economy,,,6222.0,False,19:20,ok,2026-09-05T12:14:28.906900+05:30,2026-09-05_1214IST,airline_direct,IndiGo
DEL,BOM,6E,IndiGo,6E 2113,2026-10-20,45,economy,,,6300.0,False,13:20,ok,2026-09-05T12:14:28.906900+05:30,2026-09-05_1214IST,airline_direct,IndiGo
DEL,BOM,6E,IndiGo,6E 758,2026-10-20,45,economy,,,6300.0,False,16:10,ok,2026-09-05T12:14:28.906900+05:30,2026-09-05_1214IST,airline_direct,IndiGo
DEL,BOM,6E,IndiGo,6E 6479,2026-10-20,45,economy,,,6300.0,False,21:25,ok,2026-09-05T12:14:28.906900+05:30,2026-09-05_1214IST,airline_direct,IndiGo
DEL,BOM,6E,IndiGo,6E 717,2026-10-20,45,business,,,29617.0,False,17:55,ok,2026-09-05T12:14:28.906900+05:30,2026-09-05_1214IST,airline_direct,IndiGo
DEL,BOM,6E,IndiGo,6E 717,2026-10-20,45,economy,,,6432.0,False,17:55,ok,2026-09-05T12:14:28.906900+05:30,2026-09-05_1214IST,airline_direct,IndiGo
DEL,BOM,6E,IndiGo,6E 357,2026-10-20,45,business,,,35165.0,False,19:30,ok,2026-09-05T12:14:28.906900+05:30,2026-09-05_1214IST,airline_direct,IndiGo
DEL,BOM,6E,IndiGo,6E 357,2026-10-20,45,economy,,,6510.0,False,19:30,ok,2026-09-05T12:14:28.906900+05:30,2026-09-05_1214IST,airline_direct,IndiGo
DEL,BOM,6E,IndiGo,6E 5119,2026-10-20,45,economy,,,6562.0,False,05:10,ok,2026-09-05T12:14:28.906900+05:30,2026-09-05_1214IST,airline_direct,IndiGo
DEL,BOM,6E,IndiGo,6E 2331,2026-10-20,45,economy,,,6562.0,False,12:20,ok,2026-09-05T12:14:28.906900+05:30,2026-09-05_1214IST,airline_direct,IndiGo
DEL,BOM,6E,IndiGo,6E 6983,2026-10-20,45,economy,,,6562.0,False,15:35,ok,2026-09-05T12:14:28.906900+05:30,2026-09-05_1214IST,airline_direct,IndiGo
DEL,BOM,6E,IndiGo,6E 931,2026-10-20,45,economy,,,6562.0,False,19:30,ok,2026-09-05T12:14:28.906900+05:30,2026-09-05_1214IST,airline_direct,IndiGo
DEL,BOM,6E,IndiGo,6E 6459,2026-10-20,45,economy,,,6693.0,False,05:55,ok,2026-09-05T12:14:28.906900+05:30,2026-09-05_1214IST,airline_direct,IndiGo
DEL,BOM,6E,IndiGo,6E 6171,2026-10-20,45,economy,,,7080.0,False,05:40,ok,2026-09-05T12:14:28.906900+05:30,2026-09-05_1214IST,airline_direct,IndiGo
DEL,BOM,6E,IndiGo,6E 5073,2026-10-20,45,economy,,,7080.0,False,17:05,ok,2026-09-05T12:14:28.906900+05:30,2026-09-05_1214IST,airline_direct,IndiGo
DEL,BOM,6E,IndiGo,6E 5073,2026-10-20,45,economy,,,7080.0,False,17:05,ok,2026-09-05T12:14:28.906900+05:30,2026-09-05_1214IST,airline_direct,IndiGo
DEL,BOM,6E,IndiGo,6E 5014,2026-10-20,45,economy,,,7080.0,False,18:30,ok,2026-09-05T12:14:28.906900+05:30,2026-09-05_1214IST,airline_direct,IndiGo
DEL,BOM,6E,IndiGo,6E 6433,2026-10-20,45,economy,,,7212.0,False,16:30,ok,2026-09-05T12:14:28.906900+05:30,2026-09-05_1214IST,airline_direct,IndiGo
DEL,BOM,6E,IndiGo,6E 6829,2026-10-20,45,economy,,,7212.0,False,17:20,ok,2026-09-05T12:14:28.906900+05:30,2026-09-05_1214IST,airline_direct,IndiGo
DEL,BOM,6E,IndiGo,6E 6829,2026-10-20,45,economy,,,7212.0,False,17:20,ok,2026-09-05T12:14:28.906900+05:30,2026-09-05_1214IST,airline_direct,IndiGo
DEL,BOM,6E,IndiGo,6E 5138,2026-10-20,45,economy,,,7212.0,False,19:10,ok,2026-09-05T12:14:28.906900+05:30,2026-09-05_1214IST,airline_direct,IndiGo
DEL,BOM,6E,IndiGo,6E 6050,2026-10-20,45,economy,,,7290.0,False,08:15,ok,2026-09-05T12:14:28.906900+05:30,2026-09-05_1214IST,airline_direct,IndiGo
DEL,BOM,6E,IndiGo,6E 882,2026-10-20,45,business,,,26937.0,False,23:15,ok,2026-09-05T12:14:28.906900+05:30,2026-09-05_1214IST,airline_direct,IndiGo
DEL,BOM,6E,IndiGo,6E 882,2026-10-20,45,economy,,,7422.0,False,23:15,ok,2026-09-05T12:14:28.906900+05:30,2026-09-05_1214IST,airline_direct,IndiGo
DEL,BOM,6E,IndiGo,6E 6443,2026-10-20,45,economy,,,7781.0,False,09:00,ok,2026-09-05T12:14:28.906900+05:30,2026-09-05_1214IST,airline_direct,IndiGo
DEL,BOM,6E,IndiGo,6E 6488,2026-10-20,45,economy,,,7781.0,False,11:20,ok,2026-09-05T12:14:28.906900+05:30,2026-09-05_1214IST,airline_direct,IndiGo
DEL,BOM,6E,IndiGo,6E 5038,2026-10-20,45,economy,,,7860.0,False,14:00,ok,2026-09-05T12:14:28.906900+05:30,2026-09-05_1214IST,airline_direct,IndiGo
DEL,BOM,6E,IndiGo,6E 6026,2026-10-20,45,business,,,29617.0,False,05:30,ok,2026-09-05T12:14:28.906900+05:30,2026-09-05_1214IST,airline_direct,IndiGo
DEL,BOM,6E,IndiGo,6E 6026,2026-10-20,45,economy,,,7991.0,False,05:30,ok,2026-09-05T12:14:28.906900+05:30,2026-09-05_1214IST,airline_direct,IndiGo
DEL,BOM,6E,IndiGo,6E 705,2026-10-20,45,business,,,29617.0,False,08:30,ok,2026-09-05T12:14:28.906900+05:30,2026-09-05_1214IST,airline_direct,IndiGo
DEL,BOM,6E,IndiGo,6E 705,2026-10-20,45,economy,,,7991.0,False,08:30,ok,2026-09-05T12:14:28.906900+05:30,2026-09-05_1214IST,airline_direct,IndiGo
DEL,BOM,6E,IndiGo,6E 6212,2026-10-20,45,business,,,29617.0,False,14:45,ok,2026-09-05T12:14:28.906900+05:30,2026-09-05_1214IST,airline_direct,IndiGo
DEL,BOM,6E,IndiGo,6E 6212,2026-10-20,45,economy,,,7991.0,False,14:45,ok,2026-09-05T12:14:28.906900+05:30,2026-09-05_1214IST,airline_direct,IndiGo
DEL,BOM,6E,IndiGo,6E 6293,2026-10-20,45,business,,,29617.0,False,09:55,ok,2026-09-05T12:14:28.906900+05:30,2026-09-05_1214IST,airline_direct,IndiGo
DEL,BOM,6E,IndiGo,6E 6293,2026-10-20,45,economy,,,8618.0,False,09:55,ok,2026-09-05T12:14:28.906900+05:30,2026-09-05_1214IST,airline_direct,IndiGo
DEL,BOM,6E,IndiGo,6E 6497,2026-10-20,45,economy,,,8618.0,False,18:40,ok,2026-09-05T12:14:28.906900+05:30,2026-09-05_1214IST,airline_direct,IndiGo
DEL,BOM,6E,IndiGo,6E 5298,2026-10-20,45,economy,,,9174.0,False,09:00,ok,2026-09-05T12:14:28.906900+05:30,2026-09-05_1214IST,airline_direct,IndiGo
DEL,BOM,6E,IndiGo,6E 6282,2026-10-20,45,business,,,29617.0,False,13:30,ok,2026-09-05T12:14:28.906900+05:30,2026-09-05_1214IST,airline_direct,IndiGo
DEL,BOM,6E,IndiGo,6E 6282,2026-10-20,45,economy,,,9305.0,False,13:30,ok,2026-09-05T12:14:28.906900+05:30,2026-09-05_1214IST,airline_direct,IndiGo
DEL,BOM,6E,IndiGo,6E 2349,2026-10-20,45,economy,,,9314.0,False,10:55,ok,2026-09-05T12:14:28.906900+05:30,2026-09-05_1214IST,airline_direct,IndiGo
DEL,BOM,6E,IndiGo,6E 358,2026-10-20,45,business,,,36522.0,False,12:10,ok,2026-09-05T12:14:28.906900+05:30,2026-09-05_1214IST,airline_direct,IndiGo
DEL,BOM,6E,IndiGo,6E 358,2026-10-20,45,economy,,,9384.0,False,12:10,ok,2026-09-05T12:14:28.906900+05:30,2026-09-05_1214IST,airline_direct,IndiGo
DEL,BOM,6E,IndiGo,6E 6601,2026-10-20,45,business,,,29617.0,False,19:45,ok,2026-09-05T12:14:28.906900+05:30,2026-09-05_1214IST,airline_direct,IndiGo
DEL,BOM,6E,IndiGo,6E 6601,2026-10-20,45,economy,,,10062.0,False,19:45,ok,2026-09-05T12:14:28.906900+05:30,2026-09-05_1214IST,airline_direct,IndiGo
DEL,BOM,6E,IndiGo,6E 704,2026-10-20,45,business,,,29617.0,False,02:25,ok,2026-09-05T12:14:28.906900+05:30,2026-09-05_1214IST,airline_direct,IndiGo
DEL,BOM,6E,IndiGo,6E 704,2026-10-20,45,economy,,,10895.0,False,02:25,ok,2026-09-05T12:14:28.906900+05:30,2026-09-05_1214IST,airline_direct,IndiGo
DEL,BOM,6E,IndiGo,6E 2496,2026-10-20,45,economy,,,15450.0,False,12:40,ok,2026-09-05T12:14:28.906900+05:30,2026-09-05_1214IST,airline_direct,IndiGo
DEL,BLR,6E,IndiGo,6E 6054,2026-10-20,45,business,,,26048.0,False,01:05,ok,2026-09-05T12:15:36.006597+05:30,2026-09-05_1215IST,airline_direct,IndiGo
DEL,BLR,6E,IndiGo,6E 6054,2026-10-20,45,economy,,,9890.0,False,01:05,ok,2026-09-05T12:15:36.006597+05:30,2026-09-05_1215IST,airline_direct,IndiGo
DEL,BLR,6E,IndiGo,6E 820,2026-10-20,45,business,,,26048.0,False,03:00,ok,2026-09-05T12:15:36.006597+05:30,2026-09-05_1215IST,airline_direct,IndiGo
DEL,BLR,6E,IndiGo,6E 820,2026-10-20,45,economy,,,9890.0,False,03:00,ok,2026-09-05T12:15:36.006597+05:30,2026-09-05_1215IST,airline_direct,IndiGo
DEL,BLR,6E,IndiGo,6E 2314,2026-10-20,45,business,,,26048.0,False,05:45,ok,2026-09-05T12:15:36.006597+05:30,2026-09-05_1215IST,airline_direct,IndiGo
DEL,BLR,6E,IndiGo,6E 2314,2026-10-20,45,economy,,,9890.0,False,05:45,ok,2026-09-05T12:15:36.006597+05:30,2026-09-05_1215IST,airline_direct,IndiGo
DEL,BLR,6E,IndiGo,6E 810,2026-10-20,45,business,,,26048.0,False,07:05,ok,2026-09-05T12:15:36.006597+05:30,2026-09-05_1215IST,airline_direct,IndiGo
DEL,BLR,6E,IndiGo,6E 810,2026-10-20,45,economy,,,9890.0,False,07:05,ok,2026-09-05T12:15:36.006597+05:30,2026-09-05_1215IST,airline_direct,IndiGo
DEL,BLR,6E,IndiGo,6E 873,2026-10-20,45,business,,,26048.0,False,08:20,ok,2026-09-05T12:15:36.006597+05:30,2026-09-05_1215IST,airline_direct,IndiGo
DEL,BLR,6E,IndiGo,6E 873,2026-10-20,45,economy,,,9890.0,False,08:20,ok,2026-09-05T12:15:36.006597+05:30,2026-09-05_1215IST,airline_direct,IndiGo
DEL,BLR,6E,IndiGo,6E 826,2026-10-20,45,business,,,26048.0,False,09:30,ok,2026-09-05T12:15:36.006597+05:30,2026-09-05_1215IST,airline_direct,IndiGo
DEL,BLR,6E,IndiGo,6E 826,2026-10-20,45,economy,,,9890.0,False,09:30,ok,2026-09-05T12:15:36.006597+05:30,2026-09-05_1215IST,airline_direct,IndiGo
DEL,BLR,6E,IndiGo,6E 850,2026-10-20,45,business,,,26048.0,False,12:15,ok,2026-09-05T12:15:36.006597+05:30,2026-09-05_1215IST,airline_direct,IndiGo
DEL,BLR,6E,IndiGo,6E 850,2026-10-20,45,economy,,,9890.0,False,12:15,ok,2026-09-05T12:15:36.006597+05:30,2026-09-05_1215IST,airline_direct,IndiGo
DEL,BLR,6E,IndiGo,6E 176,2026-10-20,45,business,,,26048.0,False,13:15,ok,2026-09-05T12:15:36.006597+05:30,2026-09-05_1215IST,airline_direct,IndiGo
DEL,BLR,6E,IndiGo,6E 176,2026-10-20,45,economy,,,9890.0,False,13:15,ok,2026-09-05T12:15:36.006597+05:30,2026-09-05_1215IST,airline_direct,IndiGo
DEL,BLR,6E,IndiGo,6E 828,2026-10-20,45,business,,,26048.0,False,14:30,ok,2026-09-05T12:15:36.006597+05:30,2026-09-05_1215IST,airline_direct,IndiGo
DEL,BLR,6E,IndiGo,6E 828,2026-10-20,45,economy,,,9890.0,False,14:30,ok,2026-09-05T12:15:36.006597+05:30,2026-09-05_1215IST,airline_direct,IndiGo
DEL,BLR,6E,IndiGo,6E 811,2026-10-20,45,business,,,26048.0,False,18:20,ok,2026-09-05T12:15:36.006597+05:30,2026-09-05_1215IST,airline_direct,IndiGo
DEL,BLR,6E,IndiGo,6E 811,2026-10-20,45,economy,,,9890.0,False,18:20,ok,2026-09-05T12:15:36.006597+05:30,2026-09-05_1215IST,airline_direct,IndiGo
DEL,BLR,6E,IndiGo,6E 6515,2026-10-20,45,business,,,26048.0,False,20:45,ok,2026-09-05T12:15:36.006597+05:30,2026-09-05_1215IST,airline_direct,IndiGo
DEL,BLR,6E,IndiGo,6E 6515,2026-10-20,45,economy,,,9890.0,False,20:45,ok,2026-09-05T12:15:36.006597+05:30,2026-09-05_1215IST,airline_direct,IndiGo
DEL,BLR,6E,IndiGo,6E 846,2026-10-20,45,business,,,26048.0,False,22:00,ok,2026-09-05T12:15:36.006597+05:30,2026-09-05_1215IST,airline_direct,IndiGo
DEL,BLR,6E,IndiGo,6E 846,2026-10-20,45,economy,,,9890.0,False,22:00,ok,2026-09-05T12:15:36.006597+05:30,2026-09-05_1215IST,airline_direct,IndiGo
DEL,BLR,6E,IndiGo,6E 871,2026-10-20,45,business,,,26048.0,False,23:30,ok,2026-09-05T12:15:36.006597+05:30,2026-09-05_1215IST,airline_direct,IndiGo
DEL,BLR,6E,IndiGo,6E 871,2026-10-20,45,economy,,,9890.0,False,23:30,ok,2026-09-05T12:15:36.006597+05:30,2026-09-05_1215IST,airline_direct,IndiGo
DEL,BLR,6E,IndiGo,6E 842,2026-10-20,45,business,,,26048.0,False,10:45,ok,2026-09-05T12:15:36.006597+05:30,2026-09-05_1215IST,airline_direct,IndiGo
DEL,BLR,6E,IndiGo,6E 842,2026-10-20,45,economy,,,10192.0,False,10:45,ok,2026-09-05T12:15:36.006597+05:30,2026-09-05_1215IST,airline_direct,IndiGo
DEL,BLR,6E,IndiGo,6E 837,2026-10-20,45,business,,,26048.0,False,17:00,ok,2026-09-05T12:15:36.006597+05:30,2026-09-05_1215IST,airline_direct,IndiGo
DEL,BLR,6E,IndiGo,6E 837,2026-10-20,45,economy,,,10192.0,False,17:00,ok,2026-09-05T12:15:36.006597+05:30,2026-09-05_1215IST,airline_direct,IndiGo
DEL,BLR,6E,IndiGo,6E 861,2026-10-20,45,business,,,26048.0,False,19:30,ok,2026-09-05T12:15:36.006597+05:30,2026-09-05_1215IST,airline_direct,IndiGo
DEL,BLR,6E,IndiGo,6E 861,2026-10-20,45,economy,,,10192.0,False,19:30,ok,2026-09-05T12:15:36.006597+05:30,2026-09-05_1215IST,airline_direct,IndiGo
DEL,BLR,6E,IndiGo,6E 880,2026-10-20,45,business,,,26048.0,False,15:45,ok,2026-09-05T12:15:36.006597+05:30,2026-09-05_1215IST,airline_direct,IndiGo
DEL,BLR,6E,IndiGo,6E 880,2026-10-20,45,economy,,,11170.0,False,15:45,ok,2026-09-05T12:15:36.006597+05:30,2026-09-05_1215IST,airline_direct,IndiGo
DEL,BLR,6E,IndiGo,6E 6026,2026-10-20,45,business,,,25312.0,False,05:30,ok,2026-09-05T12:15:36.006597+05:30,2026-09-05_1215IST,airline_direct,IndiGo
DEL,BLR,6E,IndiGo,6E 6026,2026-10-20,45,economy,,,8360.0,False,05:30,ok,2026-09-05T12:15:36.006597+05:30,2026-09-05_1215IST,airline_direct,IndiGo
DEL,BLR,6E,IndiGo,6E 6293,2026-10-20,45,business,,,27393.0,False,09:55,ok,2026-09-05T12:15:36.006597+05:30,2026-09-05_1215IST,airline_direct,IndiGo
DEL,BLR,6E,IndiGo,6E 6293,2026-10-20,45,economy,,,8360.0,False,09:55,ok,2026-09-05T12:15:36.006597+05:30,2026-09-05_1215IST,airline_direct,IndiGo
DEL,BLR,6E,IndiGo,6E 884,2026-10-20,45,business,,,28784.0,False,11:45,ok,2026-09-05T12:15:36.006597+05:30,2026-09-05_1215IST,airline_direct,IndiGo
DEL,BLR,6E,IndiGo,6E 884,2026-10-20,45,economy,,,8360.0,False,11:45,ok,2026-09-05T12:15:36.006597+05:30,2026-09-05_1215IST,airline_direct,IndiGo
DEL,BLR,6E,IndiGo,6E 6212,2026-10-20,45,business,,,25312.0,False,14:45,ok,2026-09-05T12:15:36.006597+05:30,2026-09-05_1215IST,airline_direct,IndiGo
DEL,BLR,6E,IndiGo,6E 6212,2026-10-20,45,economy,,,8360.0,False,14:45,ok,2026-09-05T12:15:36.006597+05:30,2026-09-05_1215IST,airline_direct,IndiGo
DEL,BLR,6E,IndiGo,6E 2343,2026-10-20,45,business,,,26690.0,False,02:20,ok,2026-09-05T12:15:36.006597+05:30,2026-09-05_1215IST,airline_direct,IndiGo
DEL,BLR,6E,IndiGo,6E 2343,2026-10-20,45,economy,,,8491.0,False,02:20,ok,2026-09-05T12:15:36.006597+05:30,2026-09-05_1215IST,airline_direct,IndiGo
DEL,BLR,6E,IndiGo,6E 6569,2026-10-20,45,economy,,,8491.0,False,05:00,ok,2026-09-05T12:15:36.006597+05:30,2026-09-05_1215IST,airline_direct,IndiGo
DEL,BLR,6E,IndiGo,6E 5119,2026-10-20,45,economy,,,8491.0,False,05:10,ok,2026-09-05T12:15:36.006597+05:30,2026-09-05_1215IST,airline_direct,IndiGo
DEL,BLR,6E,IndiGo,6E 6459,2026-10-20,45,economy,,,8491.0,False,05:55,ok,2026-09-05T12:15:36.006597+05:30,2026-09-05_1215IST,airline_direct,IndiGo
DEL,BLR,6E,IndiGo,6E 6488,2026-10-20,45,economy,,,8491.0,False,11:20,ok,2026-09-05T12:15:36.006597+05:30,2026-09-05_1215IST,airline_direct,IndiGo
DEL,BLR,6E,IndiGo,6E 990,2026-10-20,45,economy,,,8491.0,False,14:50,ok,2026-09-05T12:15:36.006597+05:30,2026-09-05_1215IST,airline_direct,IndiGo
DEL,BLR,6E,IndiGo,6E 864,2026-10-20,45,business,,,34636.0,False,15:30,ok,2026-09-05T12:15:36.006597+05:30,2026-09-05_1215IST,airline_direct,IndiGo
DEL,BLR,6E,IndiGo,6E 864,2026-10-20,45,economy,,,8491.0,False,15:30,ok,2026-09-05T12:15:36.006597+05:30,2026-09-05_1215IST,airline_direct,IndiGo
DEL,BLR,6E,IndiGo,6E 734,2026-10-20,45,economy,,,8491.0,False,16:20,ok,2026-09-05T12:15:36.006597+05:30,2026-09-05_1215IST,airline_direct,IndiGo
DEL,BLR,6E,IndiGo,6E 6437,2026-10-20,45,business,,,27572.0,False,16:25,ok,2026-09-05T12:15:36.006597+05:30,2026-09-05_1215IST,airline_direct,IndiGo
DEL,BLR,6E,IndiGo,6E 6437,2026-10-20,45,economy,,,8491.0,False,16:25,ok,2026-09-05T12:15:36.006597+05:30,2026-09-05_1215IST,airline_direct,IndiGo
DEL,BLR,6E,IndiGo,6E 5073,2026-10-20,45,economy,,,8491.0,False,17:05,ok,2026-09-05T12:15:36.006597+05:30,2026-09-05_1215IST,airline_direct,IndiGo
DEL,BLR,6E,IndiGo,6E 329,2026-10-20,45,business,,,34636.0,False,18:00,ok,2026-09-05T12:15:36.006597+05:30,2026-09-05_1215IST,airline_direct,IndiGo
DEL,BLR,6E,IndiGo,6E 329,2026-10-20,45,economy,,,8491.0,False,18:00,ok,2026-09-05T12:15:36.006597+05:30,2026-09-05_1215IST,airline_direct,IndiGo
DEL,BLR,6E,IndiGo,6E 853,2026-10-20,45,business,,,34636.0,False,20:45,ok,2026-09-05T12:15:36.006597+05:30,2026-09-05_1215IST,airline_direct,IndiGo
DEL,BLR,6E,IndiGo,6E 853,2026-10-20,45,economy,,,8491.0,False,20:45,ok,2026-09-05T12:15:36.006597+05:30,2026-09-05_1215IST,airline_direct,IndiGo
DEL,BLR,6E,IndiGo,6E 6673,2026-10-20,45,business,,,26315.0,False,21:15,ok,2026-09-05T12:15:36.006597+05:30,2026-09-05_1215IST,airline_direct,IndiGo
DEL,BLR,6E,IndiGo,6E 6673,2026-10-20,45,economy,,,8491.0,False,21:15,ok,2026-09-05T12:15:36.006597+05:30,2026-09-05_1215IST,airline_direct,IndiGo
DEL,BLR,6E,IndiGo,6E 2618,2026-10-20,45,business,,,27572.0,False,23:00,ok,2026-09-05T12:15:36.006597+05:30,2026-09-05_1215IST,airline_direct,IndiGo
DEL,BLR,6E,IndiGo,6E 2618,2026-10-20,45,economy,,,8491.0,False,23:00,ok,2026-09-05T12:15:36.006597+05:30,2026-09-05_1215IST,airline_direct,IndiGo
DEL,BLR,6E,IndiGo,6E 933,2026-10-20,45,economy,,,8570.0,False,02:55,ok,2026-09-05T12:15:36.006597+05:30,2026-09-05_1215IST,airline_direct,IndiGo
DEL,BLR,6E,IndiGo,6E 2319,2026-10-20,45,economy,,,8570.0,False,09:55,ok,2026-09-05T12:15:36.006597+05:30,2026-09-05_1215IST,airline_direct,IndiGo
DEL,BLR,6E,IndiGo,6E 434,2026-10-20,45,economy,,,8570.0,False,11:00,ok,2026-09-05T12:15:36.006597+05:30,2026-09-05_1215IST,airline_direct,IndiGo
DEL,BLR,6E,IndiGo,6E 2147,2026-10-20,45,economy,,,8570.0,False,11:10,ok,2026-09-05T12:15:36.006597+05:30,2026-09-05_1215IST,airline_direct,IndiGo
DEL,BLR,6E,IndiGo,6E 6115,2026-10-20,45,economy,,,8570.0,False,13:10,ok,2026-09-05T12:15:36.006597+05:30,2026-09-05_1215IST,airline_direct,IndiGo
DEL,BLR,6E,IndiGo,6E 6091,2026-10-20,45,economy,,,8570.0,False,15:15,ok,2026-09-05T12:15:36.006597+05:30,2026-09-05_1215IST,airline_direct,IndiGo
DEL,BLR,6E,IndiGo,6E 6497,2026-10-20,45,economy,,,8701.0,False,18:40,ok,2026-09-05T12:15:36.006597+05:30,2026-09-05_1215IST,airline_direct,IndiGo
DEL,BLR,6E,IndiGo,6E 513,2026-10-20,45,business,,,35293.0,False,08:30,ok,2026-09-05T12:15:36.006597+05:30,2026-09-05_1215IST,airline_direct,IndiGo
DEL,BLR,6E,IndiGo,6E 513,2026-10-20,45,economy,,,8911.0,False,08:30,ok,2026-09-05T12:15:36.006597+05:30,2026-09-05_1215IST,airline_direct,IndiGo
DEL,BLR,6E,IndiGo,6E 6476,2026-10-20,45,economy,,,9013.0,False,07:05,ok,2026-09-05T12:15:36.006597+05:30,2026-09-05_1215IST,airline_direct,IndiGo
DEL,BLR,6E,IndiGo,6E 758,2026-10-20,45,economy,,,9029.0,False,16:10,ok,2026-09-05T12:15:36.006597+05:30,2026-09-05_1215IST,airline_direct,IndiGo
DEL,BLR,6E,IndiGo,6E 2557,2026-10-20,45,economy,,,9161.0,False,15:20,ok,2026-09-05T12:15:36.006597+05:30,2026-09-05_1215IST,airline_direct,IndiGo
DEL,BLR,6E,IndiGo,6E 6179,2026-10-20,45,economy,,,9161.0,False,18:30,ok,2026-09-05T12:15:36.006597+05:30,2026-09-05_1215IST,airline_direct,IndiGo
DEL,BLR,6E,IndiGo,6E 6632,2026-10-20,45,economy,,,9239.0,False,17:50,ok,2026-09-05T12:15:36.006597+05:30,2026-09-05_1215IST,airline_direct,IndiGo
DEL,BLR,6E,IndiGo,6E 950,2026-10-20,45,economy,,,9239.0,False,18:15,ok,2026-09-05T12:15:36.006597+05:30,2026-09-05_1215IST,airline_direct,IndiGo
DEL,BLR,6E,IndiGo,6E 2482,2026-10-20,45,economy,,,9371.0,False,19:55,ok,2026-09-05T12:15:36.006597+05:30,2026-09-05_1215IST,airline_direct,IndiGo
DEL,BLR,6E,IndiGo,6E 6282,2026-10-20,45,business,,,25312.0,False,13:30,ok,2026-09-05T12:15:36.006597+05:30,2026-09-05_1215IST,airline_direct,IndiGo
DEL,BLR,6E,IndiGo,6E 6282,2026-10-20,45,economy,,,9767.0,False,13:30,ok,2026-09-05T12:15:36.006597+05:30,2026-09-05_1215IST,airline_direct,IndiGo
DEL,BLR,6E,IndiGo,6E 6433,2026-10-20,45,economy,,,10497.0,False,16:30,ok,2026-09-05T12:15:36.006597+05:30,2026-09-05_1215IST,airline_direct,IndiGo
DEL,BLR,6E,IndiGo,6E 704,2026-10-20,45,business,,,24908.0,False,02:25,ok,2026-09-05T12:15:36.006597+05:30,2026-09-05_1215IST,airline_direct,IndiGo
DEL,BLR,6E,IndiGo,6E 704,2026-10-20,45,economy,,,10576.0,False,02:25,ok,2026-09-05T12:15:36.006597+05:30,2026-09-05_1215IST,airline_direct,IndiGo
DEL,BLR,6E,IndiGo,6E 704,2026-10-20,45,business,,,24908.0,False,02:25,ok,2026-09-05T12:15:36.006597+05:30,2026-09-05_1215IST,airline_direct,IndiGo
DEL,BLR,6E,IndiGo,6E 704,2026-10-20,45,economy,,,10576.0,False,02:25,ok,2026-09-05T12:15:36.006597+05:30,2026-09-05_1215IST,airline_direct,IndiGo
DEL,BLR,6E,IndiGo,6E 717,2026-10-20,45,business,,,24908.0,False,17:55,ok,2026-09-05T12:15:36.006597+05:30,2026-09-05_1215IST,airline_direct,IndiGo
DEL,BLR,6E,IndiGo,6E 717,2026-10-20,45,economy,,,10576.0,False,17:55,ok,2026-09-05T12:15:36.006597+05:30,2026-09-05_1215IST,airline_direct,IndiGo
DEL,BLR,6E,IndiGo,6E 2361,2026-10-20,45,economy,,,10707.0,False,14:35,ok,2026-09-05T12:15:36.006597+05:30,2026-09-05_1215IST,airline_direct,IndiGo
DEL,BLR,6E,IndiGo,6E 2769,2026-10-20,45,economy,,,10917.0,False,08:10,ok,2026-09-05T12:15:36.006597+05:30,2026-09-05_1215IST,airline_direct,IndiGo
DEL,BLR,6E,IndiGo,6E 754,2026-10-20,45,economy,,,10944.0,False,17:10,ok,2026-09-05T12:15:36.006597+05:30,2026-09-05_1215IST,airline_direct,IndiGo
DEL,BLR,6E,IndiGo,6E 5191,2026-10-20,45,business,,,32815.0,False,05:00,ok,2026-09-05T12:15:36.006597+05:30,2026-09-05_1215IST,airline_direct,IndiGo
DEL,BLR,6E,IndiGo,6E 5191,2026-10-20,45,economy,,,11127.0,False,05:00,ok,2026-09-05T12:15:36.006597+05:30,2026-09-05_1215IST,airline_direct,IndiGo
DEL,BLR,6E,IndiGo,6E 2277,2026-10-20,45,business,,,37531.0,False,10:25,ok,2026-09-05T12:15:36.006597+05:30,2026-09-05_1215IST,airline_direct,IndiGo
DEL,BLR,6E,IndiGo,6E 2277,2026-10-20,45,economy,,,11677.0,False,10:25,ok,2026-09-05T12:15:36.006597+05:30,2026-09-05_1215IST,airline_direct,IndiGo
DEL,BLR,6E,IndiGo,6E 358,2026-10-20,45,business,,,37531.0,False,12:10,ok,2026-09-05T12:15:36.006597+05:30,2026-09-05_1215IST,airline_direct,IndiGo
DEL,BLR,6E,IndiGo,6E 358,2026-10-20,45,economy,,,11677.0,False,12:10,ok,2026-09-05T12:15:36.006597+05:30,2026-09-05_1215IST,airline_direct,IndiGo
DEL,BLR,6E,IndiGo,6E 2150,2026-10-20,45,business,,,38121.0,False,16:55,ok,2026-09-05T12:15:36.006597+05:30,2026-09-05_1215IST,airline_direct,IndiGo
DEL,BLR,6E,IndiGo,6E 2150,2026-10-20,45,economy,,,11677.0,False,16:55,ok,2026-09-05T12:15:36.006597+05:30,2026-09-05_1215IST,airline_direct,IndiGo
DEL,BLR,6E,IndiGo,6E 5033,2026-10-20,45,economy,,,12655.0,False,15:50,ok,2026-09-05T12:15:36.006597+05:30,2026-09-05_1215IST,airline_direct,IndiGo
DEL,BLR,6E,IndiGo,6E 5038,2026-10-20,45,economy,,,13302.0,False,14:00,ok,2026-09-05T12:15:36.006597+05:30,2026-09-05_1215IST,airline_direct,IndiGo
DEL,BLR,6E,IndiGo,6E 6217,2026-10-20,45,business,,,24908.0,False,16:15,ok,2026-09-05T12:15:36.006597+05:30,2026-09-05_1215IST,airline_direct,IndiGo
DEL,BLR,6E,IndiGo,6E 6217,2026-10-20,45,economy,,,14703.0,False,16:15,ok,2026-09-05T12:15:36.006597+05:30,2026-09-05_1215IST,airline_direct,IndiGo
BOM,BLR,6E,IndiGo,6E 5323,2026-10-20,45,business,,,18948.0,False,01:10,ok,2026-09-05T12:16:33.009645+05:30,2026-09-05_1216IST,airline_direct,IndiGo
BOM,BLR,6E,IndiGo,6E 5323,2026-10-20,45,economy,,,6747.0,False,01:10,ok,2026-09-05T12:16:33.009645+05:30,2026-09-05_1216IST,airline_direct,IndiGo
BOM,BLR,6E,IndiGo,6E 5294,2026-10-20,45,business,,,18948.0,False,04:30,ok,2026-09-05T12:16:33.009645+05:30,2026-09-05_1216IST,airline_direct,IndiGo
BOM,BLR,6E,IndiGo,6E 5294,2026-10-20,45,economy,,,6747.0,False,04:30,ok,2026-09-05T12:16:33.009645+05:30,2026-09-05_1216IST,airline_direct,IndiGo
BOM,BLR,6E,IndiGo,6E 5296,2026-10-20,45,business,,,18948.0,False,06:15,ok,2026-09-05T12:16:33.009645+05:30,2026-09-05_1216IST,airline_direct,IndiGo
BOM,BLR,6E,IndiGo,6E 5296,2026-10-20,45,economy,,,6747.0,False,06:15,ok,2026-09-05T12:16:33.009645+05:30,2026-09-05_1216IST,airline_direct,IndiGo
BOM,BLR,6E,IndiGo,6E 5193,2026-10-20,45,business,,,18948.0,False,07:45,ok,2026-09-05T12:16:33.009645+05:30,2026-09-05_1216IST,airline_direct,IndiGo
BOM,BLR,6E,IndiGo,6E 5193,2026-10-20,45,economy,,,6747.0,False,07:45,ok,2026-09-05T12:16:33.009645+05:30,2026-09-05_1216IST,airline_direct,IndiGo
BOM,BLR,6E,IndiGo,6E 5092,2026-10-20,45,business,,,18948.0,False,09:50,ok,2026-09-05T12:16:33.009645+05:30,2026-09-05_1216IST,airline_direct,IndiGo
BOM,BLR,6E,IndiGo,6E 5092,2026-10-20,45,economy,,,6747.0,False,09:50,ok,2026-09-05T12:16:33.009645+05:30,2026-09-05_1216IST,airline_direct,IndiGo
BOM,BLR,6E,IndiGo,6E 5217,2026-10-20,45,business,,,18948.0,False,11:00,ok,2026-09-05T12:16:33.009645+05:30,2026-09-05_1216IST,airline_direct,IndiGo
BOM,BLR,6E,IndiGo,6E 5217,2026-10-20,45,economy,,,6747.0,False,11:00,ok,2026-09-05T12:16:33.009645+05:30,2026-09-05_1216IST,airline_direct,IndiGo
BOM,BLR,6E,IndiGo,6E 5184,2026-10-20,45,business,,,18948.0,False,12:30,ok,2026-09-05T12:16:33.009645+05:30,2026-09-05_1216IST,airline_direct,IndiGo
BOM,BLR,6E,IndiGo,6E 5184,2026-10-20,45,economy,,,6747.0,False,12:30,ok,2026-09-05T12:16:33.009645+05:30,2026-09-05_1216IST,airline_direct,IndiGo
BOM,BLR,6E,IndiGo,6E 5382,2026-10-20,45,business,,,18948.0,False,14:30,ok,2026-09-05T12:16:33.009645+05:30,2026-09-05_1216IST,airline_direct,IndiGo
BOM,BLR,6E,IndiGo,6E 5382,2026-10-20,45,economy,,,6747.0,False,14:30,ok,2026-09-05T12:16:33.009645+05:30,2026-09-05_1216IST,airline_direct,IndiGo
BOM,BLR,6E,IndiGo,6E 5032,2026-10-20,45,business,,,18948.0,False,19:50,ok,2026-09-05T12:16:33.009645+05:30,2026-09-05_1216IST,airline_direct,IndiGo
BOM,BLR,6E,IndiGo,6E 5032,2026-10-20,45,economy,,,6747.0,False,19:50,ok,2026-09-05T12:16:33.009645+05:30,2026-09-05_1216IST,airline_direct,IndiGo
BOM,BLR,6E,IndiGo,6E 6188,2026-10-20,45,business,,,18948.0,False,21:30,ok,2026-09-05T12:16:33.009645+05:30,2026-09-05_1216IST,airline_direct,IndiGo
BOM,BLR,6E,IndiGo,6E 6188,2026-10-20,45,economy,,,6747.0,False,21:30,ok,2026-09-05T12:16:33.009645+05:30,2026-09-05_1216IST,airline_direct,IndiGo
BOM,BLR,6E,IndiGo,6E 5071,2026-10-20,45,business,,,18948.0,False,15:35,ok,2026-09-05T12:16:33.009645+05:30,2026-09-05_1216IST,airline_direct,IndiGo
BOM,BLR,6E,IndiGo,6E 5071,2026-10-20,45,economy,,,7062.0,False,15:35,ok,2026-09-05T12:16:33.009645+05:30,2026-09-05_1216IST,airline_direct,IndiGo
BOM,BLR,6E,IndiGo,6E 5388,2026-10-20,45,business,,,18948.0,False,22:20,ok,2026-09-05T12:16:33.009645+05:30,2026-09-05_1216IST,airline_direct,IndiGo
BOM,BLR,6E,IndiGo,6E 5388,2026-10-20,45,economy,,,7062.0,False,22:20,ok,2026-09-05T12:16:33.009645+05:30,2026-09-05_1216IST,airline_direct,IndiGo
BOM,BLR,6E,IndiGo,6E 5221,2026-10-20,45,business,,,18948.0,False,17:00,ok,2026-09-05T12:16:33.009645+05:30,2026-09-05_1216IST,airline_direct,IndiGo
BOM,BLR,6E,IndiGo,6E 5221,2026-10-20,45,economy,,,7797.0,False,17:00,ok,2026-09-05T12:16:33.009645+05:30,2026-09-05_1216IST,airline_direct,IndiGo
BOM,BLR,6E,IndiGo,6E 5047,2026-10-20,45,business,,,18948.0,False,18:30,ok,2026-09-05T12:16:33.009645+05:30,2026-09-05_1216IST,airline_direct,IndiGo
BOM,BLR,6E,IndiGo,6E 5047,2026-10-20,45,economy,,,8217.0,False,18:30,ok,2026-09-05T12:16:33.009645+05:30,2026-09-05_1216IST,airline_direct,IndiGo
BOM,BLR,6E,IndiGo,6E 6361,2026-10-20,45,economy,,,5122.0,False,05:00,ok,2026-09-05T12:16:33.009645+05:30,2026-09-05_1216IST,airline_direct,IndiGo
BOM,BLR,6E,IndiGo,6E 5082,2026-10-20,45,economy,,,5122.0,False,18:05,ok,2026-09-05T12:16:33.009645+05:30,2026-09-05_1216IST,airline_direct,IndiGo
BOM,BLR,6E,IndiGo,6E 6187,2026-10-20,45,economy,,,5253.0,False,00:30,ok,2026-09-05T12:16:33.009645+05:30,2026-09-05_1216IST,airline_direct,IndiGo
BOM,BLR,6E,IndiGo,6E 5179,2026-10-20,45,business,,,20036.0,False,02:45,ok,2026-09-05T12:16:33.009645+05:30,2026-09-05_1216IST,airline_direct,IndiGo
BOM,BLR,6E,IndiGo,6E 5179,2026-10-20,45,economy,,,5253.0,False,02:45,ok,2026-09-05T12:16:33.009645+05:30,2026-09-05_1216IST,airline_direct,IndiGo
BOM,BLR,6E,IndiGo,6E 5179,2026-10-20,45,business,,,20036.0,False,02:45,ok,2026-09-05T12:16:33.009645+05:30,2026-09-05_1216IST,airline_direct,IndiGo
BOM,BLR,6E,IndiGo,6E 5179,2026-10-20,45,economy,,,5253.0,False,02:45,ok,2026-09-05T12:16:33.009645+05:30,2026-09-05_1216IST,airline_direct,IndiGo
BOM,BLR,6E,IndiGo,6E 673,2026-10-20,45,economy,,,5253.0,False,12:30,ok,2026-09-05T12:16:33.009645+05:30,2026-09-05_1216IST,airline_direct,IndiGo
BOM,BLR,6E,IndiGo,6E 5228,2026-10-20,45,business,,,20036.0,False,16:45,ok,2026-09-05T12:16:33.009645+05:30,2026-09-05_1216IST,airline_direct,IndiGo
BOM,BLR,6E,IndiGo,6E 5228,2026-10-20,45,economy,,,5630.0,False,16:45,ok,2026-09-05T12:16:33.009645+05:30,2026-09-05_1216IST,airline_direct,IndiGo
BOM,BLR,6E,IndiGo,6E 5123,2026-10-20,45,economy,,,5761.0,False,14:40,ok,2026-09-05T12:16:33.009645+05:30,2026-09-05_1216IST,airline_direct,IndiGo
BOM,BLR,6E,IndiGo,6E 5188,2026-10-20,45,economy,,,5840.0,False,06:15,ok,2026-09-05T12:16:33.009645+05:30,2026-09-05_1216IST,airline_direct,IndiGo
BOM,BLR,6E,IndiGo,6E 6349,2026-10-20,45,economy,,,5840.0,False,11:40,ok,2026-09-05T12:16:33.009645+05:30,2026-09-05_1216IST,airline_direct,IndiGo
BOM,BLR,6E,IndiGo,6E 6349,2026-10-20,45,economy,,,5840.0,False,11:40,ok,2026-09-05T12:16:33.009645+05:30,2026-09-05_1216IST,airline_direct,IndiGo
BOM,BLR,6E,IndiGo,6E 2016,2026-10-20,45,economy,,,5840.0,False,13:35,ok,2026-09-05T12:16:33.009645+05:30,2026-09-05_1216IST,airline_direct,IndiGo
BOM,BLR,6E,IndiGo,6E 5337,2026-10-20,45,economy,,,5840.0,False,13:45,ok,2026-09-05T12:16:33.009645+05:30,2026-09-05_1216IST,airline_direct,IndiGo
BOM,BLR,6E,IndiGo,6E 5337,2026-10-20,45,economy,,,5840.0,False,13:45,ok,2026-09-05T12:16:33.009645+05:30,2026-09-05_1216IST,airline_direct,IndiGo
BOM,BLR,6E,IndiGo,6E 5196,2026-10-20,45,economy,,,5840.0,False,15:25,ok,2026-09-05T12:16:33.009645+05:30,2026-09-05_1216IST,airline_direct,IndiGo
BOM,BLR,6E,IndiGo,6E 240,2026-10-20,45,economy,,,5840.0,False,15:45,ok,2026-09-05T12:16:33.009645+05:30,2026-09-05_1216IST,airline_direct,IndiGo
BOM,BLR,6E,IndiGo,6E 6057,2026-10-20,45,economy,,,6045.0,False,09:15,ok,2026-09-05T12:16:33.009645+05:30,2026-09-05_1216IST,airline_direct,IndiGo
BOM,BLR,6E,IndiGo,6E 673,2026-10-20,45,economy,,,6045.0,False,12:30,ok,2026-09-05T12:16:33.009645+05:30,2026-09-05_1216IST,airline_direct,IndiGo
BOM,BLR,6E,IndiGo,6E 5386,2026-10-20,45,business,,,20441.0,False,15:10,ok,2026-09-05T12:16:33.009645+05:30,2026-09-05_1216IST,airline_direct,IndiGo
BOM,BLR,6E,IndiGo,6E 5386,2026-10-20,45,economy,,,6045.0,False,15:10,ok,2026-09-05T12:16:33.009645+05:30,2026-09-05_1216IST,airline_direct,IndiGo
BOM,BLR,6E,IndiGo,6E 5204,2026-10-20,45,economy,,,6255.0,False,08:15,ok,2026-09-05T12:16:33.009645+05:30,2026-09-05_1216IST,airline_direct,IndiGo
BOM,BLR,6E,IndiGo,6E 5109,2026-10-20,45,economy,,,6255.0,False,09:35,ok,2026-09-05T12:16:33.009645+05:30,2026-09-05_1216IST,airline_direct,IndiGo
BOM,BLR,6E,IndiGo,6E 5313,2026-10-20,45,economy,,,6255.0,False,09:50,ok,2026-09-05T12:16:33.009645+05:30,2026-09-05_1216IST,airline_direct,IndiGo
BOM,BLR,6E,IndiGo,6E 230,2026-10-20,45,economy,,,6369.0,False,13:55,ok,2026-09-05T12:16:33.009645+05:30,2026-09-05_1216IST,airline_direct,IndiGo
BOM,BLR,6E,IndiGo,6E 5241,2026-10-20,45,economy,,,6369.0,False,16:40,ok,2026-09-05T12:16:33.009645+05:30,2026-09-05_1216IST,airline_direct,IndiGo
BOM,BLR,6E,IndiGo,6E 5178,2026-10-20,45,business,,,20441.0,False,11:40,ok,2026-09-05T12:16:33.009645+05:30,2026-09-05_1216IST,airline_direct,IndiGo
BOM,BLR,6E,IndiGo,6E 5178,2026-10-20,45,economy,,,6500.0,False,11:40,ok,2026-09-05T12:16:33.009645+05:30,2026-09-05_1216IST,airline_direct,IndiGo
BOM,BLR,6E,IndiGo,6E 5386,2026-10-20,45,business,,,20441.0,False,15:10,ok,2026-09-05T12:16:33.009645+05:30,2026-09-05_1216IST,airline_direct,IndiGo
BOM,BLR,6E,IndiGo,6E 5386,2026-10-20,45,economy,,,6500.0,False,15:10,ok,2026-09-05T12:16:33.009645+05:30,2026-09-05_1216IST,airline_direct,IndiGo
BOM,BLR,6E,IndiGo,6E 5386,2026-10-20,45,business,,,20036.0,False,15:10,ok,2026-09-05T12:16:33.009645+05:30,2026-09-05_1216IST,airline_direct,IndiGo
BOM,BLR,6E,IndiGo,6E 5386,2026-10-20,45,economy,,,6500.0,False,15:10,ok,2026-09-05T12:16:33.009645+05:30,2026-09-05_1216IST,airline_direct,IndiGo
BOM,BLR,6E,IndiGo,6E 5228,2026-10-20,45,business,,,20036.0,False,16:45,ok,2026-09-05T12:16:33.009645+05:30,2026-09-05_1216IST,airline_direct,IndiGo
BOM,BLR,6E,IndiGo,6E 5228,2026-10-20,45,economy,,,6500.0,False,16:45,ok,2026-09-05T12:16:33.009645+05:30,2026-09-05_1216IST,airline_direct,IndiGo
BOM,BLR,6E,IndiGo,6E 6802,2026-10-20,45,economy,,,6632.0,False,16:55,ok,2026-09-05T12:16:33.009645+05:30,2026-09-05_1216IST,airline_direct,IndiGo
BOM,BLR,6E,IndiGo,6E 911,2026-10-20,45,economy,,,6710.0,False,01:30,ok,2026-09-05T12:16:33.009645+05:30,2026-09-05_1216IST,airline_direct,IndiGo
BOM,BLR,6E,IndiGo,6E 6701,2026-10-20,45,economy,,,6710.0,False,05:35,ok,2026-09-05T12:16:33.009645+05:30,2026-09-05_1216IST,airline_direct,IndiGo
BOM,BLR,6E,IndiGo,6E 5126,2026-10-20,45,economy,,,6710.0,False,18:15,ok,2026-09-05T12:16:33.009645+05:30,2026-09-05_1216IST,airline_direct,IndiGo
BOM,BLR,6E,IndiGo,6E 261,2026-10-20,45,economy,,,6869.0,False,11:20,ok,2026-09-05T12:16:33.009645+05:30,2026-09-05_1216IST,airline_direct,IndiGo
BOM,BLR,6E,IndiGo,6E 261,2026-10-20,45,economy,,,6869.0,False,11:20,ok,2026-09-05T12:16:33.009645+05:30,2026-09-05_1216IST,airline_direct,IndiGo
BOM,BLR,6E,IndiGo,6E 230,2026-10-20,45,economy,,,6869.0,False,13:55,ok,2026-09-05T12:16:33.009645+05:30,2026-09-05_1216IST,airline_direct,IndiGo
BOM,BLR,6E,IndiGo,6E 5201,2026-10-20,45,economy,,,7210.0,False,14:55,ok,2026-09-05T12:16:33.009645+05:30,2026-09-05_1216IST,airline_direct,IndiGo
BOM,BLR,6E,IndiGo,6E 437,2026-10-20,45,economy,,,7210.0,False,17:10,ok,2026-09-05T12:16:33.009645+05:30,2026-09-05_1216IST,airline_direct,IndiGo
BOM,BLR,6E,IndiGo,6E 5048,2026-10-20,45,economy,,,7210.0,False,17:25,ok,2026-09-05T12:16:33.009645+05:30,2026-09-05_1216IST,airline_direct,IndiGo
BOM,BLR,6E,IndiGo,6E 5107,2026-10-20,45,economy,,,7210.0,False,20:00,ok,2026-09-05T12:16:33.009645+05:30,2026-09-05_1216IST,airline_direct,IndiGo
BOM,BLR,6E,IndiGo,6E 632,2026-10-20,45,economy,,,7761.0,False,04:00,ok,2026-09-05T12:16:33.009645+05:30,2026-09-05_1216IST,airline_direct,IndiGo
BOM,BLR,6E,IndiGo,6E 5181,2026-10-20,45,economy,,,7893.0,False,10:25,ok,2026-09-05T12:16:33.009645+05:30,2026-09-05_1216IST,airline_direct,IndiGo
BOM,BLR,6E,IndiGo,6E 5241,2026-10-20,45,economy,,,8025.0,False,16:40,ok,2026-09-05T12:16:33.009645+05:30,2026-09-05_1216IST,airline_direct,IndiGo
BOM,BLR,6E,IndiGo,6E 2284,2026-10-20,45,economy,,,10566.0,False,12:05,ok,2026-09-05T12:16:33.009645+05:30,2026-09-05_1216IST,airline_direct,IndiGo
BOM,BLR,6E,IndiGo,6E 5178,2026-10-20,45,business,,,22521.0,False,11:40,ok,2026-09-05T12:16:33.009645+05:30,2026-09-05_1216IST,airline_direct,IndiGo
BOM,BLR,6E,IndiGo,6E 5178,2026-10-20,45,economy,,,11621.0,False,11:40,ok,2026-09-05T12:16:33.009645+05:30,2026-09-05_1216IST,airline_direct,IndiGo
BOM,BLR,6E,IndiGo,6E 5178,2026-10-20,45,business,,,23913.0,False,11:40,ok,2026-09-05T12:16:33.009645+05:30,2026-09-05_1216IST,airline_direct,IndiGo
BOM,BLR,6E,IndiGo,6E 5178,2026-10-20,45,economy,,,12211.0,False,11:40,ok,2026-09-05T12:16:33.009645+05:30,2026-09-05_1216IST,airline_direct,IndiGo
BOM,BLR,6E,IndiGo,6E 5318,2026-10-20,45,business,,,22521.0,False,10:15,ok,2026-09-05T12:16:33.009645+05:30,2026-09-05_1216IST,airline_direct,IndiGo
BOM,BLR,6E,IndiGo,6E 5318,2026-10-20,45,economy,,,13511.0,False,10:15,ok,2026-09-05T12:16:33.009645+05:30,2026-09-05_1216IST,airline_direct,IndiGo
DEL,CCU,6E,IndiGo,6E 930,2026-10-20,45,business,,,22600.0,False,02:45,ok,2026-09-05T12:17:41.529007+05:30,2026-09-05_1217IST,airline_direct,IndiGo
DEL,CCU,6E,IndiGo,6E 930,2026-10-20,45,economy,,,8502.0,False,02:45,ok,2026-09-05T12:17:41.529007+05:30,2026-09-05_1217IST,airline_direct,IndiGo
DEL,CCU,6E,IndiGo,6E 5191,2026-10-20,45,business,,,22600.0,False,05:00,ok,2026-09-05T12:17:41.529007+05:30,2026-09-05_1217IST,airline_direct,IndiGo
DEL,CCU,6E,IndiGo,6E 5191,2026-10-20,45,economy,,,8502.0,False,05:00,ok,2026-09-05T12:17:41.529007+05:30,2026-09-05_1217IST,airline_direct,IndiGo
DEL,CCU,6E,IndiGo,6E 340,2026-10-20,45,business,,,22600.0,False,07:20,ok,2026-09-05T12:17:41.529007+05:30,2026-09-05_1217IST,airline_direct,IndiGo
DEL,CCU,6E,IndiGo,6E 340,2026-10-20,45,economy,,,8765.0,False,07:20,ok,2026-09-05T12:17:41.529007+05:30,2026-09-05_1217IST,airline_direct,IndiGo
DEL,CCU,6E,IndiGo,6E 513,2026-10-20,45,business,,,22600.0,False,08:30,ok,2026-09-05T12:17:41.529007+05:30,2026-09-05_1217IST,airline_direct,IndiGo
DEL,CCU,6E,IndiGo,6E 513,2026-10-20,45,economy,,,9080.0,False,08:30,ok,2026-09-05T12:17:41.529007+05:30,2026-09-05_1217IST,airline_direct,IndiGo
DEL,CCU,6E,IndiGo,6E 894,2026-10-20,45,business,,,22600.0,False,10:15,ok,2026-09-05T12:17:41.529007+05:30,2026-09-05_1217IST,airline_direct,IndiGo
DEL,CCU,6E,IndiGo,6E 894,2026-10-20,45,economy,,,9552.0,False,10:15,ok,2026-09-05T12:17:41.529007+05:30,2026-09-05_1217IST,airline_direct,IndiGo
DEL,CCU,6E,IndiGo,6E 910,2026-10-20,45,business,,,22600.0,False,14:25,ok,2026-09-05T12:17:41.529007+05:30,2026-09-05_1217IST,airline_direct,IndiGo
DEL,CCU,6E,IndiGo,6E 910,2026-10-20,45,economy,,,9552.0,False,14:25,ok,2026-09-05T12:17:41.529007+05:30,2026-09-05_1217IST,airline_direct,IndiGo
DEL,CCU,6E,IndiGo,6E 247,2026-10-20,45,business,,,22600.0,False,23:30,ok,2026-09-05T12:17:41.529007+05:30,2026-09-05_1217IST,airline_direct,IndiGo
DEL,CCU,6E,IndiGo,6E 247,2026-10-20,45,economy,,,10077.0,False,23:30,ok,2026-09-05T12:17:41.529007+05:30,2026-09-05_1217IST,airline_direct,IndiGo
DEL,CCU,6E,IndiGo,6E 2276,2026-10-20,45,business,,,22600.0,False,17:55,ok,2026-09-05T12:17:41.529007+05:30,2026-09-05_1217IST,airline_direct,IndiGo
DEL,CCU,6E,IndiGo,6E 2276,2026-10-20,45,economy,,,10707.0,False,17:55,ok,2026-09-05T12:17:41.529007+05:30,2026-09-05_1217IST,airline_direct,IndiGo
DEL,CCU,6E,IndiGo,6E 897,2026-10-20,45,business,,,22600.0,False,12:45,ok,2026-09-05T12:17:41.529007+05:30,2026-09-05_1217IST,airline_direct,IndiGo
DEL,CCU,6E,IndiGo,6E 897,2026-10-20,45,economy,,,11442.0,False,12:45,ok,2026-09-05T12:17:41.529007+05:30,2026-09-05_1217IST,airline_direct,IndiGo
DEL,CCU,6E,IndiGo,6E 6415,2026-10-20,45,business,,,22600.0,False,16:00,ok,2026-09-05T12:17:41.529007+05:30,2026-09-05_1217IST,airline_direct,IndiGo
DEL,CCU,6E,IndiGo,6E 6415,2026-10-20,45,economy,,,13017.0,False,16:00,ok,2026-09-05T12:17:41.529007+05:30,2026-09-05_1217IST,airline_direct,IndiGo
DEL,CCU,6E,IndiGo,6E 6517,2026-10-20,45,business,,,22600.0,False,19:30,ok,2026-09-05T12:17:41.529007+05:30,2026-09-05_1217IST,airline_direct,IndiGo
DEL,CCU,6E,IndiGo,6E 6517,2026-10-20,45,economy,,,13017.0,False,19:30,ok,2026-09-05T12:17:41.529007+05:30,2026-09-05_1217IST,airline_direct,IndiGo
DEL,CCU,6E,IndiGo,6E 389,2026-10-20,45,business,,,22600.0,False,21:50,ok,2026-09-05T12:17:41.529007+05:30,2026-09-05_1217IST,airline_direct,IndiGo
DEL,CCU,6E,IndiGo,6E 389,2026-10-20,45,economy,,,13017.0,False,21:50,ok,2026-09-05T12:17:41.529007+05:30,2026-09-05_1217IST,airline_direct,IndiGo
DEL,CCU,6E,IndiGo,6E 6245,2026-10-20,45,economy,,,7368.0,False,06:20,ok,2026-09-05T12:17:41.529007+05:30,2026-09-05_1217IST,airline_direct,IndiGo
DEL,CCU,6E,IndiGo,6E 2769,2026-10-20,45,economy,,,7368.0,False,08:10,ok,2026-09-05T12:17:41.529007+05:30,2026-09-05_1217IST,airline_direct,IndiGo
DEL,CCU,6E,IndiGo,6E 2453,2026-10-20,45,economy,,,7368.0,False,13:35,ok,2026-09-05T12:17:41.529007+05:30,2026-09-05_1217IST,airline_direct,IndiGo
DEL,CCU,6E,IndiGo,6E 6246,2026-10-20,45,economy,,,7500.0,False,05:25,ok,2026-09-05T12:17:41.529007+05:30,2026-09-05_1217IST,airline_direct,IndiGo
DEL,CCU,6E,IndiGo,6E 5036,2026-10-20,45,economy,,,7500.0,False,08:00,ok,2026-09-05T12:17:41.529007+05:30,2026-09-05_1217IST,airline_direct,IndiGo
DEL,CCU,6E,IndiGo,6E 6190,2026-10-20,45,economy,,,7578.0,False,07:40,ok,2026-09-05T12:17:41.529007+05:30,2026-09-05_1217IST,airline_direct,IndiGo
DEL,CCU,6E,IndiGo,6E 6190,2026-10-20,45,economy,,,7578.0,False,07:40,ok,2026-09-05T12:17:41.529007+05:30,2026-09-05_1217IST,airline_direct,IndiGo
DEL,CCU,6E,IndiGo,6E 6053,2026-10-20,45,economy,,,7578.0,False,13:05,ok,2026-09-05T12:17:41.529007+05:30,2026-09-05_1217IST,airline_direct,IndiGo
DEL,CCU,6E,IndiGo,6E 5033,2026-10-20,45,economy,,,7578.0,False,15:50,ok,2026-09-05T12:17:41.529007+05:30,2026-09-05_1217IST,airline_direct,IndiGo
DEL,CCU,6E,IndiGo,6E 6503,2026-10-20,45,economy,,,7893.0,False,13:25,ok,2026-09-05T12:17:41.529007+05:30,2026-09-05_1217IST,airline_direct,IndiGo
DEL,CCU,6E,IndiGo,6E 6503,2026-10-20,45,economy,,,7893.0,False,13:25,ok,2026-09-05T12:17:41.529007+05:30,2026-09-05_1217IST,airline_direct,IndiGo
DEL,CCU,6E,IndiGo,6E 6026,2026-10-20,45,business,,,28201.0,False,05:30,ok,2026-09-05T12:17:41.529007+05:30,2026-09-05_1217IST,airline_direct,IndiGo
DEL,CCU,6E,IndiGo,6E 6026,2026-10-20,45,economy,,,7920.0,False,05:30,ok,2026-09-05T12:17:41.529007+05:30,2026-09-05_1217IST,airline_direct,IndiGo
DEL,CCU,6E,IndiGo,6E 203,2026-10-20,45,business,,,28201.0,False,07:10,ok,2026-09-05T12:17:41.529007+05:30,2026-09-05_1217IST,airline_direct,IndiGo
DEL,CCU,6E,IndiGo,6E 203,2026-10-20,45,economy,,,7920.0,False,07:10,ok,2026-09-05T12:17:41.529007+05:30,2026-09-05_1217IST,airline_direct,IndiGo
DEL,CCU,6E,IndiGo,6E 705,2026-10-20,45,business,,,28201.0,False,08:30,ok,2026-09-05T12:17:41.529007+05:30,2026-09-05_1217IST,airline_direct,IndiGo
DEL,CCU,6E,IndiGo,6E 705,2026-10-20,45,economy,,,7920.0,False,08:30,ok,2026-09-05T12:17:41.529007+05:30,2026-09-05_1217IST,airline_direct,IndiGo
DEL,CCU,6E,IndiGo,6E 884,2026-10-20,45,business,,,28673.0,False,11:45,ok,2026-09-05T12:17:41.529007+05:30,2026-09-05_1217IST,airline_direct,IndiGo
DEL,CCU,6E,IndiGo,6E 884,2026-10-20,45,economy,,,7920.0,False,11:45,ok,2026-09-05T12:17:41.529007+05:30,2026-09-05_1217IST,airline_direct,IndiGo
DEL,CCU,6E,IndiGo,6E 6282,2026-10-20,45,business,,,28673.0,False,13:30,ok,2026-09-05T12:17:41.529007+05:30,2026-09-05_1217IST,airline_direct,IndiGo
DEL,CCU,6E,IndiGo,6E 6282,2026-10-20,45,economy,,,7920.0,False,13:30,ok,2026-09-05T12:17:41.529007+05:30,2026-09-05_1217IST,airline_direct,IndiGo
DEL,CCU,6E,IndiGo,6E 6212,2026-10-20,45,business,,,27847.0,False,14:45,ok,2026-09-05T12:17:41.529007+05:30,2026-09-05_1217IST,airline_direct,IndiGo
DEL,CCU,6E,IndiGo,6E 6212,2026-10-20,45,economy,,,7920.0,False,14:45,ok,2026-09-05T12:17:41.529007+05:30,2026-09-05_1217IST,airline_direct,IndiGo
DEL,CCU,6E,IndiGo,6E 717,2026-10-20,45,business,,,27847.0,False,17:55,ok,2026-09-05T12:17:41.529007+05:30,2026-09-05_1217IST,airline_direct,IndiGo
DEL,CCU,6E,IndiGo,6E 717,2026-10-20,45,economy,,,7920.0,False,17:55,ok,2026-09-05T12:17:41.529007+05:30,2026-09-05_1217IST,airline_direct,IndiGo
DEL,CCU,6E,IndiGo,6E 6459,2026-10-20,45,economy,,,8107.0,False,05:55,ok,2026-09-05T12:17:41.529007+05:30,2026-09-05_1217IST,airline_direct,IndiGo
DEL,CCU,6E,IndiGo,6E 6312,2026-10-20,45,economy,,,8107.0,False,14:25,ok,2026-09-05T12:17:41.529007+05:30,2026-09-05_1217IST,airline_direct,IndiGo
DEL,CCU,6E,IndiGo,6E 6829,2026-10-20,45,economy,,,8317.0,False,17:20,ok,2026-09-05T12:17:41.529007+05:30,2026-09-05_1217IST,airline_direct,IndiGo
DEL,CCU,6E,IndiGo,6E 6211,2026-10-20,45,economy,,,8500.0,False,09:10,ok,2026-09-05T12:17:41.529007+05:30,2026-09-05_1217IST,airline_direct,IndiGo
DEL,CCU,6E,IndiGo,6E 2331,2026-10-20,45,economy,,,8527.0,False,12:20,ok,2026-09-05T12:17:41.529007+05:30,2026-09-05_1217IST,airline_direct,IndiGo
DEL,CCU,6E,IndiGo,6E 6236,2026-10-20,45,economy,,,8643.0,False,16:20,ok,2026-09-05T12:17:41.529007+05:30,2026-09-05_1217IST,airline_direct,IndiGo
DEL,CCU,6E,IndiGo,6E 6371,2026-10-20,45,economy,,,9299.0,False,06:20,ok,2026-09-05T12:17:41.529007+05:30,2026-09-05_1217IST,airline_direct,IndiGo
DEL,CCU,6E,IndiGo,6E 6551,2026-10-20,45,economy,,,9299.0,False,12:00,ok,2026-09-05T12:17:41.529007+05:30,2026-09-05_1217IST,airline_direct,IndiGo
DEL,CCU,6E,IndiGo,6E 2361,2026-10-20,45,economy,,,9508.0,False,14:35,ok,2026-09-05T12:17:41.529007+05:30,2026-09-05_1217IST,airline_direct,IndiGo
DEL,CCU,6E,IndiGo,6E 2614,2026-10-20,45,economy,,,9763.0,False,14:40,ok,2026-09-05T12:17:41.529007+05:30,2026-09-05_1217IST,airline_direct,IndiGo
DEL,CCU,6E,IndiGo,6E 2614,2026-10-20,45,economy,,,9763.0,False,14:40,ok,2026-09-05T12:17:41.529007+05:30,2026-09-05_1217IST,airline_direct,IndiGo
DEL,CCU,6E,IndiGo,6E 5119,2026-10-20,45,economy,,,9928.0,False,05:10,ok,2026-09-05T12:17:41.529007+05:30,2026-09-05_1217IST,airline_direct,IndiGo
DEL,CCU,6E,IndiGo,6E 5073,2026-10-20,45,economy,,,9928.0,False,17:05,ok,2026-09-05T12:17:41.529007+05:30,2026-09-05_1217IST,airline_direct,IndiGo
DEL,CCU,6E,IndiGo,6E 6312,2026-10-20,45,economy,,,10315.0,False,14:25,ok,2026-09-05T12:17:41.529007+05:30,2026-09-05_1217IST,airline_direct,IndiGo
DEL,CCU,6E,IndiGo,6E 734,2026-10-20,45,economy,,,10315.0,False,16:20,ok,2026-09-05T12:17:41.529007+05:30,2026-09-05_1217IST,airline_direct,IndiGo
DEL,CCU,6E,IndiGo,6E 2296,2026-10-20,45,economy,,,10393.0,False,09:20,ok,2026-09-05T12:17:41.529007+05:30,2026-09-05_1217IST,airline_direct,IndiGo
DEL,CCU,6E,IndiGo,6E 6217,2026-10-20,45,business,,,27139.0,False,16:15,ok,2026-09-05T12:17:41.529007+05:30,2026-09-05_1217IST,airline_direct,IndiGo
DEL,CCU,6E,IndiGo,6E 6217,2026-10-20,45,economy,,,10735.0,False,16:15,ok,2026-09-05T12:17:41.529007+05:30,2026-09-05_1217IST,airline_direct,IndiGo
DEL,CCU,6E,IndiGo,6E 2259,2026-10-20,45,economy,,,11506.0,False,12:20,ok,2026-09-05T12:17:41.529007+05:30,2026-09-05_1217IST,airline_direct,IndiGo
DEL,CCU,6E,IndiGo,6E 5038,2026-10-20,45,economy,,,12254.0,False,14:00,ok,2026-09-05T12:17:41.529007+05:30,2026-09-05_1217IST,airline_direct,IndiGo
DEL,CCU,6E,IndiGo,6E 704,2026-10-20,45,business,,,27847.0,False,02:25,ok,2026-09-05T12:17:41.529007+05:30,2026-09-05_1217IST,airline_direct,IndiGo
DEL,CCU,6E,IndiGo,6E 704,2026-10-20,45,economy,,,12595.0,False,02:25,ok,2026-09-05T12:17:41.529007+05:30,2026-09-05_1217IST,airline_direct,IndiGo
DEL,CCU,6E,IndiGo,6E 704,2026-10-20,45,business,,,27847.0,False,02:25,ok,2026-09-05T12:17:41.529007+05:30,2026-09-05_1217IST,airline_direct,IndiGo
DEL,CCU,6E,IndiGo,6E 704,2026-10-20,45,economy,,,12595.0,False,02:25,ok,2026-09-05T12:17:41.529007+05:30,2026-09-05_1217IST,airline_direct,IndiGo
DEL,CCU,6E,IndiGo,6E 717,2026-10-20,45,business,,,27139.0,False,17:55,ok,2026-09-05T12:17:41.529007+05:30,2026-09-05_1217IST,airline_direct,IndiGo
DEL,CCU,6E,IndiGo,6E 717,2026-10-20,45,economy,,,12595.0,False,17:55,ok,2026-09-05T12:17:41.529007+05:30,2026-09-05_1217IST,airline_direct,IndiGo
DEL,CCU,6E,IndiGo,6E 6073,2026-10-20,45,economy,,,13326.0,False,05:00,ok,2026-09-05T12:17:41.529007+05:30,2026-09-05_1217IST,airline_direct,IndiGo
DEL,CCU,6E,IndiGo,6E 5215,2026-10-20,45,economy,,,15759.0,False,07:40,ok,2026-09-05T12:17:41.529007+05:30,2026-09-05_1217IST,airline_direct,IndiGo
DEL,CCU,6E,IndiGo,6E 5215,2026-10-20,45,economy,,,15759.0,False,07:40,ok,2026-09-05T12:17:41.529007+05:30,2026-09-05_1217IST,airline_direct,IndiGo
DEL,CCU,6E,IndiGo,6E 5041,2026-10-20,45,economy,,,16346.0,False,15:10,ok,2026-09-05T12:17:41.529007+05:30,2026-09-05_1217IST,airline_direct,IndiGo
DEL,CCU,6E,IndiGo,6E 2316,2026-10-20,45,economy,,,16346.0,False,17:30,ok,2026-09-05T12:17:41.529007+05:30,2026-09-05_1217IST,airline_direct,IndiGo
DEL,CCU,6E,IndiGo,6E 5041,2026-10-20,45,economy,,,16992.0,False,15:10,ok,2026-09-05T12:17:41.529007+05:30,2026-09-05_1217IST,airline_direct,IndiGo
DEL,CCU,6E,IndiGo,6E 6217,2026-10-20,45,business,,,27847.0,False,16:15,ok,2026-09-05T12:17:41.529007+05:30,2026-09-05_1217IST,airline_direct,IndiGo
DEL,CCU,6E,IndiGo,6E 6217,2026-10-20,45,economy,,,19058.0,False,16:15,ok,2026-09-05T12:17:41.529007+05:30,2026-09-05_1217IST,airline_direct,IndiGo
DEL,CCU,6E,IndiGo,6E 5215,2026-10-20,45,economy,,,22456.0,False,07:40,ok,2026-09-05T12:17:41.529007+05:30,2026-09-05_1217IST,airline_direct,IndiGo
BLR,HYD,6E,IndiGo,6E 484,2026-10-20,45,economy,,,4235.0,False,08:15,ok,2026-09-05T12:18:46.467158+05:30,2026-09-05_1218IST,airline_direct,IndiGo
BLR,HYD,6E,IndiGo,6E 537,2026-10-20,45,economy,,,4921.0,False,10:15,ok,2026-09-05T12:18:46.467158+05:30,2026-09-05_1218IST,airline_direct,IndiGo
BLR,HYD,6E,IndiGo,6E 6067,2026-10-20,45,economy,,,4921.0,False,16:30,ok,2026-09-05T12:18:46.467158+05:30,2026-09-05_1218IST,airline_direct,IndiGo
BLR,HYD,6E,IndiGo,6E 638,2026-10-20,45,economy,,,4921.0,False,18:35,ok,2026-09-05T12:18:46.467158+05:30,2026-09-05_1218IST,airline_direct,IndiGo
BLR,HYD,6E,IndiGo,6E 6404,2026-10-20,45,economy,,,5318.0,False,11:35,ok,2026-09-05T12:18:46.467158+05:30,2026-09-05_1218IST,airline_direct,IndiGo
BLR,HYD,6E,IndiGo,6E 855,2026-10-20,45,economy,,,5318.0,False,19:45,ok,2026-09-05T12:18:46.467158+05:30,2026-09-05_1218IST,airline_direct,IndiGo
BLR,HYD,6E,IndiGo,6E 6784,2026-10-20,45,economy,,,5318.0,False,21:25,ok,2026-09-05T12:18:46.467158+05:30,2026-09-05_1218IST,airline_direct,IndiGo
BLR,HYD,6E,IndiGo,6E 312,2026-10-20,45,economy,,,5756.0,False,09:15,ok,2026-09-05T12:18:46.467158+05:30,2026-09-05_1218IST,airline_direct,IndiGo
BLR,HYD,6E,IndiGo,6E 6178,2026-10-20,45,economy,,,8010.0,False,06:10,ok,2026-09-05T12:18:46.467158+05:30,2026-09-05_1218IST,airline_direct,IndiGo
BLR,HYD,6E,IndiGo,6E 7204,2026-10-20,45,economy,,,4553.0,False,06:50,ok,2026-09-05T12:18:46.467158+05:30,2026-09-05_1218IST,airline_direct,IndiGo
BLR,HYD,6E,IndiGo,6E 7204,2026-10-20,45,economy,,,4553.0,False,06:50,ok,2026-09-05T12:18:46.467158+05:30,2026-09-05_1218IST,airline_direct,IndiGo
BLR,HYD,6E,IndiGo,6E 857,2026-10-20,45,economy,,,4553.0,False,07:05,ok,2026-09-05T12:18:46.467158+05:30,2026-09-05_1218IST,airline_direct,IndiGo
BLR,HYD,6E,IndiGo,6E 6269,2026-10-20,45,economy,,,4553.0,False,07:15,ok,2026-09-05T12:18:46.467158+05:30,2026-09-05_1218IST,airline_direct,IndiGo
BLR,HYD,6E,IndiGo,6E 6269,2026-10-20,45,economy,,,4553.0,False,07:15,ok,2026-09-05T12:18:46.467158+05:30,2026-09-05_1218IST,airline_direct,IndiGo
BLR,HYD,6E,IndiGo,6E 6003,2026-10-20,45,economy,,,4553.0,False,15:35,ok,2026-09-05T12:18:46.467158+05:30,2026-09-05_1218IST,airline_direct,IndiGo
BLR,HYD,6E,IndiGo,6E 356,2026-10-20,45,economy,,,4553.0,False,17:15,ok,2026-09-05T12:18:46.467158+05:30,2026-09-05_1218IST,airline_direct,IndiGo
BLR,HYD,6E,IndiGo,6E 356,2026-10-20,45,economy,,,4553.0,False,17:15,ok,2026-09-05T12:18:46.467158+05:30,2026-09-05_1218IST,airline_direct,IndiGo
BLR,HYD,6E,IndiGo,6E 6017,2026-10-20,45,economy,,,4553.0,False,18:15,ok,2026-09-05T12:18:46.467158+05:30,2026-09-05_1218IST,airline_direct,IndiGo
BLR,HYD,6E,IndiGo,6E 904,2026-10-20,45,economy,,,4836.0,False,10:50,ok,2026-09-05T12:18:46.467158+05:30,2026-09-05_1218IST,airline_direct,IndiGo
BLR,HYD,6E,IndiGo,6E 182,2026-10-20,45,economy,,,4836.0,False,15:00,ok,2026-09-05T12:18:46.467158+05:30,2026-09-05_1218IST,airline_direct,IndiGo
BLR,HYD,6E,IndiGo,6E 182,2026-10-20,45,economy,,,4836.0,False,15:00,ok,2026-09-05T12:18:46.467158+05:30,2026-09-05_1218IST,airline_direct,IndiGo
BLR,HYD,6E,IndiGo,6E 182,2026-10-20,45,economy,,,4836.0,False,15:00,ok,2026-09-05T12:18:46.467158+05:30,2026-09-05_1218IST,airline_direct,IndiGo
BLR,HYD,6E,IndiGo,6E 6875,2026-10-20,45,economy,,,4836.0,False,19:55,ok,2026-09-05T12:18:46.467158+05:30,2026-09-05_1218IST,airline_direct,IndiGo
BLR,HYD,6E,IndiGo,6E 6583,2026-10-20,45,economy,,,4967.0,False,10:40,ok,2026-09-05T12:18:46.467158+05:30,2026-09-05_1218IST,airline_direct,IndiGo
BLR,HYD,6E,IndiGo,6E 857,2026-10-20,45,economy,,,5146.0,False,07:05,ok,2026-09-05T12:18:46.467158+05:30,2026-09-05_1218IST,airline_direct,IndiGo
BLR,HYD,6E,IndiGo,6E 602,2026-10-20,45,economy,,,5146.0,False,14:40,ok,2026-09-05T12:18:46.467158+05:30,2026-09-05_1218IST,airline_direct,IndiGo
BLR,HYD,6E,IndiGo,6E 6891,2026-10-20,45,economy,,,5146.0,False,17:15,ok,2026-09-05T12:18:46.467158+05:30,2026-09-05_1218IST,airline_direct,IndiGo
BLR,HYD,6E,IndiGo,6E 441,2026-10-20,45,economy,,,5146.0,False,20:40,ok,2026-09-05T12:18:46.467158+05:30,2026-09-05_1218IST,airline_direct,IndiGo
BLR,HYD,6E,IndiGo,6E 116,2026-10-20,45,economy,,,5146.0,False,23:05,ok,2026-09-05T12:18:46.467158+05:30,2026-09-05_1218IST,airline_direct,IndiGo
BLR,HYD,6E,IndiGo,6E 6563,2026-10-20,45,economy,,,5486.0,False,01:05,ok,2026-09-05T12:18:46.467158+05:30,2026-09-05_1218IST,airline_direct,IndiGo
BLR,HYD,6E,IndiGo,6E 6876,2026-10-20,45,economy,,,5486.0,False,02:40,ok,2026-09-05T12:18:46.467158+05:30,2026-09-05_1218IST,airline_direct,IndiGo
BLR,HYD,6E,IndiGo,6E 6208,2026-10-20,45,economy,,,5486.0,False,12:50,ok,2026-09-05T12:18:46.467158+05:30,2026-09-05_1218IST,airline_direct,IndiGo
BLR,HYD,6E,IndiGo,6E 109,2026-10-20,45,economy,,,5486.0,False,17:00,ok,2026-09-05T12:18:46.467158+05:30,2026-09-05_1218IST,airline_direct,IndiGo
BLR,HYD,6E,IndiGo,6E 6162,2026-10-20,45,economy,,,5486.0,False,18:50,ok,2026-09-05T12:18:46.467158+05:30,2026-09-05_1218IST,airline_direct,IndiGo
BLR,HYD,6E,IndiGo,6E 105,2026-10-20,45,economy,,,5486.0,False,18:50,ok,2026-09-05T12:18:46.467158+05:30,2026-09-05_1218IST,airline_direct,IndiGo
BLR,HYD,6E,IndiGo,6E 528,2026-10-20,45,economy,,,5486.0,False,21:40,ok,2026-09-05T12:18:46.467158+05:30,2026-09-05_1218IST,airline_direct,IndiGo
BLR,HYD,6E,IndiGo,6E 116,2026-10-20,45,economy,,,5486.0,False,23:05,ok,2026-09-05T12:18:46.467158+05:30,2026-09-05_1218IST,airline_direct,IndiGo
BLR,HYD,6E,IndiGo,6E 6336,2026-10-20,45,economy,,,5617.0,False,12:40,ok,2026-09-05T12:18:46.467158+05:30,2026-09-05_1218IST,airline_direct,IndiGo
BLR,HYD,6E,IndiGo,6E 6336,2026-10-20,45,economy,,,5617.0,False,12:40,ok,2026-09-05T12:18:46.467158+05:30,2026-09-05_1218IST,airline_direct,IndiGo
BLR,HYD,6E,IndiGo,6E 6208,2026-10-20,45,economy,,,5861.0,False,12:50,ok,2026-09-05T12:18:46.467158+05:30,2026-09-05_1218IST,airline_direct,IndiGo
BLR,HYD,6E,IndiGo,6E 6753,2026-10-20,45,economy,,,5861.0,False,15:15,ok,2026-09-05T12:18:46.467158+05:30,2026-09-05_1218IST,airline_direct,IndiGo
BLR,HYD,6E,IndiGo,6E 6583,2026-10-20,45,economy,,,5992.0,False,10:40,ok,2026-09-05T12:18:46.467158+05:30,2026-09-05_1218IST,airline_direct,IndiGo
BLR,HYD,6E,IndiGo,6E 6753,2026-10-20,45,economy,,,6271.0,False,15:15,ok,2026-09-05T12:18:46.467158+05:30,2026-09-05_1218IST,airline_direct,IndiGo
BLR,HYD,6E,IndiGo,6E 7223,2026-10-20,45,economy,,,6271.0,False,15:30,ok,2026-09-05T12:18:46.467158+05:30,2026-09-05_1218IST,airline_direct,IndiGo
BLR,HYD,6E,IndiGo,6E 105,2026-10-20,45,economy,,,6271.0,False,18:50,ok,2026-09-05T12:18:46.467158+05:30,2026-09-05_1218IST,airline_direct,IndiGo
BLR,HYD,6E,IndiGo,6E 6445,2026-10-20,45,economy,,,6724.0,False,10:25,ok,2026-09-05T12:18:46.467158+05:30,2026-09-05_1218IST,airline_direct,IndiGo
BLR,HYD,6E,IndiGo,6E 6554,2026-10-20,45,economy,,,6724.0,False,19:15,ok,2026-09-05T12:18:46.467158+05:30,2026-09-05_1218IST,airline_direct,IndiGo
BLR,HYD,6E,IndiGo,6E 574,2026-10-20,45,economy,,,6855.0,False,11:05,ok,2026-09-05T12:18:46.467158+05:30,2026-09-05_1218IST,airline_direct,IndiGo
BLR,HYD,6E,IndiGo,6E 6653,2026-10-20,45,economy,,,7221.0,False,12:35,ok,2026-09-05T12:18:46.467158+05:30,2026-09-05_1218IST,airline_direct,IndiGo
BLR,HYD,6E,IndiGo,6E 6653,2026-10-20,45,economy,,,7221.0,False,12:35,ok,2026-09-05T12:18:46.467158+05:30,2026-09-05_1218IST,airline_direct,IndiGo
BLR,HYD,6E,IndiGo,6E 763,2026-10-20,45,economy,,,7767.0,False,07:10,ok,2026-09-05T12:18:46.467158+05:30,2026-09-05_1218IST,airline_direct,IndiGo
BLR,HYD,6E,IndiGo,6E 763,2026-10-20,45,economy,,,7767.0,False,07:10,ok,2026-09-05T12:18:46.467158+05:30,2026-09-05_1218IST,airline_direct,IndiGo
BLR,HYD,6E,IndiGo,6E 7005,2026-10-20,45,economy,,,7767.0,False,08:05,ok,2026-09-05T12:18:46.467158+05:30,2026-09-05_1218IST,airline_direct,IndiGo
BLR,HYD,6E,IndiGo,6E 7005,2026-10-20,45,economy,,,7767.0,False,08:05,ok,2026-09-05T12:18:46.467158+05:30,2026-09-05_1218IST,airline_direct,IndiGo
BLR,HYD,6E,IndiGo,6E 7227,2026-10-20,45,economy,,,8238.0,False,06:25,ok,2026-09-05T12:18:46.467158+05:30,2026-09-05_1218IST,airline_direct,IndiGo
BLR,HYD,6E,IndiGo,6E 7285,2026-10-20,45,economy,,,8870.0,False,06:50,ok,2026-09-05T12:18:46.467158+05:30,2026-09-05_1218IST,airline_direct,IndiGo
BLR,HYD,6E,IndiGo,6E 763,2026-10-20,45,economy,,,9030.0,False,07:10,ok,2026-09-05T12:18:46.467158+05:30,2026-09-05_1218IST,airline_direct,IndiGo
BLR,HYD,6E,IndiGo,6E 6104,2026-10-20,45,economy,,,9030.0,False,11:40,ok,2026-09-05T12:18:46.467158+05:30,2026-09-05_1218IST,airline_direct,IndiGo
BLR,HYD,6E,IndiGo,6E 7176,2026-10-20,45,economy,,,5440.0,False,10:10,ok,2026-09-05T12:18:46.467158+05:30,2026-09-05_1218IST,airline_direct,IndiGo
MAA,DEL,6E,IndiGo,6E 953,2026-10-20,45,business,,,24700.0,False,02:45,ok,2026-09-05T12:20:08.735045+05:30,2026-09-05_1220IST,airline_direct,IndiGo
MAA,DEL,6E,IndiGo,6E 953,2026-10-20,45,economy,,,9830.0,False,02:45,ok,2026-09-05T12:20:08.735045+05:30,2026-09-05_1220IST,airline_direct,IndiGo
MAA,DEL,6E,IndiGo,6E 937,2026-10-20,45,business,,,24700.0,False,06:30,ok,2026-09-05T12:20:08.735045+05:30,2026-09-05_1220IST,airline_direct,IndiGo
MAA,DEL,6E,IndiGo,6E 937,2026-10-20,45,economy,,,9830.0,False,06:30,ok,2026-09-05T12:20:08.735045+05:30,2026-09-05_1220IST,airline_direct,IndiGo
MAA,DEL,6E,IndiGo,6E 404,2026-10-20,45,business,,,24700.0,False,09:15,ok,2026-09-05T12:20:08.735045+05:30,2026-09-05_1220IST,airline_direct,IndiGo
MAA,DEL,6E,IndiGo,6E 404,2026-10-20,45,economy,,,9830.0,False,09:15,ok,2026-09-05T12:20:08.735045+05:30,2026-09-05_1220IST,airline_direct,IndiGo
MAA,DEL,6E,IndiGo,6E 6002,2026-10-20,45,business,,,24700.0,False,11:10,ok,2026-09-05T12:20:08.735045+05:30,2026-09-05_1220IST,airline_direct,IndiGo
MAA,DEL,6E,IndiGo,6E 6002,2026-10-20,45,economy,,,9830.0,False,11:10,ok,2026-09-05T12:20:08.735045+05:30,2026-09-05_1220IST,airline_direct,IndiGo
MAA,DEL,6E,IndiGo,6E 939,2026-10-20,45,business,,,24700.0,False,13:00,ok,2026-09-05T12:20:08.735045+05:30,2026-09-05_1220IST,airline_direct,IndiGo
MAA,DEL,6E,IndiGo,6E 939,2026-10-20,45,economy,,,9830.0,False,13:00,ok,2026-09-05T12:20:08.735045+05:30,2026-09-05_1220IST,airline_direct,IndiGo
MAA,DEL,6E,IndiGo,6E 948,2026-10-20,45,business,,,24700.0,False,14:30,ok,2026-09-05T12:20:08.735045+05:30,2026-09-05_1220IST,airline_direct,IndiGo
MAA,DEL,6E,IndiGo,6E 948,2026-10-20,45,economy,,,9830.0,False,14:30,ok,2026-09-05T12:20:08.735045+05:30,2026-09-05_1220IST,airline_direct,IndiGo
MAA,DEL,6E,IndiGo,6E 698,2026-10-20,45,business,,,24700.0,False,16:45,ok,2026-09-05T12:20:08.735045+05:30,2026-09-05_1220IST,airline_direct,IndiGo
MAA,DEL,6E,IndiGo,6E 698,2026-10-20,45,economy,,,9830.0,False,16:45,ok,2026-09-05T12:20:08.735045+05:30,2026-09-05_1220IST,airline_direct,IndiGo
MAA,DEL,6E,IndiGo,6E 613,2026-10-20,45,business,,,24700.0,False,19:00,ok,2026-09-05T12:20:08.735045+05:30,2026-09-05_1220IST,airline_direct,IndiGo
MAA,DEL,6E,IndiGo,6E 613,2026-10-20,45,economy,,,9830.0,False,19:00,ok,2026-09-05T12:20:08.735045+05:30,2026-09-05_1220IST,airline_direct,IndiGo
MAA,DEL,6E,IndiGo,6E 951,2026-10-20,45,business,,,24700.0,False,21:50,ok,2026-09-05T12:20:08.735045+05:30,2026-09-05_1220IST,airline_direct,IndiGo
MAA,DEL,6E,IndiGo,6E 951,2026-10-20,45,economy,,,9830.0,False,21:50,ok,2026-09-05T12:20:08.735045+05:30,2026-09-05_1220IST,airline_direct,IndiGo
MAA,DEL,6E,IndiGo,6E 2369,2026-10-20,45,business,,,24700.0,False,23:45,ok,2026-09-05T12:20:08.735045+05:30,2026-09-05_1220IST,airline_direct,IndiGo
MAA,DEL,6E,IndiGo,6E 2369,2026-10-20,45,economy,,,9830.0,False,23:45,ok,2026-09-05T12:20:08.735045+05:30,2026-09-05_1220IST,airline_direct,IndiGo
MAA,DEL,6E,IndiGo,6E 6797,2026-10-20,45,economy,,,8720.0,False,13:10,ok,2026-09-05T12:20:08.735045+05:30,2026-09-05_1220IST,airline_direct,IndiGo
MAA,DEL,6E,IndiGo,6E 253,2026-10-20,45,business,,,28061.0,False,03:10,ok,2026-09-05T12:20:08.735045+05:30,2026-09-05_1220IST,airline_direct,IndiGo
MAA,DEL,6E,IndiGo,6E 253,2026-10-20,45,economy,,,8930.0,False,03:10,ok,2026-09-05T12:20:08.735045+05:30,2026-09-05_1220IST,airline_direct,IndiGo
MAA,DEL,6E,IndiGo,6E 244,2026-10-20,45,economy,,,8930.0,False,03:55,ok,2026-09-05T12:20:08.735045+05:30,2026-09-05_1220IST,airline_direct,IndiGo
MAA,DEL,6E,IndiGo,6E 607,2026-10-20,45,business,,,28061.0,False,05:40,ok,2026-09-05T12:20:08.735045+05:30,2026-09-05_1220IST,airline_direct,IndiGo
MAA,DEL,6E,IndiGo,6E 607,2026-10-20,45,economy,,,8930.0,False,05:40,ok,2026-09-05T12:20:08.735045+05:30,2026-09-05_1220IST,airline_direct,IndiGo
MAA,DEL,6E,IndiGo,6E 495,2026-10-20,45,economy,,,8930.0,False,07:10,ok,2026-09-05T12:20:08.735045+05:30,2026-09-05_1220IST,airline_direct,IndiGo
MAA,DEL,6E,IndiGo,6E 401,2026-10-20,45,economy,,,8930.0,False,08:10,ok,2026-09-05T12:20:08.735045+05:30,2026-09-05_1220IST,airline_direct,IndiGo
MAA,DEL,6E,IndiGo,6E 834,2026-10-20,45,economy,,,8930.0,False,09:05,ok,2026-09-05T12:20:08.735045+05:30,2026-09-05_1220IST,airline_direct,IndiGo
MAA,DEL,6E,IndiGo,6E 834,2026-10-20,45,economy,,,8930.0,False,09:05,ok,2026-09-05T12:20:08.735045+05:30,2026-09-05_1220IST,airline_direct,IndiGo
MAA,DEL,6E,IndiGo,6E 991,2026-10-20,45,economy,,,8930.0,False,09:30,ok,2026-09-05T12:20:08.735045+05:30,2026-09-05_1220IST,airline_direct,IndiGo
MAA,DEL,6E,IndiGo,6E 372,2026-10-20,45,economy,,,8930.0,False,09:55,ok,2026-09-05T12:20:08.735045+05:30,2026-09-05_1220IST,airline_direct,IndiGo
MAA,DEL,6E,IndiGo,6E 6079,2026-10-20,45,economy,,,8930.0,False,10:15,ok,2026-09-05T12:20:08.735045+05:30,2026-09-05_1220IST,airline_direct,IndiGo
MAA,DEL,6E,IndiGo,6E 6079,2026-10-20,45,economy,,,8930.0,False,10:15,ok,2026-09-05T12:20:08.735045+05:30,2026-09-05_1220IST,airline_direct,IndiGo
MAA,DEL,6E,IndiGo,6E 502,2026-10-20,45,business,,,28533.0,False,11:10,ok,2026-09-05T12:20:08.735045+05:30,2026-09-05_1220IST,airline_direct,IndiGo
MAA,DEL,6E,IndiGo,6E 502,2026-10-20,45,economy,,,8930.0,False,11:10,ok,2026-09-05T12:20:08.735045+05:30,2026-09-05_1220IST,airline_direct,IndiGo
MAA,DEL,6E,IndiGo,6E 6925,2026-10-20,45,economy,,,8930.0,False,12:00,ok,2026-09-05T12:20:08.735045+05:30,2026-09-05_1220IST,airline_direct,IndiGo
MAA,DEL,6E,IndiGo,6E 725,2026-10-20,45,economy,,,8930.0,False,13:25,ok,2026-09-05T12:20:08.735045+05:30,2026-09-05_1220IST,airline_direct,IndiGo
MAA,DEL,6E,IndiGo,6E 6158,2026-10-20,45,economy,,,8930.0,False,16:10,ok,2026-09-05T12:20:08.735045+05:30,2026-09-05_1220IST,airline_direct,IndiGo
MAA,DEL,6E,IndiGo,6E 848,2026-10-20,45,economy,,,8930.0,False,17:50,ok,2026-09-05T12:20:08.735045+05:30,2026-09-05_1220IST,airline_direct,IndiGo
MAA,DEL,6E,IndiGo,6E 562,2026-10-20,45,economy,,,8930.0,False,18:20,ok,2026-09-05T12:20:08.735045+05:30,2026-09-05_1220IST,airline_direct,IndiGo
MAA,DEL,6E,IndiGo,6E 193,2026-10-20,45,economy,,,8930.0,False,20:00,ok,2026-09-05T12:20:08.735045+05:30,2026-09-05_1220IST,airline_direct,IndiGo
MAA,DEL,6E,IndiGo,6E 6487,2026-10-20,45,economy,,,8930.0,False,21:25,ok,2026-09-05T12:20:08.735045+05:30,2026-09-05_1220IST,airline_direct,IndiGo
MAA,DEL,6E,IndiGo,6E 561,2026-10-20,45,business,,,28061.0,False,22:20,ok,2026-09-05T12:20:08.735045+05:30,2026-09-05_1220IST,airline_direct,IndiGo
MAA,DEL,6E,IndiGo,6E 561,2026-10-20,45,economy,,,8930.0,False,22:20,ok,2026-09-05T12:20:08.735045+05:30,2026-09-05_1220IST,airline_direct,IndiGo
MAA,DEL,6E,IndiGo,6E 6081,2026-10-20,45,economy,,,9009.0,False,07:05,ok,2026-09-05T12:20:08.735045+05:30,2026-09-05_1220IST,airline_direct,IndiGo
MAA,DEL,6E,IndiGo,6E 6081,2026-10-20,45,economy,,,9009.0,False,07:05,ok,2026-09-05T12:20:08.735045+05:30,2026-09-05_1220IST,airline_direct,IndiGo
MAA,DEL,6E,IndiGo,6E 6892,2026-10-20,45,economy,,,9009.0,False,10:55,ok,2026-09-05T12:20:08.735045+05:30,2026-09-05_1220IST,airline_direct,IndiGo
MAA,DEL,6E,IndiGo,6E 6892,2026-10-20,45,economy,,,9009.0,False,10:55,ok,2026-09-05T12:20:08.735045+05:30,2026-09-05_1220IST,airline_direct,IndiGo
MAA,DEL,6E,IndiGo,6E 6209,2026-10-20,45,economy,,,9009.0,False,14:35,ok,2026-09-05T12:20:08.735045+05:30,2026-09-05_1220IST,airline_direct,IndiGo
MAA,DEL,6E,IndiGo,6E 847,2026-10-20,45,economy,,,9009.0,False,16:15,ok,2026-09-05T12:20:08.735045+05:30,2026-09-05_1220IST,airline_direct,IndiGo
MAA,DEL,6E,IndiGo,6E 365,2026-10-20,45,economy,,,9009.0,False,17:45,ok,2026-09-05T12:20:08.735045+05:30,2026-09-05_1220IST,airline_direct,IndiGo
MAA,DEL,6E,IndiGo,6E 189,2026-10-20,45,economy,,,9009.0,False,19:05,ok,2026-09-05T12:20:08.735045+05:30,2026-09-05_1220IST,airline_direct,IndiGo
MAA,DEL,6E,IndiGo,6E 6812,2026-10-20,45,economy,,,9009.0,False,20:00,ok,2026-09-05T12:20:08.735045+05:30,2026-09-05_1220IST,airline_direct,IndiGo
MAA,DEL,6E,IndiGo,6E 6140,2026-10-20,45,business,,,29944.0,False,02:30,ok,2026-09-05T12:20:08.735045+05:30,2026-09-05_1220IST,airline_direct,IndiGo
MAA,DEL,6E,IndiGo,6E 6140,2026-10-20,45,economy,,,9140.0,False,02:30,ok,2026-09-05T12:20:08.735045+05:30,2026-09-05_1220IST,airline_direct,IndiGo
MAA,DEL,6E,IndiGo,6E 5093,2026-10-20,45,business,,,35375.0,False,05:00,ok,2026-09-05T12:20:08.735045+05:30,2026-09-05_1220IST,airline_direct,IndiGo
MAA,DEL,6E,IndiGo,6E 5093,2026-10-20,45,economy,,,9140.0,False,05:00,ok,2026-09-05T12:20:08.735045+05:30,2026-09-05_1220IST,airline_direct,IndiGo
MAA,DEL,6E,IndiGo,6E 6348,2026-10-20,45,business,,,35375.0,False,09:00,ok,2026-09-05T12:20:08.735045+05:30,2026-09-05_1220IST,airline_direct,IndiGo
MAA,DEL,6E,IndiGo,6E 6348,2026-10-20,45,economy,,,9140.0,False,09:00,ok,2026-09-05T12:20:08.735045+05:30,2026-09-05_1220IST,airline_direct,IndiGo
MAA,DEL,6E,IndiGo,6E 6348,2026-10-20,45,business,,,35375.0,False,09:00,ok,2026-09-05T12:20:08.735045+05:30,2026-09-05_1220IST,airline_direct,IndiGo
MAA,DEL,6E,IndiGo,6E 6348,2026-10-20,45,economy,,,9140.0,False,09:00,ok,2026-09-05T12:20:08.735045+05:30,2026-09-05_1220IST,airline_direct,IndiGo
MAA,DEL,6E,IndiGo,6E 5214,2026-10-20,45,business,,,35375.0,False,11:00,ok,2026-09-05T12:20:08.735045+05:30,2026-09-05_1220IST,airline_direct,IndiGo
MAA,DEL,6E,IndiGo,6E 5214,2026-10-20,45,economy,,,9140.0,False,11:00,ok,2026-09-05T12:20:08.735045+05:30,2026-09-05_1220IST,airline_direct,IndiGo
MAA,DEL,6E,IndiGo,6E 5258,2026-10-20,45,business,,,35375.0,False,12:45,ok,2026-09-05T12:20:08.735045+05:30,2026-09-05_1220IST,airline_direct,IndiGo
MAA,DEL,6E,IndiGo,6E 5258,2026-10-20,45,economy,,,9140.0,False,12:45,ok,2026-09-05T12:20:08.735045+05:30,2026-09-05_1220IST,airline_direct,IndiGo
MAA,DEL,6E,IndiGo,6E 6113,2026-10-20,45,economy,,,9140.0,False,17:00,ok,2026-09-05T12:20:08.735045+05:30,2026-09-05_1220IST,airline_direct,IndiGo
MAA,DEL,6E,IndiGo,6E 5367,2026-10-20,45,business,,,35375.0,False,18:15,ok,2026-09-05T12:20:08.735045+05:30,2026-09-05_1220IST,airline_direct,IndiGo
MAA,DEL,6E,IndiGo,6E 5367,2026-10-20,45,economy,,,9140.0,False,18:15,ok,2026-09-05T12:20:08.735045+05:30,2026-09-05_1220IST,airline_direct,IndiGo
MAA,DEL,6E,IndiGo,6E 6209,2026-10-20,45,economy,,,9697.0,False,14:35,ok,2026-09-05T12:20:08.735045+05:30,2026-09-05_1220IST,airline_direct,IndiGo
MAA,DEL,6E,IndiGo,6E 796,2026-10-20,45,economy,,,9697.0,False,22:00,ok,2026-09-05T12:20:08.735045+05:30,2026-09-05_1220IST,airline_direct,IndiGo
MAA,DEL,6E,IndiGo,6E 5371,2026-10-20,45,business,,,35375.0,False,14:45,ok,2026-09-05T12:20:08.735045+05:30,2026-09-05_1220IST,airline_direct,IndiGo
MAA,DEL,6E,IndiGo,6E 5371,2026-10-20,45,economy,,,10586.0,False,14:45,ok,2026-09-05T12:20:08.735045+05:30,2026-09-05_1220IST,airline_direct,IndiGo
MAA,DEL,6E,IndiGo,6E 588,2026-10-20,45,business,,,36481.0,False,17:40,ok,2026-09-05T12:20:08.735045+05:30,2026-09-05_1220IST,airline_direct,IndiGo
MAA,DEL,6E,IndiGo,6E 588,2026-10-20,45,economy,,,10586.0,False,17:40,ok,2026-09-05T12:20:08.735045+05:30,2026-09-05_1220IST,airline_direct,IndiGo
MAA,DEL,6E,IndiGo,6E 264,2026-10-20,45,economy,,,10586.0,False,23:20,ok,2026-09-05T12:20:08.735045+05:30,2026-09-05_1220IST,airline_direct,IndiGo
MAA,DEL,6E,IndiGo,6E 973,2026-10-20,45,business,,,36245.0,False,11:55,ok,2026-09-05T12:20:08.735045+05:30,2026-09-05_1220IST,airline_direct,IndiGo
MAA,DEL,6E,IndiGo,6E 973,2026-10-20,45,economy,,,11208.0,False,11:55,ok,2026-09-05T12:20:08.735045+05:30,2026-09-05_1220IST,airline_direct,IndiGo
MAA,DEL,6E,IndiGo,6E 986,2026-10-20,45,business,,,30568.0,False,15:05,ok,2026-09-05T12:20:08.735045+05:30,2026-09-05_1220IST,airline_direct,IndiGo
MAA,DEL,6E,IndiGo,6E 986,2026-10-20,45,economy,,,11418.0,False,15:05,ok,2026-09-05T12:20:08.735045+05:30,2026-09-05_1220IST,airline_direct,IndiGo
MAA,DEL,6E,IndiGo,6E 597,2026-10-20,45,economy,,,11576.0,False,17:45,ok,2026-09-05T12:20:08.735045+05:30,2026-09-05_1220IST,airline_direct,IndiGo
MAA,DEL,6E,IndiGo,6E 6815,2026-10-20,45,economy,,,11868.0,False,08:55,ok,2026-09-05T12:20:08.735045+05:30,2026-09-05_1220IST,airline_direct,IndiGo
MAA,DEL,6E,IndiGo,6E 539,2026-10-20,45,economy,,,14234.0,False,11:25,ok,2026-09-05T12:20:08.735045+05:30,2026-09-05_1220IST,airline_direct,IndiGo
MAA,DEL,6E,IndiGo,6E 321,2026-10-20,45,economy,,,23332.0,False,08:20,ok,2026-09-05T12:20:08.735045+05:30,2026-09-05_1220IST,airline_direct,IndiGo
