origin,destination,carrier_code,carrier_name,flight_num,travel_date,advance_purchase_days,fare_class,base_fare,taxes_and_fees,total_fare,fare_split_estimated,departure_time,status,scraped_at,capture_run,source,source_name
DEL,BOM,6E,IndiGo,6E 6190,2026-09-05,1,economy,,,,False,07:40,parse_error,2026-09-04T12:25:54.315275+05:30,2026-09-04_1225IST,ota,MakeMyTrip
DEL,BOM,6E,IndiGo,6E 6190,2026-09-05,1,economy,,,1.09,False,07:40,ok,2026-09-04T12:25:54.315275+05:30,2026-09-04_1225IST,ota,MakeMyTrip
DEL,BOM,6E,IndiGo,6E 6050,2026-09-05,1,economy,,,,False,08:15,parse_error,2026-09-04T12:25:54.315275+05:30,2026-09-04_1225IST,ota,MakeMyTrip
DEL,BOM,6E,IndiGo,6E 6050,2026-09-05,1,economy,,,,False,08:15,parse_error,2026-09-04T12:25:54.315275+05:30,2026-09-04_1225IST,ota,MakeMyTrip
DEL,BOM,6E,IndiGo,6E 5298,2026-09-05,1,economy,,,,False,09:00,parse_error,2026-09-04T12:25:54.315275+05:30,2026-09-04_1225IST,ota,MakeMyTrip
DEL,BOM,6E,IndiGo,6E 2076,2026-09-05,1,economy,,,2.18,False,07:30,ok,2026-09-04T12:25:54.315275+05:30,2026-09-04_1225IST,ota,MakeMyTrip
DEL,BOM,6E,IndiGo,6E 5014,2026-09-05,1,economy,,,1.09,False,18:30,ok,2026-09-04T12:25:54.315275+05:30,2026-09-04_1225IST,ota,MakeMyTrip
DEL,BOM,6E,IndiGo,6E 5073,2026-09-05,1,economy,,,,False,17:05,parse_error,2026-09-04T12:25:54.315275+05:30,2026-09-04_1225IST,ota,MakeMyTrip
DEL,BOM,6E,IndiGo,6E 5073,2026-09-05,1,economy,,,,False,17:05,parse_error,2026-09-04T12:25:54.315275+05:30,2026-09-04_1225IST,ota,MakeMyTrip
DEL,BOM,6E,IndiGo,6E 5119,2026-09-05,1,economy,,,1.09,False,05:10,ok,2026-09-04T12:25:54.315275+05:30,2026-09-04_1225IST,ota,MakeMyTrip
DEL,BOM,6E,IndiGo,6E 6171,2026-09-05,1,economy,,,,False,05:40,parse_error,2026-09-04T12:25:54.315275+05:30,2026-09-04_1225IST,ota,MakeMyTrip
DEL,BOM,6E,IndiGo,6E 6171,2026-09-05,1,economy,,,,False,05:40,parse_error,2026-09-04T12:25:54.315275+05:30,2026-09-04_1225IST,ota,MakeMyTrip
DEL,BOM,6E,IndiGo,6E 6261,2026-09-05,1,economy,,,,False,00:15,parse_error,2026-09-04T12:25:54.315275+05:30,2026-09-04_1225IST,ota,MakeMyTrip
DEL,BOM,6E,IndiGo,6E 2013,2026-09-05,1,economy,,,1.09,False,21:50,ok,2026-09-04T12:25:54.315275+05:30,2026-09-04_1225IST,ota,MakeMyTrip
DEL,BOM,6E,IndiGo,6E 5138,2026-09-05,1,economy,,,,False,19:10,parse_error,2026-09-04T12:25:54.315275+05:30,2026-09-04_1225IST,ota,MakeMyTrip
DEL,BOM,6E,IndiGo,6E 5138,2026-09-05,1,economy,,,,False,19:10,parse_error,2026-09-04T12:25:54.315275+05:30,2026-09-04_1225IST,ota,MakeMyTrip
DEL,BOM,6E,IndiGo,6E 6479,2026-09-05,1,economy,,,,False,21:25,parse_error,2026-09-04T12:25:54.315275+05:30,2026-09-04_1225IST,ota,MakeMyTrip
DEL,BOM,6E,IndiGo,6E 6983,2026-09-05,1,economy,,,1.09,False,15:35,ok,2026-09-04T12:25:54.315275+05:30,2026-09-04_1225IST,ota,MakeMyTrip
DEL,BOM,6E,IndiGo,6E 5206,2026-09-05,1,economy,,,,False,13:20,parse_error,2026-09-04T12:25:54.315275+05:30,2026-09-04_1225IST,ota,MakeMyTrip
DEL,BOM,6E,IndiGo,6E 5206,2026-09-05,1,economy,,,,False,13:20,parse_error,2026-09-04T12:25:54.315275+05:30,2026-09-04_1225IST,ota,MakeMyTrip
DEL,BOM,6E,IndiGo,6E 5038,2026-09-05,1,economy,,,,False,14:00,parse_error,2026-09-04T12:25:54.315275+05:30,2026-09-04_1225IST,ota,MakeMyTrip
DEL,BOM,6E,IndiGo,6E 5073,2026-09-05,1,economy,,,1.09,False,17:05,ok,2026-09-04T12:25:54.315275+05:30,2026-09-04_1225IST,ota,MakeMyTrip
DEL,BOM,6E,IndiGo,6E 2341,2026-09-05,1,economy,,,,False,14:50,parse_error,2026-09-04T12:25:54.315275+05:30,2026-09-04_1225IST,ota,MakeMyTrip
DEL,BOM,6E,IndiGo,6E 2341,2026-09-05,1,economy,,,,False,14:50,parse_error,2026-09-04T12:25:54.315275+05:30,2026-09-04_1225IST,ota,MakeMyTrip
DEL,BOM,6E,IndiGo,6E 2381,2026-09-05,1,economy,,,,False,13:45,parse_error,2026-09-04T12:25:54.315275+05:30,2026-09-04_1225IST,ota,MakeMyTrip
DEL,BOM,6E,IndiGo,6E 6459,2026-09-05,1,economy,,,1.09,False,05:55,ok,2026-09-04T12:25:54.315275+05:30,2026-09-04_1225IST,ota,MakeMyTrip
DEL,BOM,6E,IndiGo,6E 704,2026-09-05,1,economy,,,,False,02:25,parse_error,2026-09-04T12:25:54.315275+05:30,2026-09-04_1225IST,ota,MakeMyTrip
DEL,BOM,6E,IndiGo,6E 704,2026-09-05,1,economy,,,,False,02:25,parse_error,2026-09-04T12:25:54.315275+05:30,2026-09-04_1225IST,ota,MakeMyTrip
DEL,BOM,6E,IndiGo,6E 6490,2026-09-05,1,economy,,,,False,04:55,parse_error,2026-09-04T12:25:54.315275+05:30,2026-09-04_1225IST,ota,MakeMyTrip
DEL,BOM,6E,IndiGo,6E 2147,2026-09-05,1,economy,,,1.09,False,11:10,ok,2026-09-04T12:25:54.315275+05:30,2026-09-04_1225IST,ota,MakeMyTrip
DEL,BOM,6E,IndiGo,6E 6293,2026-09-05,1,economy,,,,False,09:55,parse_error,2026-09-04T12:25:54.315275+05:30,2026-09-04_1225IST,ota,MakeMyTrip
DEL,BOM,6E,IndiGo,6E 6293,2026-09-05,1,economy,,,,False,09:55,parse_error,2026-09-04T12:25:54.315275+05:30,2026-09-04_1225IST,ota,MakeMyTrip
DEL,BOM,IX,Air India Express,IX 1056,2026-09-05,1,economy,,,1.36,False,05:35,ok,2026-09-04T12:25:54.315275+05:30,2026-09-04_1225IST,ota,MakeMyTrip
DEL,BOM,IX,Air India Express,IX 1038,2026-09-05,1,economy,,,,False,17:35,parse_error,2026-09-04T12:25:54.315275+05:30,2026-09-04_1225IST,ota,MakeMyTrip
DEL,BOM,IX,Air India Express,IX 1038,2026-09-05,1,economy,,,,False,17:35,parse_error,2026-09-04T12:25:54.315275+05:30,2026-09-04_1225IST,ota,MakeMyTrip
DEL,BOM,IX,Air India Express,IX 1235,2026-09-05,1,economy,,,,False,23:25,parse_error,2026-09-04T12:25:54.315275+05:30,2026-09-04_1225IST,ota,MakeMyTrip
DEL,BOM,6E,IndiGo,6E 5096,2026-09-05,1,economy,,,1.36,False,17:00,ok,2026-09-04T12:25:54.315275+05:30,2026-09-04_1225IST,ota,MakeMyTrip
DEL,BOM,6E,IndiGo,6E 6676,2026-09-05,1,economy,,,,False,12:00,parse_error,2026-09-04T12:25:54.315275+05:30,2026-09-04_1225IST,ota,MakeMyTrip
DEL,BOM,6E,IndiGo,6E 6676,2026-09-05,1,economy,,,,False,12:00,parse_error,2026-09-04T12:25:54.315275+05:30,2026-09-04_1225IST,ota,MakeMyTrip
DEL,BOM,6E,IndiGo,6E 324,2026-09-05,1,economy,,,,False,13:00,parse_error,2026-09-04T12:25:54.315275+05:30,2026-09-04_1225IST,ota,MakeMyTrip
DEL,BOM,6E,IndiGo,6E 6601,2026-09-05,1,economy,,,1.36,False,19:45,ok,2026-09-04T12:25:54.315275+05:30,2026-09-04_1225IST,ota,MakeMyTrip
DEL,BOM,6E,IndiGo,6E 882,2026-09-05,1,economy,,,,False,23:15,parse_error,2026-09-04T12:25:54.315275+05:30,2026-09-04_1225IST,ota,MakeMyTrip
DEL,BOM,6E,IndiGo,6E 882,2026-09-05,1,economy,,,,False,23:15,parse_error,2026-09-04T12:25:54.315275+05:30,2026-09-04_1225IST,ota,MakeMyTrip
DEL,BOM,6E,IndiGo,6E 6497,2026-09-05,1,economy,,,,False,18:40,parse_error,2026-09-04T12:25:54.315275+05:30,2026-09-04_1225IST,ota,MakeMyTrip
DEL,BOM,6E,IndiGo,6E 449,2026-09-05,1,economy,,,1.36,False,05:00,ok,2026-09-04T12:25:54.315275+05:30,2026-09-04_1225IST,ota,MakeMyTrip
DEL,BOM,6E,IndiGo,6E 303,2026-09-05,1,economy,,,,False,20:00,parse_error,2026-09-04T12:25:54.315275+05:30,2026-09-04_1225IST,ota,MakeMyTrip
DEL,BOM,6E,IndiGo,6E 303,2026-09-05,1,economy,,,,False,20:00,parse_error,2026-09-04T12:25:54.315275+05:30,2026-09-04_1225IST,ota,MakeMyTrip
DEL,BOM,6E,IndiGo,6E 955,2026-09-05,1,economy,,,,False,20:20,parse_error,2026-09-04T12:25:54.315275+05:30,2026-09-04_1225IST,ota,MakeMyTrip
DEL,BOM,AI,Air India,AI 9486,2026-09-05,1,economy,,,2.18,False,05:35,ok,2026-09-04T12:25:54.315275+05:30,2026-09-04_1225IST,ota,MakeMyTrip
DEL,BOM,AI,Air India,AI 1745,2026-09-05,1,economy,,,,False,05:00,parse_error,2026-09-04T12:25:54.315275+05:30,2026-09-04_1225IST,ota,MakeMyTrip
DEL,BOM,AI,Air India,AI 1745,2026-09-05,1,economy,,,,False,05:00,parse_error,2026-09-04T12:25:54.315275+05:30,2026-09-04_1225IST,ota,MakeMyTrip
DEL,BOM,6E,IndiGo,6E 6218,2026-09-05,1,economy,,,1.36,False,06:05,ok,2026-09-04T12:25:54.315275+05:30,2026-09-04_1225IST,ota,MakeMyTrip
DEL,BOM,6E,IndiGo,6E 6470,2026-09-05,1,economy,,,,False,06:55,parse_error,2026-09-04T12:25:54.315275+05:30,2026-09-04_1225IST,ota,MakeMyTrip
DEL,BOM,6E,IndiGo,6E 6470,2026-09-05,1,economy,,,,False,06:55,parse_error,2026-09-04T12:25:54.315275+05:30,2026-09-04_1225IST,ota,MakeMyTrip
DEL,BOM,6E,IndiGo,6E 6047,2026-09-05,1,economy,,,,False,11:00,parse_error,2026-09-04T12:25:54.315275+05:30,2026-09-04_1225IST,ota,MakeMyTrip
DEL,BOM,QP,Akasa Air,QP 1833,2026-09-05,1,economy,,,1.36,False,06:50,ok,2026-09-04T12:25:54.315275+05:30,2026-09-04_1225IST,ota,MakeMyTrip
DEL,BOM,QP,Akasa Air,QP 1112,2026-09-05,1,economy,,,,False,09:20,parse_error,2026-09-04T12:25:54.315275+05:30,2026-09-04_1225IST,ota,MakeMyTrip
DEL,BOM,QP,Akasa Air,QP 1112,2026-09-05,1,economy,,,,False,09:20,parse_error,2026-09-04T12:25:54.315275+05:30,2026-09-04_1225IST,ota,MakeMyTrip
DEL,BOM,QP,Akasa Air,QP 1110,2026-09-05,1,economy,,,,False,10:30,parse_error,2026-09-04T12:25:54.315275+05:30,2026-09-04_1225IST,ota,MakeMyTrip
DEL,BOM,6E,IndiGo,6E 6814,2026-09-05,1,economy,,,1.36,False,07:15,ok,2026-09-04T12:25:54.315275+05:30,2026-09-04_1225IST,ota,MakeMyTrip
DEL,BOM,6E,IndiGo,6E 675,2026-09-05,1,economy,,,,False,08:45,parse_error,2026-09-04T12:25:54.315275+05:30,2026-09-04_1225IST,ota,MakeMyTrip
DEL,BOM,6E,IndiGo,6E 675,2026-09-05,1,economy,,,,False,08:45,parse_error,2026-09-04T12:25:54.315275+05:30,2026-09-04_1225IST,ota,MakeMyTrip
DEL,BOM,6E,IndiGo,6E 6328,2026-09-05,1,economy,,,,False,10:15,parse_error,2026-09-04T12:25:54.315275+05:30,2026-09-04_1225IST,ota,MakeMyTrip
DEL,BOM,6E,IndiGo,6E 320,2026-09-05,1,economy,,,1.36,False,08:00,ok,2026-09-04T12:25:54.315275+05:30,2026-09-04_1225IST,ota,MakeMyTrip
DEL,BOM,6E,IndiGo,6E 6107,2026-09-05,1,economy,,,,False,09:30,parse_error,2026-09-04T12:25:54.315275+05:30,2026-09-04_1225IST,ota,MakeMyTrip
DEL,BOM,6E,IndiGo,6E 6107,2026-09-05,1,economy,,,,False,09:30,parse_error,2026-09-04T12:25:54.315275+05:30,2026-09-04_1225IST,ota,MakeMyTrip
DEL,BOM,QP,Akasa Air,QP 1119,2026-09-05,1,economy,,,1.36,False,08:40,ok,2026-09-04T12:25:54.315275+05:30,2026-09-04_1225IST,ota,MakeMyTrip
DEL,BOM,QP,Akasa Air,QP 1836,2026-09-05,1,economy,,,,False,12:30,parse_error,2026-09-04T12:25:54.315275+05:30,2026-09-04_1225IST,ota,MakeMyTrip
DEL,BOM,QP,Akasa Air,QP 1836,2026-09-05,1,economy,,,,False,12:30,parse_error,2026-09-04T12:25:54.315275+05:30,2026-09-04_1225IST,ota,MakeMyTrip
DEL,BOM,QP,Akasa Air,QP 1826,2026-09-05,1,economy,,,,False,19:55,parse_error,2026-09-04T12:25:54.315275+05:30,2026-09-04_1225IST,ota,MakeMyTrip
DEL,BOM,6E,IndiGo,6E 6022,2026-09-05,1,economy,,,1.36,False,14:00,ok,2026-09-04T12:25:54.315275+05:30,2026-09-04_1225IST,ota,MakeMyTrip
DEL,BOM,6E,IndiGo,6E 327,2026-09-05,1,economy,,,,False,16:15,parse_error,2026-09-04T12:25:54.315275+05:30,2026-09-04_1225IST,ota,MakeMyTrip
DEL,BOM,6E,IndiGo,6E 327,2026-09-05,1,economy,,,,False,16:15,parse_error,2026-09-04T12:25:54.315275+05:30,2026-09-04_1225IST,ota,MakeMyTrip
DEL,BOM,6E,IndiGo,6E 5198,2026-09-05,1,economy,,,,False,15:00,parse_error,2026-09-04T12:25:54.315275+05:30,2026-09-04_1225IST,ota,MakeMyTrip
DEL,BOM,6E,IndiGo,6E 6318,2026-09-05,1,economy,,,1.36,False,14:45,ok,2026-09-04T12:25:54.315275+05:30,2026-09-04_1225IST,ota,MakeMyTrip
DEL,BOM,6E,IndiGo,6E 864,2026-09-05,1,economy,,,,False,15:30,parse_error,2026-09-04T12:25:54.315275+05:30,2026-09-04_1225IST,ota,MakeMyTrip
DEL,BOM,6E,IndiGo,6E 864,2026-09-05,1,economy,,,,False,15:30,parse_error,2026-09-04T12:25:54.315275+05:30,2026-09-04_1225IST,ota,MakeMyTrip
DEL,BOM,6E,IndiGo,6E 6706,2026-09-05,1,economy,,,,False,17:00,parse_error,2026-09-04T12:25:54.315275+05:30,2026-09-04_1225IST,ota,MakeMyTrip
DEL,BOM,QP,Akasa Air,QP 1128,2026-09-05,1,economy,,,1.36,False,16:00,ok,2026-09-04T12:25:54.315275+05:30,2026-09-04_1225IST,ota,MakeMyTrip
DEL,BOM,QP,Akasa Air,QP 1820,2026-09-05,1,economy,,,,False,17:30,parse_error,2026-09-04T12:25:54.315275+05:30,2026-09-04_1225IST,ota,MakeMyTrip
DEL,BOM,QP,Akasa Air,QP 1820,2026-09-05,1,economy,,,,False,17:30,parse_error,2026-09-04T12:25:54.315275+05:30,2026-09-04_1225IST,ota,MakeMyTrip
DEL,BOM,QP,Akasa Air,QP 1940,2026-09-05,1,economy,,,,False,14:05,parse_error,2026-09-04T12:25:54.315275+05:30,2026-09-04_1225IST,ota,MakeMyTrip
DEL,BOM,6E,IndiGo,6E 329,2026-09-05,1,economy,,,1.36,False,18:00,ok,2026-09-04T12:25:54.315275+05:30,2026-09-04_1225IST,ota,MakeMyTrip
DEL,BOM,6E,IndiGo,6E 354,2026-09-05,1,economy,,,,False,19:00,parse_error,2026-09-04T12:25:54.315275+05:30,2026-09-04_1225IST,ota,MakeMyTrip
DEL,BOM,6E,IndiGo,6E 354,2026-09-05,1,economy,,,,False,19:00,parse_error,2026-09-04T12:25:54.315275+05:30,2026-09-04_1225IST,ota,MakeMyTrip
DEL,BOM,6E,IndiGo,6E 395,2026-09-05,1,economy,,,,False,21:45,parse_error,2026-09-04T12:25:54.315275+05:30,2026-09-04_1225IST,ota,MakeMyTrip
DEL,BOM,AI,Air India,AI 9484,2026-09-05,1,economy,,,2.18,False,23:25,ok,2026-09-04T12:25:54.315275+05:30,2026-09-04_1225IST,ota,MakeMyTrip
DEL,BOM,AI,Air India,AI 2957,2026-09-05,1,economy,,,,False,20:30,parse_error,2026-09-04T12:25:54.315275+05:30,2026-09-04_1225IST,ota,MakeMyTrip
DEL,BOM,AI,Air India,AI 2957,2026-09-05,1,economy,,,,False,20:30,parse_error,2026-09-04T12:25:54.315275+05:30,2026-09-04_1225IST,ota,MakeMyTrip
DEL,BOM,AI,Air India,AI 9759,2026-09-05,1,economy,,,2.18,False,05:45,ok,2026-09-04T12:25:54.315275+05:30,2026-09-04_1225IST,ota,MakeMyTrip
DEL,BOM,AI,Air India,AI 2975,2026-09-05,1,economy,,,1.36,False,06:30,ok,2026-09-04T12:25:54.315275+05:30,2026-09-04_1225IST,ota,MakeMyTrip
DEL,BOM,AI,Air India,AI 2943,2026-09-05,1,economy,,,,False,07:30,parse_error,2026-09-04T12:25:54.315275+05:30,2026-09-04_1225IST,ota,MakeMyTrip
DEL,BOM,AI,Air India,AI 2943,2026-09-05,1,economy,,,,False,07:30,parse_error,2026-09-04T12:25:54.315275+05:30,2026-09-04_1225IST,ota,MakeMyTrip
DEL,BOM,AI,Air India,AI 2945,2026-09-05,1,economy,,,,False,11:00,parse_error,2026-09-04T12:25:54.315275+05:30,2026-09-04_1225IST,ota,MakeMyTrip
DEL,BOM,AI,Air India,AI 2429,2026-09-05,1,economy,,,1.36,False,07:00,ok,2026-09-04T12:25:54.315275+05:30,2026-09-04_1225IST,ota,MakeMyTrip
DEL,BOM,AI,Air India,AI 2927,2026-09-05,1,economy,,,,False,09:30,parse_error,2026-09-04T12:25:54.315275+05:30,2026-09-04_1225IST,ota,MakeMyTrip
DEL,BOM,AI,Air India,AI 2927,2026-09-05,1,economy,,,,False,09:30,parse_error,2026-09-04T12:25:54.315275+05:30,2026-09-04_1225IST,ota,MakeMyTrip
DEL,BOM,AI,Air India,AI 2995,2026-09-05,1,economy,,,,False,10:00,parse_error,2026-09-04T12:25:54.315275+05:30,2026-09-04_1225IST,ota,MakeMyTrip
DEL,BOM,AI,Air India,AI 2678,2026-09-05,1,economy,,,1.36,False,08:30,ok,2026-09-04T12:25:54.315275+05:30,2026-09-04_1225IST,ota,MakeMyTrip
DEL,BOM,AI,Air India,AI 2963,2026-09-05,1,economy,,,,False,09:00,parse_error,2026-09-04T12:25:54.315275+05:30,2026-09-04_1225IST,ota,MakeMyTrip
DEL,BOM,AI,Air India,AI 2963,2026-09-05,1,economy,,,,False,09:00,parse_error,2026-09-04T12:25:54.315275+05:30,2026-09-04_1225IST,ota,MakeMyTrip
DEL,BOM,AI,Air India,AI 2425,2026-09-05,1,economy,,,,False,10:30,parse_error,2026-09-04T12:25:54.315275+05:30,2026-09-04_1225IST,ota,MakeMyTrip
DEL,BOM,AI,Air India,AI 1785,2026-09-05,1,economy,,,1.36,False,12:00,ok,2026-09-04T12:25:54.315275+05:30,2026-09-04_1225IST,ota,MakeMyTrip
DEL,BOM,AI,Air India,AI 2933,2026-09-05,1,economy,,,,False,15:30,parse_error,2026-09-04T12:25:54.315275+05:30,2026-09-04_1225IST,ota,MakeMyTrip
DEL,BOM,AI,Air India,AI 2933,2026-09-05,1,economy,,,,False,15:30,parse_error,2026-09-04T12:25:54.315275+05:30,2026-09-04_1225IST,ota,MakeMyTrip
DEL,BOM,AI,Air India,AI 441,2026-09-05,1,economy,,,,False,17:00,parse_error,2026-09-04T12:25:54.315275+05:30,2026-09-04_1225IST,ota,MakeMyTrip
DEL,BOM,AI,Air India,AI 1777,2026-09-05,1,economy,,,1.36,False,16:00,ok,2026-09-04T12:25:54.315275+05:30,2026-09-04_1225IST,ota,MakeMyTrip
DEL,BOM,AI,Air India,AI 2941,2026-09-05,1,economy,,,,False,16:30,parse_error,2026-09-04T12:25:54.315275+05:30,2026-09-04_1225IST,ota,MakeMyTrip
DEL,BOM,AI,Air India,AI 2941,2026-09-05,1,economy,,,,False,16:30,parse_error,2026-09-04T12:25:54.315275+05:30,2026-09-04_1225IST,ota,MakeMyTrip
DEL,BOM,AI,Air India,AI 2951,2026-09-05,1,economy,,,,False,13:30,parse_error,2026-09-04T12:25:54.315275+05:30,2026-09-04_1225IST,ota,MakeMyTrip
DEL,BOM,AI,Air India,AI 2955,2026-09-05,1,economy,,,1.36,False,18:00,ok,2026-09-04T12:25:54.315275+05:30,2026-09-04_1225IST,ota,MakeMyTrip
DEL,BOM,AI,Air India,AI 2985,2026-09-05,1,economy,,,,False,19:30,parse_error,2026-09-04T12:25:54.315275+05:30,2026-09-04_1225IST,ota,MakeMyTrip
DEL,BOM,AI,Air India,AI 2985,2026-09-05,1,economy,,,,False,19:30,parse_error,2026-09-04T12:25:54.315275+05:30,2026-09-04_1225IST,ota,MakeMyTrip
DEL,BOM,AI,Air India,AI 2981,2026-09-05,1,economy,,,,False,21:00,parse_error,2026-09-04T12:25:54.315275+05:30,2026-09-04_1225IST,ota,MakeMyTrip
DEL,BOM,AI,Air India,AI 2977,2026-09-05,1,economy,,,1.36,False,19:00,ok,2026-09-04T12:25:54.315275+05:30,2026-09-04_1225IST,ota,MakeMyTrip
DEL,BOM,AI,Air India,AI 2433,2026-09-05,1,economy,,,,False,21:30,parse_error,2026-09-04T12:25:54.315275+05:30,2026-09-04_1225IST,ota,MakeMyTrip
DEL,BOM,AI,Air India,AI 2433,2026-09-05,1,economy,,,,False,21:30,parse_error,2026-09-04T12:25:54.315275+05:30,2026-09-04_1225IST,ota,MakeMyTrip
DEL,BOM,AI,Air India,AI 2439,2026-09-05,1,economy,,,,False,23:00,parse_error,2026-09-04T12:25:54.315275+05:30,2026-09-04_1225IST,ota,MakeMyTrip
DEL,BOM,AI,Air India,AI 1780,2026-09-05,1,economy,,,1.36,False,16:10,ok,2026-09-04T12:25:54.315275+05:30,2026-09-04_1225IST,ota,MakeMyTrip
DEL,BOM,6E,IndiGo,6E 2076,2026-09-05,1,economy,,,1.36,False,07:30,ok,2026-09-04T12:25:54.315275+05:30,2026-09-04_1225IST,ota,MakeMyTrip
DEL,BOM,IX,Air India Express,IX 1165,2026-09-05,1,economy,,,1.36,False,05:45,ok,2026-09-04T12:25:54.315275+05:30,2026-09-04_1225IST,ota,MakeMyTrip
DEL,BOM,SG,SpiceJet,SG 802,2026-09-05,1,economy,,,2.18,False,22:30,ok,2026-09-04T12:25:54.315275+05:30,2026-09-04_1225IST,ota,MakeMyTrip
DEL,BOM,6E,IndiGo,6E 6829,2026-09-05,1,economy,,,1.63,False,17:20,ok,2026-09-04T12:25:54.315275+05:30,2026-09-04_1225IST,ota,MakeMyTrip
DEL,BLR,AI,Air India,AI 2653,2026-09-05,1,economy,,,,False,04:30,parse_error,2026-09-04T12:27:30.635890+05:30,2026-09-04_1227IST,ota,MakeMyTrip
DEL,BLR,AI,Air India,AI 2653,2026-09-05,1,economy,,,2.99,False,04:30,ok,2026-09-04T12:27:30.635890+05:30,2026-09-04_1227IST,ota,MakeMyTrip
DEL,BLR,AI,Air India,AI 2757,2026-09-05,1,economy,,,,False,00:15,parse_error,2026-09-04T12:27:30.635890+05:30,2026-09-04_1227IST,ota,MakeMyTrip
DEL,BLR,AI,Air India,AI 2757,2026-09-05,1,economy,,,,False,00:15,parse_error,2026-09-04T12:27:30.635890+05:30,2026-09-04_1227IST,ota,MakeMyTrip
DEL,BLR,AI,Air India,AI 2664,2026-09-05,1,economy,,,,False,15:50,parse_error,2026-09-04T12:27:30.635890+05:30,2026-09-04_1227IST,ota,MakeMyTrip
DEL,BLR,IX,Air India Express,IX 1815,2026-09-05,1,economy,,,1.91,False,19:05,ok,2026-09-04T12:27:30.635890+05:30,2026-09-04_1227IST,ota,MakeMyTrip
DEL,BLR,AI,Air India,AI 2409,2026-09-05,1,economy,,,1.91,False,06:00,ok,2026-09-04T12:27:30.635890+05:30,2026-09-04_1227IST,ota,MakeMyTrip
DEL,BLR,AI,Air India,AI 2803,2026-09-05,1,economy,,,,False,06:30,parse_error,2026-09-04T12:27:30.635890+05:30,2026-09-04_1227IST,ota,MakeMyTrip
DEL,BLR,AI,Air India,AI 2803,2026-09-05,1,economy,,,,False,06:30,parse_error,2026-09-04T12:27:30.635890+05:30,2026-09-04_1227IST,ota,MakeMyTrip
DEL,BLR,AI,Air India,AI 2815,2026-09-05,1,economy,,,,False,07:00,parse_error,2026-09-04T12:27:30.635890+05:30,2026-09-04_1227IST,ota,MakeMyTrip
DEL,BLR,6E,IndiGo,6E 820,2026-09-05,1,economy,,,1.91,False,03:00,ok,2026-09-04T12:27:30.635890+05:30,2026-09-04_1227IST,ota,MakeMyTrip
DEL,BLR,6E,IndiGo,6E 2314,2026-09-05,1,economy,,,,False,05:45,parse_error,2026-09-04T12:27:30.635890+05:30,2026-09-04_1227IST,ota,MakeMyTrip
DEL,BLR,6E,IndiGo,6E 2314,2026-09-05,1,economy,,,,False,05:45,parse_error,2026-09-04T12:27:30.635890+05:30,2026-09-04_1227IST,ota,MakeMyTrip
DEL,BLR,6E,IndiGo,6E 810,2026-09-05,1,economy,,,,False,07:05,parse_error,2026-09-04T12:27:30.635890+05:30,2026-09-04_1227IST,ota,MakeMyTrip
DEL,BLR,6E,IndiGo,6E 861,2026-09-05,1,economy,,,1.91,False,19:30,ok,2026-09-04T12:27:30.635890+05:30,2026-09-04_1227IST,ota,MakeMyTrip
DEL,BLR,6E,IndiGo,6E 6515,2026-09-05,1,economy,,,,False,20:45,parse_error,2026-09-04T12:27:30.635890+05:30,2026-09-04_1227IST,ota,MakeMyTrip
DEL,BLR,6E,IndiGo,6E 6515,2026-09-05,1,economy,,,,False,20:45,parse_error,2026-09-04T12:27:30.635890+05:30,2026-09-04_1227IST,ota,MakeMyTrip
DEL,BLR,6E,IndiGo,6E 846,2026-09-05,1,economy,,,,False,22:00,parse_error,2026-09-04T12:27:30.635890+05:30,2026-09-04_1227IST,ota,MakeMyTrip
DEL,BLR,6E,IndiGo,6E 2579,2026-09-05,1,economy,,,1.91,False,14:10,ok,2026-09-04T12:27:30.635890+05:30,2026-09-04_1227IST,ota,MakeMyTrip
DEL,BLR,6E,IndiGo,6E 6437,2026-09-05,1,economy,,,,False,16:25,parse_error,2026-09-04T12:27:30.635890+05:30,2026-09-04_1227IST,ota,MakeMyTrip
DEL,BLR,6E,IndiGo,6E 6437,2026-09-05,1,economy,,,,False,16:25,parse_error,2026-09-04T12:27:30.635890+05:30,2026-09-04_1227IST,ota,MakeMyTrip
DEL,BLR,6E,IndiGo,6E 358,2026-09-05,1,economy,,,,False,12:15,parse_error,2026-09-04T12:27:30.635890+05:30,2026-09-04_1227IST,ota,MakeMyTrip
DEL,BLR,6E,IndiGo,6E 5001,2026-09-05,1,economy,,,1.91,False,17:10,ok,2026-09-04T12:27:30.635890+05:30,2026-09-04_1227IST,ota,MakeMyTrip
DEL,BLR,6E,IndiGo,6E 2343,2026-09-05,1,economy,,,,False,02:20,parse_error,2026-09-04T12:27:30.635890+05:30,2026-09-04_1227IST,ota,MakeMyTrip
DEL,BLR,6E,IndiGo,6E 2343,2026-09-05,1,economy,,,,False,02:20,parse_error,2026-09-04T12:27:30.635890+05:30,2026-09-04_1227IST,ota,MakeMyTrip
DEL,BLR,6E,IndiGo,6E 5191,2026-09-05,1,economy,,,,False,05:00,parse_error,2026-09-04T12:27:30.635890+05:30,2026-09-04_1227IST,ota,MakeMyTrip
DEL,BLR,AI,Air India,AI 2412,2026-09-05,1,economy,,,2.99,False,21:30,ok,2026-09-04T12:27:30.635890+05:30,2026-09-04_1227IST,ota,MakeMyTrip
DEL,BLR,AI,Air India,AI 2512,2026-09-05,1,economy,,,,False,19:00,parse_error,2026-09-04T12:27:30.635890+05:30,2026-09-04_1227IST,ota,MakeMyTrip
DEL,BLR,AI,Air India,AI 2512,2026-09-05,1,economy,,,,False,19:00,parse_error,2026-09-04T12:27:30.635890+05:30,2026-09-04_1227IST,ota,MakeMyTrip
DEL,BLR,AI,Air India,AI 2809,2026-09-05,1,economy,,,,False,19:30,parse_error,2026-09-04T12:27:30.635890+05:30,2026-09-04_1227IST,ota,MakeMyTrip
DEL,BLR,QP,Akasa Air,QP 1822,2026-09-05,1,economy,,,1.91,False,16:40,ok,2026-09-04T12:27:30.635890+05:30,2026-09-04_1227IST,ota,MakeMyTrip
DEL,BLR,QP,Akasa Air,QP 1824,2026-09-05,1,economy,,,,False,20:10,parse_error,2026-09-04T12:27:30.635890+05:30,2026-09-04_1227IST,ota,MakeMyTrip
DEL,BLR,QP,Akasa Air,QP 1824,2026-09-05,1,economy,,,,False,20:10,parse_error,2026-09-04T12:27:30.635890+05:30,2026-09-04_1227IST,ota,MakeMyTrip
DEL,BLR,QP,Akasa Air,QP 1308,2026-09-05,1,economy,,,,False,20:55,parse_error,2026-09-04T12:27:30.635890+05:30,2026-09-04_1227IST,ota,MakeMyTrip
DEL,BLR,6E,IndiGo,6E 880,2026-09-05,1,economy,,,1.91,False,15:45,ok,2026-09-04T12:27:30.635890+05:30,2026-09-04_1227IST,ota,MakeMyTrip
DEL,BLR,6E,IndiGo,6E 837,2026-09-05,1,economy,,,,False,17:00,parse_error,2026-09-04T12:27:30.635890+05:30,2026-09-04_1227IST,ota,MakeMyTrip
DEL,BLR,6E,IndiGo,6E 837,2026-09-05,1,economy,,,,False,17:00,parse_error,2026-09-04T12:27:30.635890+05:30,2026-09-04_1227IST,ota,MakeMyTrip
DEL,BLR,6E,IndiGo,6E 828,2026-09-05,1,economy,,,,False,14:30,parse_error,2026-09-04T12:27:30.635890+05:30,2026-09-04_1227IST,ota,MakeMyTrip
DEL,BLR,6E,IndiGo,6E 6217,2026-09-05,1,economy,,,1.91,False,16:15,ok,2026-09-04T12:27:30.635890+05:30,2026-09-04_1227IST,ota,MakeMyTrip
DEL,BLR,6E,IndiGo,6E 6632,2026-09-05,1,economy,,,,False,17:50,parse_error,2026-09-04T12:27:30.635890+05:30,2026-09-04_1227IST,ota,MakeMyTrip
DEL,BLR,6E,IndiGo,6E 6632,2026-09-05,1,economy,,,,False,17:50,parse_error,2026-09-04T12:27:30.635890+05:30,2026-09-04_1227IST,ota,MakeMyTrip
DEL,BLR,6E,IndiGo,6E 6115,2026-09-05,1,economy,,,,False,13:10,parse_error,2026-09-04T12:27:30.635890+05:30,2026-09-04_1227IST,ota,MakeMyTrip
DEL,BLR,6E,IndiGo,6E 5073,2026-09-05,1,economy,,,1.91,False,17:05,ok,2026-09-04T12:27:30.635890+05:30,2026-09-04_1227IST,ota,MakeMyTrip
DEL,BLR,6E,IndiGo,6E 6091,2026-09-05,1,economy,,,,False,15:15,parse_error,2026-09-04T12:27:30.635890+05:30,2026-09-04_1227IST,ota,MakeMyTrip
DEL,BLR,6E,IndiGo,6E 6091,2026-09-05,1,economy,,,,False,15:15,parse_error,2026-09-04T12:27:30.635890+05:30,2026-09-04_1227IST,ota,MakeMyTrip
DEL,BLR,6E,IndiGo,6E 329,2026-09-05,1,economy,,,1.91,False,18:00,ok,2026-09-04T12:27:30.635890+05:30,2026-09-04_1227IST,ota,MakeMyTrip
DEL,BLR,6E,IndiGo,6E 2151,2026-09-05,1,economy,,,,False,19:45,parse_error,2026-09-04T12:27:30.635890+05:30,2026-09-04_1227IST,ota,MakeMyTrip
DEL,BLR,6E,IndiGo,6E 2151,2026-09-05,1,economy,,,,False,19:45,parse_error,2026-09-04T12:27:30.635890+05:30,2026-09-04_1227IST,ota,MakeMyTrip
DEL,BLR,6E,IndiGo,6E 931,2026-09-05,1,economy,,,1.91,False,19:35,ok,2026-09-04T12:27:30.635890+05:30,2026-09-04_1227IST,ota,MakeMyTrip
DEL,BLR,6E,IndiGo,6E 6673,2026-09-05,1,economy,,,,False,21:15,parse_error,2026-09-04T12:27:30.635890+05:30,2026-09-04_1227IST,ota,MakeMyTrip
DEL,BLR,6E,IndiGo,6E 6673,2026-09-05,1,economy,,,,False,21:15,parse_error,2026-09-04T12:27:30.635890+05:30,2026-09-04_1227IST,ota,MakeMyTrip
DEL,BLR,6E,IndiGo,6E 2618,2026-09-05,1,economy,,,,False,23:00,parse_error,2026-09-04T12:27:30.635890+05:30,2026-09-04_1227IST,ota,MakeMyTrip
DEL,BLR,6E,IndiGo,6E 6470,2026-09-05,1,economy,,,1.91,False,06:55,ok,2026-09-04T12:27:30.635890+05:30,2026-09-04_1227IST,ota,MakeMyTrip
DEL,BLR,6E,IndiGo,6E 434,2026-09-05,1,economy,,,,False,11:00,parse_error,2026-09-04T12:27:30.635890+05:30,2026-09-04_1227IST,ota,MakeMyTrip
DEL,BLR,6E,IndiGo,6E 434,2026-09-05,1,economy,,,,False,11:00,parse_error,2026-09-04T12:27:30.635890+05:30,2026-09-04_1227IST,ota,MakeMyTrip
DEL,BLR,6E,IndiGo,6E 513,2026-09-05,1,economy,,,,False,08:30,parse_error,2026-09-04T12:27:30.635890+05:30,2026-09-04_1227IST,ota,MakeMyTrip
DEL,BLR,6E,IndiGo,6E 320,2026-09-05,1,economy,,,1.91,False,08:00,ok,2026-09-04T12:27:30.635890+05:30,2026-09-04_1227IST,ota,MakeMyTrip
DEL,BLR,6E,IndiGo,6E 6047,2026-09-05,1,economy,,,,False,11:00,parse_error,2026-09-04T12:27:30.635890+05:30,2026-09-04_1227IST,ota,MakeMyTrip
DEL,BLR,6E,IndiGo,6E 6047,2026-09-05,1,economy,,,,False,11:00,parse_error,2026-09-04T12:27:30.635890+05:30,2026-09-04_1227IST,ota,MakeMyTrip
DEL,BLR,6E,IndiGo,6E 940,2026-09-05,1,economy,,,,False,09:15,parse_error,2026-09-04T12:27:30.635890+05:30,2026-09-04_1227IST,ota,MakeMyTrip
DEL,BLR,6E,IndiGo,6E 6022,2026-09-05,1,economy,,,1.91,False,14:00,ok,2026-09-04T12:27:30.635890+05:30,2026-09-04_1227IST,ota,MakeMyTrip
DEL,BLR,6E,IndiGo,6E 6706,2026-09-05,1,economy,,,,False,17:00,parse_error,2026-09-04T12:27:30.635890+05:30,2026-09-04_1227IST,ota,MakeMyTrip
DEL,BLR,6E,IndiGo,6E 6706,2026-09-05,1,economy,,,,False,17:00,parse_error,2026-09-04T12:27:30.635890+05:30,2026-09-04_1227IST,ota,MakeMyTrip
DEL,BLR,6E,IndiGo,6E 947,2026-09-05,1,economy,,,,False,16:40,parse_error,2026-09-04T12:27:30.635890+05:30,2026-09-04_1227IST,ota,MakeMyTrip
DEL,BLR,AI,Air India,AI 427,2026-09-05,1,economy,,,2.99,False,08:30,ok,2026-09-04T12:27:30.635890+05:30,2026-09-04_1227IST,ota,MakeMyTrip
DEL,BLR,AI,Air India,AI 2415,2026-09-05,1,economy,,,,False,09:30,parse_error,2026-09-04T12:27:30.635890+05:30,2026-09-04_1227IST,ota,MakeMyTrip
DEL,BLR,AI,Air India,AI 2415,2026-09-05,1,economy,,,,False,09:30,parse_error,2026-09-04T12:27:30.635890+05:30,2026-09-04_1227IST,ota,MakeMyTrip
DEL,BLR,AI,Air India,AI 2485,2026-09-05,1,economy,,,,False,10:30,parse_error,2026-09-04T12:27:30.635890+05:30,2026-09-04_1227IST,ota,MakeMyTrip
DEL,BLR,AI,Air India,AI 2487,2026-09-05,1,economy,,,2.18,False,18:30,ok,2026-09-04T12:27:30.635890+05:30,2026-09-04_1227IST,ota,MakeMyTrip
DEL,BLR,AI,Air India,AI 9431,2026-09-05,1,economy,,,,False,18:20,parse_error,2026-09-04T12:27:30.635890+05:30,2026-09-04_1227IST,ota,MakeMyTrip
DEL,BLR,AI,Air India,AI 9431,2026-09-05,1,economy,,,,False,18:20,parse_error,2026-09-04T12:27:30.635890+05:30,2026-09-04_1227IST,ota,MakeMyTrip
DEL,BLR,6E,IndiGo,6E 873,2026-09-05,1,economy,,,2.18,False,08:20,ok,2026-09-04T12:27:30.635890+05:30,2026-09-04_1227IST,ota,MakeMyTrip
DEL,BLR,6E,IndiGo,6E 826,2026-09-05,1,economy,,,,False,09:30,parse_error,2026-09-04T12:27:30.635890+05:30,2026-09-04_1227IST,ota,MakeMyTrip
DEL,BLR,6E,IndiGo,6E 826,2026-09-05,1,economy,,,,False,09:30,parse_error,2026-09-04T12:27:30.635890+05:30,2026-09-04_1227IST,ota,MakeMyTrip
DEL,BLR,6E,IndiGo,6E 842,2026-09-05,1,economy,,,,False,10:45,parse_error,2026-09-04T12:27:30.635890+05:30,2026-09-04_1227IST,ota,MakeMyTrip
DEL,BLR,6E,IndiGo,6E 811,2026-09-05,1,economy,,,2.18,False,18:20,ok,2026-09-04T12:27:30.635890+05:30,2026-09-04_1227IST,ota,MakeMyTrip
DEL,BLR,AI,Air India,AI 2817,2026-09-05,1,economy,,,2.18,False,16:30,ok,2026-09-04T12:27:30.635890+05:30,2026-09-04_1227IST,ota,MakeMyTrip
DEL,BLR,AI,Air India,AI 2819,2026-09-05,1,economy,,,,False,15:00,parse_error,2026-09-04T12:27:30.635890+05:30,2026-09-04_1227IST,ota,MakeMyTrip
DEL,BLR,AI,Air India,AI 2819,2026-09-05,1,economy,,,,False,15:00,parse_error,2026-09-04T12:27:30.635890+05:30,2026-09-04_1227IST,ota,MakeMyTrip
DEL,BLR,AI,Air India,AI 2417,2026-09-05,1,economy,,,,False,13:00,parse_error,2026-09-04T12:27:30.635890+05:30,2026-09-04_1227IST,ota,MakeMyTrip
DEL,BLR,IX,Air India Express,IX 1070,2026-09-05,1,economy,,,2.18,False,18:20,ok,2026-09-04T12:27:30.635890+05:30,2026-09-04_1227IST,ota,MakeMyTrip
DEL,BLR,6E,IndiGo,6E 850,2026-09-05,1,economy,,,2.18,False,12:20,ok,2026-09-04T12:27:30.635890+05:30,2026-09-04_1227IST,ota,MakeMyTrip
DEL,BLR,6E,IndiGo,6E 176,2026-09-05,1,economy,,,,False,13:15,parse_error,2026-09-04T12:27:30.635890+05:30,2026-09-04_1227IST,ota,MakeMyTrip
DEL,BLR,6E,IndiGo,6E 176,2026-09-05,1,economy,,,,False,13:15,parse_error,2026-09-04T12:27:30.635890+05:30,2026-09-04_1227IST,ota,MakeMyTrip
DEL,BLR,6E,IndiGo,6E 2456,2026-09-05,1,economy,,,,False,14:55,parse_error,2026-09-04T12:27:30.635890+05:30,2026-09-04_1227IST,ota,MakeMyTrip
DEL,BLR,6E,IndiGo,6E 7646,2026-09-05,1,economy,,,2.18,False,06:15,ok,2026-09-04T12:27:30.635890+05:30,2026-09-04_1227IST,ota,MakeMyTrip
DEL,BLR,6E,IndiGo,6E 7642,2026-09-05,1,economy,,,,False,15:45,parse_error,2026-09-04T12:27:30.635890+05:30,2026-09-04_1227IST,ota,MakeMyTrip
DEL,BLR,6E,IndiGo,6E 7642,2026-09-05,1,economy,,,,False,15:45,parse_error,2026-09-04T12:27:30.635890+05:30,2026-09-04_1227IST,ota,MakeMyTrip
DEL,BLR,6E,IndiGo,6E 6293,2026-09-05,1,economy,,,,False,09:55,parse_error,2026-09-04T12:27:30.635890+05:30,2026-09-04_1227IST,ota,MakeMyTrip
DEL,BLR,AI,Air India,AI 2973,2026-09-05,1,economy,,,2.18,False,20:50,ok,2026-09-04T12:27:30.635890+05:30,2026-09-04_1227IST,ota,MakeMyTrip
DEL,BLR,6E,IndiGo,6E 2519,2026-09-05,1,economy,,,2.45,False,13:00,ok,2026-09-04T12:27:30.635890+05:30,2026-09-04_1227IST,ota,MakeMyTrip
BOM,BLR,IX,Air India Express,IX 1801,2026-09-05,1,economy,,,,False,20:20,parse_error,2026-09-04T12:29:03.825134+05:30,2026-09-04_1229IST,ota,MakeMyTrip
BOM,BLR,IX,Air India Express,IX 1801,2026-09-05,1,economy,,,1.09,False,20:20,ok,2026-09-04T12:29:03.825134+05:30,2026-09-04_1229IST,ota,MakeMyTrip
BOM,BLR,IX,Air India Express,IX 1810,2026-09-05,1,economy,,,1.09,False,13:40,ok,2026-09-04T12:29:03.825134+05:30,2026-09-04_1229IST,ota,MakeMyTrip
BOM,BLR,QP,Akasa Air,QP 1516,2026-09-05,1,economy,,,1.09,False,00:40,ok,2026-09-04T12:29:03.825134+05:30,2026-09-04_1229IST,ota,MakeMyTrip
BOM,BLR,IX,Air India Express,IX 1347,2026-09-05,1,economy,,,1.09,False,06:00,ok,2026-09-04T12:29:03.825134+05:30,2026-09-04_1229IST,ota,MakeMyTrip
BOM,BLR,6E,IndiGo,6E 5337,2026-09-05,1,economy,,,1.09,False,13:45,ok,2026-09-04T12:29:03.825134+05:30,2026-09-04_1229IST,ota,MakeMyTrip
BOM,BLR,6E,IndiGo,6E 5386,2026-09-05,1,economy,,,,False,15:10,parse_error,2026-09-04T12:29:03.825134+05:30,2026-09-04_1229IST,ota,MakeMyTrip
BOM,BLR,6E,IndiGo,6E 5386,2026-09-05,1,economy,,,,False,15:10,parse_error,2026-09-04T12:29:03.825134+05:30,2026-09-04_1229IST,ota,MakeMyTrip
BOM,BLR,6E,IndiGo,6E 6349,2026-09-05,1,economy,,,1.09,False,11:40,ok,2026-09-04T12:29:03.825134+05:30,2026-09-04_1229IST,ota,MakeMyTrip
BOM,BLR,6E,IndiGo,6E 5313,2026-09-05,1,economy,,,,False,09:50,parse_error,2026-09-04T12:29:03.825134+05:30,2026-09-04_1229IST,ota,MakeMyTrip
BOM,BLR,6E,IndiGo,6E 5313,2026-09-05,1,economy,,,,False,09:50,parse_error,2026-09-04T12:29:03.825134+05:30,2026-09-04_1229IST,ota,MakeMyTrip
BOM,BLR,6E,IndiGo,6E 437,2026-09-05,1,economy,,,1.09,False,17:10,ok,2026-09-04T12:29:03.825134+05:30,2026-09-04_1229IST,ota,MakeMyTrip
BOM,BLR,6E,IndiGo,6E 2284,2026-09-05,1,economy,,,,False,12:05,parse_error,2026-09-04T12:29:03.825134+05:30,2026-09-04_1229IST,ota,MakeMyTrip
BOM,BLR,6E,IndiGo,6E 2284,2026-09-05,1,economy,,,,False,12:05,parse_error,2026-09-04T12:29:03.825134+05:30,2026-09-04_1229IST,ota,MakeMyTrip
BOM,BLR,6E,IndiGo,6E 5386,2026-09-05,1,economy,,,,False,15:10,parse_error,2026-09-04T12:29:03.825134+05:30,2026-09-04_1229IST,ota,MakeMyTrip
BOM,BLR,6E,IndiGo,6E 6349,2026-09-05,1,economy,,,1.09,False,11:40,ok,2026-09-04T12:29:03.825134+05:30,2026-09-04_1229IST,ota,MakeMyTrip
BOM,BLR,6E,IndiGo,6E 5313,2026-09-05,1,economy,,,,False,09:50,parse_error,2026-09-04T12:29:03.825134+05:30,2026-09-04_1229IST,ota,MakeMyTrip
BOM,BLR,6E,IndiGo,6E 5313,2026-09-05,1,economy,,,,False,09:50,parse_error,2026-09-04T12:29:03.825134+05:30,2026-09-04_1229IST,ota,MakeMyTrip
BOM,BLR,6E,IndiGo,6E 5323,2026-09-05,1,economy,,,1.09,False,01:10,ok,2026-09-04T12:29:03.825134+05:30,2026-09-04_1229IST,ota,MakeMyTrip
BOM,BLR,6E,IndiGo,6E 5294,2026-09-05,1,economy,,,,False,04:30,parse_error,2026-09-04T12:29:03.825134+05:30,2026-09-04_1229IST,ota,MakeMyTrip
BOM,BLR,6E,IndiGo,6E 5294,2026-09-05,1,economy,,,,False,04:30,parse_error,2026-09-04T12:29:03.825134+05:30,2026-09-04_1229IST,ota,MakeMyTrip
BOM,BLR,6E,IndiGo,6E 5071,2026-09-05,1,economy,,,,False,15:35,parse_error,2026-09-04T12:29:03.825134+05:30,2026-09-04_1229IST,ota,MakeMyTrip
BOM,BLR,AI,Air India,AI 2812,2026-09-05,1,economy,,,1.09,False,02:05,ok,2026-09-04T12:29:03.825134+05:30,2026-09-04_1229IST,ota,MakeMyTrip
BOM,BLR,AI,Air India,AI 2410,2026-09-05,1,economy,,,,False,05:30,parse_error,2026-09-04T12:29:03.825134+05:30,2026-09-04_1229IST,ota,MakeMyTrip
BOM,BLR,AI,Air India,AI 2410,2026-09-05,1,economy,,,,False,05:30,parse_error,2026-09-04T12:29:03.825134+05:30,2026-09-04_1229IST,ota,MakeMyTrip
BOM,BLR,AI,Air India,AI 9765,2026-09-05,1,economy,,,,False,06:00,parse_error,2026-09-04T12:29:03.825134+05:30,2026-09-04_1229IST,ota,MakeMyTrip
BOM,BLR,6E,IndiGo,6E 5082,2026-09-05,1,economy,,,1.09,False,18:05,ok,2026-09-04T12:29:03.825134+05:30,2026-09-04_1229IST,ota,MakeMyTrip
BOM,BLR,6E,IndiGo,6E 5196,2026-09-05,1,economy,,,1.09,False,15:25,ok,2026-09-04T12:29:03.825134+05:30,2026-09-04_1229IST,ota,MakeMyTrip
BOM,BLR,6E,IndiGo,6E 230,2026-09-05,1,economy,,,,False,13:55,parse_error,2026-09-04T12:29:03.825134+05:30,2026-09-04_1229IST,ota,MakeMyTrip
BOM,BLR,6E,IndiGo,6E 230,2026-09-05,1,economy,,,,False,13:55,parse_error,2026-09-04T12:29:03.825134+05:30,2026-09-04_1229IST,ota,MakeMyTrip
BOM,BLR,6E,IndiGo,6E 5337,2026-09-05,1,economy,,,,False,13:45,parse_error,2026-09-04T12:29:03.825134+05:30,2026-09-04_1229IST,ota,MakeMyTrip
BOM,BLR,6E,IndiGo,6E 2085,2026-09-05,1,economy,,,1.36,False,07:05,ok,2026-09-04T12:29:03.825134+05:30,2026-09-04_1229IST,ota,MakeMyTrip
BOM,BLR,6E,IndiGo,6E 5193,2026-09-05,1,economy,,,,False,08:05,parse_error,2026-09-04T12:29:03.825134+05:30,2026-09-04_1229IST,ota,MakeMyTrip
BOM,BLR,6E,IndiGo,6E 5193,2026-09-05,1,economy,,,,False,08:05,parse_error,2026-09-04T12:29:03.825134+05:30,2026-09-04_1229IST,ota,MakeMyTrip
BOM,BLR,6E,IndiGo,6E 6029,2026-09-05,1,economy,,,,False,11:25,parse_error,2026-09-04T12:29:03.825134+05:30,2026-09-04_1229IST,ota,MakeMyTrip
BOM,BLR,6E,IndiGo,6E 230,2026-09-05,1,economy,,,1.36,False,13:55,ok,2026-09-04T12:29:03.825134+05:30,2026-09-04_1229IST,ota,MakeMyTrip
BOM,BLR,6E,IndiGo,6E 5241,2026-09-05,1,economy,,,,False,16:40,parse_error,2026-09-04T12:29:03.825134+05:30,2026-09-04_1229IST,ota,MakeMyTrip
BOM,BLR,6E,IndiGo,6E 5241,2026-09-05,1,economy,,,,False,16:40,parse_error,2026-09-04T12:29:03.825134+05:30,2026-09-04_1229IST,ota,MakeMyTrip
BOM,BLR,6E,IndiGo,6E 5228,2026-09-05,1,economy,,,1.36,False,16:45,ok,2026-09-04T12:29:03.825134+05:30,2026-09-04_1229IST,ota,MakeMyTrip
BOM,BLR,6E,IndiGo,6E 5196,2026-09-05,1,economy,,,,False,15:25,parse_error,2026-09-04T12:29:03.825134+05:30,2026-09-04_1229IST,ota,MakeMyTrip
BOM,BLR,6E,IndiGo,6E 5196,2026-09-05,1,economy,,,,False,15:25,parse_error,2026-09-04T12:29:03.825134+05:30,2026-09-04_1229IST,ota,MakeMyTrip
BOM,BLR,6E,IndiGo,6E 673,2026-09-05,1,economy,,,,False,12:30,parse_error,2026-09-04T12:29:03.825134+05:30,2026-09-04_1229IST,ota,MakeMyTrip
BOM,BLR,QP,Akasa Air,QP 1518,2026-09-05,1,economy,,,1.36,False,21:45,ok,2026-09-04T12:29:03.825134+05:30,2026-09-04_1229IST,ota,MakeMyTrip
BOM,BLR,QP,Akasa Air,QP 1382,2026-09-05,1,economy,,,,False,18:20,parse_error,2026-09-04T12:29:03.825134+05:30,2026-09-04_1229IST,ota,MakeMyTrip
BOM,BLR,QP,Akasa Air,QP 1382,2026-09-05,1,economy,,,,False,18:20,parse_error,2026-09-04T12:29:03.825134+05:30,2026-09-04_1229IST,ota,MakeMyTrip
BOM,BLR,QP,Akasa Air,QP 1133,2026-09-05,1,economy,,,,False,19:40,parse_error,2026-09-04T12:29:03.825134+05:30,2026-09-04_1229IST,ota,MakeMyTrip
BOM,BLR,6E,IndiGo,6E 5296,2026-09-05,1,economy,,,1.36,False,06:30,ok,2026-09-04T12:29:03.825134+05:30,2026-09-04_1229IST,ota,MakeMyTrip
BOM,BLR,6E,IndiGo,6E 5092,2026-09-05,1,economy,,,,False,09:50,parse_error,2026-09-04T12:29:03.825134+05:30,2026-09-04_1229IST,ota,MakeMyTrip
BOM,BLR,6E,IndiGo,6E 5092,2026-09-05,1,economy,,,,False,09:50,parse_error,2026-09-04T12:29:03.825134+05:30,2026-09-04_1229IST,ota,MakeMyTrip
BOM,BLR,6E,IndiGo,6E 5217,2026-09-05,1,economy,,,,False,11:00,parse_error,2026-09-04T12:29:03.825134+05:30,2026-09-04_1229IST,ota,MakeMyTrip
BOM,BLR,6E,IndiGo,6E 5388,2026-09-05,1,economy,,,1.36,False,22:20,ok,2026-09-04T12:29:03.825134+05:30,2026-09-04_1229IST,ota,MakeMyTrip
BOM,BLR,6E,IndiGo,6E 6188,2026-09-05,1,economy,,,,False,21:30,parse_error,2026-09-04T12:29:03.825134+05:30,2026-09-04_1229IST,ota,MakeMyTrip
BOM,BLR,6E,IndiGo,6E 6188,2026-09-05,1,economy,,,,False,21:30,parse_error,2026-09-04T12:29:03.825134+05:30,2026-09-04_1229IST,ota,MakeMyTrip
BOM,BLR,6E,IndiGo,6E 5047,2026-09-05,1,economy,,,,False,18:30,parse_error,2026-09-04T12:29:03.825134+05:30,2026-09-04_1229IST,ota,MakeMyTrip
BOM,BLR,AI,Air India,AI 2603,2026-09-05,1,economy,,,1.36,False,06:35,ok,2026-09-04T12:29:03.825134+05:30,2026-09-04_1229IST,ota,MakeMyTrip
BOM,BLR,AI,Air India,AI 2863,2026-09-05,1,economy,,,,False,10:00,parse_error,2026-09-04T12:29:03.825134+05:30,2026-09-04_1229IST,ota,MakeMyTrip
BOM,BLR,AI,Air India,AI 2863,2026-09-05,1,economy,,,,False,10:00,parse_error,2026-09-04T12:29:03.825134+05:30,2026-09-04_1229IST,ota,MakeMyTrip
BOM,BLR,AI,Air India,AI 2851,2026-09-05,1,economy,,,,False,07:55,parse_error,2026-09-04T12:29:03.825134+05:30,2026-09-04_1229IST,ota,MakeMyTrip
BOM,BLR,6E,IndiGo,6E 632,2026-09-05,1,economy,,,1.36,False,04:00,ok,2026-09-04T12:29:03.825134+05:30,2026-09-04_1229IST,ota,MakeMyTrip
BOM,BLR,6E,IndiGo,6E 5184,2026-09-05,1,economy,,,1.36,False,12:30,ok,2026-09-04T12:29:03.825134+05:30,2026-09-04_1229IST,ota,MakeMyTrip
BOM,BLR,6E,IndiGo,6E 5382,2026-09-05,1,economy,,,,False,14:30,parse_error,2026-09-04T12:29:03.825134+05:30,2026-09-04_1229IST,ota,MakeMyTrip
BOM,BLR,6E,IndiGo,6E 5382,2026-09-05,1,economy,,,,False,14:30,parse_error,2026-09-04T12:29:03.825134+05:30,2026-09-04_1229IST,ota,MakeMyTrip
BOM,BLR,6E,IndiGo,6E 5221,2026-09-05,1,economy,,,,False,17:00,parse_error,2026-09-04T12:29:03.825134+05:30,2026-09-04_1229IST,ota,MakeMyTrip
BOM,BLR,6E,IndiGo,6E 6361,2026-09-05,1,economy,,,1.36,False,05:00,ok,2026-09-04T12:29:03.825134+05:30,2026-09-04_1229IST,ota,MakeMyTrip
BOM,BLR,6E,IndiGo,6E 5241,2026-09-05,1,economy,,,1.36,False,16:40,ok,2026-09-04T12:29:03.825134+05:30,2026-09-04_1229IST,ota,MakeMyTrip
BOM,BLR,AI,Air India,AI 2857,2026-09-05,1,economy,,,1.63,False,23:30,ok,2026-09-04T12:29:03.825134+05:30,2026-09-04_1229IST,ota,MakeMyTrip
BOM,BLR,AI,Air India,AI 2865,2026-09-05,1,economy,,,,False,19:45,parse_error,2026-09-04T12:29:03.825134+05:30,2026-09-04_1229IST,ota,MakeMyTrip
BOM,BLR,AI,Air India,AI 2865,2026-09-05,1,economy,,,,False,19:45,parse_error,2026-09-04T12:29:03.825134+05:30,2026-09-04_1229IST,ota,MakeMyTrip
BOM,BLR,AI,Air India,AI 2401,2026-09-05,1,economy,,,,False,20:45,parse_error,2026-09-04T12:29:03.825134+05:30,2026-09-04_1229IST,ota,MakeMyTrip
BOM,BLR,6E,IndiGo,6E 7037,2026-09-05,1,economy,,,1.63,False,11:05,ok,2026-09-04T12:29:03.825134+05:30,2026-09-04_1229IST,ota,MakeMyTrip
BOM,BLR,6E,IndiGo,6E 6057,2026-09-05,1,economy,,,,False,09:15,parse_error,2026-09-04T12:29:03.825134+05:30,2026-09-04_1229IST,ota,MakeMyTrip
BOM,BLR,6E,IndiGo,6E 6057,2026-09-05,1,economy,,,,False,09:15,parse_error,2026-09-04T12:29:03.825134+05:30,2026-09-04_1229IST,ota,MakeMyTrip
BOM,BLR,6E,IndiGo,6E 261,2026-09-05,1,economy,,,,False,11:20,parse_error,2026-09-04T12:29:03.825134+05:30,2026-09-04_1229IST,ota,MakeMyTrip
BOM,BLR,AI,Air India,AI 2853,2026-09-05,1,economy,,,1.63,False,15:25,ok,2026-09-04T12:29:03.825134+05:30,2026-09-04_1229IST,ota,MakeMyTrip
BOM,BLR,AI,Air India,AI 2849,2026-09-05,1,economy,,,,False,17:30,parse_error,2026-09-04T12:29:03.825134+05:30,2026-09-04_1229IST,ota,MakeMyTrip
BOM,BLR,AI,Air India,AI 2849,2026-09-05,1,economy,,,,False,17:30,parse_error,2026-09-04T12:29:03.825134+05:30,2026-09-04_1229IST,ota,MakeMyTrip
BOM,BLR,AI,Air India,AI 2632,2026-09-05,1,economy,,,,False,12:00,parse_error,2026-09-04T12:29:03.825134+05:30,2026-09-04_1229IST,ota,MakeMyTrip
BOM,BLR,6E,IndiGo,6E 6701,2026-09-05,1,economy,,,1.63,False,05:35,ok,2026-09-04T12:29:03.825134+05:30,2026-09-04_1229IST,ota,MakeMyTrip
BOM,BLR,6E,IndiGo,6E 6362,2026-09-05,1,economy,,,,False,05:45,parse_error,2026-09-04T12:29:03.825134+05:30,2026-09-04_1229IST,ota,MakeMyTrip
BOM,BLR,6E,IndiGo,6E 6362,2026-09-05,1,economy,,,,False,05:45,parse_error,2026-09-04T12:29:03.825134+05:30,2026-09-04_1229IST,ota,MakeMyTrip
BOM,BLR,6E,IndiGo,6E 136,2026-09-05,1,economy,,,,False,04:05,parse_error,2026-09-04T12:29:03.825134+05:30,2026-09-04_1229IST,ota,MakeMyTrip
BOM,BLR,6E,IndiGo,6E 5284,2026-09-05,1,economy,,,1.91,False,07:30,ok,2026-09-04T12:29:03.825134+05:30,2026-09-04_1229IST,ota,MakeMyTrip
BOM,BLR,IX,Air India Express,IX 1027,2026-09-05,1,economy,,,1.91,False,12:00,ok,2026-09-04T12:29:03.825134+05:30,2026-09-04_1229IST,ota,MakeMyTrip
BOM,BLR,6E,IndiGo,6E 261,2026-09-05,1,economy,,,1.91,False,11:20,ok,2026-09-04T12:29:03.825134+05:30,2026-09-04_1229IST,ota,MakeMyTrip
BOM,BLR,6E,IndiGo,6E 2016,2026-09-05,1,economy,,,1.91,False,13:35,ok,2026-09-04T12:29:03.825134+05:30,2026-09-04_1229IST,ota,MakeMyTrip
BOM,BLR,6E,IndiGo,6E 2237,2026-09-05,1,economy,,,1.91,False,18:40,ok,2026-09-04T12:29:03.825134+05:30,2026-09-04_1229IST,ota,MakeMyTrip
BOM,BLR,6E,IndiGo,6E 5107,2026-09-05,1,economy,,,,False,20:00,parse_error,2026-09-04T12:29:03.825134+05:30,2026-09-04_1229IST,ota,MakeMyTrip
BOM,BLR,6E,IndiGo,6E 5107,2026-09-05,1,economy,,,,False,20:00,parse_error,2026-09-04T12:29:03.825134+05:30,2026-09-04_1229IST,ota,MakeMyTrip
BOM,BLR,6E,IndiGo,6E 5126,2026-09-05,1,economy,,,,False,18:15,parse_error,2026-09-04T12:29:03.825134+05:30,2026-09-04_1229IST,ota,MakeMyTrip
BOM,BLR,6E,IndiGo,6E 673,2026-09-05,1,economy,,,1.91,False,12:30,ok,2026-09-04T12:29:03.825134+05:30,2026-09-04_1229IST,ota,MakeMyTrip
BOM,BLR,6E,IndiGo,6E 5123,2026-09-05,1,economy,,,,False,14:40,parse_error,2026-09-04T12:29:03.825134+05:30,2026-09-04_1229IST,ota,MakeMyTrip
BOM,BLR,6E,IndiGo,6E 5123,2026-09-05,1,economy,,,,False,14:40,parse_error,2026-09-04T12:29:03.825134+05:30,2026-09-04_1229IST,ota,MakeMyTrip
BOM,BLR,6E,IndiGo,6E 6599,2026-09-05,1,economy,,,,False,16:50,parse_error,2026-09-04T12:29:03.825134+05:30,2026-09-04_1229IST,ota,MakeMyTrip
BOM,BLR,AI,Air India,AI 2641,2026-09-05,1,economy,,,2.18,False,18:30,ok,2026-09-04T12:29:03.825134+05:30,2026-09-04_1229IST,ota,MakeMyTrip
BOM,BLR,6E,IndiGo,6E 136,2026-09-05,1,economy,,,2.18,False,04:05,ok,2026-09-04T12:29:03.825134+05:30,2026-09-04_1229IST,ota,MakeMyTrip
BOM,BLR,6E,IndiGo,6E 5204,2026-09-05,1,economy,,,2.45,False,08:15,ok,2026-09-04T12:29:03.825134+05:30,2026-09-04_1229IST,ota,MakeMyTrip
BOM,BLR,6E,IndiGo,6E 5188,2026-09-05,1,economy,,,,False,06:15,parse_error,2026-09-04T12:29:03.825134+05:30,2026-09-04_1229IST,ota,MakeMyTrip
BOM,BLR,6E,IndiGo,6E 5188,2026-09-05,1,economy,,,,False,06:15,parse_error,2026-09-04T12:29:03.825134+05:30,2026-09-04_1229IST,ota,MakeMyTrip
BOM,BLR,IX,Air India Express,IX 1242,2026-09-05,1,economy,,,2.45,False,16:30,ok,2026-09-04T12:29:03.825134+05:30,2026-09-04_1229IST,ota,MakeMyTrip
BOM,BLR,6E,IndiGo,6E 5109,2026-09-05,1,economy,,,2.45,False,09:35,ok,2026-09-04T12:29:03.825134+05:30,2026-09-04_1229IST,ota,MakeMyTrip
BOM,BLR,AI,Air India,AI 2915,2026-09-05,1,economy,,,2.72,False,15:30,ok,2026-09-04T12:29:03.825134+05:30,2026-09-04_1229IST,ota,MakeMyTrip
BOM,BLR,AI,Air India,AI 2780,2026-09-05,1,economy,,,,False,14:00,parse_error,2026-09-04T12:29:03.825134+05:30,2026-09-04_1229IST,ota,MakeMyTrip
BOM,BLR,AI,Air India,AI 2780,2026-09-05,1,economy,,,,False,14:00,parse_error,2026-09-04T12:29:03.825134+05:30,2026-09-04_1229IST,ota,MakeMyTrip
BOM,BLR,AI,Air India,AI 2944,2026-09-05,1,economy,,,,False,14:35,parse_error,2026-09-04T12:29:03.825134+05:30,2026-09-04_1229IST,ota,MakeMyTrip
BOM,BLR,AI,Air India,AI 2915,2026-09-05,1,economy,,,2.72,False,15:30,ok,2026-09-04T12:29:03.825134+05:30,2026-09-04_1229IST,ota,MakeMyTrip
BOM,BLR,AI,Air India,AI 639,2026-09-05,1,economy,,,,False,22:55,parse_error,2026-09-04T12:29:03.825134+05:30,2026-09-04_1229IST,ota,MakeMyTrip
BOM,BLR,AI,Air India,AI 639,2026-09-05,1,economy,,,,False,22:55,parse_error,2026-09-04T12:29:03.825134+05:30,2026-09-04_1229IST,ota,MakeMyTrip
BOM,BLR,AI,Air India,AI 2827,2026-09-05,1,economy,,,,False,20:30,parse_error,2026-09-04T12:29:03.825134+05:30,2026-09-04_1229IST,ota,MakeMyTrip
BOM,BLR,AI,Air India,AI 493,2026-09-05,1,economy,,,2.72,False,06:40,ok,2026-09-04T12:29:03.825134+05:30,2026-09-04_1229IST,ota,MakeMyTrip
BOM,BLR,AI,Air India,AI 2821,2026-09-05,1,economy,,,,False,06:40,parse_error,2026-09-04T12:29:03.825134+05:30,2026-09-04_1229IST,ota,MakeMyTrip
BOM,BLR,AI,Air India,AI 2821,2026-09-05,1,economy,,,,False,06:40,parse_error,2026-09-04T12:29:03.825134+05:30,2026-09-04_1229IST,ota,MakeMyTrip
BOM,BLR,AI,Air India,AI 417,2026-09-05,1,economy,,,,False,08:55,parse_error,2026-09-04T12:29:03.825134+05:30,2026-09-04_1229IST,ota,MakeMyTrip
BOM,BLR,AI,Air India,AI 493,2026-09-05,1,economy,,,2.72,False,06:40,ok,2026-09-04T12:29:03.825134+05:30,2026-09-04_1229IST,ota,MakeMyTrip
BOM,BLR,AI,Air India,AI 493,2026-09-05,1,economy,,,,False,06:40,parse_error,2026-09-04T12:29:03.825134+05:30,2026-09-04_1229IST,ota,MakeMyTrip
BOM,BLR,AI,Air India,AI 493,2026-09-05,1,economy,,,,False,06:40,parse_error,2026-09-04T12:29:03.825134+05:30,2026-09-04_1229IST,ota,MakeMyTrip
BOM,BLR,AI,Air India,AI 493,2026-09-05,1,economy,,,,False,06:40,parse_error,2026-09-04T12:29:03.825134+05:30,2026-09-04_1229IST,ota,MakeMyTrip
BOM,BLR,AI,Air India,AI 2915,2026-09-05,1,economy,,,2.72,False,15:30,ok,2026-09-04T12:29:03.825134+05:30,2026-09-04_1229IST,ota,MakeMyTrip
BOM,BLR,AI,Air India,AI 2780,2026-09-05,1,economy,,,,False,14:00,parse_error,2026-09-04T12:29:03.825134+05:30,2026-09-04_1229IST,ota,MakeMyTrip
BOM,BLR,AI,Air India,AI 2780,2026-09-05,1,economy,,,,False,14:00,parse_error,2026-09-04T12:29:03.825134+05:30,2026-09-04_1229IST,ota,MakeMyTrip
BOM,BLR,AI,Air India,AI 493,2026-09-05,1,economy,,,2.72,False,06:40,ok,2026-09-04T12:29:03.825134+05:30,2026-09-04_1229IST,ota,MakeMyTrip
BOM,BLR,AI,Air India,AI 435,2026-09-05,1,economy,,,,False,18:10,parse_error,2026-09-04T12:29:03.825134+05:30,2026-09-04_1229IST,ota,MakeMyTrip
BOM,BLR,AI,Air India,AI 435,2026-09-05,1,economy,,,,False,18:10,parse_error,2026-09-04T12:29:03.825134+05:30,2026-09-04_1229IST,ota,MakeMyTrip
BOM,BLR,AI,Air India,AI 493,2026-09-05,1,economy,,,2.72,False,06:40,ok,2026-09-04T12:29:03.825134+05:30,2026-09-04_1229IST,ota,MakeMyTrip
BOM,BLR,AI,Air India,AI 2780,2026-09-05,1,economy,,,,False,14:00,parse_error,2026-09-04T12:29:03.825134+05:30,2026-09-04_1229IST,ota,MakeMyTrip
BOM,BLR,AI,Air India,AI 2780,2026-09-05,1,economy,,,,False,14:00,parse_error,2026-09-04T12:29:03.825134+05:30,2026-09-04_1229IST,ota,MakeMyTrip
BOM,BLR,AI,Air India,AI 2915,2026-09-05,1,economy,,,,False,15:30,parse_error,2026-09-04T12:29:03.825134+05:30,2026-09-04_1229IST,ota,MakeMyTrip
BOM,BLR,AI,Air India,AI 493,2026-09-05,1,economy,,,2.72,False,06:40,ok,2026-09-04T12:29:03.825134+05:30,2026-09-04_1229IST,ota,MakeMyTrip
BOM,BLR,AI,Air India,AI 2821,2026-09-05,1,economy,,,,False,06:40,parse_error,2026-09-04T12:29:03.825134+05:30,2026-09-04_1229IST,ota,MakeMyTrip
BOM,BLR,AI,Air India,AI 2821,2026-09-05,1,economy,,,,False,06:40,parse_error,2026-09-04T12:29:03.825134+05:30,2026-09-04_1229IST,ota,MakeMyTrip
BOM,BLR,AI,Air India,AI 2827,2026-09-05,1,economy,,,,False,20:30,parse_error,2026-09-04T12:29:03.825134+05:30,2026-09-04_1229IST,ota,MakeMyTrip
BOM,BLR,AI,Air India,AI 639,2026-09-05,1,economy,,,2.72,False,22:55,ok,2026-09-04T12:29:03.825134+05:30,2026-09-04_1229IST,ota,MakeMyTrip
BOM,BLR,AI,Air India,AI 639,2026-09-05,1,economy,,,,False,22:55,parse_error,2026-09-04T12:29:03.825134+05:30,2026-09-04_1229IST,ota,MakeMyTrip
BOM,BLR,AI,Air India,AI 639,2026-09-05,1,economy,,,,False,22:55,parse_error,2026-09-04T12:29:03.825134+05:30,2026-09-04_1229IST,ota,MakeMyTrip
BOM,BLR,AI,Air India,AI 2827,2026-09-05,1,economy,,,,False,20:30,parse_error,2026-09-04T12:29:03.825134+05:30,2026-09-04_1229IST,ota,MakeMyTrip
BOM,BLR,AI,Air India,AI 639,2026-09-05,1,economy,,,2.72,False,22:55,ok,2026-09-04T12:29:03.825134+05:30,2026-09-04_1229IST,ota,MakeMyTrip
BOM,BLR,AI,Air India,AI 2739,2026-09-05,1,economy,,,,False,09:00,parse_error,2026-09-04T12:29:03.825134+05:30,2026-09-04_1229IST,ota,MakeMyTrip
BOM,BLR,AI,Air India,AI 2739,2026-09-05,1,economy,,,,False,09:00,parse_error,2026-09-04T12:29:03.825134+05:30,2026-09-04_1229IST,ota,MakeMyTrip
BOM,BLR,AI,Air India,AI 2739,2026-09-05,1,economy,,,,False,09:00,parse_error,2026-09-04T12:29:03.825134+05:30,2026-09-04_1229IST,ota,MakeMyTrip
BOM,BLR,6E,IndiGo,6E 5228,2026-09-05,1,economy,,,2.72,False,16:45,ok,2026-09-04T12:29:03.825134+05:30,2026-09-04_1229IST,ota,MakeMyTrip
BOM,BLR,6E,IndiGo,6E 5201,2026-09-05,1,economy,,,,False,14:55,parse_error,2026-09-04T12:29:03.825134+05:30,2026-09-04_1229IST,ota,MakeMyTrip
BOM,BLR,6E,IndiGo,6E 5201,2026-09-05,1,economy,,,,False,14:55,parse_error,2026-09-04T12:29:03.825134+05:30,2026-09-04_1229IST,ota,MakeMyTrip
BOM,BLR,IX,Air India Express,IX 1810,2026-09-05,1,economy,,,2.72,False,13:40,ok,2026-09-04T12:29:03.825134+05:30,2026-09-04_1229IST,ota,MakeMyTrip
BOM,BLR,AI,Air India,AI 435,2026-09-05,1,economy,,,3.0,False,18:10,ok,2026-09-04T12:29:03.825134+05:30,2026-09-04_1229IST,ota,MakeMyTrip
BOM,BLR,AI,Air India,AI 435,2026-09-05,1,economy,,,,False,18:10,parse_error,2026-09-04T12:29:03.825134+05:30,2026-09-04_1229IST,ota,MakeMyTrip
BOM,BLR,AI,Air India,AI 435,2026-09-05,1,economy,,,,False,18:10,parse_error,2026-09-04T12:29:03.825134+05:30,2026-09-04_1229IST,ota,MakeMyTrip
BOM,BLR,AI,Air India,AI 2827,2026-09-05,1,economy,,,,False,20:30,parse_error,2026-09-04T12:29:03.825134+05:30,2026-09-04_1229IST,ota,MakeMyTrip
DEL,CCU,6E,IndiGo,6E 6440,2026-09-05,1,economy,,,,False,16:40,parse_error,2026-09-04T12:30:33.274877+05:30,2026-09-04_1230IST,ota,MakeMyTrip
DEL,CCU,6E,IndiGo,6E 6440,2026-09-05,1,economy,,,1.36,False,16:40,ok,2026-09-04T12:30:33.274877+05:30,2026-09-04_1230IST,ota,MakeMyTrip
DEL,CCU,6E,IndiGo,6E 6829,2026-09-05,1,economy,,,,False,17:20,parse_error,2026-09-04T12:30:33.274877+05:30,2026-09-04_1230IST,ota,MakeMyTrip
DEL,CCU,6E,IndiGo,6E 6829,2026-09-05,1,economy,,,,False,17:20,parse_error,2026-09-04T12:30:33.274877+05:30,2026-09-04_1230IST,ota,MakeMyTrip
DEL,CCU,6E,IndiGo,6E 6236,2026-09-05,1,economy,,,,False,16:20,parse_error,2026-09-04T12:30:33.274877+05:30,2026-09-04_1230IST,ota,MakeMyTrip
DEL,CCU,6E,IndiGo,6E 2453,2026-09-05,1,economy,,,1.36,False,13:35,ok,2026-09-04T12:30:33.274877+05:30,2026-09-04_1230IST,ota,MakeMyTrip
DEL,CCU,6E,IndiGo,6E 2361,2026-09-05,1,economy,,,,False,14:35,parse_error,2026-09-04T12:30:33.274877+05:30,2026-09-04_1230IST,ota,MakeMyTrip
DEL,CCU,6E,IndiGo,6E 2361,2026-09-05,1,economy,,,,False,14:35,parse_error,2026-09-04T12:30:33.274877+05:30,2026-09-04_1230IST,ota,MakeMyTrip
DEL,CCU,6E,IndiGo,6E 5073,2026-09-05,1,economy,,,,False,17:05,parse_error,2026-09-04T12:30:33.274877+05:30,2026-09-04_1230IST,ota,MakeMyTrip
DEL,CCU,6E,IndiGo,6E 5206,2026-09-05,1,economy,,,1.36,False,13:20,ok,2026-09-04T12:30:33.274877+05:30,2026-09-04_1230IST,ota,MakeMyTrip
DEL,CCU,6E,IndiGo,6E 6503,2026-09-05,1,economy,,,,False,13:25,parse_error,2026-09-04T12:30:33.274877+05:30,2026-09-04_1230IST,ota,MakeMyTrip
DEL,CCU,6E,IndiGo,6E 6503,2026-09-05,1,economy,,,,False,13:25,parse_error,2026-09-04T12:30:33.274877+05:30,2026-09-04_1230IST,ota,MakeMyTrip
DEL,CCU,6E,IndiGo,6E 2614,2026-09-05,1,economy,,,,False,14:40,parse_error,2026-09-04T12:30:33.274877+05:30,2026-09-04_1230IST,ota,MakeMyTrip
DEL,CCU,6E,IndiGo,6E 5033,2026-09-05,1,economy,,,1.63,False,15:50,ok,2026-09-04T12:30:33.274877+05:30,2026-09-04_1230IST,ota,MakeMyTrip
DEL,CCU,6E,IndiGo,6E 6378,2026-09-05,1,economy,,,,False,14:40,parse_error,2026-09-04T12:30:33.274877+05:30,2026-09-04_1230IST,ota,MakeMyTrip
DEL,CCU,6E,IndiGo,6E 6378,2026-09-05,1,economy,,,,False,14:40,parse_error,2026-09-04T12:30:33.274877+05:30,2026-09-04_1230IST,ota,MakeMyTrip
DEL,CCU,6E,IndiGo,6E 2614,2026-09-05,1,economy,,,,False,14:40,parse_error,2026-09-04T12:30:33.274877+05:30,2026-09-04_1230IST,ota,MakeMyTrip
DEL,CCU,6E,IndiGo,6E 5038,2026-09-05,1,economy,,,1.63,False,14:00,ok,2026-09-04T12:30:33.274877+05:30,2026-09-04_1230IST,ota,MakeMyTrip
DEL,CCU,6E,IndiGo,6E 734,2026-09-05,1,economy,,,,False,16:20,parse_error,2026-09-04T12:30:33.274877+05:30,2026-09-04_1230IST,ota,MakeMyTrip
DEL,CCU,6E,IndiGo,6E 734,2026-09-05,1,economy,,,,False,16:20,parse_error,2026-09-04T12:30:33.274877+05:30,2026-09-04_1230IST,ota,MakeMyTrip
DEL,CCU,6E,IndiGo,6E 2259,2026-09-05,1,economy,,,,False,12:20,parse_error,2026-09-04T12:30:33.274877+05:30,2026-09-04_1230IST,ota,MakeMyTrip
DEL,CCU,6E,IndiGo,6E 6190,2026-09-05,1,economy,,,1.63,False,07:40,ok,2026-09-04T12:30:33.274877+05:30,2026-09-04_1230IST,ota,MakeMyTrip
DEL,CCU,6E,IndiGo,6E 6124,2026-09-05,1,economy,,,,False,07:30,parse_error,2026-09-04T12:30:33.274877+05:30,2026-09-04_1230IST,ota,MakeMyTrip
DEL,CCU,6E,IndiGo,6E 6124,2026-09-05,1,economy,,,,False,07:30,parse_error,2026-09-04T12:30:33.274877+05:30,2026-09-04_1230IST,ota,MakeMyTrip
DEL,CCU,6E,IndiGo,6E 5307,2026-09-05,1,economy,,,,False,10:50,parse_error,2026-09-04T12:30:33.274877+05:30,2026-09-04_1230IST,ota,MakeMyTrip
DEL,CCU,6E,IndiGo,6E 5119,2026-09-05,1,economy,,,1.63,False,05:10,ok,2026-09-04T12:30:33.274877+05:30,2026-09-04_1230IST,ota,MakeMyTrip
DEL,CCU,6E,IndiGo,6E 717,2026-09-05,1,economy,,,,False,17:55,parse_error,2026-09-04T12:30:33.274877+05:30,2026-09-04_1230IST,ota,MakeMyTrip
DEL,CCU,6E,IndiGo,6E 717,2026-09-05,1,economy,,,,False,17:55,parse_error,2026-09-04T12:30:33.274877+05:30,2026-09-04_1230IST,ota,MakeMyTrip
DEL,CCU,6E,IndiGo,6E 6073,2026-09-05,1,economy,,,,False,05:00,parse_error,2026-09-04T12:30:33.274877+05:30,2026-09-04_1230IST,ota,MakeMyTrip
DEL,CCU,6E,IndiGo,6E 2331,2026-09-05,1,economy,,,1.63,False,12:20,ok,2026-09-04T12:30:33.274877+05:30,2026-09-04_1230IST,ota,MakeMyTrip
DEL,CCU,6E,IndiGo,6E 5041,2026-09-05,1,economy,,,,False,15:10,parse_error,2026-09-04T12:30:33.274877+05:30,2026-09-04_1230IST,ota,MakeMyTrip
DEL,CCU,6E,IndiGo,6E 5041,2026-09-05,1,economy,,,,False,15:10,parse_error,2026-09-04T12:30:33.274877+05:30,2026-09-04_1230IST,ota,MakeMyTrip
DEL,CCU,6E,IndiGo,6E 6217,2026-09-05,1,economy,,,,False,16:15,parse_error,2026-09-04T12:30:33.274877+05:30,2026-09-04_1230IST,ota,MakeMyTrip
DEL,CCU,6E,IndiGo,6E 6371,2026-09-05,1,economy,,,1.63,False,06:20,ok,2026-09-04T12:30:33.274877+05:30,2026-09-04_1230IST,ota,MakeMyTrip
DEL,CCU,6E,IndiGo,6E 5215,2026-09-05,1,economy,,,,False,07:45,parse_error,2026-09-04T12:30:33.274877+05:30,2026-09-04_1230IST,ota,MakeMyTrip
DEL,CCU,6E,IndiGo,6E 5215,2026-09-05,1,economy,,,,False,07:45,parse_error,2026-09-04T12:30:33.274877+05:30,2026-09-04_1230IST,ota,MakeMyTrip
DEL,CCU,6E,IndiGo,6E 2296,2026-09-05,1,economy,,,,False,09:20,parse_error,2026-09-04T12:30:33.274877+05:30,2026-09-04_1230IST,ota,MakeMyTrip
DEL,CCU,6E,IndiGo,6E 6190,2026-09-05,1,economy,,,1.63,False,07:40,ok,2026-09-04T12:30:33.274877+05:30,2026-09-04_1230IST,ota,MakeMyTrip
DEL,CCU,6E,IndiGo,6E 2037,2026-09-05,1,economy,,,,False,10:55,parse_error,2026-09-04T12:30:33.274877+05:30,2026-09-04_1230IST,ota,MakeMyTrip
DEL,CCU,6E,IndiGo,6E 2037,2026-09-05,1,economy,,,,False,10:55,parse_error,2026-09-04T12:30:33.274877+05:30,2026-09-04_1230IST,ota,MakeMyTrip
DEL,CCU,6E,IndiGo,6E 5307,2026-09-05,1,economy,,,,False,10:50,parse_error,2026-09-04T12:30:33.274877+05:30,2026-09-04_1230IST,ota,MakeMyTrip
DEL,CCU,SG,SpiceJet,SG 905,2026-09-05,1,economy,,,2.18,False,20:10,ok,2026-09-04T12:30:33.274877+05:30,2026-09-04_1230IST,ota,MakeMyTrip
DEL,CCU,QP,Akasa Air,QP 1801,2026-09-05,1,economy,,,1.63,False,05:55,ok,2026-09-04T12:30:33.274877+05:30,2026-09-04_1230IST,ota,MakeMyTrip
DEL,CCU,QP,Akasa Air,QP 1803,2026-09-05,1,economy,,,1.63,False,17:10,ok,2026-09-04T12:30:33.274877+05:30,2026-09-04_1230IST,ota,MakeMyTrip
DEL,CCU,6E,IndiGo,6E 340,2026-09-05,1,economy,,,1.63,False,07:20,ok,2026-09-04T12:30:33.274877+05:30,2026-09-04_1230IST,ota,MakeMyTrip
DEL,CCU,6E,IndiGo,6E 513,2026-09-05,1,economy,,,,False,08:30,parse_error,2026-09-04T12:30:33.274877+05:30,2026-09-04_1230IST,ota,MakeMyTrip
DEL,CCU,6E,IndiGo,6E 513,2026-09-05,1,economy,,,,False,08:30,parse_error,2026-09-04T12:30:33.274877+05:30,2026-09-04_1230IST,ota,MakeMyTrip
DEL,CCU,6E,IndiGo,6E 894,2026-09-05,1,economy,,,,False,10:15,parse_error,2026-09-04T12:30:33.274877+05:30,2026-09-04_1230IST,ota,MakeMyTrip
DEL,CCU,6E,IndiGo,6E 897,2026-09-05,1,economy,,,1.63,False,12:45,ok,2026-09-04T12:30:33.274877+05:30,2026-09-04_1230IST,ota,MakeMyTrip
DEL,CCU,6E,IndiGo,6E 910,2026-09-05,1,economy,,,,False,14:25,parse_error,2026-09-04T12:30:33.274877+05:30,2026-09-04_1230IST,ota,MakeMyTrip
DEL,CCU,6E,IndiGo,6E 910,2026-09-05,1,economy,,,,False,14:25,parse_error,2026-09-04T12:30:33.274877+05:30,2026-09-04_1230IST,ota,MakeMyTrip
DEL,CCU,6E,IndiGo,6E 6415,2026-09-05,1,economy,,,,False,16:00,parse_error,2026-09-04T12:30:33.274877+05:30,2026-09-04_1230IST,ota,MakeMyTrip
DEL,CCU,6E,IndiGo,6E 247,2026-09-05,1,economy,,,1.63,False,23:30,ok,2026-09-04T12:30:33.274877+05:30,2026-09-04_1230IST,ota,MakeMyTrip
DEL,CCU,6E,IndiGo,6E 5191,2026-09-05,1,economy,,,,False,05:00,parse_error,2026-09-04T12:30:33.274877+05:30,2026-09-04_1230IST,ota,MakeMyTrip
DEL,CCU,6E,IndiGo,6E 5191,2026-09-05,1,economy,,,,False,05:00,parse_error,2026-09-04T12:30:33.274877+05:30,2026-09-04_1230IST,ota,MakeMyTrip
DEL,CCU,6E,IndiGo,6E 6517,2026-09-05,1,economy,,,,False,19:30,parse_error,2026-09-04T12:30:33.274877+05:30,2026-09-04_1230IST,ota,MakeMyTrip
DEL,CCU,AI,Air India,AI 2702,2026-09-05,1,economy,,,1.63,False,02:30,ok,2026-09-04T12:30:33.274877+05:30,2026-09-04_1230IST,ota,MakeMyTrip
DEL,CCU,AI,Air India,AI 2767,2026-09-05,1,economy,,,,False,13:00,parse_error,2026-09-04T12:30:33.274877+05:30,2026-09-04_1230IST,ota,MakeMyTrip
DEL,CCU,AI,Air India,AI 2767,2026-09-05,1,economy,,,,False,13:00,parse_error,2026-09-04T12:30:33.274877+05:30,2026-09-04_1230IST,ota,MakeMyTrip
DEL,CCU,AI,Air India,AI 1733,2026-09-05,1,economy,,,,False,16:15,parse_error,2026-09-04T12:30:33.274877+05:30,2026-09-04_1230IST,ota,MakeMyTrip
DEL,CCU,AI,Air India,AI 2535,2026-09-05,1,economy,,,1.63,False,06:40,ok,2026-09-04T12:30:33.274877+05:30,2026-09-04_1230IST,ota,MakeMyTrip
DEL,CCU,AI,Air India,AI 2705,2026-09-05,1,economy,,,,False,07:30,parse_error,2026-09-04T12:30:33.274877+05:30,2026-09-04_1230IST,ota,MakeMyTrip
DEL,CCU,AI,Air India,AI 2705,2026-09-05,1,economy,,,,False,07:30,parse_error,2026-09-04T12:30:33.274877+05:30,2026-09-04_1230IST,ota,MakeMyTrip
DEL,CCU,AI,Air India,AI 1791,2026-09-05,1,economy,,,,False,09:55,parse_error,2026-09-04T12:30:33.274877+05:30,2026-09-04_1230IST,ota,MakeMyTrip
DEL,CCU,AI,Air India,AI 2707,2026-09-05,1,economy,,,1.63,False,18:00,ok,2026-09-04T12:30:33.274877+05:30,2026-09-04_1230IST,ota,MakeMyTrip
DEL,CCU,AI,Air India,AI 2709,2026-09-05,1,economy,,,,False,19:40,parse_error,2026-09-04T12:30:33.274877+05:30,2026-09-04_1230IST,ota,MakeMyTrip
DEL,CCU,AI,Air India,AI 2709,2026-09-05,1,economy,,,,False,19:40,parse_error,2026-09-04T12:30:33.274877+05:30,2026-09-04_1230IST,ota,MakeMyTrip
DEL,CCU,AI,Air India,AI 1714,2026-09-05,1,economy,,,,False,21:00,parse_error,2026-09-04T12:30:33.274877+05:30,2026-09-04_1230IST,ota,MakeMyTrip
DEL,CCU,IX,Air India Express,IX 1001,2026-09-05,1,economy,,,1.91,False,09:00,ok,2026-09-04T12:30:33.274877+05:30,2026-09-04_1230IST,ota,MakeMyTrip
BLR,HYD,6E,IndiGo,6E 3102,2026-09-05,1,economy,,,,False,05:10,parse_error,2026-09-04T12:31:58.136434+05:30,2026-09-04_1231IST,ota,MakeMyTrip
BLR,HYD,6E,IndiGo,6E 3102,2026-09-05,1,economy,,,1.09,False,05:10,ok,2026-09-04T12:31:58.136434+05:30,2026-09-04_1231IST,ota,MakeMyTrip
BLR,HYD,6E,IndiGo,6E 6168,2026-09-05,1,economy,,,1.09,False,17:40,ok,2026-09-04T12:31:58.136434+05:30,2026-09-04_1231IST,ota,MakeMyTrip
BLR,HYD,6E,IndiGo,6E 414,2026-09-05,1,economy,,,,False,14:45,parse_error,2026-09-04T12:31:58.136434+05:30,2026-09-04_1231IST,ota,MakeMyTrip
BLR,HYD,6E,IndiGo,6E 414,2026-09-05,1,economy,,,,False,14:45,parse_error,2026-09-04T12:31:58.136434+05:30,2026-09-04_1231IST,ota,MakeMyTrip
BLR,HYD,6E,IndiGo,6E 356,2026-09-05,1,economy,,,,False,17:15,parse_error,2026-09-04T12:31:58.136434+05:30,2026-09-04_1231IST,ota,MakeMyTrip
BLR,HYD,6E,IndiGo,6E 116,2026-09-05,1,economy,,,1.09,False,23:05,ok,2026-09-04T12:31:58.136434+05:30,2026-09-04_1231IST,ota,MakeMyTrip
BLR,HYD,6E,IndiGo,6E 6017,2026-09-05,1,economy,,,,False,18:15,parse_error,2026-09-04T12:31:58.136434+05:30,2026-09-04_1231IST,ota,MakeMyTrip
BLR,HYD,6E,IndiGo,6E 6017,2026-09-05,1,economy,,,,False,18:15,parse_error,2026-09-04T12:31:58.136434+05:30,2026-09-04_1231IST,ota,MakeMyTrip
BLR,HYD,6E,IndiGo,6E 105,2026-09-05,1,economy,,,,False,18:45,parse_error,2026-09-04T12:31:58.136434+05:30,2026-09-04_1231IST,ota,MakeMyTrip
BLR,HYD,6E,IndiGo,6E 6208,2026-09-05,1,economy,,,1.09,False,12:50,ok,2026-09-04T12:31:58.136434+05:30,2026-09-04_1231IST,ota,MakeMyTrip
BLR,HYD,6E,IndiGo,6E 6336,2026-09-05,1,economy,,,,False,12:40,parse_error,2026-09-04T12:31:58.136434+05:30,2026-09-04_1231IST,ota,MakeMyTrip
BLR,HYD,6E,IndiGo,6E 6336,2026-09-05,1,economy,,,,False,12:40,parse_error,2026-09-04T12:31:58.136434+05:30,2026-09-04_1231IST,ota,MakeMyTrip
BLR,HYD,6E,IndiGo,6E 528,2026-09-05,1,economy,,,1.09,False,21:40,ok,2026-09-04T12:31:58.136434+05:30,2026-09-04_1231IST,ota,MakeMyTrip
BLR,HYD,6E,IndiGo,6E 441,2026-09-05,1,economy,,,1.09,False,20:40,ok,2026-09-04T12:31:58.136434+05:30,2026-09-04_1231IST,ota,MakeMyTrip
BLR,HYD,6E,IndiGo,6E 576,2026-09-05,1,economy,,,,False,16:25,parse_error,2026-09-04T12:31:58.136434+05:30,2026-09-04_1231IST,ota,MakeMyTrip
BLR,HYD,6E,IndiGo,6E 576,2026-09-05,1,economy,,,,False,16:25,parse_error,2026-09-04T12:31:58.136434+05:30,2026-09-04_1231IST,ota,MakeMyTrip
BLR,HYD,6E,IndiGo,6E 6653,2026-09-05,1,economy,,,,False,12:35,parse_error,2026-09-04T12:31:58.136434+05:30,2026-09-04_1231IST,ota,MakeMyTrip
BLR,HYD,6E,IndiGo,6E 6554,2026-09-05,1,economy,,,1.09,False,19:15,ok,2026-09-04T12:31:58.136434+05:30,2026-09-04_1231IST,ota,MakeMyTrip
BLR,HYD,6E,IndiGo,6E 6269,2026-09-05,1,economy,,,1.09,False,07:15,ok,2026-09-04T12:31:58.136434+05:30,2026-09-04_1231IST,ota,MakeMyTrip
BLR,HYD,6E,IndiGo,6E 7227,2026-09-05,1,economy,,,,False,06:25,parse_error,2026-09-04T12:31:58.136434+05:30,2026-09-04_1231IST,ota,MakeMyTrip
BLR,HYD,6E,IndiGo,6E 7227,2026-09-05,1,economy,,,,False,06:25,parse_error,2026-09-04T12:31:58.136434+05:30,2026-09-04_1231IST,ota,MakeMyTrip
BLR,HYD,6E,IndiGo,6E 763,2026-09-05,1,economy,,,,False,07:05,parse_error,2026-09-04T12:31:58.136434+05:30,2026-09-04_1231IST,ota,MakeMyTrip
BLR,HYD,AI,Air India,AI 9570,2026-09-05,1,economy,,,2.18,False,06:05,ok,2026-09-04T12:31:58.136434+05:30,2026-09-04_1231IST,ota,MakeMyTrip
BLR,HYD,IX,Air India Express,IX 2018,2026-09-05,1,economy,,,1.36,False,06:05,ok,2026-09-04T12:31:58.136434+05:30,2026-09-04_1231IST,ota,MakeMyTrip
BLR,HYD,IX,Air India Express,IX 1723,2026-09-05,1,economy,,,,False,22:40,parse_error,2026-09-04T12:31:58.136434+05:30,2026-09-04_1231IST,ota,MakeMyTrip
BLR,HYD,IX,Air India Express,IX 1723,2026-09-05,1,economy,,,,False,22:40,parse_error,2026-09-04T12:31:58.136434+05:30,2026-09-04_1231IST,ota,MakeMyTrip
BLR,HYD,IX,Air India Express,IX 2819,2026-09-05,1,economy,,,,False,12:30,parse_error,2026-09-04T12:31:58.136434+05:30,2026-09-04_1231IST,ota,MakeMyTrip
BLR,HYD,AI,Air India,AI 9566,2026-09-05,1,economy,,,2.18,False,22:40,ok,2026-09-04T12:31:58.136434+05:30,2026-09-04_1231IST,ota,MakeMyTrip
BLR,HYD,AI,Air India,AI 9572,2026-09-05,1,economy,,,,False,12:30,parse_error,2026-09-04T12:31:58.136434+05:30,2026-09-04_1231IST,ota,MakeMyTrip
BLR,HYD,AI,Air India,AI 9572,2026-09-05,1,economy,,,,False,12:30,parse_error,2026-09-04T12:31:58.136434+05:30,2026-09-04_1231IST,ota,MakeMyTrip
BLR,HYD,AI,Air India,AI 9568,2026-09-05,1,economy,,,,False,17:15,parse_error,2026-09-04T12:31:58.136434+05:30,2026-09-04_1231IST,ota,MakeMyTrip
BLR,HYD,AI,Air India,AI 9480,2026-09-05,1,economy,,,2.18,False,08:40,ok,2026-09-04T12:31:58.136434+05:30,2026-09-04_1231IST,ota,MakeMyTrip
BLR,HYD,6E,IndiGo,6E 857,2026-09-05,1,economy,,,1.36,False,07:05,ok,2026-09-04T12:31:58.136434+05:30,2026-09-04_1231IST,ota,MakeMyTrip
BLR,HYD,6E,IndiGo,6E 6104,2026-09-05,1,economy,,,,False,11:40,parse_error,2026-09-04T12:31:58.136434+05:30,2026-09-04_1231IST,ota,MakeMyTrip
BLR,HYD,6E,IndiGo,6E 6104,2026-09-05,1,economy,,,,False,11:40,parse_error,2026-09-04T12:31:58.136434+05:30,2026-09-04_1231IST,ota,MakeMyTrip
BLR,HYD,6E,IndiGo,6E 6583,2026-09-05,1,economy,,,,False,10:40,parse_error,2026-09-04T12:31:58.136434+05:30,2026-09-04_1231IST,ota,MakeMyTrip
BLR,HYD,6E,IndiGo,6E 6542,2026-09-05,1,economy,,,1.36,False,13:10,ok,2026-09-04T12:31:58.136434+05:30,2026-09-04_1231IST,ota,MakeMyTrip
BLR,HYD,6E,IndiGo,6E 6891,2026-09-05,1,economy,,,,False,17:15,parse_error,2026-09-04T12:31:58.136434+05:30,2026-09-04_1231IST,ota,MakeMyTrip
BLR,HYD,6E,IndiGo,6E 6891,2026-09-05,1,economy,,,,False,17:15,parse_error,2026-09-04T12:31:58.136434+05:30,2026-09-04_1231IST,ota,MakeMyTrip
BLR,HYD,6E,IndiGo,6E 7071,2026-09-05,1,economy,,,,False,10:55,parse_error,2026-09-04T12:31:58.136434+05:30,2026-09-04_1231IST,ota,MakeMyTrip
BLR,HYD,6E,IndiGo,6E 703,2026-09-05,1,economy,,,1.36,False,12:55,ok,2026-09-04T12:31:58.136434+05:30,2026-09-04_1231IST,ota,MakeMyTrip
BLR,HYD,6E,IndiGo,6E 6702,2026-09-05,1,economy,,,1.36,False,05:20,ok,2026-09-04T12:31:58.136434+05:30,2026-09-04_1231IST,ota,MakeMyTrip
BLR,HYD,6E,IndiGo,6E 6876,2026-09-05,1,economy,,,,False,02:40,parse_error,2026-09-04T12:31:58.136434+05:30,2026-09-04_1231IST,ota,MakeMyTrip
BLR,HYD,6E,IndiGo,6E 6876,2026-09-05,1,economy,,,,False,02:40,parse_error,2026-09-04T12:31:58.136434+05:30,2026-09-04_1231IST,ota,MakeMyTrip
BLR,HYD,6E,IndiGo,6E 6178,2026-09-05,1,economy,,,1.36,False,06:25,ok,2026-09-04T12:31:58.136434+05:30,2026-09-04_1231IST,ota,MakeMyTrip
BLR,HYD,6E,IndiGo,6E 312,2026-09-05,1,economy,,,,False,09:15,parse_error,2026-09-04T12:31:58.136434+05:30,2026-09-04_1231IST,ota,MakeMyTrip
BLR,HYD,6E,IndiGo,6E 312,2026-09-05,1,economy,,,,False,09:15,parse_error,2026-09-04T12:31:58.136434+05:30,2026-09-04_1231IST,ota,MakeMyTrip
BLR,HYD,6E,IndiGo,6E 6067,2026-09-05,1,economy,,,1.63,False,16:30,ok,2026-09-04T12:31:58.136434+05:30,2026-09-04_1231IST,ota,MakeMyTrip
BLR,HYD,6E,IndiGo,6E 407,2026-09-05,1,economy,,,,False,14:50,parse_error,2026-09-04T12:31:58.136434+05:30,2026-09-04_1231IST,ota,MakeMyTrip
BLR,HYD,6E,IndiGo,6E 407,2026-09-05,1,economy,,,,False,14:50,parse_error,2026-09-04T12:31:58.136434+05:30,2026-09-04_1231IST,ota,MakeMyTrip
BLR,HYD,6E,IndiGo,6E 6784,2026-09-05,1,economy,,,1.63,False,21:30,ok,2026-09-04T12:31:58.136434+05:30,2026-09-04_1231IST,ota,MakeMyTrip
BLR,HYD,6E,IndiGo,6E 638,2026-09-05,1,economy,,,,False,18:35,parse_error,2026-09-04T12:31:58.136434+05:30,2026-09-04_1231IST,ota,MakeMyTrip
BLR,HYD,6E,IndiGo,6E 638,2026-09-05,1,economy,,,,False,18:35,parse_error,2026-09-04T12:31:58.136434+05:30,2026-09-04_1231IST,ota,MakeMyTrip
BLR,HYD,6E,IndiGo,6E 855,2026-09-05,1,economy,,,,False,19:45,parse_error,2026-09-04T12:31:58.136434+05:30,2026-09-04_1231IST,ota,MakeMyTrip
BLR,HYD,AI,Air India,AI 9919,2026-09-05,1,economy,,,2.18,False,05:55,ok,2026-09-04T12:31:58.136434+05:30,2026-09-04_1231IST,ota,MakeMyTrip
BLR,HYD,IX,Air India Express,IX 2064,2026-09-05,1,economy,,,1.63,False,05:55,ok,2026-09-04T12:31:58.136434+05:30,2026-09-04_1231IST,ota,MakeMyTrip
BLR,HYD,6E,IndiGo,6E 6404,2026-09-05,1,economy,,,1.91,False,11:35,ok,2026-09-04T12:31:58.136434+05:30,2026-09-04_1231IST,ota,MakeMyTrip
BLR,HYD,6E,IndiGo,6E 537,2026-09-05,1,economy,,,,False,10:15,parse_error,2026-09-04T12:31:58.136434+05:30,2026-09-04_1231IST,ota,MakeMyTrip
BLR,HYD,6E,IndiGo,6E 537,2026-09-05,1,economy,,,,False,10:15,parse_error,2026-09-04T12:31:58.136434+05:30,2026-09-04_1231IST,ota,MakeMyTrip
BLR,HYD,6E,IndiGo,6E 484,2026-09-05,1,economy,,,,False,08:15,parse_error,2026-09-04T12:31:58.136434+05:30,2026-09-04_1231IST,ota,MakeMyTrip
BLR,HYD,QP,Akasa Air,QP 1821,2026-09-05,1,economy,,,3.54,False,13:10,ok,2026-09-04T12:31:58.136434+05:30,2026-09-04_1231IST,ota,MakeMyTrip
MAA,DEL,6E,IndiGo,6E 6081,2026-09-05,1,economy,,,,False,07:05,parse_error,2026-09-04T12:33:24.843375+05:30,2026-09-04_1233IST,ota,MakeMyTrip
MAA,DEL,6E,IndiGo,6E 6081,2026-09-05,1,economy,,,1.91,False,07:05,ok,2026-09-04T12:33:24.843375+05:30,2026-09-04_1233IST,ota,MakeMyTrip
MAA,DEL,6E,IndiGo,6E 6348,2026-09-05,1,economy,,,,False,09:00,parse_error,2026-09-04T12:33:24.843375+05:30,2026-09-04_1233IST,ota,MakeMyTrip
MAA,DEL,6E,IndiGo,6E 6348,2026-09-05,1,economy,,,,False,09:00,parse_error,2026-09-04T12:33:24.843375+05:30,2026-09-04_1233IST,ota,MakeMyTrip
MAA,DEL,6E,IndiGo,6E 321,2026-09-05,1,economy,,,,False,08:20,parse_error,2026-09-04T12:33:24.843375+05:30,2026-09-04_1233IST,ota,MakeMyTrip
MAA,DEL,6E,IndiGo,6E 2578,2026-09-05,1,economy,,,1.91,False,10:25,ok,2026-09-04T12:33:24.843375+05:30,2026-09-04_1233IST,ota,MakeMyTrip
MAA,DEL,6E,IndiGo,6E 404,2026-09-05,1,economy,,,,False,09:15,parse_error,2026-09-04T12:33:24.843375+05:30,2026-09-04_1233IST,ota,MakeMyTrip
MAA,DEL,6E,IndiGo,6E 404,2026-09-05,1,economy,,,,False,09:15,parse_error,2026-09-04T12:33:24.843375+05:30,2026-09-04_1233IST,ota,MakeMyTrip
MAA,DEL,6E,IndiGo,6E 937,2026-09-05,1,economy,,,,False,06:30,parse_error,2026-09-04T12:33:24.843375+05:30,2026-09-04_1233IST,ota,MakeMyTrip
MAA,DEL,6E,IndiGo,6E 834,2026-09-05,1,economy,,,2.18,False,09:05,ok,2026-09-04T12:33:24.843375+05:30,2026-09-04_1233IST,ota,MakeMyTrip
MAA,DEL,6E,IndiGo,6E 7084,2026-09-05,1,economy,,,,False,07:35,parse_error,2026-09-04T12:33:24.843375+05:30,2026-09-04_1233IST,ota,MakeMyTrip
MAA,DEL,6E,IndiGo,6E 7084,2026-09-05,1,economy,,,,False,07:35,parse_error,2026-09-04T12:33:24.843375+05:30,2026-09-04_1233IST,ota,MakeMyTrip
MAA,DEL,6E,IndiGo,6E 6892,2026-09-05,1,economy,,,,False,10:55,parse_error,2026-09-04T12:33:24.843375+05:30,2026-09-04_1233IST,ota,MakeMyTrip
MAA,DEL,6E,IndiGo,6E 253,2026-09-05,1,economy,,,2.18,False,03:10,ok,2026-09-04T12:33:24.843375+05:30,2026-09-04_1233IST,ota,MakeMyTrip
MAA,DEL,6E,IndiGo,6E 726,2026-09-05,1,economy,,,,False,18:20,parse_error,2026-09-04T12:33:24.843375+05:30,2026-09-04_1233IST,ota,MakeMyTrip
MAA,DEL,6E,IndiGo,6E 726,2026-09-05,1,economy,,,,False,18:20,parse_error,2026-09-04T12:33:24.843375+05:30,2026-09-04_1233IST,ota,MakeMyTrip
MAA,DEL,6E,IndiGo,6E 562,2026-09-05,1,economy,,,,False,18:20,parse_error,2026-09-04T12:33:24.843375+05:30,2026-09-04_1233IST,ota,MakeMyTrip
MAA,DEL,6E,IndiGo,6E 183,2026-09-05,1,economy,,,2.18,False,16:35,ok,2026-09-04T12:33:24.843375+05:30,2026-09-04_1233IST,ota,MakeMyTrip
MAA,DEL,6E,IndiGo,6E 6209,2026-09-05,1,economy,,,,False,14:35,parse_error,2026-09-04T12:33:24.843375+05:30,2026-09-04_1233IST,ota,MakeMyTrip
MAA,DEL,6E,IndiGo,6E 6209,2026-09-05,1,economy,,,,False,14:35,parse_error,2026-09-04T12:33:24.843375+05:30,2026-09-04_1233IST,ota,MakeMyTrip
MAA,DEL,6E,IndiGo,6E 5104,2026-09-05,1,economy,,,,False,16:40,parse_error,2026-09-04T12:33:24.843375+05:30,2026-09-04_1233IST,ota,MakeMyTrip
MAA,DEL,AI,Air India,AI 2836,2026-09-05,1,economy,,,2.18,False,11:00,ok,2026-09-04T12:33:24.843375+05:30,2026-09-04_1233IST,ota,MakeMyTrip
MAA,DEL,AI,Air India,AI 2468,2026-09-05,1,economy,,,,False,14:00,parse_error,2026-09-04T12:33:24.843375+05:30,2026-09-04_1233IST,ota,MakeMyTrip
MAA,DEL,AI,Air India,AI 2468,2026-09-05,1,economy,,,,False,14:00,parse_error,2026-09-04T12:33:24.843375+05:30,2026-09-04_1233IST,ota,MakeMyTrip
MAA,DEL,6E,IndiGo,6E 6113,2026-09-05,1,economy,,,2.18,False,17:00,ok,2026-09-04T12:33:24.843375+05:30,2026-09-04_1233IST,ota,MakeMyTrip
MAA,DEL,6E,IndiGo,6E 5258,2026-09-05,1,economy,,,,False,12:45,parse_error,2026-09-04T12:33:24.843375+05:30,2026-09-04_1233IST,ota,MakeMyTrip
MAA,DEL,6E,IndiGo,6E 5258,2026-09-05,1,economy,,,,False,12:45,parse_error,2026-09-04T12:33:24.843375+05:30,2026-09-04_1233IST,ota,MakeMyTrip
MAA,DEL,6E,IndiGo,6E 5371,2026-09-05,1,economy,,,,False,14:45,parse_error,2026-09-04T12:33:24.843375+05:30,2026-09-04_1233IST,ota,MakeMyTrip
MAA,DEL,6E,IndiGo,6E 5214,2026-09-05,1,economy,,,2.18,False,11:00,ok,2026-09-04T12:33:24.843375+05:30,2026-09-04_1233IST,ota,MakeMyTrip
MAA,DEL,6E,IndiGo,6E 6326,2026-09-05,1,economy,,,,False,11:45,parse_error,2026-09-04T12:33:24.843375+05:30,2026-09-04_1233IST,ota,MakeMyTrip
MAA,DEL,6E,IndiGo,6E 6326,2026-09-05,1,economy,,,,False,11:45,parse_error,2026-09-04T12:33:24.843375+05:30,2026-09-04_1233IST,ota,MakeMyTrip
MAA,DEL,6E,IndiGo,6E 973,2026-09-05,1,economy,,,,False,11:55,parse_error,2026-09-04T12:33:24.843375+05:30,2026-09-04_1233IST,ota,MakeMyTrip
MAA,DEL,6E,IndiGo,6E 5367,2026-09-05,1,economy,,,2.18,False,18:15,ok,2026-09-04T12:33:24.843375+05:30,2026-09-04_1233IST,ota,MakeMyTrip
MAA,DEL,6E,IndiGo,6E 193,2026-09-05,1,economy,,,,False,20:00,parse_error,2026-09-04T12:33:24.843375+05:30,2026-09-04_1233IST,ota,MakeMyTrip
MAA,DEL,6E,IndiGo,6E 193,2026-09-05,1,economy,,,,False,20:00,parse_error,2026-09-04T12:33:24.843375+05:30,2026-09-04_1233IST,ota,MakeMyTrip
MAA,DEL,6E,IndiGo,6E 561,2026-09-05,1,economy,,,,False,22:20,parse_error,2026-09-04T12:33:24.843375+05:30,2026-09-04_1233IST,ota,MakeMyTrip
MAA,DEL,6E,IndiGo,6E 939,2026-09-05,1,economy,,,2.18,False,13:00,ok,2026-09-04T12:33:24.843375+05:30,2026-09-04_1233IST,ota,MakeMyTrip
MAA,DEL,6E,IndiGo,6E 948,2026-09-05,1,economy,,,,False,14:30,parse_error,2026-09-04T12:33:24.843375+05:30,2026-09-04_1233IST,ota,MakeMyTrip
MAA,DEL,6E,IndiGo,6E 948,2026-09-05,1,economy,,,,False,14:30,parse_error,2026-09-04T12:33:24.843375+05:30,2026-09-04_1233IST,ota,MakeMyTrip
MAA,DEL,6E,IndiGo,6E 848,2026-09-05,1,economy,,,2.18,False,17:50,ok,2026-09-04T12:33:24.843375+05:30,2026-09-04_1233IST,ota,MakeMyTrip
MAA,DEL,6E,IndiGo,6E 6209,2026-09-05,1,economy,,,,False,14:35,parse_error,2026-09-04T12:33:24.843375+05:30,2026-09-04_1233IST,ota,MakeMyTrip
MAA,DEL,6E,IndiGo,6E 6209,2026-09-05,1,economy,,,,False,14:35,parse_error,2026-09-04T12:33:24.843375+05:30,2026-09-04_1233IST,ota,MakeMyTrip
MAA,DEL,6E,IndiGo,6E 6925,2026-09-05,1,economy,,,,False,12:00,parse_error,2026-09-04T12:33:24.843375+05:30,2026-09-04_1233IST,ota,MakeMyTrip
MAA,DEL,AI,Air India,AI 2886,2026-09-05,1,economy,,,2.45,False,06:55,ok,2026-09-04T12:33:24.843375+05:30,2026-09-04_1233IST,ota,MakeMyTrip
MAA,DEL,IX,Air India Express,IX 2971,2026-09-05,1,economy,,,2.45,False,10:45,ok,2026-09-04T12:33:24.843375+05:30,2026-09-04_1233IST,ota,MakeMyTrip
MAA,DEL,6E,IndiGo,6E 6487,2026-09-05,1,economy,,,2.72,False,21:25,ok,2026-09-04T12:33:24.843375+05:30,2026-09-04_1233IST,ota,MakeMyTrip
MAA,DEL,6E,IndiGo,6E 698,2026-09-05,1,economy,,,3.0,False,16:45,ok,2026-09-04T12:33:24.843375+05:30,2026-09-04_1233IST,ota,MakeMyTrip
MAA,DEL,AI,Air India,AI 2484,2026-09-05,1,economy,,,3.0,False,16:20,ok,2026-09-04T12:33:24.843375+05:30,2026-09-04_1233IST,ota,MakeMyTrip
MAA,DEL,6E,IndiGo,6E 2369,2026-09-05,1,economy,,,3.27,False,23:45,ok,2026-09-04T12:33:24.843375+05:30,2026-09-04_1233IST,ota,MakeMyTrip
MAA,DEL,6E,IndiGo,6E 613,2026-09-05,1,economy,,,,False,19:00,parse_error,2026-09-04T12:33:24.843375+05:30,2026-09-04_1233IST,ota,MakeMyTrip
MAA,DEL,6E,IndiGo,6E 613,2026-09-05,1,economy,,,,False,19:00,parse_error,2026-09-04T12:33:24.843375+05:30,2026-09-04_1233IST,ota,MakeMyTrip
MAA,DEL,AI,Air India,AI 2838,2026-09-05,1,economy,,,3.54,False,21:40,ok,2026-09-04T12:33:24.843375+05:30,2026-09-04_1233IST,ota,MakeMyTrip
MAA,DEL,AI,Air India,AI 538,2026-09-05,1,economy,,,4.36,False,20:10,ok,2026-09-04T12:33:24.843375+05:30,2026-09-04_1233IST,ota,MakeMyTrip
DEL,BOM,QP,Akasa Air,QP 1940,2026-09-11,7,economy,,,,False,14:00,parse_error,2026-09-04T12:34:51.870635+05:30,2026-09-04_1234IST,ota,MakeMyTrip
DEL,BOM,QP,Akasa Air,QP 1940,2026-09-11,7,economy,,,1.09,False,14:00,ok,2026-09-04T12:34:51.870635+05:30,2026-09-04_1234IST,ota,MakeMyTrip
DEL,BOM,QP,Akasa Air,QP 1836,2026-09-11,7,economy,,,,False,12:30,parse_error,2026-09-04T12:34:51.870635+05:30,2026-09-04_1234IST,ota,MakeMyTrip
DEL,BOM,QP,Akasa Air,QP 1836,2026-09-11,7,economy,,,,False,12:30,parse_error,2026-09-04T12:34:51.870635+05:30,2026-09-04_1234IST,ota,MakeMyTrip
DEL,BOM,QP,Akasa Air,QP 1128,2026-09-11,7,economy,,,,False,16:00,parse_error,2026-09-04T12:34:51.870635+05:30,2026-09-04_1234IST,ota,MakeMyTrip
DEL,BOM,6E,IndiGo,6E 6190,2026-09-11,7,economy,,,1.09,False,07:40,ok,2026-09-04T12:34:51.870635+05:30,2026-09-04_1234IST,ota,MakeMyTrip
DEL,BOM,6E,IndiGo,6E 2076,2026-09-11,7,economy,,,,False,07:30,parse_error,2026-09-04T12:34:51.870635+05:30,2026-09-04_1234IST,ota,MakeMyTrip
DEL,BOM,6E,IndiGo,6E 2076,2026-09-11,7,economy,,,,False,07:30,parse_error,2026-09-04T12:34:51.870635+05:30,2026-09-04_1234IST,ota,MakeMyTrip
DEL,BOM,6E,IndiGo,6E 5298,2026-09-11,7,economy,,,,False,09:00,parse_error,2026-09-04T12:34:51.870635+05:30,2026-09-04_1234IST,ota,MakeMyTrip
DEL,BOM,6E,IndiGo,6E 5119,2026-09-11,7,economy,,,1.09,False,05:10,ok,2026-09-04T12:34:51.870635+05:30,2026-09-04_1234IST,ota,MakeMyTrip
DEL,BOM,6E,IndiGo,6E 2249,2026-09-11,7,economy,,,,False,15:00,parse_error,2026-09-04T12:34:51.870635+05:30,2026-09-04_1234IST,ota,MakeMyTrip
DEL,BOM,6E,IndiGo,6E 2249,2026-09-11,7,economy,,,,False,15:00,parse_error,2026-09-04T12:34:51.870635+05:30,2026-09-04_1234IST,ota,MakeMyTrip
DEL,BOM,6E,IndiGo,6E 2013,2026-09-11,7,economy,,,1.09,False,21:50,ok,2026-09-04T12:34:51.870635+05:30,2026-09-04_1234IST,ota,MakeMyTrip
DEL,BOM,6E,IndiGo,6E 6479,2026-09-11,7,economy,,,,False,21:25,parse_error,2026-09-04T12:34:51.870635+05:30,2026-09-04_1234IST,ota,MakeMyTrip
DEL,BOM,6E,IndiGo,6E 6479,2026-09-11,7,economy,,,,False,21:25,parse_error,2026-09-04T12:34:51.870635+05:30,2026-09-04_1234IST,ota,MakeMyTrip
DEL,BOM,6E,IndiGo,6E 882,2026-09-11,7,economy,,,,False,23:15,parse_error,2026-09-04T12:34:51.870635+05:30,2026-09-04_1234IST,ota,MakeMyTrip
DEL,BOM,6E,IndiGo,6E 6261,2026-09-11,7,economy,,,1.09,False,00:15,ok,2026-09-04T12:34:51.870635+05:30,2026-09-04_1234IST,ota,MakeMyTrip
DEL,BOM,6E,IndiGo,6E 6490,2026-09-11,7,economy,,,,False,04:55,parse_error,2026-09-04T12:34:51.870635+05:30,2026-09-04_1234IST,ota,MakeMyTrip
DEL,BOM,6E,IndiGo,6E 6490,2026-09-11,7,economy,,,,False,04:55,parse_error,2026-09-04T12:34:51.870635+05:30,2026-09-04_1234IST,ota,MakeMyTrip
DEL,BOM,6E,IndiGo,6E 6171,2026-09-11,7,economy,,,,False,05:40,parse_error,2026-09-04T12:34:51.870635+05:30,2026-09-04_1234IST,ota,MakeMyTrip
DEL,BOM,6E,IndiGo,6E 5119,2026-09-11,7,economy,,,1.09,False,05:10,ok,2026-09-04T12:34:51.870635+05:30,2026-09-04_1234IST,ota,MakeMyTrip
DEL,BOM,6E,IndiGo,6E 6459,2026-09-11,7,economy,,,,False,05:55,parse_error,2026-09-04T12:34:51.870635+05:30,2026-09-04_1234IST,ota,MakeMyTrip
DEL,BOM,6E,IndiGo,6E 6459,2026-09-11,7,economy,,,,False,05:55,parse_error,2026-09-04T12:34:51.870635+05:30,2026-09-04_1234IST,ota,MakeMyTrip
DEL,BOM,6E,IndiGo,6E 6569,2026-09-11,7,economy,,,,False,05:00,parse_error,2026-09-04T12:34:51.870635+05:30,2026-09-04_1234IST,ota,MakeMyTrip
DEL,BOM,6E,IndiGo,6E 2331,2026-09-11,7,economy,,,1.09,False,12:20,ok,2026-09-04T12:34:51.870635+05:30,2026-09-04_1234IST,ota,MakeMyTrip
DEL,BOM,6E,IndiGo,6E 6829,2026-09-11,7,economy,,,,False,17:20,parse_error,2026-09-04T12:34:51.870635+05:30,2026-09-04_1234IST,ota,MakeMyTrip
DEL,BOM,6E,IndiGo,6E 6829,2026-09-11,7,economy,,,,False,17:20,parse_error,2026-09-04T12:34:51.870635+05:30,2026-09-04_1234IST,ota,MakeMyTrip
DEL,BOM,6E,IndiGo,6E 2496,2026-09-11,7,economy,,,,False,12:40,parse_error,2026-09-04T12:34:51.870635+05:30,2026-09-04_1234IST,ota,MakeMyTrip
DEL,BOM,6E,IndiGo,6E 2298,2026-09-11,7,economy,,,1.09,False,09:45,ok,2026-09-04T12:34:51.870635+05:30,2026-09-04_1234IST,ota,MakeMyTrip
DEL,BOM,6E,IndiGo,6E 705,2026-09-11,7,economy,,,,False,08:30,parse_error,2026-09-04T12:34:51.870635+05:30,2026-09-04_1234IST,ota,MakeMyTrip
DEL,BOM,6E,IndiGo,6E 705,2026-09-11,7,economy,,,,False,08:30,parse_error,2026-09-04T12:34:51.870635+05:30,2026-09-04_1234IST,ota,MakeMyTrip
DEL,BOM,6E,IndiGo,6E 6293,2026-09-11,7,economy,,,,False,09:55,parse_error,2026-09-04T12:34:51.870635+05:30,2026-09-04_1234IST,ota,MakeMyTrip
DEL,BOM,6E,IndiGo,6E 6443,2026-09-11,7,economy,,,1.09,False,09:00,ok,2026-09-04T12:34:51.870635+05:30,2026-09-04_1234IST,ota,MakeMyTrip
DEL,BOM,6E,IndiGo,6E 5206,2026-09-11,7,economy,,,1.09,False,13:20,ok,2026-09-04T12:34:51.870635+05:30,2026-09-04_1234IST,ota,MakeMyTrip
DEL,BOM,6E,IndiGo,6E 5038,2026-09-11,7,economy,,,,False,14:00,parse_error,2026-09-04T12:34:51.870635+05:30,2026-09-04_1234IST,ota,MakeMyTrip
DEL,BOM,6E,IndiGo,6E 5038,2026-09-11,7,economy,,,,False,14:00,parse_error,2026-09-04T12:34:51.870635+05:30,2026-09-04_1234IST,ota,MakeMyTrip
DEL,BOM,6E,IndiGo,6E 358,2026-09-11,7,economy,,,,False,12:15,parse_error,2026-09-04T12:34:51.870635+05:30,2026-09-04_1234IST,ota,MakeMyTrip
DEL,BOM,6E,IndiGo,6E 2151,2026-09-11,7,economy,,,1.09,False,19:45,ok,2026-09-04T12:34:51.870635+05:30,2026-09-04_1234IST,ota,MakeMyTrip
DEL,BOM,6E,IndiGo,6E 6476,2026-09-11,7,economy,,,,False,07:05,parse_error,2026-09-04T12:34:51.870635+05:30,2026-09-04_1234IST,ota,MakeMyTrip
DEL,BOM,6E,IndiGo,6E 6476,2026-09-11,7,economy,,,,False,07:05,parse_error,2026-09-04T12:34:51.870635+05:30,2026-09-04_1234IST,ota,MakeMyTrip
DEL,BOM,6E,IndiGo,6E 6497,2026-09-11,7,economy,,,,False,18:40,parse_error,2026-09-04T12:34:51.870635+05:30,2026-09-04_1234IST,ota,MakeMyTrip
DEL,BOM,IX,Air India Express,IX 1056,2026-09-11,7,economy,,,1.36,False,05:35,ok,2026-09-04T12:34:51.870635+05:30,2026-09-04_1234IST,ota,MakeMyTrip
DEL,BOM,IX,Air India Express,IX 1235,2026-09-11,7,economy,,,,False,23:25,parse_error,2026-09-04T12:34:51.870635+05:30,2026-09-04_1234IST,ota,MakeMyTrip
DEL,BOM,IX,Air India Express,IX 1235,2026-09-11,7,economy,,,,False,23:25,parse_error,2026-09-04T12:34:51.870635+05:30,2026-09-04_1234IST,ota,MakeMyTrip
DEL,BOM,QP,Akasa Air,QP 2074,2026-09-11,7,economy,,,1.36,False,14:10,ok,2026-09-04T12:34:51.870635+05:30,2026-09-04_1234IST,ota,MakeMyTrip
DEL,BOM,QP,Akasa Air,QP 1820,2026-09-11,7,economy,,,,False,17:30,parse_error,2026-09-04T12:34:51.870635+05:30,2026-09-04_1234IST,ota,MakeMyTrip
DEL,BOM,QP,Akasa Air,QP 1820,2026-09-11,7,economy,,,,False,17:30,parse_error,2026-09-04T12:34:51.870635+05:30,2026-09-04_1234IST,ota,MakeMyTrip
DEL,BOM,6E,IndiGo,6E 5096,2026-09-11,7,economy,,,1.36,False,17:00,ok,2026-09-04T12:34:51.870635+05:30,2026-09-04_1234IST,ota,MakeMyTrip
DEL,BOM,6E,IndiGo,6E 324,2026-09-11,7,economy,,,,False,13:00,parse_error,2026-09-04T12:34:51.870635+05:30,2026-09-04_1234IST,ota,MakeMyTrip
DEL,BOM,6E,IndiGo,6E 324,2026-09-11,7,economy,,,,False,13:00,parse_error,2026-09-04T12:34:51.870635+05:30,2026-09-04_1234IST,ota,MakeMyTrip
DEL,BOM,6E,IndiGo,6E 5198,2026-09-11,7,economy,,,,False,15:00,parse_error,2026-09-04T12:34:51.870635+05:30,2026-09-04_1234IST,ota,MakeMyTrip
DEL,BOM,IX,Air India Express,IX 1165,2026-09-11,7,economy,,,1.36,False,05:45,ok,2026-09-04T12:34:51.870635+05:30,2026-09-04_1234IST,ota,MakeMyTrip
DEL,BOM,IX,Air India Express,IX 1392,2026-09-11,7,economy,,,1.36,False,23:25,ok,2026-09-04T12:34:51.870635+05:30,2026-09-04_1234IST,ota,MakeMyTrip
DEL,BOM,6E,IndiGo,6E 449,2026-09-11,7,economy,,,1.36,False,05:00,ok,2026-09-04T12:34:51.870635+05:30,2026-09-04_1234IST,ota,MakeMyTrip
DEL,BOM,AI,Air India,AI 9486,2026-09-11,7,economy,,,2.18,False,05:35,ok,2026-09-04T12:34:51.870635+05:30,2026-09-04_1234IST,ota,MakeMyTrip
DEL,BOM,AI,Air India,AI 9484,2026-09-11,7,economy,,,,False,23:25,parse_error,2026-09-04T12:34:51.870635+05:30,2026-09-04_1234IST,ota,MakeMyTrip
DEL,BOM,AI,Air India,AI 9484,2026-09-11,7,economy,,,,False,23:25,parse_error,2026-09-04T12:34:51.870635+05:30,2026-09-04_1234IST,ota,MakeMyTrip
DEL,BOM,AI,Air India,AI 1745,2026-09-11,7,economy,,,,False,05:00,parse_error,2026-09-04T12:34:51.870635+05:30,2026-09-04_1234IST,ota,MakeMyTrip
DEL,BOM,6E,IndiGo,6E 6218,2026-09-11,7,economy,,,1.36,False,06:05,ok,2026-09-04T12:34:51.870635+05:30,2026-09-04_1234IST,ota,MakeMyTrip
DEL,BOM,6E,IndiGo,6E 6470,2026-09-11,7,economy,,,,False,06:55,parse_error,2026-09-04T12:34:51.870635+05:30,2026-09-04_1234IST,ota,MakeMyTrip
DEL,BOM,6E,IndiGo,6E 6470,2026-09-11,7,economy,,,,False,06:55,parse_error,2026-09-04T12:34:51.870635+05:30,2026-09-04_1234IST,ota,MakeMyTrip
DEL,BOM,6E,IndiGo,6E 6814,2026-09-11,7,economy,,,,False,07:15,parse_error,2026-09-04T12:34:51.870635+05:30,2026-09-04_1234IST,ota,MakeMyTrip
DEL,BOM,QP,Akasa Air,QP 1833,2026-09-11,7,economy,,,1.36,False,06:50,ok,2026-09-04T12:34:51.870635+05:30,2026-09-04_1234IST,ota,MakeMyTrip
DEL,BOM,QP,Akasa Air,QP 1119,2026-09-11,7,economy,,,,False,08:40,parse_error,2026-09-04T12:34:51.870635+05:30,2026-09-04_1234IST,ota,MakeMyTrip
DEL,BOM,QP,Akasa Air,QP 1119,2026-09-11,7,economy,,,,False,08:40,parse_error,2026-09-04T12:34:51.870635+05:30,2026-09-04_1234IST,ota,MakeMyTrip
DEL,BOM,QP,Akasa Air,QP 1110,2026-09-11,7,economy,,,,False,10:30,parse_error,2026-09-04T12:34:51.870635+05:30,2026-09-04_1234IST,ota,MakeMyTrip
DEL,BOM,6E,IndiGo,6E 320,2026-09-11,7,economy,,,1.36,False,08:00,ok,2026-09-04T12:34:51.870635+05:30,2026-09-04_1234IST,ota,MakeMyTrip
DEL,BOM,6E,IndiGo,6E 6107,2026-09-11,7,economy,,,,False,09:30,parse_error,2026-09-04T12:34:51.870635+05:30,2026-09-04_1234IST,ota,MakeMyTrip
DEL,BOM,6E,IndiGo,6E 6107,2026-09-11,7,economy,,,,False,09:30,parse_error,2026-09-04T12:34:51.870635+05:30,2026-09-04_1234IST,ota,MakeMyTrip
DEL,BOM,6E,IndiGo,6E 675,2026-09-11,7,economy,,,1.36,False,08:45,ok,2026-09-04T12:34:51.870635+05:30,2026-09-04_1234IST,ota,MakeMyTrip
DEL,BOM,6E,IndiGo,6E 6328,2026-09-11,7,economy,,,,False,10:15,parse_error,2026-09-04T12:34:51.870635+05:30,2026-09-04_1234IST,ota,MakeMyTrip
DEL,BOM,6E,IndiGo,6E 6328,2026-09-11,7,economy,,,,False,10:15,parse_error,2026-09-04T12:34:51.870635+05:30,2026-09-04_1234IST,ota,MakeMyTrip
DEL,BOM,6E,IndiGo,6E 6047,2026-09-11,7,economy,,,,False,11:00,parse_error,2026-09-04T12:34:51.870635+05:30,2026-09-04_1234IST,ota,MakeMyTrip
DEL,BOM,6E,IndiGo,6E 6676,2026-09-11,7,economy,,,1.36,False,12:00,ok,2026-09-04T12:34:51.870635+05:30,2026-09-04_1234IST,ota,MakeMyTrip
DEL,BOM,6E,IndiGo,6E 6318,2026-09-11,7,economy,,,,False,14:45,parse_error,2026-09-04T12:34:51.870635+05:30,2026-09-04_1234IST,ota,MakeMyTrip
DEL,BOM,6E,IndiGo,6E 6318,2026-09-11,7,economy,,,,False,14:45,parse_error,2026-09-04T12:34:51.870635+05:30,2026-09-04_1234IST,ota,MakeMyTrip
DEL,BOM,6E,IndiGo,6E 864,2026-09-11,7,economy,,,,False,15:30,parse_error,2026-09-04T12:34:51.870635+05:30,2026-09-04_1234IST,ota,MakeMyTrip
DEL,BOM,6E,IndiGo,6E 6022,2026-09-11,7,economy,,,1.36,False,14:00,ok,2026-09-04T12:34:51.870635+05:30,2026-09-04_1234IST,ota,MakeMyTrip
DEL,BOM,6E,IndiGo,6E 327,2026-09-11,7,economy,,,,False,16:15,parse_error,2026-09-04T12:34:51.870635+05:30,2026-09-04_1234IST,ota,MakeMyTrip
DEL,BOM,6E,IndiGo,6E 327,2026-09-11,7,economy,,,,False,16:15,parse_error,2026-09-04T12:34:51.870635+05:30,2026-09-04_1234IST,ota,MakeMyTrip
DEL,BOM,6E,IndiGo,6E 6706,2026-09-11,7,economy,,,,False,17:00,parse_error,2026-09-04T12:34:51.870635+05:30,2026-09-04_1234IST,ota,MakeMyTrip
DEL,BOM,6E,IndiGo,6E 322,2026-09-11,7,economy,,,1.36,False,23:30,ok,2026-09-04T12:34:51.870635+05:30,2026-09-04_1234IST,ota,MakeMyTrip
DEL,BOM,6E,IndiGo,6E 6114,2026-09-11,7,economy,,,,False,22:45,parse_error,2026-09-04T12:34:51.870635+05:30,2026-09-04_1234IST,ota,MakeMyTrip
DEL,BOM,6E,IndiGo,6E 6114,2026-09-11,7,economy,,,,False,22:45,parse_error,2026-09-04T12:34:51.870635+05:30,2026-09-04_1234IST,ota,MakeMyTrip
DEL,BOM,6E,IndiGo,6E 329,2026-09-11,7,economy,,,,False,18:00,parse_error,2026-09-04T12:34:51.870635+05:30,2026-09-04_1234IST,ota,MakeMyTrip
DEL,BOM,6E,IndiGo,6E 2169,2026-09-11,7,economy,,,1.36,False,19:40,ok,2026-09-04T12:34:51.870635+05:30,2026-09-04_1234IST,ota,MakeMyTrip
DEL,BOM,AI,Air India,AI 2678,2026-09-11,7,economy,,,1.36,False,08:30,ok,2026-09-04T12:34:51.870635+05:30,2026-09-04_1234IST,ota,MakeMyTrip
DEL,BOM,AI,Air India,AI 2975,2026-09-11,7,economy,,,,False,06:30,parse_error,2026-09-04T12:34:51.870635+05:30,2026-09-04_1234IST,ota,MakeMyTrip
DEL,BOM,AI,Air India,AI 2975,2026-09-11,7,economy,,,,False,06:30,parse_error,2026-09-04T12:34:51.870635+05:30,2026-09-04_1234IST,ota,MakeMyTrip
DEL,BOM,AI,Air India,AI 2429,2026-09-11,7,economy,,,,False,07:00,parse_error,2026-09-04T12:34:51.870635+05:30,2026-09-04_1234IST,ota,MakeMyTrip
DEL,BOM,AI,Air India,AI 2927,2026-09-11,7,economy,,,1.36,False,09:30,ok,2026-09-04T12:34:51.870635+05:30,2026-09-04_1234IST,ota,MakeMyTrip
DEL,BOM,AI,Air India,AI 2995,2026-09-11,7,economy,,,,False,10:00,parse_error,2026-09-04T12:34:51.870635+05:30,2026-09-04_1234IST,ota,MakeMyTrip
DEL,BOM,AI,Air India,AI 2995,2026-09-11,7,economy,,,,False,10:00,parse_error,2026-09-04T12:34:51.870635+05:30,2026-09-04_1234IST,ota,MakeMyTrip
DEL,BOM,AI,Air India,AI 2945,2026-09-11,7,economy,,,,False,11:00,parse_error,2026-09-04T12:34:51.870635+05:30,2026-09-04_1234IST,ota,MakeMyTrip
DEL,BOM,AI,Air India,AI 1785,2026-09-11,7,economy,,,1.36,False,12:00,ok,2026-09-04T12:34:51.870635+05:30,2026-09-04_1234IST,ota,MakeMyTrip
DEL,BOM,AI,Air India,AI 1777,2026-09-11,7,economy,,,,False,16:00,parse_error,2026-09-04T12:34:51.870635+05:30,2026-09-04_1234IST,ota,MakeMyTrip
DEL,BOM,AI,Air India,AI 1777,2026-09-11,7,economy,,,,False,16:00,parse_error,2026-09-04T12:34:51.870635+05:30,2026-09-04_1234IST,ota,MakeMyTrip
DEL,BOM,AI,Air India,AI 2441,2026-09-11,7,economy,,,1.36,False,14:10,ok,2026-09-04T12:34:51.870635+05:30,2026-09-04_1234IST,ota,MakeMyTrip
DEL,BOM,AI,Air India,AI 2933,2026-09-11,7,economy,,,,False,15:30,parse_error,2026-09-04T12:34:51.870635+05:30,2026-09-04_1234IST,ota,MakeMyTrip
DEL,BOM,AI,Air India,AI 2933,2026-09-11,7,economy,,,,False,15:30,parse_error,2026-09-04T12:34:51.870635+05:30,2026-09-04_1234IST,ota,MakeMyTrip
DEL,BOM,AI,Air India,AI 2941,2026-09-11,7,economy,,,,False,16:30,parse_error,2026-09-04T12:34:51.870635+05:30,2026-09-04_1234IST,ota,MakeMyTrip
DEL,BOM,AI,Air India,AI 1780,2026-09-11,7,economy,,,1.36,False,16:10,ok,2026-09-04T12:34:51.870635+05:30,2026-09-04_1234IST,ota,MakeMyTrip
DEL,BOM,AI,Air India,AI 2943,2026-09-11,7,economy,,,1.36,False,07:30,ok,2026-09-04T12:34:51.870635+05:30,2026-09-04_1234IST,ota,MakeMyTrip
DEL,BOM,AI,Air India,AI 441,2026-09-11,7,economy,,,,False,17:00,parse_error,2026-09-04T12:34:51.870635+05:30,2026-09-04_1234IST,ota,MakeMyTrip
DEL,BOM,AI,Air India,AI 441,2026-09-11,7,economy,,,,False,17:00,parse_error,2026-09-04T12:34:51.870635+05:30,2026-09-04_1234IST,ota,MakeMyTrip
DEL,BOM,AI,Air India,AI 2951,2026-09-11,7,economy,,,,False,13:30,parse_error,2026-09-04T12:34:51.870635+05:30,2026-09-04_1234IST,ota,MakeMyTrip
DEL,BOM,6E,IndiGo,6E 6050,2026-09-11,7,economy,,,1.36,False,08:15,ok,2026-09-04T12:34:51.870635+05:30,2026-09-04_1234IST,ota,MakeMyTrip
DEL,BOM,6E,IndiGo,6E 7626,2026-09-11,7,economy,,,,False,10:30,parse_error,2026-09-04T12:34:51.870635+05:30,2026-09-04_1234IST,ota,MakeMyTrip
DEL,BOM,6E,IndiGo,6E 7626,2026-09-11,7,economy,,,,False,10:30,parse_error,2026-09-04T12:34:51.870635+05:30,2026-09-04_1234IST,ota,MakeMyTrip
DEL,BOM,6E,IndiGo,6E 2349,2026-09-11,7,economy,,,,False,10:55,parse_error,2026-09-04T12:34:51.870635+05:30,2026-09-04_1234IST,ota,MakeMyTrip
DEL,BOM,SG,SpiceJet,SG 802,2026-09-11,7,economy,,,1.36,False,22:30,ok,2026-09-04T12:34:51.870635+05:30,2026-09-04_1234IST,ota,MakeMyTrip
DEL,BOM,IX,Air India Express,IX 1067,2026-09-11,7,economy,,,1.36,False,06:10,ok,2026-09-04T12:34:51.870635+05:30,2026-09-04_1234IST,ota,MakeMyTrip
DEL,BOM,6E,IndiGo,6E 395,2026-09-11,7,economy,,,1.63,False,21:45,ok,2026-09-04T12:34:51.870635+05:30,2026-09-04_1234IST,ota,MakeMyTrip
DEL,BOM,6E,IndiGo,6E 354,2026-09-11,7,economy,,,,False,19:00,parse_error,2026-09-04T12:34:51.870635+05:30,2026-09-04_1234IST,ota,MakeMyTrip
DEL,BOM,6E,IndiGo,6E 354,2026-09-11,7,economy,,,,False,19:00,parse_error,2026-09-04T12:34:51.870635+05:30,2026-09-04_1234IST,ota,MakeMyTrip
DEL,BOM,6E,IndiGo,6E 357,2026-09-11,7,economy,,,1.63,False,19:30,ok,2026-09-04T12:34:51.870635+05:30,2026-09-04_1234IST,ota,MakeMyTrip
DEL,BOM,6E,IndiGo,6E 931,2026-09-11,7,economy,,,,False,19:35,parse_error,2026-09-04T12:34:51.870635+05:30,2026-09-04_1234IST,ota,MakeMyTrip
DEL,BOM,6E,IndiGo,6E 931,2026-09-11,7,economy,,,,False,19:35,parse_error,2026-09-04T12:34:51.870635+05:30,2026-09-04_1234IST,ota,MakeMyTrip
DEL,BOM,6E,IndiGo,6E 5138,2026-09-11,7,economy,,,,False,19:10,parse_error,2026-09-04T12:34:51.870635+05:30,2026-09-04_1234IST,ota,MakeMyTrip
DEL,BOM,IX,Air India Express,IX 1273,2026-09-11,7,economy,,,1.63,False,12:20,ok,2026-09-04T12:34:51.870635+05:30,2026-09-04_1234IST,ota,MakeMyTrip
DEL,BOM,6E,IndiGo,6E 6983,2026-09-11,7,economy,,,1.91,False,15:35,ok,2026-09-04T12:34:51.870635+05:30,2026-09-04_1234IST,ota,MakeMyTrip
DEL,BOM,6E,IndiGo,6E 6282,2026-09-11,7,economy,,,,False,13:30,parse_error,2026-09-04T12:34:51.870635+05:30,2026-09-04_1234IST,ota,MakeMyTrip
DEL,BOM,6E,IndiGo,6E 6282,2026-09-11,7,economy,,,,False,13:30,parse_error,2026-09-04T12:34:51.870635+05:30,2026-09-04_1234IST,ota,MakeMyTrip
DEL,BOM,IX,Air India Express,IX 1038,2026-09-11,7,economy,,,1.91,False,17:35,ok,2026-09-04T12:34:51.870635+05:30,2026-09-04_1234IST,ota,MakeMyTrip
DEL,BOM,6E,IndiGo,6E 303,2026-09-11,7,economy,,,1.91,False,20:00,ok,2026-09-04T12:34:51.870635+05:30,2026-09-04_1234IST,ota,MakeMyTrip
DEL,BOM,6E,IndiGo,6E 853,2026-09-11,7,economy,,,,False,20:45,parse_error,2026-09-04T12:34:51.870635+05:30,2026-09-04_1234IST,ota,MakeMyTrip
DEL,BOM,6E,IndiGo,6E 853,2026-09-11,7,economy,,,,False,20:45,parse_error,2026-09-04T12:34:51.870635+05:30,2026-09-04_1234IST,ota,MakeMyTrip
DEL,BOM,6E,IndiGo,6E 955,2026-09-11,7,economy,,,,False,20:20,parse_error,2026-09-04T12:34:51.870635+05:30,2026-09-04_1234IST,ota,MakeMyTrip
DEL,BOM,AI,Air India,AI 2439,2026-09-11,7,economy,,,1.91,False,23:00,ok,2026-09-04T12:34:51.870635+05:30,2026-09-04_1234IST,ota,MakeMyTrip
DEL,BOM,AI,Air India,AI 2955,2026-09-11,7,economy,,,,False,18:00,parse_error,2026-09-04T12:34:51.870635+05:30,2026-09-04_1234IST,ota,MakeMyTrip
DEL,BOM,AI,Air India,AI 2955,2026-09-11,7,economy,,,,False,18:00,parse_error,2026-09-04T12:34:51.870635+05:30,2026-09-04_1234IST,ota,MakeMyTrip
DEL,BOM,AI,Air India,AI 2957,2026-09-11,7,economy,,,,False,20:30,parse_error,2026-09-04T12:34:51.870635+05:30,2026-09-04_1234IST,ota,MakeMyTrip
DEL,BOM,QP,Akasa Air,QP 1826,2026-09-11,7,economy,,,2.18,False,19:55,ok,2026-09-04T12:34:51.870635+05:30,2026-09-04_1234IST,ota,MakeMyTrip
DEL,BOM,6E,IndiGo,6E 7642,2026-09-11,7,economy,,,2.18,False,15:45,ok,2026-09-04T12:34:51.870635+05:30,2026-09-04_1234IST,ota,MakeMyTrip
DEL,BOM,6E,IndiGo,6E 5073,2026-09-11,7,economy,,,,False,17:05,parse_error,2026-09-04T12:34:51.870635+05:30,2026-09-04_1234IST,ota,MakeMyTrip
DEL,BOM,6E,IndiGo,6E 5073,2026-09-11,7,economy,,,,False,17:05,parse_error,2026-09-04T12:34:51.870635+05:30,2026-09-04_1234IST,ota,MakeMyTrip
DEL,BOM,6E,IndiGo,6E 6433,2026-09-11,7,economy,,,,False,16:30,parse_error,2026-09-04T12:34:51.870635+05:30,2026-09-04_1234IST,ota,MakeMyTrip
DEL,BOM,AI,Air India,AI 2509,2026-09-11,7,economy,,,2.45,False,06:55,ok,2026-09-04T12:34:51.870635+05:30,2026-09-04_1234IST,ota,MakeMyTrip
DEL,BOM,AI,Air India,AI 2959,2026-09-11,7,economy,,,,False,07:10,parse_error,2026-09-04T12:34:51.870635+05:30,2026-09-04_1234IST,ota,MakeMyTrip
DEL,BOM,AI,Air India,AI 2959,2026-09-11,7,economy,,,,False,07:10,parse_error,2026-09-04T12:34:51.870635+05:30,2026-09-04_1234IST,ota,MakeMyTrip
DEL,BOM,AI,Air India,AI 1719,2026-09-11,7,economy,,,,False,11:55,parse_error,2026-09-04T12:34:51.870635+05:30,2026-09-04_1234IST,ota,MakeMyTrip
DEL,BOM,AI,Air India,AI 2499,2026-09-11,7,economy,,,2.45,False,05:55,ok,2026-09-04T12:34:51.870635+05:30,2026-09-04_1234IST,ota,MakeMyTrip
DEL,BOM,AI,Air India,AI 2569,2026-09-11,7,economy,,,2.45,False,20:25,ok,2026-09-04T12:34:51.870635+05:30,2026-09-04_1234IST,ota,MakeMyTrip
DEL,BOM,AI,Air India,AI 531,2026-09-11,7,economy,,,,False,19:20,parse_error,2026-09-04T12:34:51.870635+05:30,2026-09-04_1234IST,ota,MakeMyTrip
DEL,BOM,AI,Air India,AI 531,2026-09-11,7,economy,,,,False,19:20,parse_error,2026-09-04T12:34:51.870635+05:30,2026-09-04_1234IST,ota,MakeMyTrip
DEL,BOM,AI,Air India,AI 2545,2026-09-11,7,economy,,,,False,20:30,parse_error,2026-09-04T12:34:51.870635+05:30,2026-09-04_1234IST,ota,MakeMyTrip
DEL,BOM,SG,SpiceJet,SG 162,2026-09-11,7,economy,,,2.45,False,20:10,ok,2026-09-04T12:34:51.870635+05:30,2026-09-04_1234IST,ota,MakeMyTrip
DEL,BOM,6E,IndiGo,6E 5033,2026-09-11,7,economy,,,2.45,False,15:50,ok,2026-09-04T12:34:51.870635+05:30,2026-09-04_1234IST,ota,MakeMyTrip
DEL,BOM,6E,IndiGo,6E 2341,2026-09-11,7,economy,,,,False,14:50,parse_error,2026-09-04T12:34:51.870635+05:30,2026-09-04_1234IST,ota,MakeMyTrip
DEL,BOM,6E,IndiGo,6E 2341,2026-09-11,7,economy,,,,False,14:50,parse_error,2026-09-04T12:34:51.870635+05:30,2026-09-04_1234IST,ota,MakeMyTrip
DEL,BOM,6E,IndiGo,6E 6282,2026-09-11,7,economy,,,,False,13:30,parse_error,2026-09-04T12:34:51.870635+05:30,2026-09-04_1234IST,ota,MakeMyTrip
DEL,BOM,AI,Air India,AI 9757,2026-09-11,7,economy,,,2.72,False,11:50,ok,2026-09-04T12:34:51.870635+05:30,2026-09-04_1234IST,ota,MakeMyTrip
DEL,BOM,AI,Air India,AI 1705,2026-09-11,7,economy,,,,False,06:30,parse_error,2026-09-04T12:34:51.870635+05:30,2026-09-04_1234IST,ota,MakeMyTrip
DEL,BOM,AI,Air India,AI 1705,2026-09-11,7,economy,,,,False,06:30,parse_error,2026-09-04T12:34:51.870635+05:30,2026-09-04_1234IST,ota,MakeMyTrip
DEL,BOM,AI,Air India,AI 2715,2026-09-11,7,economy,,,,False,11:40,parse_error,2026-09-04T12:34:51.870635+05:30,2026-09-04_1234IST,ota,MakeMyTrip
DEL,BOM,AI,Air India,AI 9759,2026-09-11,7,economy,,,2.72,False,05:45,ok,2026-09-04T12:34:51.870635+05:30,2026-09-04_1234IST,ota,MakeMyTrip
DEL,BOM,AI,Air India,AI 817,2026-09-11,7,economy,,,,False,05:55,parse_error,2026-09-04T12:34:51.870635+05:30,2026-09-04_1234IST,ota,MakeMyTrip
DEL,BOM,AI,Air India,AI 817,2026-09-11,7,economy,,,,False,05:55,parse_error,2026-09-04T12:34:51.870635+05:30,2026-09-04_1234IST,ota,MakeMyTrip
DEL,BOM,AI,Air India,AI 2499,2026-09-11,7,economy,,,,False,05:55,parse_error,2026-09-04T12:34:51.870635+05:30,2026-09-04_1234IST,ota,MakeMyTrip
DEL,BLR,MMT,MakeMyTrip,none,2026-09-11,7,economy,,,,False,unknown,parse_error,2026-09-04T12:36:32.823909+05:30,2026-09-04_1236IST,ota,MakeMyTrip
BOM,BLR,MMT,MakeMyTrip,none,2026-09-11,7,economy,,,,False,unknown,parse_error,2026-09-04T12:37:47.970748+05:30,2026-09-04_1237IST,ota,MakeMyTrip
DEL,CCU,MMT,MakeMyTrip,none,2026-09-11,7,economy,,,,False,unknown,parse_error,2026-09-04T12:39:11.917170+05:30,2026-09-04_1239IST,ota,MakeMyTrip
BLR,HYD,MMT,MakeMyTrip,none,2026-09-11,7,economy,,,,False,unknown,parse_error,2026-09-04T12:40:30.524967+05:30,2026-09-04_1240IST,ota,MakeMyTrip
MAA,DEL,MMT,MakeMyTrip,none,2026-09-11,7,economy,,,,False,unknown,parse_error,2026-09-04T12:41:52.996860+05:30,2026-09-04_1241IST,ota,MakeMyTrip
DEL,BOM,MMT,MakeMyTrip,none,2026-09-19,15,economy,,,,False,unknown,parse_error,2026-09-04T12:43:13.680225+05:30,2026-09-04_1243IST,ota,MakeMyTrip
DEL,BLR,MMT,MakeMyTrip,none,2026-09-19,15,economy,,,,False,unknown,parse_error,2026-09-04T12:44:33.192463+05:30,2026-09-04_1244IST,ota,MakeMyTrip
BOM,BLR,MMT,MakeMyTrip,none,2026-09-19,15,economy,,,,False,unknown,parse_error,2026-09-04T12:45:57.597492+05:30,2026-09-04_1245IST,ota,MakeMyTrip
DEL,CCU,MMT,MakeMyTrip,none,2026-09-19,15,economy,,,,False,unknown,parse_error,2026-09-04T12:47:13.412011+05:30,2026-09-04_1247IST,ota,MakeMyTrip
BLR,HYD,MMT,MakeMyTrip,none,2026-09-19,15,economy,,,,False,unknown,parse_error,2026-09-04T12:48:37.430514+05:30,2026-09-04_1248IST,ota,MakeMyTrip
MAA,DEL,MMT,MakeMyTrip,none,2026-09-19,15,economy,,,,False,unknown,parse_error,2026-09-04T12:50:05.400114+05:30,2026-09-04_1250IST,ota,MakeMyTrip
DEL,BOM,MMT,MakeMyTrip,none,2026-10-04,30,economy,,,,False,unknown,parse_error,2026-09-04T12:51:28.728080+05:30,2026-09-04_1251IST,ota,MakeMyTrip
DEL,BLR,MMT,MakeMyTrip,none,2026-10-04,30,economy,,,,False,unknown,parse_error,2026-09-04T12:52:49.238494+05:30,2026-09-04_1252IST,ota,MakeMyTrip
BOM,BLR,MMT,MakeMyTrip,none,2026-10-04,30,economy,,,,False,unknown,parse_error,2026-09-04T12:54:13.714962+05:30,2026-09-04_1254IST,ota,MakeMyTrip
DEL,CCU,MMT,MakeMyTrip,none,2026-10-04,30,economy,,,,False,unknown,parse_error,2026-09-04T12:54:56.923560+05:30,2026-09-04_1254IST,ota,MakeMyTrip
BLR,HYD,MMT,MakeMyTrip,none,2026-10-04,30,economy,,,,False,unknown,parse_error,2026-09-04T12:55:50.533204+05:30,2026-09-04_1255IST,ota,MakeMyTrip
MAA,DEL,MMT,MakeMyTrip,none,2026-10-04,30,economy,,,,False,unknown,parse_error,2026-09-04T12:56:40.696392+05:30,2026-09-04_1256IST,ota,MakeMyTrip
DEL,BOM,MMT,MakeMyTrip,none,2026-10-19,45,economy,,,,False,unknown,parse_error,2026-09-04T12:57:29.677924+05:30,2026-09-04_1257IST,ota,MakeMyTrip
DEL,BLR,MMT,MakeMyTrip,none,2026-10-19,45,economy,,,,False,unknown,parse_error,2026-09-04T12:58:24.983338+05:30,2026-09-04_1258IST,ota,MakeMyTrip
BOM,BLR,MMT,MakeMyTrip,none,2026-10-19,45,economy,,,,False,unknown,parse_error,2026-09-04T12:59:15.182555+05:30,2026-09-04_1259IST,ota,MakeMyTrip
DEL,CCU,MMT,MakeMyTrip,none,2026-10-19,45,economy,,,,False,unknown,parse_error,2026-09-04T13:00:06.194541+05:30,2026-09-04_1300IST,ota,MakeMyTrip
BLR,HYD,MMT,MakeMyTrip,none,2026-10-19,45,economy,,,,False,unknown,parse_error,2026-09-04T13:00:49.633652+05:30,2026-09-04_1300IST,ota,MakeMyTrip
MAA,DEL,MMT,MakeMyTrip,none,2026-10-19,45,economy,,,,False,unknown,parse_error,2026-09-04T13:01:41.861646+05:30,2026-09-04_1301IST,ota,MakeMyTrip
