origin,destination,carrier_code,carrier_name,flight_num,travel_date,advance_purchase_days,fare_class,base_fare,taxes_and_fees,total_fare,fare_split_estimated,departure_time,status,scraped_at,capture_run,source,source_name
DEL,BOM,6E,IndiGo,6E 6328,2026-09-01,1,economy,,,6305.0,False,10:15,ok,2026-09-01T03:58:51.344801+05:30,2026-09-01_0358IST,airline_direct,IndiGo
DEL,BOM,6E,IndiGo,6E 6047,2026-09-01,1,business,,,24260.0,False,11:00,ok,2026-09-01T03:58:51.344801+05:30,2026-09-01_0358IST,airline_direct,IndiGo
DEL,BOM,6E,IndiGo,6E 6047,2026-09-01,1,economy,,,6305.0,False,11:00,ok,2026-09-01T03:58:51.344801+05:30,2026-09-01_0358IST,airline_direct,IndiGo
DEL,BOM,6E,IndiGo,6E 6676,2026-09-01,1,business,,,28443.0,False,12:00,ok,2026-09-01T03:58:51.344801+05:30,2026-09-01_0358IST,airline_direct,IndiGo
DEL,BOM,6E,IndiGo,6E 6676,2026-09-01,1,economy,,,6305.0,False,12:00,ok,2026-09-01T03:58:51.344801+05:30,2026-09-01_0358IST,airline_direct,IndiGo
DEL,BOM,6E,IndiGo,6E 6022,2026-09-01,1,business,,,24260.0,False,14:00,ok,2026-09-01T03:58:51.344801+05:30,2026-09-01_0358IST,airline_direct,IndiGo
DEL,BOM,6E,IndiGo,6E 6022,2026-09-01,1,economy,,,6305.0,False,14:00,ok,2026-09-01T03:58:51.344801+05:30,2026-09-01_0358IST,airline_direct,IndiGo
DEL,BOM,6E,IndiGo,6E 6318,2026-09-01,1,business,,,24260.0,False,14:45,ok,2026-09-01T03:58:51.344801+05:30,2026-09-01_0358IST,airline_direct,IndiGo
DEL,BOM,6E,IndiGo,6E 6318,2026-09-01,1,economy,,,6305.0,False,14:45,ok,2026-09-01T03:58:51.344801+05:30,2026-09-01_0358IST,airline_direct,IndiGo
DEL,BOM,6E,IndiGo,6E 864,2026-09-01,1,business,,,24260.0,False,15:30,ok,2026-09-01T03:58:51.344801+05:30,2026-09-01_0358IST,airline_direct,IndiGo
DEL,BOM,6E,IndiGo,6E 864,2026-09-01,1,economy,,,6305.0,False,15:30,ok,2026-09-01T03:58:51.344801+05:30,2026-09-01_0358IST,airline_direct,IndiGo
DEL,BOM,6E,IndiGo,6E 327,2026-09-01,1,business,,,24260.0,False,16:15,ok,2026-09-01T03:58:51.344801+05:30,2026-09-01_0358IST,airline_direct,IndiGo
DEL,BOM,6E,IndiGo,6E 327,2026-09-01,1,economy,,,6305.0,False,16:15,ok,2026-09-01T03:58:51.344801+05:30,2026-09-01_0358IST,airline_direct,IndiGo
DEL,BOM,6E,IndiGo,6E 6114,2026-09-01,1,business,,,24260.0,False,22:45,ok,2026-09-01T03:58:51.344801+05:30,2026-09-01_0358IST,airline_direct,IndiGo
DEL,BOM,6E,IndiGo,6E 6114,2026-09-01,1,economy,,,6305.0,False,22:45,ok,2026-09-01T03:58:51.344801+05:30,2026-09-01_0358IST,airline_direct,IndiGo
DEL,BOM,6E,IndiGo,6E 322,2026-09-01,1,business,,,24260.0,False,23:30,ok,2026-09-01T03:58:51.344801+05:30,2026-09-01_0358IST,airline_direct,IndiGo
DEL,BOM,6E,IndiGo,6E 322,2026-09-01,1,economy,,,6305.0,False,23:30,ok,2026-09-01T03:58:51.344801+05:30,2026-09-01_0358IST,airline_direct,IndiGo
DEL,BOM,6E,IndiGo,6E 324,2026-09-01,1,business,,,24260.0,False,13:00,ok,2026-09-01T03:58:51.344801+05:30,2026-09-01_0358IST,airline_direct,IndiGo
DEL,BOM,6E,IndiGo,6E 324,2026-09-01,1,economy,,,6357.0,False,13:00,ok,2026-09-01T03:58:51.344801+05:30,2026-09-01_0358IST,airline_direct,IndiGo
DEL,BOM,6E,IndiGo,6E 6706,2026-09-01,1,business,,,28443.0,False,17:00,ok,2026-09-01T03:58:51.344801+05:30,2026-09-01_0358IST,airline_direct,IndiGo
DEL,BOM,6E,IndiGo,6E 6706,2026-09-01,1,economy,,,6357.0,False,17:00,ok,2026-09-01T03:58:51.344801+05:30,2026-09-01_0358IST,airline_direct,IndiGo
DEL,BOM,6E,IndiGo,6E 395,2026-09-01,1,business,,,24260.0,False,21:45,ok,2026-09-01T03:58:51.344801+05:30,2026-09-01_0358IST,airline_direct,IndiGo
DEL,BOM,6E,IndiGo,6E 395,2026-09-01,1,economy,,,6431.0,False,21:45,ok,2026-09-01T03:58:51.344801+05:30,2026-09-01_0358IST,airline_direct,IndiGo
DEL,BOM,6E,IndiGo,6E 329,2026-09-01,1,economy,,,7003.0,False,18:00,ok,2026-09-01T03:58:51.344801+05:30,2026-09-01_0358IST,airline_direct,IndiGo
DEL,BOM,6E,IndiGo,6E 354,2026-09-01,1,economy,,,7685.0,False,19:00,ok,2026-09-01T03:58:51.344801+05:30,2026-09-01_0358IST,airline_direct,IndiGo
DEL,BOM,6E,IndiGo,6E 320,2026-09-01,1,business,,,28443.0,False,08:00,ok,2026-09-01T03:58:51.344801+05:30,2026-09-01_0358IST,airline_direct,IndiGo
DEL,BOM,6E,IndiGo,6E 320,2026-09-01,1,economy,,,9260.0,False,08:00,ok,2026-09-01T03:58:51.344801+05:30,2026-09-01_0358IST,airline_direct,IndiGo
DEL,BOM,6E,IndiGo,6E 303,2026-09-01,1,economy,,,9260.0,False,20:00,ok,2026-09-01T03:58:51.344801+05:30,2026-09-01_0358IST,airline_direct,IndiGo
DEL,BOM,6E,IndiGo,6E 6218,2026-09-01,1,business,,,28443.0,False,06:05,ok,2026-09-01T03:58:51.344801+05:30,2026-09-01_0358IST,airline_direct,IndiGo
DEL,BOM,6E,IndiGo,6E 6107,2026-09-01,1,business,,,28443.0,False,09:30,ok,2026-09-01T03:58:51.344801+05:30,2026-09-01_0358IST,airline_direct,IndiGo
DEL,BOM,6E,IndiGo,6E 6814,2026-09-01,1,business,,,33500.0,False,07:15,ok,2026-09-01T03:58:51.344801+05:30,2026-09-01_0358IST,airline_direct,IndiGo
DEL,BOM,6E,IndiGo,6E 675,2026-09-01,1,business,,,33500.0,False,08:45,ok,2026-09-01T03:58:51.344801+05:30,2026-09-01_0358IST,airline_direct,IndiGo
DEL,BOM,6E,IndiGo,6E 6497,2026-09-01,1,economy,,,6520.0,False,18:40,ok,2026-09-01T03:58:51.344801+05:30,2026-09-01_0358IST,airline_direct,IndiGo
DEL,BOM,6E,IndiGo,6E 882,2026-09-01,1,economy,,,6520.0,False,23:15,ok,2026-09-01T03:58:51.344801+05:30,2026-09-01_0358IST,airline_direct,IndiGo
DEL,BOM,6E,IndiGo,6E 6010,2026-09-01,1,economy,,,6835.0,False,11:20,ok,2026-09-01T03:58:51.344801+05:30,2026-09-01_0358IST,airline_direct,IndiGo
DEL,BOM,6E,IndiGo,6E 5206,2026-09-01,1,economy,,,6869.0,False,13:20,ok,2026-09-01T03:58:51.344801+05:30,2026-09-01_0358IST,airline_direct,IndiGo
DEL,BOM,6E,IndiGo,6E 6479,2026-09-01,1,economy,,,7397.0,False,21:25,ok,2026-09-01T03:58:51.344801+05:30,2026-09-01_0358IST,airline_direct,IndiGo
DEL,BOM,6E,IndiGo,6E 2151,2026-09-01,1,economy,,,7977.0,False,19:45,ok,2026-09-01T03:58:51.344801+05:30,2026-09-01_0358IST,airline_direct,IndiGo
DEL,BOM,6E,IndiGo,6E 357,2026-09-01,1,economy,,,8187.0,False,19:30,ok,2026-09-01T03:58:51.344801+05:30,2026-09-01_0358IST,airline_direct,IndiGo
DEL,BOM,6E,IndiGo,6E 6050,2026-09-01,1,economy,,,8615.0,False,08:15,ok,2026-09-01T03:58:51.344801+05:30,2026-09-01_0358IST,airline_direct,IndiGo
DEL,BOM,6E,IndiGo,6E 5038,2026-09-01,1,economy,,,8615.0,False,14:00,ok,2026-09-01T03:58:51.344801+05:30,2026-09-01_0358IST,airline_direct,IndiGo
DEL,BOM,6E,IndiGo,6E 6443,2026-09-01,1,economy,,,9237.0,False,09:00,ok,2026-09-01T03:58:51.344801+05:30,2026-09-01_0358IST,airline_direct,IndiGo
DEL,BOM,6E,IndiGo,6E 6282,2026-09-01,1,business,,,40956.0,False,13:30,ok,2026-09-01T03:58:51.344801+05:30,2026-09-01_0358IST,airline_direct,IndiGo
DEL,BOM,6E,IndiGo,6E 6282,2026-09-01,1,economy,,,9447.0,False,13:30,ok,2026-09-01T03:58:51.344801+05:30,2026-09-01_0358IST,airline_direct,IndiGo
DEL,BOM,6E,IndiGo,6E 358,2026-09-01,1,economy,,,9526.0,False,12:15,ok,2026-09-01T03:58:51.344801+05:30,2026-09-01_0358IST,airline_direct,IndiGo
DEL,BOM,6E,IndiGo,6E 6983,2026-09-01,1,economy,,,9877.0,False,15:35,ok,2026-09-01T03:58:51.344801+05:30,2026-09-01_0358IST,airline_direct,IndiGo
DEL,BOM,6E,IndiGo,6E 5298,2026-09-01,1,economy,,,10087.0,False,09:00,ok,2026-09-01T03:58:51.344801+05:30,2026-09-01_0358IST,airline_direct,IndiGo
DEL,BOM,6E,IndiGo,6E 6601,2026-09-01,1,business,,,36166.0,False,19:45,ok,2026-09-01T03:58:51.344801+05:30,2026-09-01_0358IST,airline_direct,IndiGo
DEL,BOM,6E,IndiGo,6E 6601,2026-09-01,1,economy,,,10218.0,False,19:45,ok,2026-09-01T03:58:51.344801+05:30,2026-09-01_0358IST,airline_direct,IndiGo
DEL,BOM,6E,IndiGo,6E 6171,2026-09-01,1,economy,,,10724.0,False,05:40,ok,2026-09-01T03:58:51.344801+05:30,2026-09-01_0358IST,airline_direct,IndiGo
DEL,BOM,6E,IndiGo,6E 2298,2026-09-01,1,economy,,,10724.0,False,09:45,ok,2026-09-01T03:58:51.344801+05:30,2026-09-01_0358IST,airline_direct,IndiGo
DEL,BOM,6E,IndiGo,6E 6476,2026-09-01,1,economy,,,10886.0,False,07:05,ok,2026-09-01T03:58:51.344801+05:30,2026-09-01_0358IST,airline_direct,IndiGo
DEL,BOM,6E,IndiGo,6E 6433,2026-09-01,1,economy,,,11179.0,False,16:30,ok,2026-09-01T03:58:51.344801+05:30,2026-09-01_0358IST,airline_direct,IndiGo
DEL,BOM,6E,IndiGo,6E 2169,2026-09-01,1,economy,,,11788.0,False,19:40,ok,2026-09-01T03:58:51.344801+05:30,2026-09-01_0358IST,airline_direct,IndiGo
DEL,BOM,6E,IndiGo,6E 2349,2026-09-01,1,economy,,,12401.0,False,10:55,ok,2026-09-01T03:58:51.344801+05:30,2026-09-01_0358IST,airline_direct,IndiGo
DEL,BOM,6E,IndiGo,6E 6829,2026-09-01,1,economy,,,12435.0,False,17:20,ok,2026-09-01T03:58:51.344801+05:30,2026-09-01_0358IST,airline_direct,IndiGo
DEL,BOM,6E,IndiGo,6E 6829,2026-09-01,1,economy,,,12911.0,False,17:20,ok,2026-09-01T03:58:51.344801+05:30,2026-09-01_0358IST,airline_direct,IndiGo
DEL,BOM,6E,IndiGo,6E 2381,2026-09-01,1,economy,,,13021.0,False,13:45,ok,2026-09-01T03:58:51.344801+05:30,2026-09-01_0358IST,airline_direct,IndiGo
DEL,BOM,6E,IndiGo,6E 6282,2026-09-01,1,business,,,36166.0,False,13:30,ok,2026-09-01T03:58:51.344801+05:30,2026-09-01_0358IST,airline_direct,IndiGo
DEL,BOM,6E,IndiGo,6E 6282,2026-09-01,1,economy,,,13031.0,False,13:30,ok,2026-09-01T03:58:51.344801+05:30,2026-09-01_0358IST,airline_direct,IndiGo
DEL,BOM,6E,IndiGo,6E 6488,2026-09-01,1,economy,,,14012.0,False,11:20,ok,2026-09-01T03:58:51.344801+05:30,2026-09-01_0358IST,airline_direct,IndiGo
DEL,BOM,6E,IndiGo,6E 6293,2026-09-01,1,business,,,36166.0,False,09:55,ok,2026-09-01T03:58:51.344801+05:30,2026-09-01_0358IST,airline_direct,IndiGo
DEL,BOM,6E,IndiGo,6E 6293,2026-09-01,1,economy,,,14177.0,False,09:55,ok,2026-09-01T03:58:51.344801+05:30,2026-09-01_0358IST,airline_direct,IndiGo
DEL,BOM,6E,IndiGo,6E 5014,2026-09-01,1,economy,,,16403.0,False,18:30,ok,2026-09-01T03:58:51.344801+05:30,2026-09-01_0358IST,airline_direct,IndiGo
DEL,BOM,6E,IndiGo,6E 5073,2026-09-01,1,economy,,,19543.0,False,17:05,ok,2026-09-01T03:58:51.344801+05:30,2026-09-01_0358IST,airline_direct,IndiGo
DEL,BOM,6E,IndiGo,6E 2013,2026-09-01,1,economy,,,19838.0,False,21:50,ok,2026-09-01T03:58:51.344801+05:30,2026-09-01_0358IST,airline_direct,IndiGo
DEL,BOM,6E,IndiGo,6E 931,2026-09-01,1,economy,,,20138.0,False,19:35,ok,2026-09-01T03:58:51.344801+05:30,2026-09-01_0358IST,airline_direct,IndiGo
DEL,BOM,6E,IndiGo,6E 5138,2026-09-01,1,economy,,,20396.0,False,19:10,ok,2026-09-01T03:58:51.344801+05:30,2026-09-01_0358IST,airline_direct,IndiGo
DEL,BOM,6E,IndiGo,6E 5033,2026-09-01,1,economy,,,20656.0,False,15:50,ok,2026-09-01T03:58:51.344801+05:30,2026-09-01_0358IST,airline_direct,IndiGo
DEL,BOM,6E,IndiGo,6E 5073,2026-09-01,1,economy,,,20824.0,False,17:05,ok,2026-09-01T03:58:51.344801+05:30,2026-09-01_0358IST,airline_direct,IndiGo
DEL,BOM,6E,IndiGo,6E 705,2026-09-01,1,business,,,36166.0,False,08:30,ok,2026-09-01T03:58:51.344801+05:30,2026-09-01_0358IST,airline_direct,IndiGo
DEL,BOM,6E,IndiGo,6E 705,2026-09-01,1,economy,,,21203.0,False,08:30,ok,2026-09-01T03:58:51.344801+05:30,2026-09-01_0358IST,airline_direct,IndiGo
DEL,BOM,6E,IndiGo,6E 6459,2026-09-01,1,economy,,,21269.0,False,05:55,ok,2026-09-01T03:58:51.344801+05:30,2026-09-01_0358IST,airline_direct,IndiGo
DEL,BOM,6E,IndiGo,6E 2341,2026-09-01,1,economy,,,21354.0,False,14:50,ok,2026-09-01T03:58:51.344801+05:30,2026-09-01_0358IST,airline_direct,IndiGo
DEL,BOM,6E,IndiGo,6E 2249,2026-09-01,1,economy,,,22118.0,False,15:00,ok,2026-09-01T03:58:51.344801+05:30,2026-09-01_0358IST,airline_direct,IndiGo
DEL,BOM,6E,IndiGo,6E 2331,2026-09-01,1,economy,,,22578.0,False,12:20,ok,2026-09-01T03:58:51.344801+05:30,2026-09-01_0358IST,airline_direct,IndiGo
DEL,BOM,6E,IndiGo,6E 758,2026-09-01,1,economy,,,23355.0,False,16:30,ok,2026-09-01T03:58:51.344801+05:30,2026-09-01_0358IST,airline_direct,IndiGo
DEL,BOM,6E,IndiGo,6E 2076,2026-09-01,1,economy,,,28003.0,False,07:30,ok,2026-09-01T03:58:51.344801+05:30,2026-09-01_0358IST,airline_direct,IndiGo
DEL,BLR,6E,IndiGo,6E 871,2026-09-01,1,business,,,29942.0,False,23:30,ok,2026-09-01T04:00:02.551436+05:30,2026-09-01_0400IST,airline_direct,IndiGo
DEL,BLR,6E,IndiGo,6E 871,2026-09-01,1,economy,,,13225.0,False,23:30,ok,2026-09-01T04:00:02.551436+05:30,2026-09-01_0400IST,airline_direct,IndiGo
DEL,BLR,6E,IndiGo,6E 6515,2026-09-01,1,business,,,31228.0,False,20:45,ok,2026-09-01T04:00:02.551436+05:30,2026-09-01_0400IST,airline_direct,IndiGo
DEL,BLR,6E,IndiGo,6E 6515,2026-09-01,1,economy,,,13964.0,False,20:45,ok,2026-09-01T04:00:02.551436+05:30,2026-09-01_0400IST,airline_direct,IndiGo
DEL,BLR,6E,IndiGo,6E 828,2026-09-01,1,business,,,29942.0,False,14:30,ok,2026-09-01T04:00:02.551436+05:30,2026-09-01_0400IST,airline_direct,IndiGo
DEL,BLR,6E,IndiGo,6E 828,2026-09-01,1,economy,,,14750.0,False,14:30,ok,2026-09-01T04:00:02.551436+05:30,2026-09-01_0400IST,airline_direct,IndiGo
DEL,BLR,6E,IndiGo,6E 846,2026-09-01,1,business,,,29942.0,False,22:00,ok,2026-09-01T04:00:02.551436+05:30,2026-09-01_0400IST,airline_direct,IndiGo
DEL,BLR,6E,IndiGo,6E 846,2026-09-01,1,economy,,,14750.0,False,22:00,ok,2026-09-01T04:00:02.551436+05:30,2026-09-01_0400IST,airline_direct,IndiGo
DEL,BLR,6E,IndiGo,6E 842,2026-09-01,1,business,,,29942.0,False,10:45,ok,2026-09-01T04:00:02.551436+05:30,2026-09-01_0400IST,airline_direct,IndiGo
DEL,BLR,6E,IndiGo,6E 842,2026-09-01,1,economy,,,16471.0,False,10:45,ok,2026-09-01T04:00:02.551436+05:30,2026-09-01_0400IST,airline_direct,IndiGo
DEL,BLR,6E,IndiGo,6E 880,2026-09-01,1,business,,,29942.0,False,15:45,ok,2026-09-01T04:00:02.551436+05:30,2026-09-01_0400IST,airline_direct,IndiGo
DEL,BLR,6E,IndiGo,6E 880,2026-09-01,1,economy,,,16471.0,False,15:45,ok,2026-09-01T04:00:02.551436+05:30,2026-09-01_0400IST,airline_direct,IndiGo
DEL,BLR,6E,IndiGo,6E 861,2026-09-01,1,business,,,29942.0,False,19:30,ok,2026-09-01T04:00:02.551436+05:30,2026-09-01_0400IST,airline_direct,IndiGo
DEL,BLR,6E,IndiGo,6E 861,2026-09-01,1,economy,,,16471.0,False,19:30,ok,2026-09-01T04:00:02.551436+05:30,2026-09-01_0400IST,airline_direct,IndiGo
DEL,BLR,6E,IndiGo,6E 837,2026-09-01,1,business,,,31228.0,False,17:00,ok,2026-09-01T04:00:02.551436+05:30,2026-09-01_0400IST,airline_direct,IndiGo
DEL,BLR,6E,IndiGo,6E 837,2026-09-01,1,economy,,,17412.0,False,17:00,ok,2026-09-01T04:00:02.551436+05:30,2026-09-01_0400IST,airline_direct,IndiGo
DEL,BLR,6E,IndiGo,6E 811,2026-09-01,1,business,,,31228.0,False,18:20,ok,2026-09-01T04:00:02.551436+05:30,2026-09-01_0400IST,airline_direct,IndiGo
DEL,BLR,6E,IndiGo,6E 811,2026-09-01,1,economy,,,17412.0,False,18:20,ok,2026-09-01T04:00:02.551436+05:30,2026-09-01_0400IST,airline_direct,IndiGo
DEL,BLR,6E,IndiGo,6E 2314,2026-09-01,1,business,,,29942.0,False,05:45,ok,2026-09-01T04:00:02.551436+05:30,2026-09-01_0400IST,airline_direct,IndiGo
DEL,BLR,6E,IndiGo,6E 873,2026-09-01,1,business,,,29942.0,False,08:20,ok,2026-09-01T04:00:02.551436+05:30,2026-09-01_0400IST,airline_direct,IndiGo
DEL,BLR,6E,IndiGo,6E 826,2026-09-01,1,business,,,29942.0,False,09:30,ok,2026-09-01T04:00:02.551436+05:30,2026-09-01_0400IST,airline_direct,IndiGo
DEL,BLR,6E,IndiGo,6E 850,2026-09-01,1,business,,,29942.0,False,12:20,ok,2026-09-01T04:00:02.551436+05:30,2026-09-01_0400IST,airline_direct,IndiGo
DEL,BLR,6E,IndiGo,6E 810,2026-09-01,1,business,,,31228.0,False,07:05,ok,2026-09-01T04:00:02.551436+05:30,2026-09-01_0400IST,airline_direct,IndiGo
DEL,BLR,6E,IndiGo,6E 931,2026-09-01,1,economy,,,10357.0,False,19:35,ok,2026-09-01T04:00:02.551436+05:30,2026-09-01_0400IST,airline_direct,IndiGo
DEL,BLR,6E,IndiGo,6E 2618,2026-09-01,1,business,,,26999.0,False,23:00,ok,2026-09-01T04:00:02.551436+05:30,2026-09-01_0400IST,airline_direct,IndiGo
DEL,BLR,6E,IndiGo,6E 2618,2026-09-01,1,economy,,,10357.0,False,23:00,ok,2026-09-01T04:00:02.551436+05:30,2026-09-01_0400IST,airline_direct,IndiGo
DEL,BLR,6E,IndiGo,6E 358,2026-09-01,1,economy,,,10435.0,False,12:15,ok,2026-09-01T04:00:02.551436+05:30,2026-09-01_0400IST,airline_direct,IndiGo
DEL,BLR,6E,IndiGo,6E 6497,2026-09-01,1,economy,,,10567.0,False,18:40,ok,2026-09-01T04:00:02.551436+05:30,2026-09-01_0400IST,airline_direct,IndiGo
DEL,BLR,6E,IndiGo,6E 2151,2026-09-01,1,economy,,,11217.0,False,19:45,ok,2026-09-01T04:00:02.551436+05:30,2026-09-01_0400IST,airline_direct,IndiGo
DEL,BLR,6E,IndiGo,6E 6047,2026-09-01,1,business,,,40536.0,False,11:00,ok,2026-09-01T04:00:02.551436+05:30,2026-09-01_0400IST,airline_direct,IndiGo
DEL,BLR,6E,IndiGo,6E 6047,2026-09-01,1,economy,,,11895.0,False,11:00,ok,2026-09-01T04:00:02.551436+05:30,2026-09-01_0400IST,airline_direct,IndiGo
DEL,BLR,6E,IndiGo,6E 6022,2026-09-01,1,business,,,40536.0,False,14:00,ok,2026-09-01T04:00:02.551436+05:30,2026-09-01_0400IST,airline_direct,IndiGo
DEL,BLR,6E,IndiGo,6E 6022,2026-09-01,1,economy,,,11989.0,False,14:00,ok,2026-09-01T04:00:02.551436+05:30,2026-09-01_0400IST,airline_direct,IndiGo
DEL,BLR,6E,IndiGo,6E 6673,2026-09-01,1,economy,,,11989.0,False,21:15,ok,2026-09-01T04:00:02.551436+05:30,2026-09-01_0400IST,airline_direct,IndiGo
DEL,BLR,6E,IndiGo,6E 2319,2026-09-01,1,economy,,,12068.0,False,09:55,ok,2026-09-01T04:00:02.551436+05:30,2026-09-01_0400IST,airline_direct,IndiGo
DEL,BLR,6E,IndiGo,6E 434,2026-09-01,1,economy,,,12418.0,False,11:00,ok,2026-09-01T04:00:02.551436+05:30,2026-09-01_0400IST,airline_direct,IndiGo
DEL,BLR,6E,IndiGo,6E 940,2026-09-01,1,economy,,,12720.0,False,09:15,ok,2026-09-01T04:00:02.551436+05:30,2026-09-01_0400IST,airline_direct,IndiGo
DEL,BLR,6E,IndiGo,6E 758,2026-09-01,1,economy,,,12788.0,False,16:30,ok,2026-09-01T04:00:02.551436+05:30,2026-09-01_0400IST,airline_direct,IndiGo
DEL,BLR,6E,IndiGo,6E 2771,2026-09-01,1,economy,,,13340.0,False,10:35,ok,2026-09-01T04:00:02.551436+05:30,2026-09-01_0400IST,airline_direct,IndiGo
DEL,BLR,6E,IndiGo,6E 329,2026-09-01,1,business,,,30759.0,False,18:00,ok,2026-09-01T04:00:02.551436+05:30,2026-09-01_0400IST,airline_direct,IndiGo
DEL,BLR,6E,IndiGo,6E 329,2026-09-01,1,economy,,,13850.0,False,18:00,ok,2026-09-01T04:00:02.551436+05:30,2026-09-01_0400IST,airline_direct,IndiGo
DEL,BLR,6E,IndiGo,6E 513,2026-09-01,1,business,,,42786.0,False,08:30,ok,2026-09-01T04:00:02.551436+05:30,2026-09-01_0400IST,airline_direct,IndiGo
DEL,BLR,6E,IndiGo,6E 513,2026-09-01,1,economy,,,14353.0,False,08:30,ok,2026-09-01T04:00:02.551436+05:30,2026-09-01_0400IST,airline_direct,IndiGo
DEL,BLR,6E,IndiGo,6E 2276,2026-09-01,1,business,,,42609.0,False,17:55,ok,2026-09-01T04:00:02.551436+05:30,2026-09-01_0400IST,airline_direct,IndiGo
DEL,BLR,6E,IndiGo,6E 2276,2026-09-01,1,economy,,,14353.0,False,17:55,ok,2026-09-01T04:00:02.551436+05:30,2026-09-01_0400IST,airline_direct,IndiGo
DEL,BLR,6E,IndiGo,6E 6706,2026-09-01,1,business,,,44135.0,False,17:00,ok,2026-09-01T04:00:02.551436+05:30,2026-09-01_0400IST,airline_direct,IndiGo
DEL,BLR,6E,IndiGo,6E 6706,2026-09-01,1,economy,,,15526.0,False,17:00,ok,2026-09-01T04:00:02.551436+05:30,2026-09-01_0400IST,airline_direct,IndiGo
DEL,BLR,6E,IndiGo,6E 320,2026-09-01,1,business,,,44135.0,False,08:00,ok,2026-09-01T04:00:02.551436+05:30,2026-09-01_0400IST,airline_direct,IndiGo
DEL,BLR,6E,IndiGo,6E 320,2026-09-01,1,economy,,,15580.0,False,08:00,ok,2026-09-01T04:00:02.551436+05:30,2026-09-01_0400IST,airline_direct,IndiGo
DEL,BLR,6E,IndiGo,6E 6217,2026-09-01,1,economy,,,16241.0,False,16:15,ok,2026-09-01T04:00:02.551436+05:30,2026-09-01_0400IST,airline_direct,IndiGo
DEL,BLR,6E,IndiGo,6E 6217,2026-09-01,1,economy,,,16241.0,False,16:15,ok,2026-09-01T04:00:02.551436+05:30,2026-09-01_0400IST,airline_direct,IndiGo
DEL,BLR,6E,IndiGo,6E 717,2026-09-01,1,economy,,,16241.0,False,17:55,ok,2026-09-01T04:00:02.551436+05:30,2026-09-01_0400IST,airline_direct,IndiGo
DEL,BLR,6E,IndiGo,6E 329,2026-09-01,1,business,,,30759.0,False,18:00,ok,2026-09-01T04:00:02.551436+05:30,2026-09-01_0400IST,airline_direct,IndiGo
DEL,BLR,6E,IndiGo,6E 329,2026-09-01,1,economy,,,16245.0,False,18:00,ok,2026-09-01T04:00:02.551436+05:30,2026-09-01_0400IST,airline_direct,IndiGo
DEL,BLR,6E,IndiGo,6E 5038,2026-09-01,1,economy,,,16324.0,False,14:00,ok,2026-09-01T04:00:02.551436+05:30,2026-09-01_0400IST,airline_direct,IndiGo
DEL,BLR,6E,IndiGo,6E 6282,2026-09-01,1,economy,,,17147.0,False,13:30,ok,2026-09-01T04:00:02.551436+05:30,2026-09-01_0400IST,airline_direct,IndiGo
DEL,BLR,6E,IndiGo,6E 947,2026-09-01,1,economy,,,18314.0,False,16:40,ok,2026-09-01T04:00:02.551436+05:30,2026-09-01_0400IST,airline_direct,IndiGo
DEL,BLR,6E,IndiGo,6E 6091,2026-09-01,1,economy,,,18388.0,False,15:15,ok,2026-09-01T04:00:02.551436+05:30,2026-09-01_0400IST,airline_direct,IndiGo
DEL,BLR,6E,IndiGo,6E 884,2026-09-01,1,economy,,,18689.0,False,11:45,ok,2026-09-01T04:00:02.551436+05:30,2026-09-01_0400IST,airline_direct,IndiGo
DEL,BLR,6E,IndiGo,6E 2277,2026-09-01,1,economy,,,19075.0,False,10:25,ok,2026-09-01T04:00:02.551436+05:30,2026-09-01_0400IST,airline_direct,IndiGo
DEL,BLR,6E,IndiGo,6E 950,2026-09-01,1,economy,,,19190.0,False,18:15,ok,2026-09-01T04:00:02.551436+05:30,2026-09-01_0400IST,airline_direct,IndiGo
DEL,BLR,6E,IndiGo,6E 2557,2026-09-01,1,economy,,,19377.0,False,15:20,ok,2026-09-01T04:00:02.551436+05:30,2026-09-01_0400IST,airline_direct,IndiGo
DEL,BLR,6E,IndiGo,6E 6476,2026-09-01,1,economy,,,20395.0,False,07:05,ok,2026-09-01T04:00:02.551436+05:30,2026-09-01_0400IST,airline_direct,IndiGo
DEL,BLR,6E,IndiGo,6E 6829,2026-09-01,1,economy,,,20587.0,False,17:20,ok,2026-09-01T04:00:02.551436+05:30,2026-09-01_0400IST,airline_direct,IndiGo
DEL,BLR,6E,IndiGo,6E 5033,2026-09-01,1,economy,,,20856.0,False,15:50,ok,2026-09-01T04:00:02.551436+05:30,2026-09-01_0400IST,airline_direct,IndiGo
DEL,BLR,6E,IndiGo,6E 6459,2026-09-01,1,economy,,,21234.0,False,05:55,ok,2026-09-01T04:00:02.551436+05:30,2026-09-01_0400IST,airline_direct,IndiGo
DEL,BLR,6E,IndiGo,6E 5073,2026-09-01,1,economy,,,21386.0,False,17:05,ok,2026-09-01T04:00:02.551436+05:30,2026-09-01_0400IST,airline_direct,IndiGo
DEL,BLR,6E,IndiGo,6E 6293,2026-09-01,1,economy,,,21591.0,False,09:55,ok,2026-09-01T04:00:02.551436+05:30,2026-09-01_0400IST,airline_direct,IndiGo
DEL,BLR,6E,IndiGo,6E 5001,2026-09-01,1,economy,,,23091.0,False,17:10,ok,2026-09-01T04:00:02.551436+05:30,2026-09-01_0400IST,airline_direct,IndiGo
DEL,BLR,6E,IndiGo,6E 6488,2026-09-01,1,economy,,,23567.0,False,11:20,ok,2026-09-01T04:00:02.551436+05:30,2026-09-01_0400IST,airline_direct,IndiGo
DEL,BLR,6E,IndiGo,6E 6437,2026-09-01,1,business,,,48338.0,False,16:25,ok,2026-09-01T04:00:02.551436+05:30,2026-09-01_0400IST,airline_direct,IndiGo
DEL,BLR,6E,IndiGo,6E 6437,2026-09-01,1,economy,,,27427.0,False,16:25,ok,2026-09-01T04:00:02.551436+05:30,2026-09-01_0400IST,airline_direct,IndiGo
DEL,BLR,6E,IndiGo,6E 6218,2026-09-01,1,business,,,44135.0,False,06:05,ok,2026-09-01T04:00:02.551436+05:30,2026-09-01_0400IST,airline_direct,IndiGo
DEL,BLR,6E,IndiGo,6E 6107,2026-09-01,1,business,,,44135.0,False,09:30,ok,2026-09-01T04:00:02.551436+05:30,2026-09-01_0400IST,airline_direct,IndiGo
DEL,BLR,6E,IndiGo,6E 6632,2026-09-01,1,,,,,False,17:50,sold_out,2026-09-01T04:00:02.551436+05:30,2026-09-01_0400IST,airline_direct,IndiGo
BOM,BLR,6E,IndiGo,6E 5382,2026-09-01,1,business,,,22488.0,False,14:30,ok,2026-09-01T04:01:07.416850+05:30,2026-09-01_0401IST,airline_direct,IndiGo
BOM,BLR,6E,IndiGo,6E 5382,2026-09-01,1,economy,,,6747.0,False,14:30,ok,2026-09-01T04:01:07.416850+05:30,2026-09-01_0401IST,airline_direct,IndiGo
BOM,BLR,6E,IndiGo,6E 5217,2026-09-01,1,business,,,22488.0,False,11:00,ok,2026-09-01T04:01:07.416850+05:30,2026-09-01_0401IST,airline_direct,IndiGo
BOM,BLR,6E,IndiGo,6E 5217,2026-09-01,1,economy,,,7062.0,False,11:00,ok,2026-09-01T04:01:07.416850+05:30,2026-09-01_0401IST,airline_direct,IndiGo
BOM,BLR,6E,IndiGo,6E 5184,2026-09-01,1,business,,,22488.0,False,12:30,ok,2026-09-01T04:01:07.416850+05:30,2026-09-01_0401IST,airline_direct,IndiGo
BOM,BLR,6E,IndiGo,6E 5184,2026-09-01,1,economy,,,7062.0,False,12:30,ok,2026-09-01T04:01:07.416850+05:30,2026-09-01_0401IST,airline_direct,IndiGo
BOM,BLR,6E,IndiGo,6E 5071,2026-09-01,1,business,,,22488.0,False,15:35,ok,2026-09-01T04:01:07.416850+05:30,2026-09-01_0401IST,airline_direct,IndiGo
BOM,BLR,6E,IndiGo,6E 5071,2026-09-01,1,economy,,,7062.0,False,15:35,ok,2026-09-01T04:01:07.416850+05:30,2026-09-01_0401IST,airline_direct,IndiGo
BOM,BLR,6E,IndiGo,6E 5388,2026-09-01,1,business,,,22488.0,False,22:20,ok,2026-09-01T04:01:07.416850+05:30,2026-09-01_0401IST,airline_direct,IndiGo
BOM,BLR,6E,IndiGo,6E 5388,2026-09-01,1,economy,,,7377.0,False,22:20,ok,2026-09-01T04:01:07.416850+05:30,2026-09-01_0401IST,airline_direct,IndiGo
BOM,BLR,6E,IndiGo,6E 5221,2026-09-01,1,business,,,22488.0,False,17:00,ok,2026-09-01T04:01:07.416850+05:30,2026-09-01_0401IST,airline_direct,IndiGo
BOM,BLR,6E,IndiGo,6E 5221,2026-09-01,1,economy,,,8742.0,False,17:00,ok,2026-09-01T04:01:07.416850+05:30,2026-09-01_0401IST,airline_direct,IndiGo
BOM,BLR,6E,IndiGo,6E 5092,2026-09-01,1,business,,,22488.0,False,09:50,ok,2026-09-01T04:01:07.416850+05:30,2026-09-01_0401IST,airline_direct,IndiGo
BOM,BLR,6E,IndiGo,6E 5092,2026-09-01,1,economy,,,9267.0,False,09:50,ok,2026-09-01T04:01:07.416850+05:30,2026-09-01_0401IST,airline_direct,IndiGo
BOM,BLR,6E,IndiGo,6E 5047,2026-09-01,1,business,,,22488.0,False,18:30,ok,2026-09-01T04:01:07.416850+05:30,2026-09-01_0401IST,airline_direct,IndiGo
BOM,BLR,6E,IndiGo,6E 5047,2026-09-01,1,economy,,,9267.0,False,18:30,ok,2026-09-01T04:01:07.416850+05:30,2026-09-01_0401IST,airline_direct,IndiGo
BOM,BLR,6E,IndiGo,6E 6188,2026-09-01,1,business,,,22488.0,False,21:30,ok,2026-09-01T04:01:07.416850+05:30,2026-09-01_0401IST,airline_direct,IndiGo
BOM,BLR,6E,IndiGo,6E 6188,2026-09-01,1,economy,,,9267.0,False,21:30,ok,2026-09-01T04:01:07.416850+05:30,2026-09-01_0401IST,airline_direct,IndiGo
BOM,BLR,6E,IndiGo,6E 5193,2026-09-01,1,economy,,,14202.0,False,08:05,ok,2026-09-01T04:01:07.416850+05:30,2026-09-01_0401IST,airline_direct,IndiGo
BOM,BLR,6E,IndiGo,6E 5296,2026-09-01,1,business,,,22488.0,False,06:30,ok,2026-09-01T04:01:07.416850+05:30,2026-09-01_0401IST,airline_direct,IndiGo
BOM,BLR,6E,IndiGo,6E 5241,2026-09-01,1,economy,,,6642.0,False,16:40,ok,2026-09-01T04:01:07.416850+05:30,2026-09-01_0401IST,airline_direct,IndiGo
BOM,BLR,6E,IndiGo,6E 5241,2026-09-01,1,economy,,,6642.0,False,16:40,ok,2026-09-01T04:01:07.416850+05:30,2026-09-01_0401IST,airline_direct,IndiGo
BOM,BLR,6E,IndiGo,6E 230,2026-09-01,1,economy,,,8387.0,False,13:55,ok,2026-09-01T04:01:07.416850+05:30,2026-09-01_0401IST,airline_direct,IndiGo
BOM,BLR,6E,IndiGo,6E 230,2026-09-01,1,economy,,,8387.0,False,13:55,ok,2026-09-01T04:01:07.416850+05:30,2026-09-01_0401IST,airline_direct,IndiGo
BOM,BLR,6E,IndiGo,6E 230,2026-09-01,1,economy,,,8387.0,False,13:55,ok,2026-09-01T04:01:07.416850+05:30,2026-09-01_0401IST,airline_direct,IndiGo
BOM,BLR,6E,IndiGo,6E 5123,2026-09-01,1,economy,,,8650.0,False,14:40,ok,2026-09-01T04:01:07.416850+05:30,2026-09-01_0401IST,airline_direct,IndiGo
BOM,BLR,6E,IndiGo,6E 5109,2026-09-01,1,economy,,,8729.0,False,09:35,ok,2026-09-01T04:01:07.416850+05:30,2026-09-01_0401IST,airline_direct,IndiGo
BOM,BLR,6E,IndiGo,6E 5082,2026-09-01,1,economy,,,9089.0,False,18:05,ok,2026-09-01T04:01:07.416850+05:30,2026-09-01_0401IST,airline_direct,IndiGo
BOM,BLR,6E,IndiGo,6E 673,2026-09-01,1,economy,,,9220.0,False,12:30,ok,2026-09-01T04:01:07.416850+05:30,2026-09-01_0401IST,airline_direct,IndiGo
BOM,BLR,6E,IndiGo,6E 2237,2026-09-01,1,economy,,,9430.0,False,18:40,ok,2026-09-01T04:01:07.416850+05:30,2026-09-01_0401IST,airline_direct,IndiGo
BOM,BLR,6E,IndiGo,6E 6057,2026-09-01,1,economy,,,9991.0,False,09:15,ok,2026-09-01T04:01:07.416850+05:30,2026-09-01_0401IST,airline_direct,IndiGo
BOM,BLR,6E,IndiGo,6E 6599,2026-09-01,1,economy,,,10332.0,False,16:50,ok,2026-09-01T04:01:07.416850+05:30,2026-09-01_0401IST,airline_direct,IndiGo
BOM,BLR,6E,IndiGo,6E 6349,2026-09-01,1,economy,,,10918.0,False,11:40,ok,2026-09-01T04:01:07.416850+05:30,2026-09-01_0401IST,airline_direct,IndiGo
BOM,BLR,6E,IndiGo,6E 2016,2026-09-01,1,economy,,,11048.0,False,13:35,ok,2026-09-01T04:01:07.416850+05:30,2026-09-01_0401IST,airline_direct,IndiGo
BOM,BLR,6E,IndiGo,6E 5313,2026-09-01,1,economy,,,11665.0,False,09:50,ok,2026-09-01T04:01:07.416850+05:30,2026-09-01_0401IST,airline_direct,IndiGo
BOM,BLR,6E,IndiGo,6E 5109,2026-09-01,1,economy,,,11980.0,False,09:35,ok,2026-09-01T04:01:07.416850+05:30,2026-09-01_0401IST,airline_direct,IndiGo
BOM,BLR,6E,IndiGo,6E 240,2026-09-01,1,economy,,,11980.0,False,15:45,ok,2026-09-01T04:01:07.416850+05:30,2026-09-01_0401IST,airline_direct,IndiGo
BOM,BLR,6E,IndiGo,6E 5313,2026-09-01,1,economy,,,12022.0,False,09:50,ok,2026-09-01T04:01:07.416850+05:30,2026-09-01_0401IST,airline_direct,IndiGo
BOM,BLR,6E,IndiGo,6E 5181,2026-09-01,1,economy,,,12112.0,False,10:25,ok,2026-09-01T04:01:07.416850+05:30,2026-09-01_0401IST,airline_direct,IndiGo
BOM,BLR,6E,IndiGo,6E 5188,2026-09-01,1,economy,,,12659.0,False,06:15,ok,2026-09-01T04:01:07.416850+05:30,2026-09-01_0401IST,airline_direct,IndiGo
BOM,BLR,6E,IndiGo,6E 6701,2026-09-01,1,economy,,,13004.0,False,05:35,ok,2026-09-01T04:01:07.416850+05:30,2026-09-01_0401IST,airline_direct,IndiGo
BOM,BLR,6E,IndiGo,6E 673,2026-09-01,1,economy,,,13864.0,False,12:30,ok,2026-09-01T04:01:07.416850+05:30,2026-09-01_0401IST,airline_direct,IndiGo
BOM,BLR,6E,IndiGo,6E 5107,2026-09-01,1,economy,,,14130.0,False,20:00,ok,2026-09-01T04:01:07.416850+05:30,2026-09-01_0401IST,airline_direct,IndiGo
BOM,BLR,6E,IndiGo,6E 5196,2026-09-01,1,economy,,,14152.0,False,15:25,ok,2026-09-01T04:01:07.416850+05:30,2026-09-01_0401IST,airline_direct,IndiGo
BOM,BLR,6E,IndiGo,6E 5386,2026-09-01,1,economy,,,14956.0,False,15:10,ok,2026-09-01T04:01:07.416850+05:30,2026-09-01_0401IST,airline_direct,IndiGo
BOM,BLR,6E,IndiGo,6E 5386,2026-09-01,1,economy,,,14956.0,False,15:10,ok,2026-09-01T04:01:07.416850+05:30,2026-09-01_0401IST,airline_direct,IndiGo
BOM,BLR,6E,IndiGo,6E 5228,2026-09-01,1,economy,,,14956.0,False,16:45,ok,2026-09-01T04:01:07.416850+05:30,2026-09-01_0401IST,airline_direct,IndiGo
BOM,BLR,6E,IndiGo,6E 5228,2026-09-01,1,economy,,,14956.0,False,16:45,ok,2026-09-01T04:01:07.416850+05:30,2026-09-01_0401IST,airline_direct,IndiGo
BOM,BLR,6E,IndiGo,6E 5126,2026-09-01,1,economy,,,15065.0,False,18:15,ok,2026-09-01T04:01:07.416850+05:30,2026-09-01_0401IST,airline_direct,IndiGo
BOM,BLR,6E,IndiGo,6E 5048,2026-09-01,1,economy,,,15157.0,False,17:25,ok,2026-09-01T04:01:07.416850+05:30,2026-09-01_0401IST,airline_direct,IndiGo
BOM,BLR,6E,IndiGo,6E 5201,2026-09-01,1,economy,,,15368.0,False,14:55,ok,2026-09-01T04:01:07.416850+05:30,2026-09-01_0401IST,airline_direct,IndiGo
BOM,BLR,6E,IndiGo,6E 5337,2026-09-01,1,economy,,,15750.0,False,13:45,ok,2026-09-01T04:01:07.416850+05:30,2026-09-01_0401IST,airline_direct,IndiGo
BOM,BLR,6E,IndiGo,6E 5196,2026-09-01,1,economy,,,15750.0,False,15:25,ok,2026-09-01T04:01:07.416850+05:30,2026-09-01_0401IST,airline_direct,IndiGo
BOM,BLR,6E,IndiGo,6E 5386,2026-09-01,1,economy,,,15862.0,False,15:10,ok,2026-09-01T04:01:07.416850+05:30,2026-09-01_0401IST,airline_direct,IndiGo
BOM,BLR,6E,IndiGo,6E 6674,2026-09-01,1,economy,,,15872.0,False,09:05,ok,2026-09-01T04:01:07.416850+05:30,2026-09-01_0401IST,airline_direct,IndiGo
BOM,BLR,6E,IndiGo,6E 5318,2026-09-01,1,economy,,,16517.0,False,10:15,ok,2026-09-01T04:01:07.416850+05:30,2026-09-01_0401IST,airline_direct,IndiGo
BOM,BLR,6E,IndiGo,6E 5318,2026-09-01,1,economy,,,16517.0,False,10:15,ok,2026-09-01T04:01:07.416850+05:30,2026-09-01_0401IST,airline_direct,IndiGo
BOM,BLR,6E,IndiGo,6E 5178,2026-09-01,1,economy,,,16773.0,False,11:40,ok,2026-09-01T04:01:07.416850+05:30,2026-09-01_0401IST,airline_direct,IndiGo
BOM,BLR,6E,IndiGo,6E 5178,2026-09-01,1,economy,,,17769.0,False,11:40,ok,2026-09-01T04:01:07.416850+05:30,2026-09-01_0401IST,airline_direct,IndiGo
BOM,BLR,6E,IndiGo,6E 261,2026-09-01,1,economy,,,18429.0,False,11:20,ok,2026-09-01T04:01:07.416850+05:30,2026-09-01_0401IST,airline_direct,IndiGo
BOM,BLR,6E,IndiGo,6E 6362,2026-09-01,1,economy,,,19389.0,False,05:45,ok,2026-09-01T04:01:07.416850+05:30,2026-09-01_0401IST,airline_direct,IndiGo
BOM,BLR,6E,IndiGo,6E 437,2026-09-01,1,economy,,,19800.0,False,17:10,ok,2026-09-01T04:01:07.416850+05:30,2026-09-01_0401IST,airline_direct,IndiGo
BOM,BLR,6E,IndiGo,6E 5178,2026-09-01,1,economy,,,20070.0,False,11:40,ok,2026-09-01T04:01:07.416850+05:30,2026-09-01_0401IST,airline_direct,IndiGo
BOM,BLR,6E,IndiGo,6E 261,2026-09-01,1,economy,,,21466.0,False,11:20,ok,2026-09-01T04:01:07.416850+05:30,2026-09-01_0401IST,airline_direct,IndiGo
DEL,CCU,6E,IndiGo,6E 2276,2026-09-01,1,business,,,29680.0,False,17:55,ok,2026-09-01T04:02:16.816096+05:30,2026-09-01_0402IST,airline_direct,IndiGo
DEL,CCU,6E,IndiGo,6E 2276,2026-09-01,1,economy,,,8200.0,False,17:55,ok,2026-09-01T04:02:16.816096+05:30,2026-09-01_0402IST,airline_direct,IndiGo
DEL,CCU,6E,IndiGo,6E 389,2026-09-01,1,business,,,26140.0,False,21:50,ok,2026-09-01T04:02:16.816096+05:30,2026-09-01_0402IST,airline_direct,IndiGo
DEL,CCU,6E,IndiGo,6E 389,2026-09-01,1,economy,,,8200.0,False,21:50,ok,2026-09-01T04:02:16.816096+05:30,2026-09-01_0402IST,airline_direct,IndiGo
DEL,CCU,6E,IndiGo,6E 247,2026-09-01,1,business,,,26140.0,False,23:30,ok,2026-09-01T04:02:16.816096+05:30,2026-09-01_0402IST,airline_direct,IndiGo
DEL,CCU,6E,IndiGo,6E 247,2026-09-01,1,economy,,,8200.0,False,23:30,ok,2026-09-01T04:02:16.816096+05:30,2026-09-01_0402IST,airline_direct,IndiGo
DEL,CCU,6E,IndiGo,6E 910,2026-09-01,1,business,,,26140.0,False,14:25,ok,2026-09-01T04:02:16.816096+05:30,2026-09-01_0402IST,airline_direct,IndiGo
DEL,CCU,6E,IndiGo,6E 910,2026-09-01,1,economy,,,8463.0,False,14:25,ok,2026-09-01T04:02:16.816096+05:30,2026-09-01_0402IST,airline_direct,IndiGo
DEL,CCU,6E,IndiGo,6E 6415,2026-09-01,1,business,,,26140.0,False,16:00,ok,2026-09-01T04:02:16.816096+05:30,2026-09-01_0402IST,airline_direct,IndiGo
DEL,CCU,6E,IndiGo,6E 6415,2026-09-01,1,economy,,,8463.0,False,16:00,ok,2026-09-01T04:02:16.816096+05:30,2026-09-01_0402IST,airline_direct,IndiGo
DEL,CCU,6E,IndiGo,6E 6517,2026-09-01,1,business,,,26140.0,False,19:30,ok,2026-09-01T04:02:16.816096+05:30,2026-09-01_0402IST,airline_direct,IndiGo
DEL,CCU,6E,IndiGo,6E 6517,2026-09-01,1,economy,,,9250.0,False,19:30,ok,2026-09-01T04:02:16.816096+05:30,2026-09-01_0402IST,airline_direct,IndiGo
DEL,CCU,6E,IndiGo,6E 897,2026-09-01,1,business,,,29680.0,False,12:45,ok,2026-09-01T04:02:16.816096+05:30,2026-09-01_0402IST,airline_direct,IndiGo
DEL,CCU,6E,IndiGo,6E 897,2026-09-01,1,economy,,,9775.0,False,12:45,ok,2026-09-01T04:02:16.816096+05:30,2026-09-01_0402IST,airline_direct,IndiGo
DEL,CCU,6E,IndiGo,6E 340,2026-09-01,1,business,,,26140.0,False,07:20,ok,2026-09-01T04:02:16.816096+05:30,2026-09-01_0402IST,airline_direct,IndiGo
DEL,CCU,6E,IndiGo,6E 340,2026-09-01,1,economy,,,10405.0,False,07:20,ok,2026-09-01T04:02:16.816096+05:30,2026-09-01_0402IST,airline_direct,IndiGo
DEL,CCU,6E,IndiGo,6E 513,2026-09-01,1,business,,,26140.0,False,08:30,ok,2026-09-01T04:02:16.816096+05:30,2026-09-01_0402IST,airline_direct,IndiGo
DEL,CCU,6E,IndiGo,6E 513,2026-09-01,1,economy,,,10405.0,False,08:30,ok,2026-09-01T04:02:16.816096+05:30,2026-09-01_0402IST,airline_direct,IndiGo
DEL,CCU,6E,IndiGo,6E 894,2026-09-01,1,business,,,26140.0,False,10:15,ok,2026-09-01T04:02:16.816096+05:30,2026-09-01_0402IST,airline_direct,IndiGo
DEL,CCU,6E,IndiGo,6E 894,2026-09-01,1,economy,,,10405.0,False,10:15,ok,2026-09-01T04:02:16.816096+05:30,2026-09-01_0402IST,airline_direct,IndiGo
DEL,CCU,6E,IndiGo,6E 6190,2026-09-01,1,economy,,,6806.0,False,07:40,ok,2026-09-01T04:02:16.816096+05:30,2026-09-01_0402IST,airline_direct,IndiGo
DEL,CCU,6E,IndiGo,6E 5215,2026-09-01,1,economy,,,6911.0,False,07:45,ok,2026-09-01T04:02:16.816096+05:30,2026-09-01_0402IST,airline_direct,IndiGo
DEL,CCU,6E,IndiGo,6E 5215,2026-09-01,1,economy,,,6911.0,False,07:45,ok,2026-09-01T04:02:16.816096+05:30,2026-09-01_0402IST,airline_direct,IndiGo
DEL,CCU,6E,IndiGo,6E 6829,2026-09-01,1,economy,,,6937.0,False,17:20,ok,2026-09-01T04:02:16.816096+05:30,2026-09-01_0402IST,airline_direct,IndiGo
DEL,CCU,6E,IndiGo,6E 5073,2026-09-01,1,economy,,,7147.0,False,17:05,ok,2026-09-01T04:02:16.816096+05:30,2026-09-01_0402IST,airline_direct,IndiGo
DEL,CCU,6E,IndiGo,6E 882,2026-09-01,1,business,,,33098.0,False,23:15,ok,2026-09-01T04:02:16.816096+05:30,2026-09-01_0402IST,airline_direct,IndiGo
DEL,CCU,6E,IndiGo,6E 882,2026-09-01,1,economy,,,7147.0,False,23:15,ok,2026-09-01T04:02:16.816096+05:30,2026-09-01_0402IST,airline_direct,IndiGo
DEL,CCU,6E,IndiGo,6E 5215,2026-09-01,1,economy,,,7441.0,False,07:45,ok,2026-09-01T04:02:16.816096+05:30,2026-09-01_0402IST,airline_direct,IndiGo
DEL,CCU,6E,IndiGo,6E 382,2026-09-01,1,business,,,33098.0,False,21:00,ok,2026-09-01T04:02:16.816096+05:30,2026-09-01_0402IST,airline_direct,IndiGo
DEL,CCU,6E,IndiGo,6E 382,2026-09-01,1,economy,,,7677.0,False,21:00,ok,2026-09-01T04:02:16.816096+05:30,2026-09-01_0402IST,airline_direct,IndiGo
DEL,CCU,6E,IndiGo,6E 2341,2026-09-01,1,economy,,,8901.0,False,14:50,ok,2026-09-01T04:02:16.816096+05:30,2026-09-01_0402IST,airline_direct,IndiGo
DEL,CCU,6E,IndiGo,6E 6371,2026-09-01,1,economy,,,9006.0,False,06:20,ok,2026-09-01T04:02:16.816096+05:30,2026-09-01_0402IST,airline_direct,IndiGo
DEL,CCU,6E,IndiGo,6E 2296,2026-09-01,1,economy,,,10040.0,False,09:20,ok,2026-09-01T04:02:16.816096+05:30,2026-09-01_0402IST,airline_direct,IndiGo
DEL,CCU,6E,IndiGo,6E 6503,2026-09-01,1,economy,,,10355.0,False,13:25,ok,2026-09-01T04:02:16.816096+05:30,2026-09-01_0402IST,airline_direct,IndiGo
DEL,CCU,6E,IndiGo,6E 5206,2026-09-01,1,economy,,,10681.0,False,13:20,ok,2026-09-01T04:02:16.816096+05:30,2026-09-01_0402IST,airline_direct,IndiGo
DEL,CCU,6E,IndiGo,6E 2259,2026-09-01,1,economy,,,10762.0,False,12:20,ok,2026-09-01T04:02:16.816096+05:30,2026-09-01_0402IST,airline_direct,IndiGo
DEL,CCU,6E,IndiGo,6E 2614,2026-09-01,1,economy,,,10762.0,False,14:40,ok,2026-09-01T04:02:16.816096+05:30,2026-09-01_0402IST,airline_direct,IndiGo
DEL,CCU,6E,IndiGo,6E 6282,2026-09-01,1,business,,,33098.0,False,13:30,ok,2026-09-01T04:02:16.816096+05:30,2026-09-01_0402IST,airline_direct,IndiGo
DEL,CCU,6E,IndiGo,6E 6282,2026-09-01,1,economy,,,11232.0,False,13:30,ok,2026-09-01T04:02:16.816096+05:30,2026-09-01_0402IST,airline_direct,IndiGo
DEL,CCU,6E,IndiGo,6E 2361,2026-09-01,1,economy,,,11772.0,False,14:35,ok,2026-09-01T04:02:16.816096+05:30,2026-09-01_0402IST,airline_direct,IndiGo
DEL,CCU,6E,IndiGo,6E 6190,2026-09-01,1,economy,,,11776.0,False,07:40,ok,2026-09-01T04:02:16.816096+05:30,2026-09-01_0402IST,airline_direct,IndiGo
DEL,CCU,6E,IndiGo,6E 5038,2026-09-01,1,economy,,,11827.0,False,14:00,ok,2026-09-01T04:02:16.816096+05:30,2026-09-01_0402IST,airline_direct,IndiGo
DEL,CCU,6E,IndiGo,6E 5041,2026-09-01,1,economy,,,11932.0,False,15:10,ok,2026-09-01T04:02:16.816096+05:30,2026-09-01_0402IST,airline_direct,IndiGo
DEL,CCU,6E,IndiGo,6E 5041,2026-09-01,1,economy,,,11932.0,False,15:10,ok,2026-09-01T04:02:16.816096+05:30,2026-09-01_0402IST,airline_direct,IndiGo
DEL,CCU,6E,IndiGo,6E 6282,2026-09-01,1,business,,,33570.0,False,13:30,ok,2026-09-01T04:02:16.816096+05:30,2026-09-01_0402IST,airline_direct,IndiGo
DEL,CCU,6E,IndiGo,6E 6282,2026-09-01,1,economy,,,12168.0,False,13:30,ok,2026-09-01T04:02:16.816096+05:30,2026-09-01_0402IST,airline_direct,IndiGo
DEL,CCU,6E,IndiGo,6E 6217,2026-09-01,1,business,,,33098.0,False,16:15,ok,2026-09-01T04:02:16.816096+05:30,2026-09-01_0402IST,airline_direct,IndiGo
DEL,CCU,6E,IndiGo,6E 6217,2026-09-01,1,economy,,,12168.0,False,16:15,ok,2026-09-01T04:02:16.816096+05:30,2026-09-01_0402IST,airline_direct,IndiGo
DEL,CCU,6E,IndiGo,6E 6440,2026-09-01,1,economy,,,13929.0,False,16:40,ok,2026-09-01T04:02:16.816096+05:30,2026-09-01_0402IST,airline_direct,IndiGo
DEL,CCU,6E,IndiGo,6E 6503,2026-09-01,1,economy,,,13968.0,False,13:25,ok,2026-09-01T04:02:16.816096+05:30,2026-09-01_0402IST,airline_direct,IndiGo
DEL,CCU,6E,IndiGo,6E 2331,2026-09-01,1,economy,,,14359.0,False,12:20,ok,2026-09-01T04:02:16.816096+05:30,2026-09-01_0402IST,airline_direct,IndiGo
DEL,CCU,6E,IndiGo,6E 2147,2026-09-01,1,economy,,,14524.0,False,11:10,ok,2026-09-01T04:02:16.816096+05:30,2026-09-01_0402IST,airline_direct,IndiGo
DEL,CCU,6E,IndiGo,6E 717,2026-09-01,1,business,,,34492.0,False,17:55,ok,2026-09-01T04:02:16.816096+05:30,2026-09-01_0402IST,airline_direct,IndiGo
DEL,CCU,6E,IndiGo,6E 717,2026-09-01,1,economy,,,14968.0,False,17:55,ok,2026-09-01T04:02:16.816096+05:30,2026-09-01_0402IST,airline_direct,IndiGo
DEL,CCU,6E,IndiGo,6E 734,2026-09-01,1,economy,,,15152.0,False,16:20,ok,2026-09-01T04:02:16.816096+05:30,2026-09-01_0402IST,airline_direct,IndiGo
DEL,CCU,6E,IndiGo,6E 882,2026-09-01,1,business,,,33570.0,False,23:15,ok,2026-09-01T04:02:16.816096+05:30,2026-09-01_0402IST,airline_direct,IndiGo
DEL,CCU,6E,IndiGo,6E 882,2026-09-01,1,economy,,,15388.0,False,23:15,ok,2026-09-01T04:02:16.816096+05:30,2026-09-01_0402IST,airline_direct,IndiGo
DEL,CCU,6E,IndiGo,6E 884,2026-09-01,1,business,,,33570.0,False,11:45,ok,2026-09-01T04:02:16.816096+05:30,2026-09-01_0402IST,airline_direct,IndiGo
DEL,CCU,6E,IndiGo,6E 884,2026-09-01,1,economy,,,15934.0,False,11:45,ok,2026-09-01T04:02:16.816096+05:30,2026-09-01_0402IST,airline_direct,IndiGo
DEL,CCU,6E,IndiGo,6E 6293,2026-09-01,1,business,,,33570.0,False,09:55,ok,2026-09-01T04:02:16.816096+05:30,2026-09-01_0402IST,airline_direct,IndiGo
DEL,CCU,6E,IndiGo,6E 6293,2026-09-01,1,economy,,,16535.0,False,09:55,ok,2026-09-01T04:02:16.816096+05:30,2026-09-01_0402IST,airline_direct,IndiGo
DEL,CCU,6E,IndiGo,6E 6245,2026-09-01,1,economy,,,17119.0,False,06:20,ok,2026-09-01T04:02:16.816096+05:30,2026-09-01_0402IST,airline_direct,IndiGo
DEL,CCU,6E,IndiGo,6E 5137,2026-09-01,1,economy,,,17625.0,False,10:50,ok,2026-09-01T04:02:16.816096+05:30,2026-09-01_0402IST,airline_direct,IndiGo
DEL,CCU,6E,IndiGo,6E 2259,2026-09-01,1,economy,,,18322.0,False,12:20,ok,2026-09-01T04:02:16.816096+05:30,2026-09-01_0402IST,airline_direct,IndiGo
DEL,CCU,6E,IndiGo,6E 2614,2026-09-01,1,economy,,,18322.0,False,14:40,ok,2026-09-01T04:02:16.816096+05:30,2026-09-01_0402IST,airline_direct,IndiGo
DEL,CCU,6E,IndiGo,6E 907,2026-09-01,1,economy,,,18653.0,False,10:00,ok,2026-09-01T04:02:16.816096+05:30,2026-09-01_0402IST,airline_direct,IndiGo
DEL,CCU,6E,IndiGo,6E 6053,2026-09-01,1,economy,,,20039.0,False,13:05,ok,2026-09-01T04:02:16.816096+05:30,2026-09-01_0402IST,airline_direct,IndiGo
DEL,CCU,6E,IndiGo,6E 6312,2026-09-01,1,economy,,,24418.0,False,14:25,ok,2026-09-01T04:02:16.816096+05:30,2026-09-01_0402IST,airline_direct,IndiGo
DEL,CCU,6E,IndiGo,6E 6459,2026-09-01,1,economy,,,24435.0,False,05:55,ok,2026-09-01T04:02:16.816096+05:30,2026-09-01_0402IST,airline_direct,IndiGo
DEL,CCU,6E,IndiGo,6E 203,2026-09-01,1,business,,,36756.0,False,07:10,ok,2026-09-01T04:02:16.816096+05:30,2026-09-01_0402IST,airline_direct,IndiGo
DEL,CCU,6E,IndiGo,6E 203,2026-09-01,1,economy,,,24790.0,False,07:10,ok,2026-09-01T04:02:16.816096+05:30,2026-09-01_0402IST,airline_direct,IndiGo
DEL,CCU,6E,IndiGo,6E 705,2026-09-01,1,business,,,36756.0,False,08:30,ok,2026-09-01T04:02:16.816096+05:30,2026-09-01_0402IST,airline_direct,IndiGo
DEL,CCU,6E,IndiGo,6E 705,2026-09-01,1,economy,,,24790.0,False,08:30,ok,2026-09-01T04:02:16.816096+05:30,2026-09-01_0402IST,airline_direct,IndiGo
BLR,HYD,6E,IndiGo,6E 9065,2026-09-01,1,,,,,False,22:00,parse_error,2026-09-01T04:03:16.546618+05:30,2026-09-01_0403IST,airline_direct,IndiGo
BLR,HYD,6E,IndiGo,6E 6784,2026-09-01,1,,,,,False,21:30,parse_error,2026-09-01T04:03:16.546618+05:30,2026-09-01_0403IST,airline_direct,IndiGo
BLR,HYD,6E,IndiGo,6E 6067,2026-09-01,1,,,,,False,16:30,parse_error,2026-09-01T04:03:16.546618+05:30,2026-09-01_0403IST,airline_direct,IndiGo
BLR,HYD,6E,IndiGo,6E 638,2026-09-01,1,,,,,False,18:35,parse_error,2026-09-01T04:03:16.546618+05:30,2026-09-01_0403IST,airline_direct,IndiGo
BLR,HYD,6E,IndiGo,6E 855,2026-09-01,1,,,,,False,19:45,parse_error,2026-09-01T04:03:16.546618+05:30,2026-09-01_0403IST,airline_direct,IndiGo
BLR,HYD,6E,IndiGo,6E 6404,2026-09-01,1,,,,,False,11:35,parse_error,2026-09-01T04:03:16.546618+05:30,2026-09-01_0403IST,airline_direct,IndiGo
BLR,HYD,6E,IndiGo,6E 537,2026-09-01,1,,,,,False,10:15,parse_error,2026-09-01T04:03:16.546618+05:30,2026-09-01_0403IST,airline_direct,IndiGo
BLR,HYD,6E,IndiGo,6E 312,2026-09-01,1,,,,,False,09:15,parse_error,2026-09-01T04:03:16.546618+05:30,2026-09-01_0403IST,airline_direct,IndiGo
BLR,HYD,6E,IndiGo,6E 6178,2026-09-01,1,,,,,False,06:25,parse_error,2026-09-01T04:03:16.546618+05:30,2026-09-01_0403IST,airline_direct,IndiGo
BLR,HYD,6E,IndiGo,6E 484,2026-09-01,1,,,,,False,08:15,parse_error,2026-09-01T04:03:16.546618+05:30,2026-09-01_0403IST,airline_direct,IndiGo
BLR,HYD,6E,IndiGo,6E 6168,2026-09-01,1,,,,,False,17:40,parse_error,2026-09-01T04:03:16.546618+05:30,2026-09-01_0403IST,airline_direct,IndiGo
BLR,HYD,6E,IndiGo,6E 6554,2026-09-01,1,,,,,False,19:15,parse_error,2026-09-01T04:03:16.546618+05:30,2026-09-01_0403IST,airline_direct,IndiGo
BLR,HYD,6E,IndiGo,6E 528,2026-09-01,1,,,,,False,21:40,parse_error,2026-09-01T04:03:16.546618+05:30,2026-09-01_0403IST,airline_direct,IndiGo
BLR,HYD,6E,IndiGo,6E 116,2026-09-01,1,,,,,False,23:05,parse_error,2026-09-01T04:03:16.546618+05:30,2026-09-01_0403IST,airline_direct,IndiGo
BLR,HYD,6E,IndiGo,6E 116,2026-09-01,1,,,,,False,23:05,parse_error,2026-09-01T04:03:16.546618+05:30,2026-09-01_0403IST,airline_direct,IndiGo
BLR,HYD,6E,IndiGo,6E 6583,2026-09-01,1,,,,,False,10:40,parse_error,2026-09-01T04:03:16.546618+05:30,2026-09-01_0403IST,airline_direct,IndiGo
BLR,HYD,6E,IndiGo,6E 904,2026-09-01,1,,,,,False,10:50,parse_error,2026-09-01T04:03:16.546618+05:30,2026-09-01_0403IST,airline_direct,IndiGo
BLR,HYD,6E,IndiGo,6E 6208,2026-09-01,1,,,,,False,12:50,parse_error,2026-09-01T04:03:16.546618+05:30,2026-09-01_0403IST,airline_direct,IndiGo
BLR,HYD,6E,IndiGo,6E 6208,2026-09-01,1,,,,,False,12:50,parse_error,2026-09-01T04:03:16.546618+05:30,2026-09-01_0403IST,airline_direct,IndiGo
BLR,HYD,6E,IndiGo,6E 6542,2026-09-01,1,,,,,False,13:10,parse_error,2026-09-01T04:03:16.546618+05:30,2026-09-01_0403IST,airline_direct,IndiGo
BLR,HYD,6E,IndiGo,6E 602,2026-09-01,1,,,,,False,14:40,parse_error,2026-09-01T04:03:16.546618+05:30,2026-09-01_0403IST,airline_direct,IndiGo
BLR,HYD,6E,IndiGo,6E 182,2026-09-01,1,,,,,False,15:00,parse_error,2026-09-01T04:03:16.546618+05:30,2026-09-01_0403IST,airline_direct,IndiGo
BLR,HYD,6E,IndiGo,6E 182,2026-09-01,1,,,,,False,15:00,parse_error,2026-09-01T04:03:16.546618+05:30,2026-09-01_0403IST,airline_direct,IndiGo
BLR,HYD,6E,IndiGo,6E 6753,2026-09-01,1,,,,,False,15:15,parse_error,2026-09-01T04:03:16.546618+05:30,2026-09-01_0403IST,airline_direct,IndiGo
BLR,HYD,6E,IndiGo,6E 6168,2026-09-01,1,,,,,False,17:40,parse_error,2026-09-01T04:03:16.546618+05:30,2026-09-01_0403IST,airline_direct,IndiGo
BLR,HYD,6E,IndiGo,6E 105,2026-09-01,1,,,,,False,18:50,parse_error,2026-09-01T04:03:16.546618+05:30,2026-09-01_0403IST,airline_direct,IndiGo
BLR,HYD,6E,IndiGo,6E 105,2026-09-01,1,,,,,False,18:50,parse_error,2026-09-01T04:03:16.546618+05:30,2026-09-01_0403IST,airline_direct,IndiGo
BLR,HYD,6E,IndiGo,6E 6208,2026-09-01,1,,,,,False,12:50,parse_error,2026-09-01T04:03:16.546618+05:30,2026-09-01_0403IST,airline_direct,IndiGo
BLR,HYD,6E,IndiGo,6E 6542,2026-09-01,1,,,,,False,13:10,parse_error,2026-09-01T04:03:16.546618+05:30,2026-09-01_0403IST,airline_direct,IndiGo
BLR,HYD,6E,IndiGo,6E 182,2026-09-01,1,,,,,False,15:00,parse_error,2026-09-01T04:03:16.546618+05:30,2026-09-01_0403IST,airline_direct,IndiGo
BLR,HYD,6E,IndiGo,6E 6753,2026-09-01,1,,,,,False,15:15,parse_error,2026-09-01T04:03:16.546618+05:30,2026-09-01_0403IST,airline_direct,IndiGo
BLR,HYD,6E,IndiGo,6E 857,2026-09-01,1,,,,,False,07:05,parse_error,2026-09-01T04:03:16.546618+05:30,2026-09-01_0403IST,airline_direct,IndiGo
BLR,HYD,6E,IndiGo,6E 6269,2026-09-01,1,,,,,False,07:15,parse_error,2026-09-01T04:03:16.546618+05:30,2026-09-01_0403IST,airline_direct,IndiGo
BLR,HYD,6E,IndiGo,6E 904,2026-09-01,1,,,,,False,10:50,parse_error,2026-09-01T04:03:16.546618+05:30,2026-09-01_0403IST,airline_direct,IndiGo
BLR,HYD,6E,IndiGo,6E 6653,2026-09-01,1,,,,,False,12:35,parse_error,2026-09-01T04:03:16.546618+05:30,2026-09-01_0403IST,airline_direct,IndiGo
BLR,HYD,6E,IndiGo,6E 6208,2026-09-01,1,,,,,False,12:50,parse_error,2026-09-01T04:03:16.546618+05:30,2026-09-01_0403IST,airline_direct,IndiGo
BLR,HYD,6E,IndiGo,6E 6017,2026-09-01,1,,,,,False,18:15,parse_error,2026-09-01T04:03:16.546618+05:30,2026-09-01_0403IST,airline_direct,IndiGo
BLR,HYD,6E,IndiGo,6E 6653,2026-09-01,1,,,,,False,12:35,parse_error,2026-09-01T04:03:16.546618+05:30,2026-09-01_0403IST,airline_direct,IndiGo
BLR,HYD,6E,IndiGo,6E 6653,2026-09-01,1,,,,,False,12:35,parse_error,2026-09-01T04:03:16.546618+05:30,2026-09-01_0403IST,airline_direct,IndiGo
BLR,HYD,6E,IndiGo,6E 6269,2026-09-01,1,,,,,False,07:15,parse_error,2026-09-01T04:03:16.546618+05:30,2026-09-01_0403IST,airline_direct,IndiGo
BLR,HYD,6E,IndiGo,6E 109,2026-09-01,1,,,,,False,17:00,parse_error,2026-09-01T04:03:16.546618+05:30,2026-09-01_0403IST,airline_direct,IndiGo
BLR,HYD,6E,IndiGo,6E 6162,2026-09-01,1,,,,,False,18:50,parse_error,2026-09-01T04:03:16.546618+05:30,2026-09-01_0403IST,airline_direct,IndiGo
BLR,HYD,6E,IndiGo,6E 356,2026-09-01,1,,,,,False,17:15,parse_error,2026-09-01T04:03:16.546618+05:30,2026-09-01_0403IST,airline_direct,IndiGo
BLR,HYD,6E,IndiGo,6E 356,2026-09-01,1,,,,,False,17:15,parse_error,2026-09-01T04:03:16.546618+05:30,2026-09-01_0403IST,airline_direct,IndiGo
BLR,HYD,6E,IndiGo,6E 7227,2026-09-01,1,,,,,False,06:25,parse_error,2026-09-01T04:03:16.546618+05:30,2026-09-01_0403IST,airline_direct,IndiGo
BLR,HYD,6E,IndiGo,6E 763,2026-09-01,1,,,,,False,07:05,parse_error,2026-09-01T04:03:16.546618+05:30,2026-09-01_0403IST,airline_direct,IndiGo
BLR,HYD,6E,IndiGo,6E 763,2026-09-01,1,,,,,False,07:05,parse_error,2026-09-01T04:03:16.546618+05:30,2026-09-01_0403IST,airline_direct,IndiGo
BLR,HYD,6E,IndiGo,6E 528,2026-09-01,1,,,,,False,21:40,parse_error,2026-09-01T04:03:16.546618+05:30,2026-09-01_0403IST,airline_direct,IndiGo
BLR,HYD,6E,IndiGo,6E 7071,2026-09-01,1,,,,,False,10:55,parse_error,2026-09-01T04:03:16.546618+05:30,2026-09-01_0403IST,airline_direct,IndiGo
BLR,HYD,6E,IndiGo,6E 5306,2026-09-01,1,,,,,False,14:35,parse_error,2026-09-01T04:03:16.546618+05:30,2026-09-01_0403IST,airline_direct,IndiGo
BLR,HYD,6E,IndiGo,6E 857,2026-09-01,1,,,,,False,07:05,parse_error,2026-09-01T04:03:16.546618+05:30,2026-09-01_0403IST,airline_direct,IndiGo
BLR,HYD,6E,IndiGo,6E 6104,2026-09-01,1,,,,,False,11:40,parse_error,2026-09-01T04:03:16.546618+05:30,2026-09-01_0403IST,airline_direct,IndiGo
BLR,HYD,6E,IndiGo,6E 6104,2026-09-01,1,,,,,False,11:40,parse_error,2026-09-01T04:03:16.546618+05:30,2026-09-01_0403IST,airline_direct,IndiGo
BLR,HYD,6E,IndiGo,6E 7204,2026-09-01,1,,,,,False,06:50,sold_out,2026-09-01T04:03:16.546618+05:30,2026-09-01_0403IST,airline_direct,IndiGo
BLR,HYD,6E,IndiGo,6E 7204,2026-09-01,1,,,,,False,06:50,sold_out,2026-09-01T04:03:16.546618+05:30,2026-09-01_0403IST,airline_direct,IndiGo
BLR,HYD,6E,IndiGo,6E 441,2026-09-01,1,,,,,False,20:40,sold_out,2026-09-01T04:03:16.546618+05:30,2026-09-01_0403IST,airline_direct,IndiGo
MAA,DEL,6E,IndiGo,6E 939,2026-09-01,1,business,,,28240.0,False,13:00,ok,2026-09-01T04:04:13.100205+05:30,2026-09-01_0404IST,airline_direct,IndiGo
MAA,DEL,6E,IndiGo,6E 939,2026-09-01,1,economy,,,11130.0,False,13:00,ok,2026-09-01T04:04:13.100205+05:30,2026-09-01_0404IST,airline_direct,IndiGo
MAA,DEL,6E,IndiGo,6E 2369,2026-09-01,1,business,,,28240.0,False,23:45,ok,2026-09-01T04:04:13.100205+05:30,2026-09-01_0404IST,airline_direct,IndiGo
MAA,DEL,6E,IndiGo,6E 2369,2026-09-01,1,economy,,,11130.0,False,23:45,ok,2026-09-01T04:04:13.100205+05:30,2026-09-01_0404IST,airline_direct,IndiGo
MAA,DEL,6E,IndiGo,6E 404,2026-09-01,1,business,,,28240.0,False,09:15,ok,2026-09-01T04:04:13.100205+05:30,2026-09-01_0404IST,airline_direct,IndiGo
MAA,DEL,6E,IndiGo,6E 404,2026-09-01,1,economy,,,11681.0,False,09:15,ok,2026-09-01T04:04:13.100205+05:30,2026-09-01_0404IST,airline_direct,IndiGo
MAA,DEL,6E,IndiGo,6E 6002,2026-09-01,1,business,,,39899.0,False,11:10,ok,2026-09-01T04:04:13.100205+05:30,2026-09-01_0404IST,airline_direct,IndiGo
MAA,DEL,6E,IndiGo,6E 6002,2026-09-01,1,economy,,,11681.0,False,11:10,ok,2026-09-01T04:04:13.100205+05:30,2026-09-01_0404IST,airline_direct,IndiGo
MAA,DEL,6E,IndiGo,6E 948,2026-09-01,1,business,,,28240.0,False,14:30,ok,2026-09-01T04:04:13.100205+05:30,2026-09-01_0404IST,airline_direct,IndiGo
MAA,DEL,6E,IndiGo,6E 948,2026-09-01,1,economy,,,11681.0,False,14:30,ok,2026-09-01T04:04:13.100205+05:30,2026-09-01_0404IST,airline_direct,IndiGo
MAA,DEL,6E,IndiGo,6E 951,2026-09-01,1,business,,,28240.0,False,21:50,ok,2026-09-01T04:04:13.100205+05:30,2026-09-01_0404IST,airline_direct,IndiGo
MAA,DEL,6E,IndiGo,6E 951,2026-09-01,1,economy,,,11681.0,False,21:50,ok,2026-09-01T04:04:13.100205+05:30,2026-09-01_0404IST,airline_direct,IndiGo
MAA,DEL,6E,IndiGo,6E 698,2026-09-01,1,business,,,30280.0,False,16:45,ok,2026-09-01T04:04:13.100205+05:30,2026-09-01_0404IST,airline_direct,IndiGo
MAA,DEL,6E,IndiGo,6E 698,2026-09-01,1,economy,,,14951.0,False,16:45,ok,2026-09-01T04:04:13.100205+05:30,2026-09-01_0404IST,airline_direct,IndiGo
MAA,DEL,6E,IndiGo,6E 613,2026-09-01,1,business,,,39899.0,False,19:00,ok,2026-09-01T04:04:13.100205+05:30,2026-09-01_0404IST,airline_direct,IndiGo
MAA,DEL,6E,IndiGo,6E 613,2026-09-01,1,economy,,,14951.0,False,19:00,ok,2026-09-01T04:04:13.100205+05:30,2026-09-01_0404IST,airline_direct,IndiGo
MAA,DEL,6E,IndiGo,6E 937,2026-09-01,1,business,,,30280.0,False,06:30,ok,2026-09-01T04:04:13.100205+05:30,2026-09-01_0404IST,airline_direct,IndiGo
MAA,DEL,6E,IndiGo,6E 937,2026-09-01,1,economy,,,19269.0,False,06:30,ok,2026-09-01T04:04:13.100205+05:30,2026-09-01_0404IST,airline_direct,IndiGo
MAA,DEL,6E,IndiGo,6E 183,2026-09-01,1,business,,,33135.0,False,16:35,ok,2026-09-01T04:04:13.100205+05:30,2026-09-01_0404IST,airline_direct,IndiGo
MAA,DEL,6E,IndiGo,6E 183,2026-09-01,1,economy,,,9087.0,False,16:35,ok,2026-09-01T04:04:13.100205+05:30,2026-09-01_0404IST,airline_direct,IndiGo
MAA,DEL,6E,IndiGo,6E 562,2026-09-01,1,economy,,,9087.0,False,18:20,ok,2026-09-01T04:04:13.100205+05:30,2026-09-01_0404IST,airline_direct,IndiGo
MAA,DEL,6E,IndiGo,6E 6487,2026-09-01,1,economy,,,9792.0,False,21:25,ok,2026-09-01T04:04:13.100205+05:30,2026-09-01_0404IST,airline_direct,IndiGo
MAA,DEL,6E,IndiGo,6E 973,2026-09-01,1,economy,,,10566.0,False,11:55,ok,2026-09-01T04:04:13.100205+05:30,2026-09-01_0404IST,airline_direct,IndiGo
MAA,DEL,6E,IndiGo,6E 193,2026-09-01,1,economy,,,10566.0,False,20:00,ok,2026-09-01T04:04:13.100205+05:30,2026-09-01_0404IST,airline_direct,IndiGo
MAA,DEL,6E,IndiGo,6E 847,2026-09-01,1,economy,,,10644.0,False,16:15,ok,2026-09-01T04:04:13.100205+05:30,2026-09-01_0404IST,airline_direct,IndiGo
MAA,DEL,6E,IndiGo,6E 991,2026-09-01,1,economy,,,11417.0,False,09:30,ok,2026-09-01T04:04:13.100205+05:30,2026-09-01_0404IST,airline_direct,IndiGo
MAA,DEL,6E,IndiGo,6E 561,2026-09-01,1,business,,,34549.0,False,22:20,ok,2026-09-01T04:04:13.100205+05:30,2026-09-01_0404IST,airline_direct,IndiGo
MAA,DEL,6E,IndiGo,6E 561,2026-09-01,1,economy,,,11417.0,False,22:20,ok,2026-09-01T04:04:13.100205+05:30,2026-09-01_0404IST,airline_direct,IndiGo
MAA,DEL,6E,IndiGo,6E 6892,2026-09-01,1,economy,,,11496.0,False,10:55,ok,2026-09-01T04:04:13.100205+05:30,2026-09-01_0404IST,airline_direct,IndiGo
MAA,DEL,6E,IndiGo,6E 6113,2026-09-01,1,economy,,,11627.0,False,17:00,ok,2026-09-01T04:04:13.100205+05:30,2026-09-01_0404IST,airline_direct,IndiGo
MAA,DEL,6E,IndiGo,6E 6209,2026-09-01,1,economy,,,12428.0,False,14:35,ok,2026-09-01T04:04:13.100205+05:30,2026-09-01_0404IST,airline_direct,IndiGo
MAA,DEL,6E,IndiGo,6E 6209,2026-09-01,1,economy,,,12428.0,False,14:35,ok,2026-09-01T04:04:13.100205+05:30,2026-09-01_0404IST,airline_direct,IndiGo
MAA,DEL,6E,IndiGo,6E 6892,2026-09-01,1,economy,,,12432.0,False,10:55,ok,2026-09-01T04:04:13.100205+05:30,2026-09-01_0404IST,airline_direct,IndiGo
MAA,DEL,6E,IndiGo,6E 6487,2026-09-01,1,economy,,,12758.0,False,21:25,ok,2026-09-01T04:04:13.100205+05:30,2026-09-01_0404IST,airline_direct,IndiGo
MAA,DEL,6E,IndiGo,6E 6209,2026-09-01,1,economy,,,12884.0,False,14:35,ok,2026-09-01T04:04:13.100205+05:30,2026-09-01_0404IST,airline_direct,IndiGo
MAA,DEL,6E,IndiGo,6E 847,2026-09-01,1,economy,,,13241.0,False,16:15,ok,2026-09-01T04:04:13.100205+05:30,2026-09-01_0404IST,airline_direct,IndiGo
MAA,DEL,6E,IndiGo,6E 726,2026-09-01,1,economy,,,13461.0,False,18:20,ok,2026-09-01T04:04:13.100205+05:30,2026-09-01_0404IST,airline_direct,IndiGo
MAA,DEL,6E,IndiGo,6E 5214,2026-09-01,1,business,,,39741.0,False,11:00,ok,2026-09-01T04:04:13.100205+05:30,2026-09-01_0404IST,airline_direct,IndiGo
MAA,DEL,6E,IndiGo,6E 5214,2026-09-01,1,economy,,,13592.0,False,11:00,ok,2026-09-01T04:04:13.100205+05:30,2026-09-01_0404IST,airline_direct,IndiGo
MAA,DEL,6E,IndiGo,6E 5214,2026-09-01,1,business,,,39741.0,False,11:00,ok,2026-09-01T04:04:13.100205+05:30,2026-09-01_0404IST,airline_direct,IndiGo
MAA,DEL,6E,IndiGo,6E 5214,2026-09-01,1,economy,,,13592.0,False,11:00,ok,2026-09-01T04:04:13.100205+05:30,2026-09-01_0404IST,airline_direct,IndiGo
MAA,DEL,6E,IndiGo,6E 6815,2026-09-01,1,economy,,,13634.0,False,08:55,ok,2026-09-01T04:04:13.100205+05:30,2026-09-01_0404IST,airline_direct,IndiGo
MAA,DEL,6E,IndiGo,6E 6797,2026-09-01,1,economy,,,14303.0,False,13:10,ok,2026-09-01T04:04:13.100205+05:30,2026-09-01_0404IST,airline_direct,IndiGo
MAA,DEL,6E,IndiGo,6E 5367,2026-09-01,1,business,,,39741.0,False,18:15,ok,2026-09-01T04:04:13.100205+05:30,2026-09-01_0404IST,airline_direct,IndiGo
MAA,DEL,6E,IndiGo,6E 5367,2026-09-01,1,economy,,,14723.0,False,18:15,ok,2026-09-01T04:04:13.100205+05:30,2026-09-01_0404IST,airline_direct,IndiGo
MAA,DEL,6E,IndiGo,6E 539,2026-09-01,1,economy,,,15756.0,False,11:25,ok,2026-09-01T04:04:13.100205+05:30,2026-09-01_0404IST,airline_direct,IndiGo
MAA,DEL,6E,IndiGo,6E 6925,2026-09-01,1,economy,,,15756.0,False,12:00,ok,2026-09-01T04:04:13.100205+05:30,2026-09-01_0404IST,airline_direct,IndiGo
MAA,DEL,6E,IndiGo,6E 6348,2026-09-01,1,business,,,40966.0,False,09:00,ok,2026-09-01T04:04:13.100205+05:30,2026-09-01_0404IST,airline_direct,IndiGo
MAA,DEL,6E,IndiGo,6E 6348,2026-09-01,1,economy,,,15966.0,False,09:00,ok,2026-09-01T04:04:13.100205+05:30,2026-09-01_0404IST,airline_direct,IndiGo
MAA,DEL,6E,IndiGo,6E 6348,2026-09-01,1,business,,,40966.0,False,09:00,ok,2026-09-01T04:04:13.100205+05:30,2026-09-01_0404IST,airline_direct,IndiGo
MAA,DEL,6E,IndiGo,6E 6348,2026-09-01,1,economy,,,15966.0,False,09:00,ok,2026-09-01T04:04:13.100205+05:30,2026-09-01_0404IST,airline_direct,IndiGo
MAA,DEL,6E,IndiGo,6E 5258,2026-09-01,1,business,,,39741.0,False,12:45,ok,2026-09-01T04:04:13.100205+05:30,2026-09-01_0404IST,airline_direct,IndiGo
MAA,DEL,6E,IndiGo,6E 5258,2026-09-01,1,economy,,,15966.0,False,12:45,ok,2026-09-01T04:04:13.100205+05:30,2026-09-01_0404IST,airline_direct,IndiGo
MAA,DEL,6E,IndiGo,6E 606,2026-09-01,1,business,,,37825.0,False,18:05,ok,2026-09-01T04:04:13.100205+05:30,2026-09-01_0404IST,airline_direct,IndiGo
MAA,DEL,6E,IndiGo,6E 606,2026-09-01,1,economy,,,15966.0,False,18:05,ok,2026-09-01T04:04:13.100205+05:30,2026-09-01_0404IST,airline_direct,IndiGo
MAA,DEL,6E,IndiGo,6E 6326,2026-09-01,1,economy,,,16858.0,False,11:45,ok,2026-09-01T04:04:13.100205+05:30,2026-09-01_0404IST,airline_direct,IndiGo
MAA,DEL,6E,IndiGo,6E 5258,2026-09-01,1,business,,,43340.0,False,12:45,ok,2026-09-01T04:04:13.100205+05:30,2026-09-01_0404IST,airline_direct,IndiGo
MAA,DEL,6E,IndiGo,6E 5258,2026-09-01,1,economy,,,17064.0,False,12:45,ok,2026-09-01T04:04:13.100205+05:30,2026-09-01_0404IST,airline_direct,IndiGo
MAA,DEL,6E,IndiGo,6E 5258,2026-09-01,1,business,,,43340.0,False,12:45,ok,2026-09-01T04:04:13.100205+05:30,2026-09-01_0404IST,airline_direct,IndiGo
MAA,DEL,6E,IndiGo,6E 5258,2026-09-01,1,economy,,,17064.0,False,12:45,ok,2026-09-01T04:04:13.100205+05:30,2026-09-01_0404IST,airline_direct,IndiGo
MAA,DEL,6E,IndiGo,6E 6348,2026-09-01,1,business,,,40966.0,False,09:00,ok,2026-09-01T04:04:13.100205+05:30,2026-09-01_0404IST,airline_direct,IndiGo
MAA,DEL,6E,IndiGo,6E 6348,2026-09-01,1,economy,,,17333.0,False,09:00,ok,2026-09-01T04:04:13.100205+05:30,2026-09-01_0404IST,airline_direct,IndiGo
MAA,DEL,6E,IndiGo,6E 6925,2026-09-01,1,economy,,,17581.0,False,12:00,ok,2026-09-01T04:04:13.100205+05:30,2026-09-01_0404IST,airline_direct,IndiGo
MAA,DEL,6E,IndiGo,6E 321,2026-09-01,1,economy,,,17910.0,False,08:20,ok,2026-09-01T04:04:13.100205+05:30,2026-09-01_0404IST,airline_direct,IndiGo
MAA,DEL,6E,IndiGo,6E 189,2026-09-01,1,economy,,,18096.0,False,19:05,ok,2026-09-01T04:04:13.100205+05:30,2026-09-01_0404IST,airline_direct,IndiGo
MAA,DEL,6E,IndiGo,6E 189,2026-09-01,1,economy,,,18096.0,False,19:05,ok,2026-09-01T04:04:13.100205+05:30,2026-09-01_0404IST,airline_direct,IndiGo
MAA,DEL,6E,IndiGo,6E 5371,2026-09-01,1,business,,,47116.0,False,14:45,ok,2026-09-01T04:04:13.100205+05:30,2026-09-01_0404IST,airline_direct,IndiGo
MAA,DEL,6E,IndiGo,6E 5371,2026-09-01,1,economy,,,18759.0,False,14:45,ok,2026-09-01T04:04:13.100205+05:30,2026-09-01_0404IST,airline_direct,IndiGo
MAA,DEL,6E,IndiGo,6E 6158,2026-09-01,1,economy,,,19072.0,False,16:10,ok,2026-09-01T04:04:13.100205+05:30,2026-09-01_0404IST,airline_direct,IndiGo
MAA,DEL,6E,IndiGo,6E 5104,2026-09-01,1,business,,,40966.0,False,16:40,ok,2026-09-01T04:04:13.100205+05:30,2026-09-01_0404IST,airline_direct,IndiGo
MAA,DEL,6E,IndiGo,6E 5104,2026-09-01,1,economy,,,19478.0,False,16:40,ok,2026-09-01T04:04:13.100205+05:30,2026-09-01_0404IST,airline_direct,IndiGo
MAA,DEL,6E,IndiGo,6E 848,2026-09-01,1,economy,,,20276.0,False,17:50,ok,2026-09-01T04:04:13.100205+05:30,2026-09-01_0404IST,airline_direct,IndiGo
MAA,DEL,6E,IndiGo,6E 597,2026-09-01,1,economy,,,20644.0,False,17:45,ok,2026-09-01T04:04:13.100205+05:30,2026-09-01_0404IST,airline_direct,IndiGo
MAA,DEL,6E,IndiGo,6E 6374,2026-09-01,1,economy,,,20908.0,False,13:50,ok,2026-09-01T04:04:13.100205+05:30,2026-09-01_0404IST,airline_direct,IndiGo
MAA,DEL,6E,IndiGo,6E 6797,2026-09-01,1,economy,,,22312.0,False,13:10,ok,2026-09-01T04:04:13.100205+05:30,2026-09-01_0404IST,airline_direct,IndiGo
MAA,DEL,6E,IndiGo,6E 5314,2026-09-01,1,business,,,39741.0,False,06:45,ok,2026-09-01T04:04:13.100205+05:30,2026-09-01_0404IST,airline_direct,IndiGo
MAA,DEL,6E,IndiGo,6E 5314,2026-09-01,1,business,,,39741.0,False,06:45,ok,2026-09-01T04:04:13.100205+05:30,2026-09-01_0404IST,airline_direct,IndiGo
DEL,BOM,6E,IndiGo,6E 6047,2026-09-07,7,business,,,24260.0,False,11:00,ok,2026-09-01T04:05:25.050700+05:30,2026-09-01_0405IST,airline_direct,IndiGo
DEL,BOM,6E,IndiGo,6E 6047,2026-09-07,7,economy,,,6305.0,False,11:00,ok,2026-09-01T04:05:25.050700+05:30,2026-09-01_0405IST,airline_direct,IndiGo
DEL,BOM,6E,IndiGo,6E 6676,2026-09-07,7,business,,,28443.0,False,12:00,ok,2026-09-01T04:05:25.050700+05:30,2026-09-01_0405IST,airline_direct,IndiGo
DEL,BOM,6E,IndiGo,6E 6676,2026-09-07,7,economy,,,6305.0,False,12:00,ok,2026-09-01T04:05:25.050700+05:30,2026-09-01_0405IST,airline_direct,IndiGo
DEL,BOM,6E,IndiGo,6E 324,2026-09-07,7,business,,,24260.0,False,13:00,ok,2026-09-01T04:05:25.050700+05:30,2026-09-01_0405IST,airline_direct,IndiGo
DEL,BOM,6E,IndiGo,6E 324,2026-09-07,7,economy,,,6305.0,False,13:00,ok,2026-09-01T04:05:25.050700+05:30,2026-09-01_0405IST,airline_direct,IndiGo
DEL,BOM,6E,IndiGo,6E 6022,2026-09-07,7,business,,,24260.0,False,14:00,ok,2026-09-01T04:05:25.050700+05:30,2026-09-01_0405IST,airline_direct,IndiGo
DEL,BOM,6E,IndiGo,6E 6022,2026-09-07,7,economy,,,6305.0,False,14:00,ok,2026-09-01T04:05:25.050700+05:30,2026-09-01_0405IST,airline_direct,IndiGo
DEL,BOM,6E,IndiGo,6E 6318,2026-09-07,7,business,,,24260.0,False,14:45,ok,2026-09-01T04:05:25.050700+05:30,2026-09-01_0405IST,airline_direct,IndiGo
DEL,BOM,6E,IndiGo,6E 6318,2026-09-07,7,economy,,,6305.0,False,14:45,ok,2026-09-01T04:05:25.050700+05:30,2026-09-01_0405IST,airline_direct,IndiGo
DEL,BOM,6E,IndiGo,6E 864,2026-09-07,7,business,,,24260.0,False,15:30,ok,2026-09-01T04:05:25.050700+05:30,2026-09-01_0405IST,airline_direct,IndiGo
DEL,BOM,6E,IndiGo,6E 864,2026-09-07,7,economy,,,6305.0,False,15:30,ok,2026-09-01T04:05:25.050700+05:30,2026-09-01_0405IST,airline_direct,IndiGo
DEL,BOM,6E,IndiGo,6E 327,2026-09-07,7,business,,,24260.0,False,16:15,ok,2026-09-01T04:05:25.050700+05:30,2026-09-01_0405IST,airline_direct,IndiGo
DEL,BOM,6E,IndiGo,6E 327,2026-09-07,7,economy,,,6305.0,False,16:15,ok,2026-09-01T04:05:25.050700+05:30,2026-09-01_0405IST,airline_direct,IndiGo
DEL,BOM,6E,IndiGo,6E 6706,2026-09-07,7,business,,,24260.0,False,17:00,ok,2026-09-01T04:05:25.050700+05:30,2026-09-01_0405IST,airline_direct,IndiGo
DEL,BOM,6E,IndiGo,6E 6706,2026-09-07,7,economy,,,6305.0,False,17:00,ok,2026-09-01T04:05:25.050700+05:30,2026-09-01_0405IST,airline_direct,IndiGo
DEL,BOM,6E,IndiGo,6E 329,2026-09-07,7,business,,,24260.0,False,18:00,ok,2026-09-01T04:05:25.050700+05:30,2026-09-01_0405IST,airline_direct,IndiGo
DEL,BOM,6E,IndiGo,6E 329,2026-09-07,7,economy,,,6305.0,False,18:00,ok,2026-09-01T04:05:25.050700+05:30,2026-09-01_0405IST,airline_direct,IndiGo
DEL,BOM,6E,IndiGo,6E 354,2026-09-07,7,business,,,24260.0,False,19:00,ok,2026-09-01T04:05:25.050700+05:30,2026-09-01_0405IST,airline_direct,IndiGo
DEL,BOM,6E,IndiGo,6E 354,2026-09-07,7,economy,,,6305.0,False,19:00,ok,2026-09-01T04:05:25.050700+05:30,2026-09-01_0405IST,airline_direct,IndiGo
DEL,BOM,6E,IndiGo,6E 322,2026-09-07,7,business,,,24260.0,False,23:30,ok,2026-09-01T04:05:25.050700+05:30,2026-09-01_0405IST,airline_direct,IndiGo
DEL,BOM,6E,IndiGo,6E 322,2026-09-07,7,economy,,,6305.0,False,23:30,ok,2026-09-01T04:05:25.050700+05:30,2026-09-01_0405IST,airline_direct,IndiGo
DEL,BOM,6E,IndiGo,6E 6328,2026-09-07,7,business,,,24260.0,False,10:15,ok,2026-09-01T04:05:25.050700+05:30,2026-09-01_0405IST,airline_direct,IndiGo
DEL,BOM,6E,IndiGo,6E 6328,2026-09-07,7,economy,,,6357.0,False,10:15,ok,2026-09-01T04:05:25.050700+05:30,2026-09-01_0405IST,airline_direct,IndiGo
DEL,BOM,6E,IndiGo,6E 6114,2026-09-07,7,business,,,24260.0,False,22:45,ok,2026-09-01T04:05:25.050700+05:30,2026-09-01_0405IST,airline_direct,IndiGo
DEL,BOM,6E,IndiGo,6E 6114,2026-09-07,7,economy,,,6357.0,False,22:45,ok,2026-09-01T04:05:25.050700+05:30,2026-09-01_0405IST,airline_direct,IndiGo
DEL,BOM,6E,IndiGo,6E 449,2026-09-07,7,business,,,24260.0,False,05:00,ok,2026-09-01T04:05:25.050700+05:30,2026-09-01_0405IST,airline_direct,IndiGo
DEL,BOM,6E,IndiGo,6E 449,2026-09-07,7,economy,,,6431.0,False,05:00,ok,2026-09-01T04:05:25.050700+05:30,2026-09-01_0405IST,airline_direct,IndiGo
DEL,BOM,6E,IndiGo,6E 6218,2026-09-07,7,business,,,24260.0,False,06:05,ok,2026-09-01T04:05:25.050700+05:30,2026-09-01_0405IST,airline_direct,IndiGo
DEL,BOM,6E,IndiGo,6E 6218,2026-09-07,7,economy,,,6431.0,False,06:05,ok,2026-09-01T04:05:25.050700+05:30,2026-09-01_0405IST,airline_direct,IndiGo
DEL,BOM,6E,IndiGo,6E 675,2026-09-07,7,business,,,24260.0,False,08:45,ok,2026-09-01T04:05:25.050700+05:30,2026-09-01_0405IST,airline_direct,IndiGo
DEL,BOM,6E,IndiGo,6E 675,2026-09-07,7,economy,,,6431.0,False,08:45,ok,2026-09-01T04:05:25.050700+05:30,2026-09-01_0405IST,airline_direct,IndiGo
DEL,BOM,6E,IndiGo,6E 6107,2026-09-07,7,business,,,24260.0,False,09:30,ok,2026-09-01T04:05:25.050700+05:30,2026-09-01_0405IST,airline_direct,IndiGo
DEL,BOM,6E,IndiGo,6E 6107,2026-09-07,7,economy,,,6431.0,False,09:30,ok,2026-09-01T04:05:25.050700+05:30,2026-09-01_0405IST,airline_direct,IndiGo
DEL,BOM,6E,IndiGo,6E 303,2026-09-07,7,business,,,28443.0,False,20:00,ok,2026-09-01T04:05:25.050700+05:30,2026-09-01_0405IST,airline_direct,IndiGo
DEL,BOM,6E,IndiGo,6E 303,2026-09-07,7,economy,,,6431.0,False,20:00,ok,2026-09-01T04:05:25.050700+05:30,2026-09-01_0405IST,airline_direct,IndiGo
DEL,BOM,6E,IndiGo,6E 853,2026-09-07,7,business,,,24260.0,False,20:45,ok,2026-09-01T04:05:25.050700+05:30,2026-09-01_0405IST,airline_direct,IndiGo
DEL,BOM,6E,IndiGo,6E 853,2026-09-07,7,economy,,,6431.0,False,20:45,ok,2026-09-01T04:05:25.050700+05:30,2026-09-01_0405IST,airline_direct,IndiGo
DEL,BOM,6E,IndiGo,6E 395,2026-09-07,7,business,,,24260.0,False,21:45,ok,2026-09-01T04:05:25.050700+05:30,2026-09-01_0405IST,airline_direct,IndiGo
DEL,BOM,6E,IndiGo,6E 395,2026-09-07,7,economy,,,6431.0,False,21:45,ok,2026-09-01T04:05:25.050700+05:30,2026-09-01_0405IST,airline_direct,IndiGo
DEL,BOM,6E,IndiGo,6E 6814,2026-09-07,7,business,,,24260.0,False,07:15,ok,2026-09-01T04:05:25.050700+05:30,2026-09-01_0405IST,airline_direct,IndiGo
DEL,BOM,6E,IndiGo,6E 6814,2026-09-07,7,economy,,,7318.0,False,07:15,ok,2026-09-01T04:05:25.050700+05:30,2026-09-01_0405IST,airline_direct,IndiGo
DEL,BOM,6E,IndiGo,6E 320,2026-09-07,7,business,,,24260.0,False,08:00,ok,2026-09-01T04:05:25.050700+05:30,2026-09-01_0405IST,airline_direct,IndiGo
DEL,BOM,6E,IndiGo,6E 320,2026-09-07,7,economy,,,7318.0,False,08:00,ok,2026-09-01T04:05:25.050700+05:30,2026-09-01_0405IST,airline_direct,IndiGo
DEL,BOM,6E,IndiGo,6E 5014,2026-09-07,7,economy,,,6179.0,False,18:30,ok,2026-09-01T04:05:25.050700+05:30,2026-09-01_0405IST,airline_direct,IndiGo
DEL,BOM,6E,IndiGo,6E 931,2026-09-07,7,economy,,,6179.0,False,19:35,ok,2026-09-01T04:05:25.050700+05:30,2026-09-01_0405IST,airline_direct,IndiGo
DEL,BOM,6E,IndiGo,6E 6018,2026-09-07,7,economy,,,6310.0,False,04:40,ok,2026-09-01T04:05:25.050700+05:30,2026-09-01_0405IST,airline_direct,IndiGo
DEL,BOM,6E,IndiGo,6E 6459,2026-09-07,7,economy,,,6310.0,False,05:55,ok,2026-09-01T04:05:25.050700+05:30,2026-09-01_0405IST,airline_direct,IndiGo
DEL,BOM,6E,IndiGo,6E 6443,2026-09-07,7,economy,,,6310.0,False,09:00,ok,2026-09-01T04:05:25.050700+05:30,2026-09-01_0405IST,airline_direct,IndiGo
DEL,BOM,6E,IndiGo,6E 2249,2026-09-07,7,economy,,,6310.0,False,15:00,ok,2026-09-01T04:05:25.050700+05:30,2026-09-01_0405IST,airline_direct,IndiGo
DEL,BOM,6E,IndiGo,6E 6829,2026-09-07,7,economy,,,6310.0,False,17:20,ok,2026-09-01T04:05:25.050700+05:30,2026-09-01_0405IST,airline_direct,IndiGo
DEL,BOM,6E,IndiGo,6E 6829,2026-09-07,7,economy,,,6310.0,False,17:20,ok,2026-09-01T04:05:25.050700+05:30,2026-09-01_0405IST,airline_direct,IndiGo
DEL,BOM,6E,IndiGo,6E 5138,2026-09-07,7,economy,,,6310.0,False,19:10,ok,2026-09-01T04:05:25.050700+05:30,2026-09-01_0405IST,airline_direct,IndiGo
DEL,BOM,6E,IndiGo,6E 2169,2026-09-07,7,economy,,,6310.0,False,19:40,ok,2026-09-01T04:05:25.050700+05:30,2026-09-01_0405IST,airline_direct,IndiGo
DEL,BOM,6E,IndiGo,6E 6050,2026-09-07,7,economy,,,6389.0,False,08:15,ok,2026-09-01T04:05:25.050700+05:30,2026-09-01_0405IST,airline_direct,IndiGo
DEL,BOM,6E,IndiGo,6E 5298,2026-09-07,7,economy,,,6389.0,False,09:00,ok,2026-09-01T04:05:25.050700+05:30,2026-09-01_0405IST,airline_direct,IndiGo
DEL,BOM,6E,IndiGo,6E 5038,2026-09-07,7,economy,,,6389.0,False,14:00,ok,2026-09-01T04:05:25.050700+05:30,2026-09-01_0405IST,airline_direct,IndiGo
DEL,BOM,6E,IndiGo,6E 2151,2026-09-07,7,economy,,,6389.0,False,19:45,ok,2026-09-01T04:05:25.050700+05:30,2026-09-01_0405IST,airline_direct,IndiGo
DEL,BOM,6E,IndiGo,6E 6479,2026-09-07,7,economy,,,6389.0,False,21:25,ok,2026-09-01T04:05:25.050700+05:30,2026-09-01_0405IST,airline_direct,IndiGo
DEL,BOM,6E,IndiGo,6E 6282,2026-09-07,7,business,,,36166.0,False,13:30,ok,2026-09-01T04:05:25.050700+05:30,2026-09-01_0405IST,airline_direct,IndiGo
DEL,BOM,6E,IndiGo,6E 6282,2026-09-07,7,economy,,,6520.0,False,13:30,ok,2026-09-01T04:05:25.050700+05:30,2026-09-01_0405IST,airline_direct,IndiGo
DEL,BOM,6E,IndiGo,6E 6282,2026-09-07,7,business,,,36166.0,False,13:30,ok,2026-09-01T04:05:25.050700+05:30,2026-09-01_0405IST,airline_direct,IndiGo
DEL,BOM,6E,IndiGo,6E 6282,2026-09-07,7,economy,,,6520.0,False,13:30,ok,2026-09-01T04:05:25.050700+05:30,2026-09-01_0405IST,airline_direct,IndiGo
DEL,BOM,6E,IndiGo,6E 6212,2026-09-07,7,business,,,36166.0,False,14:45,ok,2026-09-01T04:05:25.050700+05:30,2026-09-01_0405IST,airline_direct,IndiGo
DEL,BOM,6E,IndiGo,6E 6212,2026-09-07,7,economy,,,6520.0,False,14:45,ok,2026-09-01T04:05:25.050700+05:30,2026-09-01_0405IST,airline_direct,IndiGo
DEL,BOM,6E,IndiGo,6E 882,2026-09-07,7,economy,,,6520.0,False,23:15,ok,2026-09-01T04:05:25.050700+05:30,2026-09-01_0405IST,airline_direct,IndiGo
DEL,BOM,6E,IndiGo,6E 358,2026-09-07,7,economy,,,6599.0,False,12:15,ok,2026-09-01T04:05:25.050700+05:30,2026-09-01_0405IST,airline_direct,IndiGo
DEL,BOM,6E,IndiGo,6E 357,2026-09-07,7,economy,,,6599.0,False,19:30,ok,2026-09-01T04:05:25.050700+05:30,2026-09-01_0405IST,airline_direct,IndiGo
DEL,BOM,6E,IndiGo,6E 6433,2026-09-07,7,economy,,,6791.0,False,16:30,ok,2026-09-01T04:05:25.050700+05:30,2026-09-01_0405IST,airline_direct,IndiGo
DEL,BOM,6E,IndiGo,6E 5206,2026-09-07,7,economy,,,6869.0,False,13:20,ok,2026-09-01T04:05:25.050700+05:30,2026-09-01_0405IST,airline_direct,IndiGo
DEL,BOM,6E,IndiGo,6E 5033,2026-09-07,7,economy,,,7187.0,False,15:50,ok,2026-09-01T04:05:25.050700+05:30,2026-09-01_0405IST,airline_direct,IndiGo
DEL,BOM,6E,IndiGo,6E 2013,2026-09-07,7,economy,,,7767.0,False,21:50,ok,2026-09-01T04:05:25.050700+05:30,2026-09-01_0405IST,airline_direct,IndiGo
DEL,BOM,6E,IndiGo,6E 6569,2026-09-07,7,economy,,,7898.0,False,05:00,ok,2026-09-01T04:05:25.050700+05:30,2026-09-01_0405IST,airline_direct,IndiGo
DEL,BOM,6E,IndiGo,6E 6497,2026-09-07,7,economy,,,8108.0,False,18:40,ok,2026-09-01T04:05:25.050700+05:30,2026-09-01_0405IST,airline_direct,IndiGo
DEL,BOM,6E,IndiGo,6E 2383,2026-09-07,7,economy,,,8405.0,False,05:40,ok,2026-09-01T04:05:25.050700+05:30,2026-09-01_0405IST,airline_direct,IndiGo
DEL,BOM,6E,IndiGo,6E 2076,2026-09-07,7,economy,,,8405.0,False,07:30,ok,2026-09-01T04:05:25.050700+05:30,2026-09-01_0405IST,airline_direct,IndiGo
DEL,BOM,6E,IndiGo,6E 2298,2026-09-07,7,economy,,,8405.0,False,09:45,ok,2026-09-01T04:05:25.050700+05:30,2026-09-01_0405IST,airline_direct,IndiGo
DEL,BOM,6E,IndiGo,6E 5073,2026-09-07,7,economy,,,9618.0,False,17:05,ok,2026-09-01T04:05:25.050700+05:30,2026-09-01_0405IST,airline_direct,IndiGo
DEL,BOM,6E,IndiGo,6E 2381,2026-09-07,7,economy,,,10218.0,False,13:45,ok,2026-09-01T04:05:25.050700+05:30,2026-09-01_0405IST,airline_direct,IndiGo
DEL,BOM,6E,IndiGo,6E 2331,2026-09-07,7,economy,,,10752.0,False,12:20,ok,2026-09-01T04:05:25.050700+05:30,2026-09-01_0405IST,airline_direct,IndiGo
DEL,BOM,6E,IndiGo,6E 6488,2026-09-07,7,economy,,,11044.0,False,11:20,ok,2026-09-01T04:05:25.050700+05:30,2026-09-01_0405IST,airline_direct,IndiGo
DEL,BOM,6E,IndiGo,6E 6601,2026-09-07,7,business,,,36166.0,False,19:45,ok,2026-09-01T04:05:25.050700+05:30,2026-09-01_0405IST,airline_direct,IndiGo
DEL,BOM,6E,IndiGo,6E 6601,2026-09-07,7,economy,,,11187.0,False,19:45,ok,2026-09-01T04:05:25.050700+05:30,2026-09-01_0405IST,airline_direct,IndiGo
DEL,BOM,6E,IndiGo,6E 6983,2026-09-07,7,economy,,,11656.0,False,15:35,ok,2026-09-01T04:05:25.050700+05:30,2026-09-01_0405IST,airline_direct,IndiGo
DEL,BOM,6E,IndiGo,6E 6261,2026-09-07,7,economy,,,11931.0,False,00:15,ok,2026-09-01T04:05:25.050700+05:30,2026-09-01_0405IST,airline_direct,IndiGo
DEL,BOM,6E,IndiGo,6E 5119,2026-09-07,7,economy,,,12203.0,False,05:10,ok,2026-09-01T04:05:25.050700+05:30,2026-09-01_0405IST,airline_direct,IndiGo
DEL,BOM,6E,IndiGo,6E 6293,2026-09-07,7,business,,,36166.0,False,09:55,ok,2026-09-01T04:05:25.050700+05:30,2026-09-01_0405IST,airline_direct,IndiGo
DEL,BOM,6E,IndiGo,6E 6293,2026-09-07,7,economy,,,12631.0,False,09:55,ok,2026-09-01T04:05:25.050700+05:30,2026-09-01_0405IST,airline_direct,IndiGo
DEL,BOM,6E,IndiGo,6E 717,2026-09-07,7,business,,,36166.0,False,17:55,ok,2026-09-01T04:05:25.050700+05:30,2026-09-01_0405IST,airline_direct,IndiGo
DEL,BOM,6E,IndiGo,6E 717,2026-09-07,7,economy,,,12777.0,False,17:55,ok,2026-09-01T04:05:25.050700+05:30,2026-09-01_0405IST,airline_direct,IndiGo
DEL,BOM,6E,IndiGo,6E 2341,2026-09-07,7,economy,,,12831.0,False,14:50,ok,2026-09-01T04:05:25.050700+05:30,2026-09-01_0405IST,airline_direct,IndiGo
DEL,BOM,6E,IndiGo,6E 5073,2026-09-07,7,economy,,,12831.0,False,17:05,ok,2026-09-01T04:05:25.050700+05:30,2026-09-01_0405IST,airline_direct,IndiGo
DEL,BOM,6E,IndiGo,6E 5119,2026-09-07,7,economy,,,13414.0,False,05:10,ok,2026-09-01T04:05:25.050700+05:30,2026-09-01_0405IST,airline_direct,IndiGo
DEL,BOM,6E,IndiGo,6E 704,2026-09-07,7,business,,,36166.0,False,02:25,ok,2026-09-01T04:05:25.050700+05:30,2026-09-01_0405IST,airline_direct,IndiGo
DEL,BOM,6E,IndiGo,6E 704,2026-09-07,7,economy,,,14225.0,False,02:25,ok,2026-09-01T04:05:25.050700+05:30,2026-09-01_0405IST,airline_direct,IndiGo
DEL,BOM,6E,IndiGo,6E 705,2026-09-07,7,business,,,36166.0,False,08:30,ok,2026-09-01T04:05:25.050700+05:30,2026-09-01_0405IST,airline_direct,IndiGo
DEL,BOM,6E,IndiGo,6E 705,2026-09-07,7,economy,,,20223.0,False,08:30,ok,2026-09-01T04:05:25.050700+05:30,2026-09-01_0405IST,airline_direct,IndiGo
DEL,BLR,6E,IndiGo,6E 846,2026-09-07,7,business,,,29942.0,False,22:00,ok,2026-09-01T04:06:35.920791+05:30,2026-09-01_0406IST,airline_direct,IndiGo
DEL,BLR,6E,IndiGo,6E 846,2026-09-07,7,economy,,,8671.0,False,22:00,ok,2026-09-01T04:06:35.920791+05:30,2026-09-01_0406IST,airline_direct,IndiGo
DEL,BLR,6E,IndiGo,6E 871,2026-09-07,7,business,,,29942.0,False,23:30,ok,2026-09-01T04:06:35.920791+05:30,2026-09-01_0406IST,airline_direct,IndiGo
DEL,BLR,6E,IndiGo,6E 871,2026-09-07,7,economy,,,8671.0,False,23:30,ok,2026-09-01T04:06:35.920791+05:30,2026-09-01_0406IST,airline_direct,IndiGo
DEL,BLR,6E,IndiGo,6E 6515,2026-09-07,7,business,,,29942.0,False,20:45,ok,2026-09-01T04:06:35.920791+05:30,2026-09-01_0406IST,airline_direct,IndiGo
DEL,BLR,6E,IndiGo,6E 6515,2026-09-07,7,economy,,,9128.0,False,20:45,ok,2026-09-01T04:06:35.920791+05:30,2026-09-01_0406IST,airline_direct,IndiGo
DEL,BLR,6E,IndiGo,6E 861,2026-09-07,7,business,,,29942.0,False,19:30,ok,2026-09-01T04:06:35.920791+05:30,2026-09-01_0406IST,airline_direct,IndiGo
DEL,BLR,6E,IndiGo,6E 861,2026-09-07,7,economy,,,9613.0,False,19:30,ok,2026-09-01T04:06:35.920791+05:30,2026-09-01_0406IST,airline_direct,IndiGo
DEL,BLR,6E,IndiGo,6E 828,2026-09-07,7,business,,,29942.0,False,14:30,ok,2026-09-01T04:06:35.920791+05:30,2026-09-01_0406IST,airline_direct,IndiGo
DEL,BLR,6E,IndiGo,6E 828,2026-09-07,7,economy,,,10128.0,False,14:30,ok,2026-09-01T04:06:35.920791+05:30,2026-09-01_0406IST,airline_direct,IndiGo
DEL,BLR,6E,IndiGo,6E 880,2026-09-07,7,business,,,29942.0,False,15:45,ok,2026-09-01T04:06:35.920791+05:30,2026-09-01_0406IST,airline_direct,IndiGo
DEL,BLR,6E,IndiGo,6E 880,2026-09-07,7,economy,,,10128.0,False,15:45,ok,2026-09-01T04:06:35.920791+05:30,2026-09-01_0406IST,airline_direct,IndiGo
DEL,BLR,6E,IndiGo,6E 837,2026-09-07,7,business,,,29942.0,False,17:00,ok,2026-09-01T04:06:35.920791+05:30,2026-09-01_0406IST,airline_direct,IndiGo
DEL,BLR,6E,IndiGo,6E 837,2026-09-07,7,economy,,,10128.0,False,17:00,ok,2026-09-01T04:06:35.920791+05:30,2026-09-01_0406IST,airline_direct,IndiGo
DEL,BLR,6E,IndiGo,6E 811,2026-09-07,7,business,,,29942.0,False,18:20,ok,2026-09-01T04:06:35.920791+05:30,2026-09-01_0406IST,airline_direct,IndiGo
DEL,BLR,6E,IndiGo,6E 811,2026-09-07,7,economy,,,10128.0,False,18:20,ok,2026-09-01T04:06:35.920791+05:30,2026-09-01_0406IST,airline_direct,IndiGo
DEL,BLR,6E,IndiGo,6E 826,2026-09-07,7,business,,,29942.0,False,09:30,ok,2026-09-01T04:06:35.920791+05:30,2026-09-01_0406IST,airline_direct,IndiGo
DEL,BLR,6E,IndiGo,6E 826,2026-09-07,7,economy,,,10675.0,False,09:30,ok,2026-09-01T04:06:35.920791+05:30,2026-09-01_0406IST,airline_direct,IndiGo
DEL,BLR,6E,IndiGo,6E 842,2026-09-07,7,business,,,29942.0,False,10:45,ok,2026-09-01T04:06:35.920791+05:30,2026-09-01_0406IST,airline_direct,IndiGo
DEL,BLR,6E,IndiGo,6E 842,2026-09-07,7,economy,,,10675.0,False,10:45,ok,2026-09-01T04:06:35.920791+05:30,2026-09-01_0406IST,airline_direct,IndiGo
DEL,BLR,6E,IndiGo,6E 850,2026-09-07,7,business,,,29942.0,False,12:20,ok,2026-09-01T04:06:35.920791+05:30,2026-09-01_0406IST,airline_direct,IndiGo
DEL,BLR,6E,IndiGo,6E 850,2026-09-07,7,economy,,,10675.0,False,12:20,ok,2026-09-01T04:06:35.920791+05:30,2026-09-01_0406IST,airline_direct,IndiGo
DEL,BLR,6E,IndiGo,6E 176,2026-09-07,7,business,,,29942.0,False,13:15,ok,2026-09-01T04:06:35.920791+05:30,2026-09-01_0406IST,airline_direct,IndiGo
DEL,BLR,6E,IndiGo,6E 176,2026-09-07,7,economy,,,10675.0,False,13:15,ok,2026-09-01T04:06:35.920791+05:30,2026-09-01_0406IST,airline_direct,IndiGo
DEL,BLR,6E,IndiGo,6E 2314,2026-09-07,7,business,,,29942.0,False,05:45,ok,2026-09-01T04:06:35.920791+05:30,2026-09-01_0406IST,airline_direct,IndiGo
DEL,BLR,6E,IndiGo,6E 2314,2026-09-07,7,economy,,,11257.0,False,05:45,ok,2026-09-01T04:06:35.920791+05:30,2026-09-01_0406IST,airline_direct,IndiGo
DEL,BLR,6E,IndiGo,6E 810,2026-09-07,7,business,,,29942.0,False,07:05,ok,2026-09-01T04:06:35.920791+05:30,2026-09-01_0406IST,airline_direct,IndiGo
DEL,BLR,6E,IndiGo,6E 810,2026-09-07,7,economy,,,11257.0,False,07:05,ok,2026-09-01T04:06:35.920791+05:30,2026-09-01_0406IST,airline_direct,IndiGo
DEL,BLR,6E,IndiGo,6E 820,2026-09-07,7,business,,,29942.0,False,03:00,ok,2026-09-01T04:06:35.920791+05:30,2026-09-01_0406IST,airline_direct,IndiGo
DEL,BLR,6E,IndiGo,6E 820,2026-09-07,7,economy,,,11873.0,False,03:00,ok,2026-09-01T04:06:35.920791+05:30,2026-09-01_0406IST,airline_direct,IndiGo
DEL,BLR,6E,IndiGo,6E 873,2026-09-07,7,business,,,29942.0,False,08:20,ok,2026-09-01T04:06:35.920791+05:30,2026-09-01_0406IST,airline_direct,IndiGo
DEL,BLR,6E,IndiGo,6E 873,2026-09-07,7,economy,,,13964.0,False,08:20,ok,2026-09-01T04:06:35.920791+05:30,2026-09-01_0406IST,airline_direct,IndiGo
DEL,BLR,6E,IndiGo,6E 6212,2026-09-07,7,business,,,27917.0,False,14:45,ok,2026-09-01T04:06:35.920791+05:30,2026-09-01_0406IST,airline_direct,IndiGo
DEL,BLR,6E,IndiGo,6E 6212,2026-09-07,7,economy,,,10042.0,False,14:45,ok,2026-09-01T04:06:35.920791+05:30,2026-09-01_0406IST,airline_direct,IndiGo
DEL,BLR,6E,IndiGo,6E 6282,2026-09-07,7,business,,,29260.0,False,13:30,ok,2026-09-01T04:06:35.920791+05:30,2026-09-01_0406IST,airline_direct,IndiGo
DEL,BLR,6E,IndiGo,6E 6282,2026-09-07,7,economy,,,10225.0,False,13:30,ok,2026-09-01T04:06:35.920791+05:30,2026-09-01_0406IST,airline_direct,IndiGo
DEL,BLR,6E,IndiGo,6E 6217,2026-09-07,7,business,,,28321.0,False,16:15,ok,2026-09-01T04:06:35.920791+05:30,2026-09-01_0406IST,airline_direct,IndiGo
DEL,BLR,6E,IndiGo,6E 6217,2026-09-07,7,economy,,,10225.0,False,16:15,ok,2026-09-01T04:06:35.920791+05:30,2026-09-01_0406IST,airline_direct,IndiGo
DEL,BLR,6E,IndiGo,6E 717,2026-09-07,7,business,,,29260.0,False,17:55,ok,2026-09-01T04:06:35.920791+05:30,2026-09-01_0406IST,airline_direct,IndiGo
DEL,BLR,6E,IndiGo,6E 717,2026-09-07,7,economy,,,10225.0,False,17:55,ok,2026-09-01T04:06:35.920791+05:30,2026-09-01_0406IST,airline_direct,IndiGo
DEL,BLR,6E,IndiGo,6E 5119,2026-09-07,7,economy,,,10357.0,False,05:10,ok,2026-09-01T04:06:35.920791+05:30,2026-09-01_0406IST,airline_direct,IndiGo
DEL,BLR,6E,IndiGo,6E 6459,2026-09-07,7,economy,,,10357.0,False,05:55,ok,2026-09-01T04:06:35.920791+05:30,2026-09-01_0406IST,airline_direct,IndiGo
DEL,BLR,6E,IndiGo,6E 6470,2026-09-07,7,economy,,,10357.0,False,06:55,ok,2026-09-01T04:06:35.920791+05:30,2026-09-01_0406IST,airline_direct,IndiGo
DEL,BLR,6E,IndiGo,6E 6022,2026-09-07,7,business,,,40536.0,False,14:00,ok,2026-09-01T04:06:35.920791+05:30,2026-09-01_0406IST,airline_direct,IndiGo
DEL,BLR,6E,IndiGo,6E 6022,2026-09-07,7,economy,,,10357.0,False,14:00,ok,2026-09-01T04:06:35.920791+05:30,2026-09-01_0406IST,airline_direct,IndiGo
DEL,BLR,6E,IndiGo,6E 2557,2026-09-07,7,economy,,,10357.0,False,15:20,ok,2026-09-01T04:06:35.920791+05:30,2026-09-01_0406IST,airline_direct,IndiGo
DEL,BLR,6E,IndiGo,6E 6437,2026-09-07,7,business,,,31048.0,False,16:25,ok,2026-09-01T04:06:35.920791+05:30,2026-09-01_0406IST,airline_direct,IndiGo
DEL,BLR,6E,IndiGo,6E 6437,2026-09-07,7,economy,,,10357.0,False,16:25,ok,2026-09-01T04:06:35.920791+05:30,2026-09-01_0406IST,airline_direct,IndiGo
DEL,BLR,6E,IndiGo,6E 6706,2026-09-07,7,business,,,40536.0,False,17:00,ok,2026-09-01T04:06:35.920791+05:30,2026-09-01_0406IST,airline_direct,IndiGo
DEL,BLR,6E,IndiGo,6E 6706,2026-09-07,7,economy,,,10357.0,False,17:00,ok,2026-09-01T04:06:35.920791+05:30,2026-09-01_0406IST,airline_direct,IndiGo
DEL,BLR,6E,IndiGo,6E 5073,2026-09-07,7,economy,,,10357.0,False,17:05,ok,2026-09-01T04:06:35.920791+05:30,2026-09-01_0406IST,airline_direct,IndiGo
DEL,BLR,6E,IndiGo,6E 329,2026-09-07,7,business,,,40536.0,False,18:00,ok,2026-09-01T04:06:35.920791+05:30,2026-09-01_0406IST,airline_direct,IndiGo
DEL,BLR,6E,IndiGo,6E 329,2026-09-07,7,economy,,,10357.0,False,18:00,ok,2026-09-01T04:06:35.920791+05:30,2026-09-01_0406IST,airline_direct,IndiGo
DEL,BLR,6E,IndiGo,6E 329,2026-09-07,7,business,,,40536.0,False,18:00,ok,2026-09-01T04:06:35.920791+05:30,2026-09-01_0406IST,airline_direct,IndiGo
DEL,BLR,6E,IndiGo,6E 329,2026-09-07,7,economy,,,10357.0,False,18:00,ok,2026-09-01T04:06:35.920791+05:30,2026-09-01_0406IST,airline_direct,IndiGo
DEL,BLR,6E,IndiGo,6E 931,2026-09-07,7,economy,,,10357.0,False,19:35,ok,2026-09-01T04:06:35.920791+05:30,2026-09-01_0406IST,airline_direct,IndiGo
DEL,BLR,6E,IndiGo,6E 853,2026-09-07,7,business,,,40536.0,False,20:45,ok,2026-09-01T04:06:35.920791+05:30,2026-09-01_0406IST,airline_direct,IndiGo
DEL,BLR,6E,IndiGo,6E 853,2026-09-07,7,economy,,,10357.0,False,20:45,ok,2026-09-01T04:06:35.920791+05:30,2026-09-01_0406IST,airline_direct,IndiGo
DEL,BLR,6E,IndiGo,6E 6673,2026-09-07,7,economy,,,10357.0,False,21:15,ok,2026-09-01T04:06:35.920791+05:30,2026-09-01_0406IST,airline_direct,IndiGo
DEL,BLR,6E,IndiGo,6E 2618,2026-09-07,7,business,,,26999.0,False,23:00,ok,2026-09-01T04:06:35.920791+05:30,2026-09-01_0406IST,airline_direct,IndiGo
DEL,BLR,6E,IndiGo,6E 2618,2026-09-07,7,economy,,,10357.0,False,23:00,ok,2026-09-01T04:06:35.920791+05:30,2026-09-01_0406IST,airline_direct,IndiGo
DEL,BLR,6E,IndiGo,6E 940,2026-09-07,7,economy,,,10435.0,False,09:15,ok,2026-09-01T04:06:35.920791+05:30,2026-09-01_0406IST,airline_direct,IndiGo
DEL,BLR,6E,IndiGo,6E 434,2026-09-07,7,economy,,,10435.0,False,11:00,ok,2026-09-01T04:06:35.920791+05:30,2026-09-01_0406IST,airline_direct,IndiGo
DEL,BLR,6E,IndiGo,6E 358,2026-09-07,7,economy,,,10435.0,False,12:15,ok,2026-09-01T04:06:35.920791+05:30,2026-09-01_0406IST,airline_direct,IndiGo
DEL,BLR,6E,IndiGo,6E 5038,2026-09-07,7,economy,,,10435.0,False,14:00,ok,2026-09-01T04:06:35.920791+05:30,2026-09-01_0406IST,airline_direct,IndiGo
DEL,BLR,6E,IndiGo,6E 6091,2026-09-07,7,economy,,,10435.0,False,15:15,ok,2026-09-01T04:06:35.920791+05:30,2026-09-01_0406IST,airline_direct,IndiGo
DEL,BLR,6E,IndiGo,6E 947,2026-09-07,7,economy,,,10435.0,False,16:40,ok,2026-09-01T04:06:35.920791+05:30,2026-09-01_0406IST,airline_direct,IndiGo
DEL,BLR,6E,IndiGo,6E 6632,2026-09-07,7,economy,,,10435.0,False,17:50,ok,2026-09-01T04:06:35.920791+05:30,2026-09-01_0406IST,airline_direct,IndiGo
DEL,BLR,6E,IndiGo,6E 950,2026-09-07,7,economy,,,10435.0,False,18:15,ok,2026-09-01T04:06:35.920791+05:30,2026-09-01_0406IST,airline_direct,IndiGo
DEL,BLR,6E,IndiGo,6E 2151,2026-09-07,7,economy,,,10435.0,False,19:45,ok,2026-09-01T04:06:35.920791+05:30,2026-09-01_0406IST,airline_direct,IndiGo
DEL,BLR,6E,IndiGo,6E 6497,2026-09-07,7,economy,,,10567.0,False,18:40,ok,2026-09-01T04:06:35.920791+05:30,2026-09-01_0406IST,airline_direct,IndiGo
DEL,BLR,6E,IndiGo,6E 5001,2026-09-07,7,economy,,,10593.0,False,17:10,ok,2026-09-01T04:06:35.920791+05:30,2026-09-01_0406IST,airline_direct,IndiGo
DEL,BLR,6E,IndiGo,6E 5191,2026-09-07,7,business,,,35470.0,False,05:00,ok,2026-09-01T04:06:35.920791+05:30,2026-09-01_0406IST,airline_direct,IndiGo
DEL,BLR,6E,IndiGo,6E 5191,2026-09-07,7,economy,,,10777.0,False,05:00,ok,2026-09-01T04:06:35.920791+05:30,2026-09-01_0406IST,airline_direct,IndiGo
DEL,BLR,6E,IndiGo,6E 6476,2026-09-07,7,economy,,,11217.0,False,07:05,ok,2026-09-01T04:06:35.920791+05:30,2026-09-01_0406IST,airline_direct,IndiGo
DEL,BLR,6E,IndiGo,6E 6115,2026-09-07,7,economy,,,11217.0,False,13:10,ok,2026-09-01T04:06:35.920791+05:30,2026-09-01_0406IST,airline_direct,IndiGo
DEL,BLR,6E,IndiGo,6E 5033,2026-09-07,7,economy,,,11217.0,False,15:50,ok,2026-09-01T04:06:35.920791+05:30,2026-09-01_0406IST,airline_direct,IndiGo
DEL,BLR,6E,IndiGo,6E 884,2026-09-07,7,business,,,29260.0,False,11:45,ok,2026-09-01T04:06:35.920791+05:30,2026-09-01_0406IST,airline_direct,IndiGo
DEL,BLR,6E,IndiGo,6E 884,2026-09-07,7,economy,,,11551.0,False,11:45,ok,2026-09-01T04:06:35.920791+05:30,2026-09-01_0406IST,airline_direct,IndiGo
DEL,BLR,6E,IndiGo,6E 6433,2026-09-07,7,economy,,,11779.0,False,16:30,ok,2026-09-01T04:06:35.920791+05:30,2026-09-01_0406IST,airline_direct,IndiGo
DEL,BLR,6E,IndiGo,6E 2277,2026-09-07,7,economy,,,12998.0,False,10:25,ok,2026-09-01T04:06:35.920791+05:30,2026-09-01_0406IST,airline_direct,IndiGo
DEL,BLR,6E,IndiGo,6E 2349,2026-09-07,7,economy,,,13048.0,False,10:55,ok,2026-09-01T04:06:35.920791+05:30,2026-09-01_0406IST,airline_direct,IndiGo
DEL,BLR,6E,IndiGo,6E 320,2026-09-07,7,business,,,40536.0,False,08:00,ok,2026-09-01T04:06:35.920791+05:30,2026-09-01_0406IST,airline_direct,IndiGo
DEL,BLR,6E,IndiGo,6E 320,2026-09-07,7,economy,,,13157.0,False,08:00,ok,2026-09-01T04:06:35.920791+05:30,2026-09-01_0406IST,airline_direct,IndiGo
DEL,BLR,6E,IndiGo,6E 2343,2026-09-07,7,business,,,29057.0,False,02:20,ok,2026-09-01T04:06:35.920791+05:30,2026-09-01_0406IST,airline_direct,IndiGo
DEL,BLR,6E,IndiGo,6E 2343,2026-09-07,7,economy,,,13212.0,False,02:20,ok,2026-09-01T04:06:35.920791+05:30,2026-09-01_0406IST,airline_direct,IndiGo
DEL,BLR,6E,IndiGo,6E 513,2026-09-07,7,business,,,35470.0,False,08:30,ok,2026-09-01T04:06:35.920791+05:30,2026-09-01_0406IST,airline_direct,IndiGo
DEL,BLR,6E,IndiGo,6E 513,2026-09-07,7,economy,,,13340.0,False,08:30,ok,2026-09-01T04:06:35.920791+05:30,2026-09-01_0406IST,airline_direct,IndiGo
DEL,BLR,6E,IndiGo,6E 6293,2026-09-07,7,business,,,30402.0,False,09:55,ok,2026-09-01T04:06:35.920791+05:30,2026-09-01_0406IST,airline_direct,IndiGo
DEL,BLR,6E,IndiGo,6E 6293,2026-09-07,7,economy,,,13622.0,False,09:55,ok,2026-09-01T04:06:35.920791+05:30,2026-09-01_0406IST,airline_direct,IndiGo
DEL,BLR,6E,IndiGo,6E 704,2026-09-07,7,business,,,31064.0,False,02:25,ok,2026-09-01T04:06:35.920791+05:30,2026-09-01_0406IST,airline_direct,IndiGo
DEL,BLR,6E,IndiGo,6E 704,2026-09-07,7,economy,,,13991.0,False,02:25,ok,2026-09-01T04:06:35.920791+05:30,2026-09-01_0406IST,airline_direct,IndiGo
DEL,BLR,6E,IndiGo,6E 6829,2026-09-07,7,economy,,,14541.0,False,17:20,ok,2026-09-01T04:06:35.920791+05:30,2026-09-01_0406IST,airline_direct,IndiGo
DEL,BLR,6E,IndiGo,6E 2364,2026-09-07,7,economy,,,17835.0,False,04:50,ok,2026-09-01T04:06:35.920791+05:30,2026-09-01_0406IST,airline_direct,IndiGo
BOM,BLR,6E,IndiGo,6E 5323,2026-09-07,7,business,,,22488.0,False,01:10,ok,2026-09-01T04:07:41.497089+05:30,2026-09-01_0407IST,airline_direct,IndiGo
BOM,BLR,6E,IndiGo,6E 5323,2026-09-07,7,economy,,,5721.0,False,01:10,ok,2026-09-01T04:07:41.497089+05:30,2026-09-01_0407IST,airline_direct,IndiGo
BOM,BLR,6E,IndiGo,6E 5294,2026-09-07,7,business,,,22488.0,False,04:30,ok,2026-09-01T04:07:41.497089+05:30,2026-09-01_0407IST,airline_direct,IndiGo
BOM,BLR,6E,IndiGo,6E 5294,2026-09-07,7,economy,,,6141.0,False,04:30,ok,2026-09-01T04:07:41.497089+05:30,2026-09-01_0407IST,airline_direct,IndiGo
BOM,BLR,6E,IndiGo,6E 5296,2026-09-07,7,business,,,22488.0,False,06:30,ok,2026-09-01T04:07:41.497089+05:30,2026-09-01_0407IST,airline_direct,IndiGo
BOM,BLR,6E,IndiGo,6E 5296,2026-09-07,7,economy,,,6747.0,False,06:30,ok,2026-09-01T04:07:41.497089+05:30,2026-09-01_0407IST,airline_direct,IndiGo
BOM,BLR,6E,IndiGo,6E 5092,2026-09-07,7,business,,,22488.0,False,09:50,ok,2026-09-01T04:07:41.497089+05:30,2026-09-01_0407IST,airline_direct,IndiGo
BOM,BLR,6E,IndiGo,6E 5092,2026-09-07,7,economy,,,6747.0,False,09:50,ok,2026-09-01T04:07:41.497089+05:30,2026-09-01_0407IST,airline_direct,IndiGo
BOM,BLR,6E,IndiGo,6E 5217,2026-09-07,7,business,,,22488.0,False,11:00,ok,2026-09-01T04:07:41.497089+05:30,2026-09-01_0407IST,airline_direct,IndiGo
BOM,BLR,6E,IndiGo,6E 5217,2026-09-07,7,economy,,,6747.0,False,11:00,ok,2026-09-01T04:07:41.497089+05:30,2026-09-01_0407IST,airline_direct,IndiGo
BOM,BLR,6E,IndiGo,6E 5184,2026-09-07,7,business,,,22488.0,False,12:30,ok,2026-09-01T04:07:41.497089+05:30,2026-09-01_0407IST,airline_direct,IndiGo
BOM,BLR,6E,IndiGo,6E 5184,2026-09-07,7,economy,,,6747.0,False,12:30,ok,2026-09-01T04:07:41.497089+05:30,2026-09-01_0407IST,airline_direct,IndiGo
BOM,BLR,6E,IndiGo,6E 5382,2026-09-07,7,business,,,22488.0,False,14:30,ok,2026-09-01T04:07:41.497089+05:30,2026-09-01_0407IST,airline_direct,IndiGo
BOM,BLR,6E,IndiGo,6E 5382,2026-09-07,7,economy,,,6747.0,False,14:30,ok,2026-09-01T04:07:41.497089+05:30,2026-09-01_0407IST,airline_direct,IndiGo
BOM,BLR,6E,IndiGo,6E 5221,2026-09-07,7,business,,,22488.0,False,17:00,ok,2026-09-01T04:07:41.497089+05:30,2026-09-01_0407IST,airline_direct,IndiGo
BOM,BLR,6E,IndiGo,6E 5221,2026-09-07,7,economy,,,6747.0,False,17:00,ok,2026-09-01T04:07:41.497089+05:30,2026-09-01_0407IST,airline_direct,IndiGo
BOM,BLR,6E,IndiGo,6E 5047,2026-09-07,7,business,,,22488.0,False,18:30,ok,2026-09-01T04:07:41.497089+05:30,2026-09-01_0407IST,airline_direct,IndiGo
BOM,BLR,6E,IndiGo,6E 5047,2026-09-07,7,economy,,,6747.0,False,18:30,ok,2026-09-01T04:07:41.497089+05:30,2026-09-01_0407IST,airline_direct,IndiGo
BOM,BLR,6E,IndiGo,6E 6188,2026-09-07,7,business,,,22488.0,False,21:30,ok,2026-09-01T04:07:41.497089+05:30,2026-09-01_0407IST,airline_direct,IndiGo
BOM,BLR,6E,IndiGo,6E 6188,2026-09-07,7,economy,,,6747.0,False,21:30,ok,2026-09-01T04:07:41.497089+05:30,2026-09-01_0407IST,airline_direct,IndiGo
BOM,BLR,6E,IndiGo,6E 5388,2026-09-07,7,business,,,22488.0,False,22:20,ok,2026-09-01T04:07:41.497089+05:30,2026-09-01_0407IST,airline_direct,IndiGo
BOM,BLR,6E,IndiGo,6E 5388,2026-09-07,7,economy,,,6747.0,False,22:20,ok,2026-09-01T04:07:41.497089+05:30,2026-09-01_0407IST,airline_direct,IndiGo
BOM,BLR,6E,IndiGo,6E 5193,2026-09-07,7,economy,,,7062.0,False,08:05,ok,2026-09-01T04:07:41.497089+05:30,2026-09-01_0407IST,airline_direct,IndiGo
BOM,BLR,6E,IndiGo,6E 261,2026-09-07,7,economy,,,6161.0,False,11:20,ok,2026-09-01T04:07:41.497089+05:30,2026-09-01_0407IST,airline_direct,IndiGo
BOM,BLR,6E,IndiGo,6E 5386,2026-09-07,7,business,,,24919.0,False,15:10,ok,2026-09-01T04:07:41.497089+05:30,2026-09-01_0407IST,airline_direct,IndiGo
BOM,BLR,6E,IndiGo,6E 5386,2026-09-07,7,economy,,,6293.0,False,15:10,ok,2026-09-01T04:07:41.497089+05:30,2026-09-01_0407IST,airline_direct,IndiGo
BOM,BLR,6E,IndiGo,6E 5386,2026-09-07,7,business,,,23576.0,False,15:10,ok,2026-09-01T04:07:41.497089+05:30,2026-09-01_0407IST,airline_direct,IndiGo
BOM,BLR,6E,IndiGo,6E 5386,2026-09-07,7,economy,,,6293.0,False,15:10,ok,2026-09-01T04:07:41.497089+05:30,2026-09-01_0407IST,airline_direct,IndiGo
BOM,BLR,6E,IndiGo,6E 5386,2026-09-07,7,business,,,23981.0,False,15:10,ok,2026-09-01T04:07:41.497089+05:30,2026-09-01_0407IST,airline_direct,IndiGo
BOM,BLR,6E,IndiGo,6E 5386,2026-09-07,7,economy,,,6293.0,False,15:10,ok,2026-09-01T04:07:41.497089+05:30,2026-09-01_0407IST,airline_direct,IndiGo
BOM,BLR,6E,IndiGo,6E 5386,2026-09-07,7,business,,,24919.0,False,15:10,ok,2026-09-01T04:07:41.497089+05:30,2026-09-01_0407IST,airline_direct,IndiGo
BOM,BLR,6E,IndiGo,6E 5386,2026-09-07,7,economy,,,6293.0,False,15:10,ok,2026-09-01T04:07:41.497089+05:30,2026-09-01_0407IST,airline_direct,IndiGo
BOM,BLR,6E,IndiGo,6E 5228,2026-09-07,7,business,,,23981.0,False,16:45,ok,2026-09-01T04:07:41.497089+05:30,2026-09-01_0407IST,airline_direct,IndiGo
BOM,BLR,6E,IndiGo,6E 5228,2026-09-07,7,economy,,,6293.0,False,16:45,ok,2026-09-01T04:07:41.497089+05:30,2026-09-01_0407IST,airline_direct,IndiGo
BOM,BLR,6E,IndiGo,6E 5228,2026-09-07,7,business,,,24919.0,False,16:45,ok,2026-09-01T04:07:41.497089+05:30,2026-09-01_0407IST,airline_direct,IndiGo
BOM,BLR,6E,IndiGo,6E 5228,2026-09-07,7,economy,,,6293.0,False,16:45,ok,2026-09-01T04:07:41.497089+05:30,2026-09-01_0407IST,airline_direct,IndiGo
BOM,BLR,6E,IndiGo,6E 136,2026-09-07,7,economy,,,6503.0,False,04:05,ok,2026-09-01T04:07:41.497089+05:30,2026-09-01_0407IST,airline_direct,IndiGo
BOM,BLR,6E,IndiGo,6E 136,2026-09-07,7,economy,,,6503.0,False,04:05,ok,2026-09-01T04:07:41.497089+05:30,2026-09-01_0407IST,airline_direct,IndiGo
BOM,BLR,6E,IndiGo,6E 136,2026-09-07,7,economy,,,6503.0,False,04:05,ok,2026-09-01T04:07:41.497089+05:30,2026-09-01_0407IST,airline_direct,IndiGo
BOM,BLR,6E,IndiGo,6E 6701,2026-09-07,7,economy,,,6503.0,False,05:35,ok,2026-09-01T04:07:41.497089+05:30,2026-09-01_0407IST,airline_direct,IndiGo
BOM,BLR,6E,IndiGo,6E 6701,2026-09-07,7,economy,,,6503.0,False,05:35,ok,2026-09-01T04:07:41.497089+05:30,2026-09-01_0407IST,airline_direct,IndiGo
BOM,BLR,6E,IndiGo,6E 5204,2026-09-07,7,economy,,,6503.0,False,08:15,ok,2026-09-01T04:07:41.497089+05:30,2026-09-01_0407IST,airline_direct,IndiGo
BOM,BLR,6E,IndiGo,6E 5109,2026-09-07,7,economy,,,6503.0,False,09:35,ok,2026-09-01T04:07:41.497089+05:30,2026-09-01_0407IST,airline_direct,IndiGo
BOM,BLR,6E,IndiGo,6E 5313,2026-09-07,7,economy,,,6503.0,False,09:50,ok,2026-09-01T04:07:41.497089+05:30,2026-09-01_0407IST,airline_direct,IndiGo
BOM,BLR,6E,IndiGo,6E 5313,2026-09-07,7,economy,,,6503.0,False,09:50,ok,2026-09-01T04:07:41.497089+05:30,2026-09-01_0407IST,airline_direct,IndiGo
BOM,BLR,6E,IndiGo,6E 6349,2026-09-07,7,economy,,,6503.0,False,11:40,ok,2026-09-01T04:07:41.497089+05:30,2026-09-01_0407IST,airline_direct,IndiGo
BOM,BLR,6E,IndiGo,6E 673,2026-09-07,7,economy,,,6503.0,False,12:30,ok,2026-09-01T04:07:41.497089+05:30,2026-09-01_0407IST,airline_direct,IndiGo
BOM,BLR,6E,IndiGo,6E 673,2026-09-07,7,economy,,,6503.0,False,12:30,ok,2026-09-01T04:07:41.497089+05:30,2026-09-01_0407IST,airline_direct,IndiGo
BOM,BLR,6E,IndiGo,6E 5337,2026-09-07,7,economy,,,6503.0,False,13:45,ok,2026-09-01T04:07:41.497089+05:30,2026-09-01_0407IST,airline_direct,IndiGo
BOM,BLR,6E,IndiGo,6E 240,2026-09-07,7,economy,,,6503.0,False,15:45,ok,2026-09-01T04:07:41.497089+05:30,2026-09-01_0407IST,airline_direct,IndiGo
BOM,BLR,6E,IndiGo,6E 437,2026-09-07,7,economy,,,6503.0,False,17:10,ok,2026-09-01T04:07:41.497089+05:30,2026-09-01_0407IST,airline_direct,IndiGo
BOM,BLR,6E,IndiGo,6E 5048,2026-09-07,7,economy,,,6503.0,False,17:25,ok,2026-09-01T04:07:41.497089+05:30,2026-09-01_0407IST,airline_direct,IndiGo
BOM,BLR,6E,IndiGo,6E 6361,2026-09-07,7,economy,,,6642.0,False,05:00,ok,2026-09-01T04:07:41.497089+05:30,2026-09-01_0407IST,airline_direct,IndiGo
BOM,BLR,6E,IndiGo,6E 5188,2026-09-07,7,economy,,,6983.0,False,06:15,ok,2026-09-01T04:07:41.497089+05:30,2026-09-01_0407IST,airline_direct,IndiGo
BOM,BLR,6E,IndiGo,6E 5196,2026-09-07,7,economy,,,6983.0,False,15:25,ok,2026-09-01T04:07:41.497089+05:30,2026-09-01_0407IST,airline_direct,IndiGo
BOM,BLR,6E,IndiGo,6E 5196,2026-09-07,7,economy,,,6983.0,False,15:25,ok,2026-09-01T04:07:41.497089+05:30,2026-09-01_0407IST,airline_direct,IndiGo
BOM,BLR,6E,IndiGo,6E 261,2026-09-07,7,economy,,,7169.0,False,11:20,ok,2026-09-01T04:07:41.497089+05:30,2026-09-01_0407IST,airline_direct,IndiGo
BOM,BLR,6E,IndiGo,6E 5082,2026-09-07,7,economy,,,7169.0,False,18:05,ok,2026-09-01T04:07:41.497089+05:30,2026-09-01_0407IST,airline_direct,IndiGo
BOM,BLR,6E,IndiGo,6E 6187,2026-09-07,7,economy,,,7301.0,False,00:30,ok,2026-09-01T04:07:41.497089+05:30,2026-09-01_0407IST,airline_direct,IndiGo
BOM,BLR,6E,IndiGo,6E 5178,2026-09-07,7,business,,,24919.0,False,11:45,ok,2026-09-01T04:07:41.497089+05:30,2026-09-01_0407IST,airline_direct,IndiGo
BOM,BLR,6E,IndiGo,6E 5178,2026-09-07,7,economy,,,7301.0,False,11:45,ok,2026-09-01T04:07:41.497089+05:30,2026-09-01_0407IST,airline_direct,IndiGo
BOM,BLR,6E,IndiGo,6E 6802,2026-09-07,7,economy,,,8012.0,False,16:55,ok,2026-09-01T04:07:41.497089+05:30,2026-09-01_0407IST,airline_direct,IndiGo
BOM,BLR,6E,IndiGo,6E 632,2026-09-07,7,economy,,,8091.0,False,04:00,ok,2026-09-01T04:07:41.497089+05:30,2026-09-01_0407IST,airline_direct,IndiGo
BOM,BLR,6E,IndiGo,6E 5126,2026-09-07,7,economy,,,8091.0,False,18:15,ok,2026-09-01T04:07:41.497089+05:30,2026-09-01_0407IST,airline_direct,IndiGo
BOM,BLR,6E,IndiGo,6E 6599,2026-09-07,7,economy,,,8222.0,False,16:50,ok,2026-09-01T04:07:41.497089+05:30,2026-09-01_0407IST,airline_direct,IndiGo
BOM,BLR,6E,IndiGo,6E 5241,2026-09-07,7,economy,,,8332.0,False,16:40,ok,2026-09-01T04:07:41.497089+05:30,2026-09-01_0407IST,airline_direct,IndiGo
BOM,BLR,6E,IndiGo,6E 5241,2026-09-07,7,economy,,,8332.0,False,16:40,ok,2026-09-01T04:07:41.497089+05:30,2026-09-01_0407IST,airline_direct,IndiGo
BOM,BLR,6E,IndiGo,6E 5107,2026-09-07,7,economy,,,8729.0,False,20:00,ok,2026-09-01T04:07:41.497089+05:30,2026-09-01_0407IST,airline_direct,IndiGo
BOM,BLR,6E,IndiGo,6E 6349,2026-09-07,7,economy,,,9194.0,False,11:40,ok,2026-09-01T04:07:41.497089+05:30,2026-09-01_0407IST,airline_direct,IndiGo
BOM,BLR,6E,IndiGo,6E 5337,2026-09-07,7,economy,,,9194.0,False,13:45,ok,2026-09-01T04:07:41.497089+05:30,2026-09-01_0407IST,airline_direct,IndiGo
BOM,BLR,6E,IndiGo,6E 230,2026-09-07,7,economy,,,10117.0,False,13:55,ok,2026-09-01T04:07:41.497089+05:30,2026-09-01_0407IST,airline_direct,IndiGo
BOM,BLR,6E,IndiGo,6E 2237,2026-09-07,7,economy,,,10201.0,False,18:40,ok,2026-09-01T04:07:41.497089+05:30,2026-09-01_0407IST,airline_direct,IndiGo
BOM,BLR,6E,IndiGo,6E 230,2026-09-07,7,economy,,,10494.0,False,13:55,ok,2026-09-01T04:07:41.497089+05:30,2026-09-01_0407IST,airline_direct,IndiGo
BOM,BLR,6E,IndiGo,6E 5318,2026-09-07,7,business,,,26204.0,False,10:15,ok,2026-09-01T04:07:41.497089+05:30,2026-09-01_0407IST,airline_direct,IndiGo
BOM,BLR,6E,IndiGo,6E 5318,2026-09-07,7,economy,,,11154.0,False,10:15,ok,2026-09-01T04:07:41.497089+05:30,2026-09-01_0407IST,airline_direct,IndiGo
BOM,BLR,6E,IndiGo,6E 6057,2026-09-07,7,economy,,,11624.0,False,09:15,ok,2026-09-01T04:07:41.497089+05:30,2026-09-01_0407IST,airline_direct,IndiGo
BOM,BLR,6E,IndiGo,6E 5318,2026-09-07,7,business,,,27346.0,False,10:15,ok,2026-09-01T04:07:41.497089+05:30,2026-09-01_0407IST,airline_direct,IndiGo
BOM,BLR,6E,IndiGo,6E 5318,2026-09-07,7,economy,,,11966.0,False,10:15,ok,2026-09-01T04:07:41.497089+05:30,2026-09-01_0407IST,airline_direct,IndiGo
BOM,BLR,6E,IndiGo,6E 5178,2026-09-07,7,business,,,24919.0,False,11:45,ok,2026-09-01T04:07:41.497089+05:30,2026-09-01_0407IST,airline_direct,IndiGo
BOM,BLR,6E,IndiGo,6E 5178,2026-09-07,7,economy,,,13825.0,False,11:45,ok,2026-09-01T04:07:41.497089+05:30,2026-09-01_0407IST,airline_direct,IndiGo
BOM,BLR,6E,IndiGo,6E 5178,2026-09-07,7,business,,,26061.0,False,11:45,ok,2026-09-01T04:07:41.497089+05:30,2026-09-01_0407IST,airline_direct,IndiGo
BOM,BLR,6E,IndiGo,6E 5178,2026-09-07,7,economy,,,14637.0,False,11:45,ok,2026-09-01T04:07:41.497089+05:30,2026-09-01_0407IST,airline_direct,IndiGo
DEL,CCU,6E,IndiGo,6E 910,2026-09-07,7,business,,,26140.0,False,14:25,ok,2026-09-01T04:08:52.833235+05:30,2026-09-01_0408IST,airline_direct,IndiGo
DEL,CCU,6E,IndiGo,6E 910,2026-09-07,7,economy,,,8200.0,False,14:25,ok,2026-09-01T04:08:52.833235+05:30,2026-09-01_0408IST,airline_direct,IndiGo
DEL,CCU,6E,IndiGo,6E 247,2026-09-07,7,business,,,26140.0,False,23:30,ok,2026-09-01T04:08:52.833235+05:30,2026-09-01_0408IST,airline_direct,IndiGo
DEL,CCU,6E,IndiGo,6E 247,2026-09-07,7,economy,,,8200.0,False,23:30,ok,2026-09-01T04:08:52.833235+05:30,2026-09-01_0408IST,airline_direct,IndiGo
DEL,CCU,6E,IndiGo,6E 5191,2026-09-07,7,business,,,26140.0,False,05:00,ok,2026-09-01T04:08:52.833235+05:30,2026-09-01_0408IST,airline_direct,IndiGo
DEL,CCU,6E,IndiGo,6E 5191,2026-09-07,7,economy,,,8778.0,False,05:00,ok,2026-09-01T04:08:52.833235+05:30,2026-09-01_0408IST,airline_direct,IndiGo
DEL,CCU,6E,IndiGo,6E 2276,2026-09-07,7,business,,,26140.0,False,17:55,ok,2026-09-01T04:08:52.833235+05:30,2026-09-01_0408IST,airline_direct,IndiGo
DEL,CCU,6E,IndiGo,6E 2276,2026-09-07,7,economy,,,8778.0,False,17:55,ok,2026-09-01T04:08:52.833235+05:30,2026-09-01_0408IST,airline_direct,IndiGo
DEL,CCU,6E,IndiGo,6E 340,2026-09-07,7,business,,,26140.0,False,07:20,ok,2026-09-01T04:08:52.833235+05:30,2026-09-01_0408IST,airline_direct,IndiGo
DEL,CCU,6E,IndiGo,6E 340,2026-09-07,7,economy,,,9775.0,False,07:20,ok,2026-09-01T04:08:52.833235+05:30,2026-09-01_0408IST,airline_direct,IndiGo
DEL,CCU,6E,IndiGo,6E 897,2026-09-07,7,business,,,26140.0,False,12:45,ok,2026-09-01T04:08:52.833235+05:30,2026-09-01_0408IST,airline_direct,IndiGo
DEL,CCU,6E,IndiGo,6E 897,2026-09-07,7,economy,,,10405.0,False,12:45,ok,2026-09-01T04:08:52.833235+05:30,2026-09-01_0408IST,airline_direct,IndiGo
DEL,CCU,6E,IndiGo,6E 6517,2026-09-07,7,business,,,26140.0,False,19:30,ok,2026-09-01T04:08:52.833235+05:30,2026-09-01_0408IST,airline_direct,IndiGo
DEL,CCU,6E,IndiGo,6E 6517,2026-09-07,7,economy,,,10405.0,False,19:30,ok,2026-09-01T04:08:52.833235+05:30,2026-09-01_0408IST,airline_direct,IndiGo
DEL,CCU,6E,IndiGo,6E 513,2026-09-07,7,business,,,26140.0,False,08:30,ok,2026-09-01T04:08:52.833235+05:30,2026-09-01_0408IST,airline_direct,IndiGo
DEL,CCU,6E,IndiGo,6E 513,2026-09-07,7,economy,,,11928.0,False,08:30,ok,2026-09-01T04:08:52.833235+05:30,2026-09-01_0408IST,airline_direct,IndiGo
DEL,CCU,6E,IndiGo,6E 6415,2026-09-07,7,business,,,26140.0,False,16:00,ok,2026-09-01T04:08:52.833235+05:30,2026-09-01_0408IST,airline_direct,IndiGo
DEL,CCU,6E,IndiGo,6E 6415,2026-09-07,7,economy,,,11928.0,False,16:00,ok,2026-09-01T04:08:52.833235+05:30,2026-09-01_0408IST,airline_direct,IndiGo
DEL,CCU,6E,IndiGo,6E 894,2026-09-07,7,business,,,26140.0,False,10:15,ok,2026-09-01T04:08:52.833235+05:30,2026-09-01_0408IST,airline_direct,IndiGo
DEL,CCU,6E,IndiGo,6E 894,2026-09-07,7,economy,,,12715.0,False,10:15,ok,2026-09-01T04:08:52.833235+05:30,2026-09-01_0408IST,airline_direct,IndiGo
DEL,CCU,6E,IndiGo,6E 2453,2026-09-07,7,economy,,,6596.0,False,13:35,ok,2026-09-01T04:08:52.833235+05:30,2026-09-01_0408IST,airline_direct,IndiGo
DEL,CCU,6E,IndiGo,6E 6236,2026-09-07,7,economy,,,6596.0,False,16:20,ok,2026-09-01T04:08:52.833235+05:30,2026-09-01_0408IST,airline_direct,IndiGo
DEL,CCU,6E,IndiGo,6E 6459,2026-09-07,7,economy,,,6727.0,False,05:55,ok,2026-09-01T04:08:52.833235+05:30,2026-09-01_0408IST,airline_direct,IndiGo
DEL,CCU,6E,IndiGo,6E 2361,2026-09-07,7,economy,,,6727.0,False,14:35,ok,2026-09-01T04:08:52.833235+05:30,2026-09-01_0408IST,airline_direct,IndiGo
DEL,CCU,6E,IndiGo,6E 5215,2026-09-07,7,economy,,,6911.0,False,07:45,ok,2026-09-01T04:08:52.833235+05:30,2026-09-01_0408IST,airline_direct,IndiGo
DEL,CCU,6E,IndiGo,6E 6378,2026-09-07,7,economy,,,6911.0,False,14:40,ok,2026-09-01T04:08:52.833235+05:30,2026-09-01_0408IST,airline_direct,IndiGo
DEL,CCU,6E,IndiGo,6E 5041,2026-09-07,7,economy,,,6911.0,False,15:10,ok,2026-09-01T04:08:52.833235+05:30,2026-09-01_0408IST,airline_direct,IndiGo
DEL,CCU,6E,IndiGo,6E 5041,2026-09-07,7,economy,,,6911.0,False,15:10,ok,2026-09-01T04:08:52.833235+05:30,2026-09-01_0408IST,airline_direct,IndiGo
DEL,CCU,6E,IndiGo,6E 6829,2026-09-07,7,economy,,,6937.0,False,17:20,ok,2026-09-01T04:08:52.833235+05:30,2026-09-01_0408IST,airline_direct,IndiGo
DEL,CCU,6E,IndiGo,6E 2331,2026-09-07,7,economy,,,7147.0,False,12:20,ok,2026-09-01T04:08:52.833235+05:30,2026-09-01_0408IST,airline_direct,IndiGo
DEL,CCU,6E,IndiGo,6E 6282,2026-09-07,7,economy,,,7147.0,False,13:30,ok,2026-09-01T04:08:52.833235+05:30,2026-09-01_0408IST,airline_direct,IndiGo
DEL,CCU,6E,IndiGo,6E 6212,2026-09-07,7,economy,,,7147.0,False,14:45,ok,2026-09-01T04:08:52.833235+05:30,2026-09-01_0408IST,airline_direct,IndiGo
DEL,CCU,6E,IndiGo,6E 2341,2026-09-07,7,economy,,,7147.0,False,14:50,ok,2026-09-01T04:08:52.833235+05:30,2026-09-01_0408IST,airline_direct,IndiGo
DEL,CCU,6E,IndiGo,6E 6217,2026-09-07,7,economy,,,7147.0,False,16:15,ok,2026-09-01T04:08:52.833235+05:30,2026-09-01_0408IST,airline_direct,IndiGo
DEL,CCU,6E,IndiGo,6E 5073,2026-09-07,7,economy,,,7147.0,False,17:05,ok,2026-09-01T04:08:52.833235+05:30,2026-09-01_0408IST,airline_direct,IndiGo
DEL,CCU,6E,IndiGo,6E 882,2026-09-07,7,economy,,,7147.0,False,23:15,ok,2026-09-01T04:08:52.833235+05:30,2026-09-01_0408IST,airline_direct,IndiGo
DEL,CCU,6E,IndiGo,6E 6312,2026-09-07,7,economy,,,7257.0,False,14:25,ok,2026-09-01T04:08:52.833235+05:30,2026-09-01_0408IST,airline_direct,IndiGo
DEL,CCU,6E,IndiGo,6E 734,2026-09-07,7,economy,,,7257.0,False,16:20,ok,2026-09-01T04:08:52.833235+05:30,2026-09-01_0408IST,airline_direct,IndiGo
DEL,CCU,6E,IndiGo,6E 2259,2026-09-07,7,economy,,,7336.0,False,12:20,ok,2026-09-01T04:08:52.833235+05:30,2026-09-01_0408IST,airline_direct,IndiGo
DEL,CCU,6E,IndiGo,6E 2614,2026-09-07,7,economy,,,7336.0,False,14:40,ok,2026-09-01T04:08:52.833235+05:30,2026-09-01_0408IST,airline_direct,IndiGo
DEL,CCU,6E,IndiGo,6E 2614,2026-09-07,7,economy,,,7336.0,False,14:40,ok,2026-09-01T04:08:52.833235+05:30,2026-09-01_0408IST,airline_direct,IndiGo
DEL,CCU,6E,IndiGo,6E 6124,2026-09-07,7,economy,,,7441.0,False,07:30,ok,2026-09-01T04:08:52.833235+05:30,2026-09-01_0408IST,airline_direct,IndiGo
DEL,CCU,6E,IndiGo,6E 6551,2026-09-07,7,economy,,,7782.0,False,12:00,ok,2026-09-01T04:08:52.833235+05:30,2026-09-01_0408IST,airline_direct,IndiGo
DEL,CCU,6E,IndiGo,6E 5036,2026-09-07,7,economy,,,7840.0,False,08:00,ok,2026-09-01T04:08:52.833235+05:30,2026-09-01_0408IST,airline_direct,IndiGo
DEL,CCU,6E,IndiGo,6E 6503,2026-09-07,7,economy,,,8234.0,False,13:25,ok,2026-09-01T04:08:52.833235+05:30,2026-09-01_0408IST,airline_direct,IndiGo
DEL,CCU,6E,IndiGo,6E 704,2026-09-07,7,economy,,,8260.0,False,02:25,ok,2026-09-01T04:08:52.833235+05:30,2026-09-01_0408IST,airline_direct,IndiGo
DEL,CCU,6E,IndiGo,6E 5119,2026-09-07,7,economy,,,8260.0,False,05:10,ok,2026-09-01T04:08:52.833235+05:30,2026-09-01_0408IST,airline_direct,IndiGo
DEL,CCU,6E,IndiGo,6E 6293,2026-09-07,7,economy,,,8260.0,False,09:55,ok,2026-09-01T04:08:52.833235+05:30,2026-09-01_0408IST,airline_direct,IndiGo
DEL,CCU,6E,IndiGo,6E 884,2026-09-07,7,economy,,,8260.0,False,11:45,ok,2026-09-01T04:08:52.833235+05:30,2026-09-01_0408IST,airline_direct,IndiGo
DEL,CCU,6E,IndiGo,6E 717,2026-09-07,7,economy,,,8260.0,False,17:55,ok,2026-09-01T04:08:52.833235+05:30,2026-09-01_0408IST,airline_direct,IndiGo
DEL,CCU,6E,IndiGo,6E 6245,2026-09-07,7,economy,,,8350.0,False,06:20,ok,2026-09-01T04:08:52.833235+05:30,2026-09-01_0408IST,airline_direct,IndiGo
DEL,CCU,6E,IndiGo,6E 2296,2026-09-07,7,economy,,,8560.0,False,09:20,ok,2026-09-01T04:08:52.833235+05:30,2026-09-01_0408IST,airline_direct,IndiGo
DEL,CCU,6E,IndiGo,6E 5033,2026-09-07,7,economy,,,8560.0,False,15:50,ok,2026-09-01T04:08:52.833235+05:30,2026-09-01_0408IST,airline_direct,IndiGo
DEL,CCU,6E,IndiGo,6E 6371,2026-09-07,7,economy,,,9006.0,False,06:20,ok,2026-09-01T04:08:52.833235+05:30,2026-09-01_0408IST,airline_direct,IndiGo
DEL,CCU,6E,IndiGo,6E 705,2026-09-07,7,economy,,,9606.0,False,08:30,ok,2026-09-01T04:08:52.833235+05:30,2026-09-01_0408IST,airline_direct,IndiGo
DEL,CCU,6E,IndiGo,6E 705,2026-09-07,7,economy,,,9606.0,False,08:30,ok,2026-09-01T04:08:52.833235+05:30,2026-09-01_0408IST,airline_direct,IndiGo
DEL,CCU,6E,IndiGo,6E 6190,2026-09-07,7,economy,,,10040.0,False,07:40,ok,2026-09-01T04:08:52.833235+05:30,2026-09-01_0408IST,airline_direct,IndiGo
DEL,CCU,6E,IndiGo,6E 5038,2026-09-07,7,economy,,,10040.0,False,14:00,ok,2026-09-01T04:08:52.833235+05:30,2026-09-01_0408IST,airline_direct,IndiGo
DEL,CCU,6E,IndiGo,6E 2259,2026-09-07,7,economy,,,10609.0,False,12:20,ok,2026-09-01T04:08:52.833235+05:30,2026-09-01_0408IST,airline_direct,IndiGo
DEL,CCU,6E,IndiGo,6E 6190,2026-09-07,7,economy,,,10891.0,False,07:40,ok,2026-09-01T04:08:52.833235+05:30,2026-09-01_0408IST,airline_direct,IndiGo
DEL,CCU,6E,IndiGo,6E 203,2026-09-07,7,economy,,,11232.0,False,07:10,ok,2026-09-01T04:08:52.833235+05:30,2026-09-01_0408IST,airline_direct,IndiGo
DEL,CCU,6E,IndiGo,6E 203,2026-09-07,7,economy,,,11232.0,False,07:10,ok,2026-09-01T04:08:52.833235+05:30,2026-09-01_0408IST,airline_direct,IndiGo
DEL,CCU,6E,IndiGo,6E 2296,2026-09-07,7,economy,,,12856.0,False,09:20,ok,2026-09-01T04:08:52.833235+05:30,2026-09-01_0408IST,airline_direct,IndiGo
DEL,CCU,6E,IndiGo,6E 6130,2026-09-07,7,economy,,,12856.0,False,12:55,ok,2026-09-01T04:08:52.833235+05:30,2026-09-01_0408IST,airline_direct,IndiGo
DEL,CCU,6E,IndiGo,6E 5307,2026-09-07,7,economy,,,12961.0,False,10:50,ok,2026-09-01T04:08:52.833235+05:30,2026-09-01_0408IST,airline_direct,IndiGo
DEL,CCU,6E,IndiGo,6E 6073,2026-09-07,7,economy,,,15231.0,False,05:00,ok,2026-09-01T04:08:52.833235+05:30,2026-09-01_0408IST,airline_direct,IndiGo
DEL,CCU,6E,IndiGo,6E 704,2026-09-07,7,business,,,32744.0,False,02:25,ok,2026-09-01T04:08:52.833235+05:30,2026-09-01_0408IST,airline_direct,IndiGo
DEL,CCU,6E,IndiGo,6E 704,2026-09-07,7,economy,,,16459.0,False,02:25,ok,2026-09-01T04:08:52.833235+05:30,2026-09-01_0408IST,airline_direct,IndiGo
DEL,CCU,6E,IndiGo,6E 5307,2026-09-07,7,economy,,,21625.0,False,10:50,ok,2026-09-01T04:08:52.833235+05:30,2026-09-01_0408IST,airline_direct,IndiGo
BLR,HYD,6E,IndiGo,6E 6784,2026-09-07,7,,,,,False,21:30,parse_error,2026-09-01T04:09:53.687837+05:30,2026-09-01_0409IST,airline_direct,IndiGo
BLR,HYD,6E,IndiGo,6E 638,2026-09-07,7,,,,,False,18:35,parse_error,2026-09-01T04:09:53.687837+05:30,2026-09-01_0409IST,airline_direct,IndiGo
BLR,HYD,6E,IndiGo,6E 537,2026-09-07,7,,,,,False,10:15,parse_error,2026-09-01T04:09:53.687837+05:30,2026-09-01_0409IST,airline_direct,IndiGo
BLR,HYD,6E,IndiGo,6E 6404,2026-09-07,7,,,,,False,11:35,parse_error,2026-09-01T04:09:53.687837+05:30,2026-09-01_0409IST,airline_direct,IndiGo
BLR,HYD,6E,IndiGo,6E 6067,2026-09-07,7,,,,,False,16:30,parse_error,2026-09-01T04:09:53.687837+05:30,2026-09-01_0409IST,airline_direct,IndiGo
BLR,HYD,6E,IndiGo,6E 6178,2026-09-07,7,,,,,False,06:25,parse_error,2026-09-01T04:09:53.687837+05:30,2026-09-01_0409IST,airline_direct,IndiGo
BLR,HYD,6E,IndiGo,6E 312,2026-09-07,7,,,,,False,09:15,parse_error,2026-09-01T04:09:53.687837+05:30,2026-09-01_0409IST,airline_direct,IndiGo
BLR,HYD,6E,IndiGo,6E 484,2026-09-07,7,,,,,False,08:15,parse_error,2026-09-01T04:09:53.687837+05:30,2026-09-01_0409IST,airline_direct,IndiGo
BLR,HYD,6E,IndiGo,6E 855,2026-09-07,7,,,,,False,19:45,parse_error,2026-09-01T04:09:53.687837+05:30,2026-09-01_0409IST,airline_direct,IndiGo
BLR,HYD,6E,IndiGo,6E 857,2026-09-07,7,,,,,False,07:05,parse_error,2026-09-01T04:09:53.687837+05:30,2026-09-01_0409IST,airline_direct,IndiGo
BLR,HYD,6E,IndiGo,6E 857,2026-09-07,7,,,,,False,07:05,parse_error,2026-09-01T04:09:53.687837+05:30,2026-09-01_0409IST,airline_direct,IndiGo
BLR,HYD,6E,IndiGo,6E 6208,2026-09-07,7,,,,,False,12:45,parse_error,2026-09-01T04:09:53.687837+05:30,2026-09-01_0409IST,airline_direct,IndiGo
BLR,HYD,6E,IndiGo,6E 6542,2026-09-07,7,,,,,False,13:10,parse_error,2026-09-01T04:09:53.687837+05:30,2026-09-01_0409IST,airline_direct,IndiGo
BLR,HYD,6E,IndiGo,6E 6753,2026-09-07,7,,,,,False,15:15,parse_error,2026-09-01T04:09:53.687837+05:30,2026-09-01_0409IST,airline_direct,IndiGo
BLR,HYD,6E,IndiGo,6E 173,2026-09-07,7,,,,,False,15:30,parse_error,2026-09-01T04:09:53.687837+05:30,2026-09-01_0409IST,airline_direct,IndiGo
BLR,HYD,6E,IndiGo,6E 173,2026-09-07,7,,,,,False,15:30,parse_error,2026-09-01T04:09:53.687837+05:30,2026-09-01_0409IST,airline_direct,IndiGo
BLR,HYD,6E,IndiGo,6E 356,2026-09-07,7,,,,,False,17:15,parse_error,2026-09-01T04:09:53.687837+05:30,2026-09-01_0409IST,airline_direct,IndiGo
BLR,HYD,6E,IndiGo,6E 356,2026-09-07,7,,,,,False,17:15,parse_error,2026-09-01T04:09:53.687837+05:30,2026-09-01_0409IST,airline_direct,IndiGo
BLR,HYD,6E,IndiGo,6E 6168,2026-09-07,7,,,,,False,17:40,parse_error,2026-09-01T04:09:53.687837+05:30,2026-09-01_0409IST,airline_direct,IndiGo
BLR,HYD,6E,IndiGo,6E 6168,2026-09-07,7,,,,,False,17:40,parse_error,2026-09-01T04:09:53.687837+05:30,2026-09-01_0409IST,airline_direct,IndiGo
BLR,HYD,6E,IndiGo,6E 6017,2026-09-07,7,,,,,False,18:15,parse_error,2026-09-01T04:09:53.687837+05:30,2026-09-01_0409IST,airline_direct,IndiGo
BLR,HYD,6E,IndiGo,6E 105,2026-09-07,7,,,,,False,18:45,parse_error,2026-09-01T04:09:53.687837+05:30,2026-09-01_0409IST,airline_direct,IndiGo
BLR,HYD,6E,IndiGo,6E 105,2026-09-07,7,,,,,False,18:45,parse_error,2026-09-01T04:09:53.687837+05:30,2026-09-01_0409IST,airline_direct,IndiGo
BLR,HYD,6E,IndiGo,6E 6554,2026-09-07,7,,,,,False,19:15,parse_error,2026-09-01T04:09:53.687837+05:30,2026-09-01_0409IST,airline_direct,IndiGo
BLR,HYD,6E,IndiGo,6E 528,2026-09-07,7,,,,,False,21:40,parse_error,2026-09-01T04:09:53.687837+05:30,2026-09-01_0409IST,airline_direct,IndiGo
BLR,HYD,6E,IndiGo,6E 116,2026-09-07,7,,,,,False,23:05,parse_error,2026-09-01T04:09:53.687837+05:30,2026-09-01_0409IST,airline_direct,IndiGo
BLR,HYD,6E,IndiGo,6E 6269,2026-09-07,7,,,,,False,07:15,parse_error,2026-09-01T04:09:53.687837+05:30,2026-09-01_0409IST,airline_direct,IndiGo
BLR,HYD,6E,IndiGo,6E 6702,2026-09-07,7,,,,,False,05:20,parse_error,2026-09-01T04:09:53.687837+05:30,2026-09-01_0409IST,airline_direct,IndiGo
BLR,HYD,6E,IndiGo,6E 7204,2026-09-07,7,,,,,False,06:50,parse_error,2026-09-01T04:09:53.687837+05:30,2026-09-01_0409IST,airline_direct,IndiGo
BLR,HYD,6E,IndiGo,6E 7005,2026-09-07,7,,,,,False,08:05,parse_error,2026-09-01T04:09:53.687837+05:30,2026-09-01_0409IST,airline_direct,IndiGo
BLR,HYD,6E,IndiGo,6E 6208,2026-09-07,7,,,,,False,12:45,parse_error,2026-09-01T04:09:53.687837+05:30,2026-09-01_0409IST,airline_direct,IndiGo
BLR,HYD,6E,IndiGo,6E 441,2026-09-07,7,,,,,False,20:40,parse_error,2026-09-01T04:09:53.687837+05:30,2026-09-01_0409IST,airline_direct,IndiGo
BLR,HYD,6E,IndiGo,6E 7005,2026-09-07,7,,,,,False,08:05,parse_error,2026-09-01T04:09:53.687837+05:30,2026-09-01_0409IST,airline_direct,IndiGo
BLR,HYD,6E,IndiGo,6E 904,2026-09-07,7,,,,,False,10:45,parse_error,2026-09-01T04:09:53.687837+05:30,2026-09-01_0409IST,airline_direct,IndiGo
BLR,HYD,6E,IndiGo,6E 6653,2026-09-07,7,,,,,False,12:35,parse_error,2026-09-01T04:09:53.687837+05:30,2026-09-01_0409IST,airline_direct,IndiGo
BLR,HYD,6E,IndiGo,6E 6542,2026-09-07,7,,,,,False,13:10,parse_error,2026-09-01T04:09:53.687837+05:30,2026-09-01_0409IST,airline_direct,IndiGo
BLR,HYD,6E,IndiGo,6E 6753,2026-09-07,7,,,,,False,15:15,parse_error,2026-09-01T04:09:53.687837+05:30,2026-09-01_0409IST,airline_direct,IndiGo
BLR,HYD,6E,IndiGo,6E 7227,2026-09-07,7,,,,,False,06:25,parse_error,2026-09-01T04:09:53.687837+05:30,2026-09-01_0409IST,airline_direct,IndiGo
BLR,HYD,6E,IndiGo,6E 6876,2026-09-07,7,,,,,False,02:40,parse_error,2026-09-01T04:09:53.687837+05:30,2026-09-01_0409IST,airline_direct,IndiGo
BLR,HYD,6E,IndiGo,6E 6702,2026-09-07,7,,,,,False,05:20,parse_error,2026-09-01T04:09:53.687837+05:30,2026-09-01_0409IST,airline_direct,IndiGo
BLR,HYD,6E,IndiGo,6E 763,2026-09-07,7,,,,,False,07:05,parse_error,2026-09-01T04:09:53.687837+05:30,2026-09-01_0409IST,airline_direct,IndiGo
BLR,HYD,6E,IndiGo,6E 763,2026-09-07,7,,,,,False,07:05,parse_error,2026-09-01T04:09:53.687837+05:30,2026-09-01_0409IST,airline_direct,IndiGo
BLR,HYD,6E,IndiGo,6E 6445,2026-09-07,7,,,,,False,10:25,parse_error,2026-09-01T04:09:53.687837+05:30,2026-09-01_0409IST,airline_direct,IndiGo
BLR,HYD,6E,IndiGo,6E 6104,2026-09-07,7,,,,,False,11:40,parse_error,2026-09-01T04:09:53.687837+05:30,2026-09-01_0409IST,airline_direct,IndiGo
BLR,HYD,6E,IndiGo,6E 6104,2026-09-07,7,,,,,False,11:40,parse_error,2026-09-01T04:09:53.687837+05:30,2026-09-01_0409IST,airline_direct,IndiGo
BLR,HYD,6E,IndiGo,6E 6653,2026-09-07,7,,,,,False,12:35,parse_error,2026-09-01T04:09:53.687837+05:30,2026-09-01_0409IST,airline_direct,IndiGo
BLR,HYD,6E,IndiGo,6E 703,2026-09-07,7,,,,,False,12:55,parse_error,2026-09-01T04:09:53.687837+05:30,2026-09-01_0409IST,airline_direct,IndiGo
BLR,HYD,6E,IndiGo,6E 109,2026-09-07,7,,,,,False,17:00,parse_error,2026-09-01T04:09:53.687837+05:30,2026-09-01_0409IST,airline_direct,IndiGo
BLR,HYD,6E,IndiGo,6E 6162,2026-09-07,7,,,,,False,18:50,parse_error,2026-09-01T04:09:53.687837+05:30,2026-09-01_0409IST,airline_direct,IndiGo
BLR,HYD,6E,IndiGo,6E 7204,2026-09-07,7,,,,,False,06:50,parse_error,2026-09-01T04:09:53.687837+05:30,2026-09-01_0409IST,airline_direct,IndiGo
BLR,HYD,6E,IndiGo,6E 7071,2026-09-07,7,,,,,False,10:55,parse_error,2026-09-01T04:09:53.687837+05:30,2026-09-01_0409IST,airline_direct,IndiGo
BLR,HYD,6E,IndiGo,6E 6269,2026-09-07,7,,,,,False,07:15,parse_error,2026-09-01T04:09:53.687837+05:30,2026-09-01_0409IST,airline_direct,IndiGo
BLR,HYD,6E,IndiGo,6E 6445,2026-09-07,7,,,,,False,10:25,parse_error,2026-09-01T04:09:53.687837+05:30,2026-09-01_0409IST,airline_direct,IndiGo
BLR,HYD,6E,IndiGo,6E 7285,2026-09-07,7,,,,,False,06:50,parse_error,2026-09-01T04:09:53.687837+05:30,2026-09-01_0409IST,airline_direct,IndiGo
BLR,HYD,6E,IndiGo,6E 7737,2026-09-07,7,,,,,False,10:50,parse_error,2026-09-01T04:09:53.687837+05:30,2026-09-01_0409IST,airline_direct,IndiGo
BLR,HYD,6E,IndiGo,6E 6563,2026-09-07,7,,,,,False,01:05,parse_error,2026-09-01T04:09:53.687837+05:30,2026-09-01_0409IST,airline_direct,IndiGo
BLR,HYD,6E,IndiGo,6E 763,2026-09-07,7,,,,,False,07:05,parse_error,2026-09-01T04:09:53.687837+05:30,2026-09-01_0409IST,airline_direct,IndiGo
BLR,HYD,6E,IndiGo,6E 6583,2026-09-07,7,,,,,False,10:40,parse_error,2026-09-01T04:09:53.687837+05:30,2026-09-01_0409IST,airline_direct,IndiGo
BLR,HYD,6E,IndiGo,6E 7737,2026-09-07,7,,,,,False,10:50,parse_error,2026-09-01T04:09:53.687837+05:30,2026-09-01_0409IST,airline_direct,IndiGo
MAA,DEL,6E,IndiGo,6E 939,2026-09-07,7,business,,,28240.0,False,13:00,ok,2026-09-01T04:11:00.657421+05:30,2026-09-01_0411IST,airline_direct,IndiGo
MAA,DEL,6E,IndiGo,6E 939,2026-09-07,7,economy,,,9648.0,False,13:00,ok,2026-09-01T04:11:00.657421+05:30,2026-09-01_0411IST,airline_direct,IndiGo
MAA,DEL,6E,IndiGo,6E 948,2026-09-07,7,business,,,28240.0,False,14:30,ok,2026-09-01T04:11:00.657421+05:30,2026-09-01_0411IST,airline_direct,IndiGo
MAA,DEL,6E,IndiGo,6E 948,2026-09-07,7,economy,,,9648.0,False,14:30,ok,2026-09-01T04:11:00.657421+05:30,2026-09-01_0411IST,airline_direct,IndiGo
MAA,DEL,6E,IndiGo,6E 698,2026-09-07,7,business,,,28240.0,False,16:45,ok,2026-09-01T04:11:00.657421+05:30,2026-09-01_0411IST,airline_direct,IndiGo
MAA,DEL,6E,IndiGo,6E 698,2026-09-07,7,economy,,,9648.0,False,16:45,ok,2026-09-01T04:11:00.657421+05:30,2026-09-01_0411IST,airline_direct,IndiGo
MAA,DEL,6E,IndiGo,6E 613,2026-09-07,7,business,,,28240.0,False,19:00,ok,2026-09-01T04:11:00.657421+05:30,2026-09-01_0411IST,airline_direct,IndiGo
MAA,DEL,6E,IndiGo,6E 613,2026-09-07,7,economy,,,9648.0,False,19:00,ok,2026-09-01T04:11:00.657421+05:30,2026-09-01_0411IST,airline_direct,IndiGo
MAA,DEL,6E,IndiGo,6E 951,2026-09-07,7,business,,,28240.0,False,21:50,ok,2026-09-01T04:11:00.657421+05:30,2026-09-01_0411IST,airline_direct,IndiGo
MAA,DEL,6E,IndiGo,6E 951,2026-09-07,7,economy,,,9648.0,False,21:50,ok,2026-09-01T04:11:00.657421+05:30,2026-09-01_0411IST,airline_direct,IndiGo
MAA,DEL,6E,IndiGo,6E 2369,2026-09-07,7,business,,,28240.0,False,23:45,ok,2026-09-01T04:11:00.657421+05:30,2026-09-01_0411IST,airline_direct,IndiGo
MAA,DEL,6E,IndiGo,6E 2369,2026-09-07,7,economy,,,9648.0,False,23:45,ok,2026-09-01T04:11:00.657421+05:30,2026-09-01_0411IST,airline_direct,IndiGo
MAA,DEL,6E,IndiGo,6E 6002,2026-09-07,7,business,,,28240.0,False,11:10,ok,2026-09-01T04:11:00.657421+05:30,2026-09-01_0411IST,airline_direct,IndiGo
MAA,DEL,6E,IndiGo,6E 6002,2026-09-07,7,economy,,,10114.0,False,11:10,ok,2026-09-01T04:11:00.657421+05:30,2026-09-01_0411IST,airline_direct,IndiGo
MAA,DEL,6E,IndiGo,6E 404,2026-09-07,7,business,,,28240.0,False,09:15,ok,2026-09-01T04:11:00.657421+05:30,2026-09-01_0411IST,airline_direct,IndiGo
MAA,DEL,6E,IndiGo,6E 404,2026-09-07,7,economy,,,10608.0,False,09:15,ok,2026-09-01T04:11:00.657421+05:30,2026-09-01_0411IST,airline_direct,IndiGo
MAA,DEL,6E,IndiGo,6E 937,2026-09-07,7,business,,,28240.0,False,06:30,ok,2026-09-01T04:11:00.657421+05:30,2026-09-01_0411IST,airline_direct,IndiGo
MAA,DEL,6E,IndiGo,6E 937,2026-09-07,7,economy,,,14951.0,False,06:30,ok,2026-09-01T04:11:00.657421+05:30,2026-09-01_0411IST,airline_direct,IndiGo
MAA,DEL,6E,IndiGo,6E 6892,2026-09-07,7,economy,,,8526.0,False,10:55,ok,2026-09-01T04:11:00.657421+05:30,2026-09-01_0411IST,airline_direct,IndiGo
MAA,DEL,6E,IndiGo,6E 6892,2026-09-07,7,economy,,,8526.0,False,10:55,ok,2026-09-01T04:11:00.657421+05:30,2026-09-01_0411IST,airline_direct,IndiGo
MAA,DEL,6E,IndiGo,6E 6209,2026-09-07,7,economy,,,8526.0,False,14:35,ok,2026-09-01T04:11:00.657421+05:30,2026-09-01_0411IST,airline_direct,IndiGo
MAA,DEL,6E,IndiGo,6E 6209,2026-09-07,7,economy,,,8526.0,False,14:35,ok,2026-09-01T04:11:00.657421+05:30,2026-09-01_0411IST,airline_direct,IndiGo
MAA,DEL,6E,IndiGo,6E 6005,2026-09-07,7,economy,,,8526.0,False,15:45,ok,2026-09-01T04:11:00.657421+05:30,2026-09-01_0411IST,airline_direct,IndiGo
MAA,DEL,6E,IndiGo,6E 726,2026-09-07,7,economy,,,8526.0,False,18:20,ok,2026-09-01T04:11:00.657421+05:30,2026-09-01_0411IST,airline_direct,IndiGo
MAA,DEL,6E,IndiGo,6E 189,2026-09-07,7,economy,,,8526.0,False,19:05,ok,2026-09-01T04:11:00.657421+05:30,2026-09-01_0411IST,airline_direct,IndiGo
MAA,DEL,6E,IndiGo,6E 5093,2026-09-07,7,business,,,39741.0,False,05:00,ok,2026-09-01T04:11:00.657421+05:30,2026-09-01_0411IST,airline_direct,IndiGo
MAA,DEL,6E,IndiGo,6E 5093,2026-09-07,7,economy,,,8657.0,False,05:00,ok,2026-09-01T04:11:00.657421+05:30,2026-09-01_0411IST,airline_direct,IndiGo
MAA,DEL,6E,IndiGo,6E 5214,2026-09-07,7,business,,,39741.0,False,11:00,ok,2026-09-01T04:11:00.657421+05:30,2026-09-01_0411IST,airline_direct,IndiGo
MAA,DEL,6E,IndiGo,6E 5214,2026-09-07,7,economy,,,8657.0,False,11:00,ok,2026-09-01T04:11:00.657421+05:30,2026-09-01_0411IST,airline_direct,IndiGo
MAA,DEL,6E,IndiGo,6E 5258,2026-09-07,7,business,,,39741.0,False,12:45,ok,2026-09-01T04:11:00.657421+05:30,2026-09-01_0411IST,airline_direct,IndiGo
MAA,DEL,6E,IndiGo,6E 5258,2026-09-07,7,economy,,,8657.0,False,12:45,ok,2026-09-01T04:11:00.657421+05:30,2026-09-01_0411IST,airline_direct,IndiGo
MAA,DEL,6E,IndiGo,6E 5258,2026-09-07,7,business,,,39741.0,False,12:45,ok,2026-09-01T04:11:00.657421+05:30,2026-09-01_0411IST,airline_direct,IndiGo
MAA,DEL,6E,IndiGo,6E 5258,2026-09-07,7,economy,,,8657.0,False,12:45,ok,2026-09-01T04:11:00.657421+05:30,2026-09-01_0411IST,airline_direct,IndiGo
MAA,DEL,6E,IndiGo,6E 981,2026-09-07,7,economy,,,8657.0,False,13:50,ok,2026-09-01T04:11:00.657421+05:30,2026-09-01_0411IST,airline_direct,IndiGo
MAA,DEL,6E,IndiGo,6E 606,2026-09-07,7,economy,,,8657.0,False,18:05,ok,2026-09-01T04:11:00.657421+05:30,2026-09-01_0411IST,airline_direct,IndiGo
MAA,DEL,6E,IndiGo,6E 253,2026-09-07,7,economy,,,9087.0,False,03:10,ok,2026-09-01T04:11:00.657421+05:30,2026-09-01_0411IST,airline_direct,IndiGo
MAA,DEL,6E,IndiGo,6E 372,2026-09-07,7,economy,,,9087.0,False,09:55,ok,2026-09-01T04:11:00.657421+05:30,2026-09-01_0411IST,airline_direct,IndiGo
MAA,DEL,6E,IndiGo,6E 502,2026-09-07,7,business,,,29241.0,False,11:10,ok,2026-09-01T04:11:00.657421+05:30,2026-09-01_0411IST,airline_direct,IndiGo
MAA,DEL,6E,IndiGo,6E 502,2026-09-07,7,economy,,,9087.0,False,11:10,ok,2026-09-01T04:11:00.657421+05:30,2026-09-01_0411IST,airline_direct,IndiGo
MAA,DEL,6E,IndiGo,6E 6925,2026-09-07,7,economy,,,9087.0,False,12:00,ok,2026-09-01T04:11:00.657421+05:30,2026-09-01_0411IST,airline_direct,IndiGo
MAA,DEL,6E,IndiGo,6E 6158,2026-09-07,7,economy,,,9087.0,False,16:10,ok,2026-09-01T04:11:00.657421+05:30,2026-09-01_0411IST,airline_direct,IndiGo
MAA,DEL,6E,IndiGo,6E 489,2026-09-07,7,economy,,,9087.0,False,18:15,ok,2026-09-01T04:11:00.657421+05:30,2026-09-01_0411IST,airline_direct,IndiGo
MAA,DEL,6E,IndiGo,6E 193,2026-09-07,7,economy,,,9087.0,False,20:00,ok,2026-09-01T04:11:00.657421+05:30,2026-09-01_0411IST,airline_direct,IndiGo
MAA,DEL,6E,IndiGo,6E 561,2026-09-07,7,business,,,27823.0,False,22:20,ok,2026-09-01T04:11:00.657421+05:30,2026-09-01_0411IST,airline_direct,IndiGo
MAA,DEL,6E,IndiGo,6E 561,2026-09-07,7,economy,,,9087.0,False,22:20,ok,2026-09-01T04:11:00.657421+05:30,2026-09-01_0411IST,airline_direct,IndiGo
MAA,DEL,6E,IndiGo,6E 6487,2026-09-07,7,economy,,,9792.0,False,21:25,ok,2026-09-01T04:11:00.657421+05:30,2026-09-01_0411IST,airline_direct,IndiGo
MAA,DEL,6E,IndiGo,6E 847,2026-09-07,7,economy,,,9871.0,False,16:15,ok,2026-09-01T04:11:00.657421+05:30,2026-09-01_0411IST,airline_direct,IndiGo
MAA,DEL,6E,IndiGo,6E 6140,2026-09-07,7,economy,,,10002.0,False,02:30,ok,2026-09-01T04:11:00.657421+05:30,2026-09-01_0411IST,airline_direct,IndiGo
MAA,DEL,6E,IndiGo,6E 834,2026-09-07,7,economy,,,10566.0,False,09:05,ok,2026-09-01T04:11:00.657421+05:30,2026-09-01_0411IST,airline_direct,IndiGo
MAA,DEL,6E,IndiGo,6E 6815,2026-09-07,7,economy,,,10644.0,False,08:55,ok,2026-09-01T04:11:00.657421+05:30,2026-09-01_0411IST,airline_direct,IndiGo
MAA,DEL,6E,IndiGo,6E 562,2026-09-07,7,economy,,,10770.0,False,18:20,ok,2026-09-01T04:11:00.657421+05:30,2026-09-01_0411IST,airline_direct,IndiGo
MAA,DEL,6E,IndiGo,6E 183,2026-09-07,7,business,,,32309.0,False,16:35,ok,2026-09-01T04:11:00.657421+05:30,2026-09-01_0411IST,airline_direct,IndiGo
MAA,DEL,6E,IndiGo,6E 183,2026-09-07,7,economy,,,11417.0,False,16:35,ok,2026-09-01T04:11:00.657421+05:30,2026-09-01_0411IST,airline_direct,IndiGo
MAA,DEL,6E,IndiGo,6E 365,2026-09-07,7,economy,,,11540.0,False,17:45,ok,2026-09-01T04:11:00.657421+05:30,2026-09-01_0411IST,airline_direct,IndiGo
MAA,DEL,6E,IndiGo,6E 5367,2026-09-07,7,business,,,39741.0,False,18:15,ok,2026-09-01T04:11:00.657421+05:30,2026-09-01_0411IST,airline_direct,IndiGo
MAA,DEL,6E,IndiGo,6E 5367,2026-09-07,7,economy,,,11627.0,False,18:15,ok,2026-09-01T04:11:00.657421+05:30,2026-09-01_0411IST,airline_direct,IndiGo
MAA,DEL,6E,IndiGo,6E 6925,2026-09-07,7,economy,,,11642.0,False,12:00,ok,2026-09-01T04:11:00.657421+05:30,2026-09-01_0411IST,airline_direct,IndiGo
MAA,DEL,6E,IndiGo,6E 834,2026-09-07,7,economy,,,12188.0,False,09:05,ok,2026-09-01T04:11:00.657421+05:30,2026-09-01_0411IST,airline_direct,IndiGo
MAA,DEL,6E,IndiGo,6E 5371,2026-09-07,7,business,,,39741.0,False,14:45,ok,2026-09-01T04:11:00.657421+05:30,2026-09-01_0411IST,airline_direct,IndiGo
MAA,DEL,6E,IndiGo,6E 5371,2026-09-07,7,economy,,,12502.0,False,14:45,ok,2026-09-01T04:11:00.657421+05:30,2026-09-01_0411IST,airline_direct,IndiGo
MAA,DEL,6E,IndiGo,6E 6348,2026-09-07,7,business,,,39741.0,False,09:00,ok,2026-09-01T04:11:00.657421+05:30,2026-09-01_0411IST,airline_direct,IndiGo
MAA,DEL,6E,IndiGo,6E 6348,2026-09-07,7,economy,,,12563.0,False,09:00,ok,2026-09-01T04:11:00.657421+05:30,2026-09-01_0411IST,airline_direct,IndiGo
MAA,DEL,6E,IndiGo,6E 6326,2026-09-07,7,economy,,,12563.0,False,11:45,ok,2026-09-01T04:11:00.657421+05:30,2026-09-01_0411IST,airline_direct,IndiGo
MAA,DEL,6E,IndiGo,6E 5104,2026-09-07,7,business,,,39741.0,False,16:40,ok,2026-09-01T04:11:00.657421+05:30,2026-09-01_0411IST,airline_direct,IndiGo
MAA,DEL,6E,IndiGo,6E 5104,2026-09-07,7,economy,,,12563.0,False,16:40,ok,2026-09-01T04:11:00.657421+05:30,2026-09-01_0411IST,airline_direct,IndiGo
MAA,DEL,6E,IndiGo,6E 607,2026-09-07,7,business,,,28413.0,False,05:40,ok,2026-09-01T04:11:00.657421+05:30,2026-09-01_0411IST,airline_direct,IndiGo
MAA,DEL,6E,IndiGo,6E 607,2026-09-07,7,economy,,,12633.0,False,05:40,ok,2026-09-01T04:11:00.657421+05:30,2026-09-01_0411IST,airline_direct,IndiGo
MAA,DEL,6E,IndiGo,6E 6140,2026-09-07,7,economy,,,13592.0,False,02:30,ok,2026-09-01T04:11:00.657421+05:30,2026-09-01_0411IST,airline_direct,IndiGo
MAA,DEL,6E,IndiGo,6E 5314,2026-09-07,7,business,,,39741.0,False,06:45,ok,2026-09-01T04:11:00.657421+05:30,2026-09-01_0411IST,airline_direct,IndiGo
MAA,DEL,6E,IndiGo,6E 5314,2026-09-07,7,economy,,,13592.0,False,06:45,ok,2026-09-01T04:11:00.657421+05:30,2026-09-01_0411IST,airline_direct,IndiGo
MAA,DEL,6E,IndiGo,6E 495,2026-09-07,7,economy,,,14513.0,False,07:10,ok,2026-09-01T04:11:00.657421+05:30,2026-09-01_0411IST,airline_direct,IndiGo
MAA,DEL,6E,IndiGo,6E 973,2026-09-07,7,economy,,,14513.0,False,11:55,ok,2026-09-01T04:11:00.657421+05:30,2026-09-01_0411IST,airline_direct,IndiGo
MAA,DEL,6E,IndiGo,6E 495,2026-09-07,7,economy,,,15272.0,False,07:10,ok,2026-09-01T04:11:00.657421+05:30,2026-09-01_0411IST,airline_direct,IndiGo
MAA,DEL,6E,IndiGo,6E 6081,2026-09-07,7,economy,,,15632.0,False,07:05,ok,2026-09-01T04:11:00.657421+05:30,2026-09-01_0411IST,airline_direct,IndiGo
MAA,DEL,6E,IndiGo,6E 6081,2026-09-07,7,economy,,,15632.0,False,07:05,ok,2026-09-01T04:11:00.657421+05:30,2026-09-01_0411IST,airline_direct,IndiGo
MAA,DEL,6E,IndiGo,6E 6348,2026-09-07,7,business,,,39741.0,False,09:00,ok,2026-09-01T04:11:00.657421+05:30,2026-09-01_0411IST,airline_direct,IndiGo
MAA,DEL,6E,IndiGo,6E 6348,2026-09-07,7,economy,,,15850.0,False,09:00,ok,2026-09-01T04:11:00.657421+05:30,2026-09-01_0411IST,airline_direct,IndiGo
MAA,DEL,6E,IndiGo,6E 321,2026-09-07,7,economy,,,15966.0,False,08:20,ok,2026-09-01T04:11:00.657421+05:30,2026-09-01_0411IST,airline_direct,IndiGo
MAA,DEL,6E,IndiGo,6E 597,2026-09-07,7,economy,,,16123.0,False,17:45,ok,2026-09-01T04:11:00.657421+05:30,2026-09-01_0411IST,airline_direct,IndiGo
MAA,DEL,6E,IndiGo,6E 848,2026-09-07,7,economy,,,17730.0,False,17:50,ok,2026-09-01T04:11:00.657421+05:30,2026-09-01_0411IST,airline_direct,IndiGo
MAA,DEL,6E,IndiGo,6E 401,2026-09-07,7,economy,,,18239.0,False,08:10,ok,2026-09-01T04:11:00.657421+05:30,2026-09-01_0411IST,airline_direct,IndiGo
MAA,DEL,6E,IndiGo,6E 244,2026-09-07,7,economy,,,18582.0,False,03:55,ok,2026-09-01T04:11:00.657421+05:30,2026-09-01_0411IST,airline_direct,IndiGo
DEL,BOM,6E,IndiGo,6E 449,2026-09-15,15,business,,,21900.0,False,05:00,ok,2026-09-01T04:12:01.273882+05:30,2026-09-01_0412IST,airline_direct,IndiGo
DEL,BOM,6E,IndiGo,6E 449,2026-09-15,15,economy,,,6305.0,False,05:00,ok,2026-09-01T04:12:01.273882+05:30,2026-09-01_0412IST,airline_direct,IndiGo
DEL,BOM,6E,IndiGo,6E 675,2026-09-15,15,business,,,21900.0,False,08:45,ok,2026-09-01T04:12:01.273882+05:30,2026-09-01_0412IST,airline_direct,IndiGo
DEL,BOM,6E,IndiGo,6E 675,2026-09-15,15,economy,,,6305.0,False,08:45,ok,2026-09-01T04:12:01.273882+05:30,2026-09-01_0412IST,airline_direct,IndiGo
DEL,BOM,6E,IndiGo,6E 6107,2026-09-15,15,business,,,21900.0,False,09:30,ok,2026-09-01T04:12:01.273882+05:30,2026-09-01_0412IST,airline_direct,IndiGo
DEL,BOM,6E,IndiGo,6E 6107,2026-09-15,15,economy,,,6305.0,False,09:30,ok,2026-09-01T04:12:01.273882+05:30,2026-09-01_0412IST,airline_direct,IndiGo
DEL,BOM,6E,IndiGo,6E 6328,2026-09-15,15,business,,,21900.0,False,10:15,ok,2026-09-01T04:12:01.273882+05:30,2026-09-01_0412IST,airline_direct,IndiGo
DEL,BOM,6E,IndiGo,6E 6328,2026-09-15,15,economy,,,6305.0,False,10:15,ok,2026-09-01T04:12:01.273882+05:30,2026-09-01_0412IST,airline_direct,IndiGo
DEL,BOM,6E,IndiGo,6E 6047,2026-09-15,15,business,,,21900.0,False,11:00,ok,2026-09-01T04:12:01.273882+05:30,2026-09-01_0412IST,airline_direct,IndiGo
DEL,BOM,6E,IndiGo,6E 6047,2026-09-15,15,economy,,,6305.0,False,11:00,ok,2026-09-01T04:12:01.273882+05:30,2026-09-01_0412IST,airline_direct,IndiGo
DEL,BOM,6E,IndiGo,6E 6676,2026-09-15,15,business,,,21900.0,False,12:00,ok,2026-09-01T04:12:01.273882+05:30,2026-09-01_0412IST,airline_direct,IndiGo
DEL,BOM,6E,IndiGo,6E 6676,2026-09-15,15,economy,,,6305.0,False,12:00,ok,2026-09-01T04:12:01.273882+05:30,2026-09-01_0412IST,airline_direct,IndiGo
DEL,BOM,6E,IndiGo,6E 6022,2026-09-15,15,business,,,21900.0,False,14:00,ok,2026-09-01T04:12:01.273882+05:30,2026-09-01_0412IST,airline_direct,IndiGo
DEL,BOM,6E,IndiGo,6E 6022,2026-09-15,15,economy,,,6305.0,False,14:00,ok,2026-09-01T04:12:01.273882+05:30,2026-09-01_0412IST,airline_direct,IndiGo
DEL,BOM,6E,IndiGo,6E 6318,2026-09-15,15,business,,,21900.0,False,14:45,ok,2026-09-01T04:12:01.273882+05:30,2026-09-01_0412IST,airline_direct,IndiGo
DEL,BOM,6E,IndiGo,6E 6318,2026-09-15,15,economy,,,6305.0,False,14:45,ok,2026-09-01T04:12:01.273882+05:30,2026-09-01_0412IST,airline_direct,IndiGo
DEL,BOM,6E,IndiGo,6E 864,2026-09-15,15,business,,,21900.0,False,15:30,ok,2026-09-01T04:12:01.273882+05:30,2026-09-01_0412IST,airline_direct,IndiGo
DEL,BOM,6E,IndiGo,6E 864,2026-09-15,15,economy,,,6305.0,False,15:30,ok,2026-09-01T04:12:01.273882+05:30,2026-09-01_0412IST,airline_direct,IndiGo
DEL,BOM,6E,IndiGo,6E 327,2026-09-15,15,business,,,21900.0,False,16:15,ok,2026-09-01T04:12:01.273882+05:30,2026-09-01_0412IST,airline_direct,IndiGo
DEL,BOM,6E,IndiGo,6E 327,2026-09-15,15,economy,,,6305.0,False,16:15,ok,2026-09-01T04:12:01.273882+05:30,2026-09-01_0412IST,airline_direct,IndiGo
DEL,BOM,6E,IndiGo,6E 6706,2026-09-15,15,business,,,21900.0,False,17:00,ok,2026-09-01T04:12:01.273882+05:30,2026-09-01_0412IST,airline_direct,IndiGo
DEL,BOM,6E,IndiGo,6E 6706,2026-09-15,15,economy,,,6305.0,False,17:00,ok,2026-09-01T04:12:01.273882+05:30,2026-09-01_0412IST,airline_direct,IndiGo
DEL,BOM,6E,IndiGo,6E 6114,2026-09-15,15,business,,,21900.0,False,22:45,ok,2026-09-01T04:12:01.273882+05:30,2026-09-01_0412IST,airline_direct,IndiGo
DEL,BOM,6E,IndiGo,6E 6114,2026-09-15,15,economy,,,6305.0,False,22:45,ok,2026-09-01T04:12:01.273882+05:30,2026-09-01_0412IST,airline_direct,IndiGo
DEL,BOM,6E,IndiGo,6E 322,2026-09-15,15,business,,,21900.0,False,23:30,ok,2026-09-01T04:12:01.273882+05:30,2026-09-01_0412IST,airline_direct,IndiGo
DEL,BOM,6E,IndiGo,6E 322,2026-09-15,15,economy,,,6305.0,False,23:30,ok,2026-09-01T04:12:01.273882+05:30,2026-09-01_0412IST,airline_direct,IndiGo
DEL,BOM,6E,IndiGo,6E 6218,2026-09-15,15,business,,,21900.0,False,06:05,ok,2026-09-01T04:12:01.273882+05:30,2026-09-01_0412IST,airline_direct,IndiGo
DEL,BOM,6E,IndiGo,6E 6218,2026-09-15,15,economy,,,6357.0,False,06:05,ok,2026-09-01T04:12:01.273882+05:30,2026-09-01_0412IST,airline_direct,IndiGo
DEL,BOM,6E,IndiGo,6E 324,2026-09-15,15,business,,,21900.0,False,13:00,ok,2026-09-01T04:12:01.273882+05:30,2026-09-01_0412IST,airline_direct,IndiGo
DEL,BOM,6E,IndiGo,6E 324,2026-09-15,15,economy,,,6357.0,False,13:00,ok,2026-09-01T04:12:01.273882+05:30,2026-09-01_0412IST,airline_direct,IndiGo
DEL,BOM,6E,IndiGo,6E 354,2026-09-15,15,business,,,21900.0,False,19:00,ok,2026-09-01T04:12:01.273882+05:30,2026-09-01_0412IST,airline_direct,IndiGo
DEL,BOM,6E,IndiGo,6E 354,2026-09-15,15,economy,,,6357.0,False,19:00,ok,2026-09-01T04:12:01.273882+05:30,2026-09-01_0412IST,airline_direct,IndiGo
DEL,BOM,6E,IndiGo,6E 303,2026-09-15,15,business,,,21900.0,False,20:00,ok,2026-09-01T04:12:01.273882+05:30,2026-09-01_0412IST,airline_direct,IndiGo
DEL,BOM,6E,IndiGo,6E 303,2026-09-15,15,economy,,,6357.0,False,20:00,ok,2026-09-01T04:12:01.273882+05:30,2026-09-01_0412IST,airline_direct,IndiGo
DEL,BOM,6E,IndiGo,6E 6814,2026-09-15,15,business,,,21900.0,False,07:15,ok,2026-09-01T04:12:01.273882+05:30,2026-09-01_0412IST,airline_direct,IndiGo
DEL,BOM,6E,IndiGo,6E 6814,2026-09-15,15,economy,,,6431.0,False,07:15,ok,2026-09-01T04:12:01.273882+05:30,2026-09-01_0412IST,airline_direct,IndiGo
DEL,BOM,6E,IndiGo,6E 320,2026-09-15,15,business,,,21900.0,False,08:00,ok,2026-09-01T04:12:01.273882+05:30,2026-09-01_0412IST,airline_direct,IndiGo
DEL,BOM,6E,IndiGo,6E 320,2026-09-15,15,economy,,,6431.0,False,08:00,ok,2026-09-01T04:12:01.273882+05:30,2026-09-01_0412IST,airline_direct,IndiGo
DEL,BOM,6E,IndiGo,6E 329,2026-09-15,15,business,,,21900.0,False,18:00,ok,2026-09-01T04:12:01.273882+05:30,2026-09-01_0412IST,airline_direct,IndiGo
DEL,BOM,6E,IndiGo,6E 329,2026-09-15,15,economy,,,6431.0,False,18:00,ok,2026-09-01T04:12:01.273882+05:30,2026-09-01_0412IST,airline_direct,IndiGo
DEL,BOM,6E,IndiGo,6E 395,2026-09-15,15,business,,,21900.0,False,21:45,ok,2026-09-01T04:12:01.273882+05:30,2026-09-01_0412IST,airline_direct,IndiGo
DEL,BOM,6E,IndiGo,6E 395,2026-09-15,15,economy,,,6431.0,False,21:45,ok,2026-09-01T04:12:01.273882+05:30,2026-09-01_0412IST,airline_direct,IndiGo
DEL,BOM,6E,IndiGo,6E 6261,2026-09-15,15,economy,,,7272.0,False,00:15,ok,2026-09-01T04:12:01.273882+05:30,2026-09-01_0412IST,airline_direct,IndiGo
DEL,BOM,6E,IndiGo,6E 5119,2026-09-15,15,economy,,,7272.0,False,05:10,ok,2026-09-01T04:12:01.273882+05:30,2026-09-01_0412IST,airline_direct,IndiGo
DEL,BOM,6E,IndiGo,6E 5119,2026-09-15,15,economy,,,7272.0,False,05:10,ok,2026-09-01T04:12:01.273882+05:30,2026-09-01_0412IST,airline_direct,IndiGo
DEL,BOM,6E,IndiGo,6E 2076,2026-09-15,15,economy,,,7272.0,False,07:30,ok,2026-09-01T04:12:01.273882+05:30,2026-09-01_0412IST,airline_direct,IndiGo
DEL,BOM,6E,IndiGo,6E 2298,2026-09-15,15,economy,,,7272.0,False,09:45,ok,2026-09-01T04:12:01.273882+05:30,2026-09-01_0412IST,airline_direct,IndiGo
DEL,BOM,6E,IndiGo,6E 2331,2026-09-15,15,economy,,,7272.0,False,12:20,ok,2026-09-01T04:12:01.273882+05:30,2026-09-01_0412IST,airline_direct,IndiGo
DEL,BOM,6E,IndiGo,6E 2341,2026-09-15,15,economy,,,7272.0,False,14:50,ok,2026-09-01T04:12:01.273882+05:30,2026-09-01_0412IST,airline_direct,IndiGo
DEL,BOM,6E,IndiGo,6E 6983,2026-09-15,15,economy,,,7272.0,False,15:35,ok,2026-09-01T04:12:01.273882+05:30,2026-09-01_0412IST,airline_direct,IndiGo
DEL,BOM,6E,IndiGo,6E 5033,2026-09-15,15,economy,,,7272.0,False,15:50,ok,2026-09-01T04:12:01.273882+05:30,2026-09-01_0412IST,airline_direct,IndiGo
DEL,BOM,6E,IndiGo,6E 5073,2026-09-15,15,economy,,,7272.0,False,17:05,ok,2026-09-01T04:12:01.273882+05:30,2026-09-01_0412IST,airline_direct,IndiGo
DEL,BOM,6E,IndiGo,6E 5073,2026-09-15,15,economy,,,7272.0,False,17:05,ok,2026-09-01T04:12:01.273882+05:30,2026-09-01_0412IST,airline_direct,IndiGo
DEL,BOM,6E,IndiGo,6E 5014,2026-09-15,15,economy,,,7272.0,False,18:30,ok,2026-09-01T04:12:01.273882+05:30,2026-09-01_0412IST,airline_direct,IndiGo
DEL,BOM,6E,IndiGo,6E 2013,2026-09-15,15,economy,,,7272.0,False,21:50,ok,2026-09-01T04:12:01.273882+05:30,2026-09-01_0412IST,airline_direct,IndiGo
DEL,BOM,6E,IndiGo,6E 6459,2026-09-15,15,economy,,,7403.0,False,05:55,ok,2026-09-01T04:12:01.273882+05:30,2026-09-01_0412IST,airline_direct,IndiGo
DEL,BOM,6E,IndiGo,6E 6443,2026-09-15,15,economy,,,7403.0,False,09:00,ok,2026-09-01T04:12:01.273882+05:30,2026-09-01_0412IST,airline_direct,IndiGo
DEL,BOM,6E,IndiGo,6E 6488,2026-09-15,15,economy,,,7403.0,False,11:20,ok,2026-09-01T04:12:01.273882+05:30,2026-09-01_0412IST,airline_direct,IndiGo
DEL,BOM,6E,IndiGo,6E 2249,2026-09-15,15,economy,,,7403.0,False,15:00,ok,2026-09-01T04:12:01.273882+05:30,2026-09-01_0412IST,airline_direct,IndiGo
DEL,BOM,6E,IndiGo,6E 6433,2026-09-15,15,economy,,,7403.0,False,16:30,ok,2026-09-01T04:12:01.273882+05:30,2026-09-01_0412IST,airline_direct,IndiGo
DEL,BOM,6E,IndiGo,6E 6829,2026-09-15,15,economy,,,7403.0,False,17:20,ok,2026-09-01T04:12:01.273882+05:30,2026-09-01_0412IST,airline_direct,IndiGo
DEL,BOM,6E,IndiGo,6E 6829,2026-09-15,15,economy,,,7403.0,False,17:20,ok,2026-09-01T04:12:01.273882+05:30,2026-09-01_0412IST,airline_direct,IndiGo
DEL,BOM,6E,IndiGo,6E 5138,2026-09-15,15,economy,,,7403.0,False,19:10,ok,2026-09-01T04:12:01.273882+05:30,2026-09-01_0412IST,airline_direct,IndiGo
DEL,BOM,6E,IndiGo,6E 2169,2026-09-15,15,economy,,,7403.0,False,19:40,ok,2026-09-01T04:12:01.273882+05:30,2026-09-01_0412IST,airline_direct,IndiGo
DEL,BOM,6E,IndiGo,6E 6476,2026-09-15,15,economy,,,7482.0,False,07:05,ok,2026-09-01T04:12:01.273882+05:30,2026-09-01_0412IST,airline_direct,IndiGo
DEL,BOM,6E,IndiGo,6E 6050,2026-09-15,15,economy,,,7482.0,False,08:15,ok,2026-09-01T04:12:01.273882+05:30,2026-09-01_0412IST,airline_direct,IndiGo
DEL,BOM,6E,IndiGo,6E 5298,2026-09-15,15,economy,,,7482.0,False,09:00,ok,2026-09-01T04:12:01.273882+05:30,2026-09-01_0412IST,airline_direct,IndiGo
DEL,BOM,6E,IndiGo,6E 5206,2026-09-15,15,economy,,,7482.0,False,13:20,ok,2026-09-01T04:12:01.273882+05:30,2026-09-01_0412IST,airline_direct,IndiGo
DEL,BOM,6E,IndiGo,6E 5038,2026-09-15,15,economy,,,7482.0,False,14:00,ok,2026-09-01T04:12:01.273882+05:30,2026-09-01_0412IST,airline_direct,IndiGo
DEL,BOM,6E,IndiGo,6E 758,2026-09-15,15,economy,,,7482.0,False,16:30,ok,2026-09-01T04:12:01.273882+05:30,2026-09-01_0412IST,airline_direct,IndiGo
DEL,BOM,6E,IndiGo,6E 2151,2026-09-15,15,economy,,,7482.0,False,19:45,ok,2026-09-01T04:12:01.273882+05:30,2026-09-01_0412IST,airline_direct,IndiGo
DEL,BOM,6E,IndiGo,6E 6479,2026-09-15,15,economy,,,7482.0,False,21:25,ok,2026-09-01T04:12:01.273882+05:30,2026-09-01_0412IST,airline_direct,IndiGo
DEL,BOM,6E,IndiGo,6E 704,2026-09-15,15,business,,,36092.0,False,02:25,ok,2026-09-01T04:12:01.273882+05:30,2026-09-01_0412IST,airline_direct,IndiGo
DEL,BOM,6E,IndiGo,6E 704,2026-09-15,15,economy,,,7613.0,False,02:25,ok,2026-09-01T04:12:01.273882+05:30,2026-09-01_0412IST,airline_direct,IndiGo
DEL,BOM,6E,IndiGo,6E 705,2026-09-15,15,business,,,36092.0,False,08:30,ok,2026-09-01T04:12:01.273882+05:30,2026-09-01_0412IST,airline_direct,IndiGo
DEL,BOM,6E,IndiGo,6E 705,2026-09-15,15,economy,,,7613.0,False,08:30,ok,2026-09-01T04:12:01.273882+05:30,2026-09-01_0412IST,airline_direct,IndiGo
DEL,BOM,6E,IndiGo,6E 6293,2026-09-15,15,business,,,36092.0,False,09:55,ok,2026-09-01T04:12:01.273882+05:30,2026-09-01_0412IST,airline_direct,IndiGo
DEL,BOM,6E,IndiGo,6E 6293,2026-09-15,15,economy,,,7613.0,False,09:55,ok,2026-09-01T04:12:01.273882+05:30,2026-09-01_0412IST,airline_direct,IndiGo
DEL,BOM,6E,IndiGo,6E 6282,2026-09-15,15,business,,,36092.0,False,13:30,ok,2026-09-01T04:12:01.273882+05:30,2026-09-01_0412IST,airline_direct,IndiGo
DEL,BOM,6E,IndiGo,6E 6282,2026-09-15,15,economy,,,7613.0,False,13:30,ok,2026-09-01T04:12:01.273882+05:30,2026-09-01_0412IST,airline_direct,IndiGo
DEL,BOM,6E,IndiGo,6E 6282,2026-09-15,15,business,,,36092.0,False,13:30,ok,2026-09-01T04:12:01.273882+05:30,2026-09-01_0412IST,airline_direct,IndiGo
DEL,BOM,6E,IndiGo,6E 6282,2026-09-15,15,economy,,,7613.0,False,13:30,ok,2026-09-01T04:12:01.273882+05:30,2026-09-01_0412IST,airline_direct,IndiGo
DEL,BOM,6E,IndiGo,6E 2381,2026-09-15,15,economy,,,7613.0,False,13:45,ok,2026-09-01T04:12:01.273882+05:30,2026-09-01_0412IST,airline_direct,IndiGo
DEL,BOM,6E,IndiGo,6E 6497,2026-09-15,15,economy,,,7613.0,False,18:40,ok,2026-09-01T04:12:01.273882+05:30,2026-09-01_0412IST,airline_direct,IndiGo
DEL,BOM,6E,IndiGo,6E 6601,2026-09-15,15,business,,,36092.0,False,19:45,ok,2026-09-01T04:12:01.273882+05:30,2026-09-01_0412IST,airline_direct,IndiGo
DEL,BOM,6E,IndiGo,6E 6601,2026-09-15,15,economy,,,7613.0,False,19:45,ok,2026-09-01T04:12:01.273882+05:30,2026-09-01_0412IST,airline_direct,IndiGo
DEL,BOM,6E,IndiGo,6E 882,2026-09-15,15,economy,,,7613.0,False,23:15,ok,2026-09-01T04:12:01.273882+05:30,2026-09-01_0412IST,airline_direct,IndiGo
DEL,BOM,6E,IndiGo,6E 358,2026-09-15,15,economy,,,7692.0,False,12:15,ok,2026-09-01T04:12:01.273882+05:30,2026-09-01_0412IST,airline_direct,IndiGo
DEL,BOM,6E,IndiGo,6E 357,2026-09-15,15,economy,,,7692.0,False,19:30,ok,2026-09-01T04:12:01.273882+05:30,2026-09-01_0412IST,airline_direct,IndiGo
DEL,BOM,6E,IndiGo,6E 6010,2026-09-15,15,economy,,,7928.0,False,11:20,ok,2026-09-01T04:12:01.273882+05:30,2026-09-01_0412IST,airline_direct,IndiGo
DEL,BOM,6E,IndiGo,6E 931,2026-09-15,15,economy,,,8323.0,False,19:35,ok,2026-09-01T04:12:01.273882+05:30,2026-09-01_0412IST,airline_direct,IndiGo
DEL,BOM,6E,IndiGo,6E 6171,2026-09-15,15,economy,,,8507.0,False,05:40,ok,2026-09-01T04:12:01.273882+05:30,2026-09-01_0412IST,airline_direct,IndiGo
DEL,BOM,6E,IndiGo,6E 2349,2026-09-15,15,economy,,,9368.0,False,10:55,ok,2026-09-01T04:12:01.273882+05:30,2026-09-01_0412IST,airline_direct,IndiGo
DEL,BLR,6E,IndiGo,6E 820,2026-09-15,15,business,,,26048.0,False,03:00,ok,2026-09-01T04:13:12.026176+05:30,2026-09-01_0413IST,airline_direct,IndiGo
DEL,BLR,6E,IndiGo,6E 820,2026-09-15,15,economy,,,8671.0,False,03:00,ok,2026-09-01T04:13:12.026176+05:30,2026-09-01_0413IST,airline_direct,IndiGo
DEL,BLR,6E,IndiGo,6E 846,2026-09-15,15,business,,,26048.0,False,22:00,ok,2026-09-01T04:13:12.026176+05:30,2026-09-01_0413IST,airline_direct,IndiGo
DEL,BLR,6E,IndiGo,6E 846,2026-09-15,15,economy,,,8671.0,False,22:00,ok,2026-09-01T04:13:12.026176+05:30,2026-09-01_0413IST,airline_direct,IndiGo
DEL,BLR,6E,IndiGo,6E 871,2026-09-15,15,business,,,26048.0,False,23:30,ok,2026-09-01T04:13:12.026176+05:30,2026-09-01_0413IST,airline_direct,IndiGo
DEL,BLR,6E,IndiGo,6E 871,2026-09-15,15,economy,,,8671.0,False,23:30,ok,2026-09-01T04:13:12.026176+05:30,2026-09-01_0413IST,airline_direct,IndiGo
DEL,BLR,6E,IndiGo,6E 2314,2026-09-15,15,business,,,26048.0,False,05:45,ok,2026-09-01T04:13:12.026176+05:30,2026-09-01_0413IST,airline_direct,IndiGo
DEL,BLR,6E,IndiGo,6E 2314,2026-09-15,15,economy,,,9128.0,False,05:45,ok,2026-09-01T04:13:12.026176+05:30,2026-09-01_0413IST,airline_direct,IndiGo
DEL,BLR,6E,IndiGo,6E 6515,2026-09-15,15,business,,,26048.0,False,20:45,ok,2026-09-01T04:13:12.026176+05:30,2026-09-01_0413IST,airline_direct,IndiGo
DEL,BLR,6E,IndiGo,6E 6515,2026-09-15,15,economy,,,9128.0,False,20:45,ok,2026-09-01T04:13:12.026176+05:30,2026-09-01_0413IST,airline_direct,IndiGo
DEL,BLR,6E,IndiGo,6E 810,2026-09-15,15,business,,,26048.0,False,07:05,ok,2026-09-01T04:13:12.026176+05:30,2026-09-01_0413IST,airline_direct,IndiGo
DEL,BLR,6E,IndiGo,6E 810,2026-09-15,15,economy,,,9613.0,False,07:05,ok,2026-09-01T04:13:12.026176+05:30,2026-09-01_0413IST,airline_direct,IndiGo
DEL,BLR,6E,IndiGo,6E 880,2026-09-15,15,business,,,26048.0,False,15:45,ok,2026-09-01T04:13:12.026176+05:30,2026-09-01_0413IST,airline_direct,IndiGo
DEL,BLR,6E,IndiGo,6E 880,2026-09-15,15,economy,,,9613.0,False,15:45,ok,2026-09-01T04:13:12.026176+05:30,2026-09-01_0413IST,airline_direct,IndiGo
DEL,BLR,6E,IndiGo,6E 837,2026-09-15,15,business,,,26048.0,False,17:00,ok,2026-09-01T04:13:12.026176+05:30,2026-09-01_0413IST,airline_direct,IndiGo
DEL,BLR,6E,IndiGo,6E 837,2026-09-15,15,economy,,,9613.0,False,17:00,ok,2026-09-01T04:13:12.026176+05:30,2026-09-01_0413IST,airline_direct,IndiGo
DEL,BLR,6E,IndiGo,6E 811,2026-09-15,15,business,,,26048.0,False,18:20,ok,2026-09-01T04:13:12.026176+05:30,2026-09-01_0413IST,airline_direct,IndiGo
DEL,BLR,6E,IndiGo,6E 811,2026-09-15,15,economy,,,9613.0,False,18:20,ok,2026-09-01T04:13:12.026176+05:30,2026-09-01_0413IST,airline_direct,IndiGo
DEL,BLR,6E,IndiGo,6E 861,2026-09-15,15,business,,,26048.0,False,19:30,ok,2026-09-01T04:13:12.026176+05:30,2026-09-01_0413IST,airline_direct,IndiGo
DEL,BLR,6E,IndiGo,6E 861,2026-09-15,15,economy,,,9613.0,False,19:30,ok,2026-09-01T04:13:12.026176+05:30,2026-09-01_0413IST,airline_direct,IndiGo
DEL,BLR,6E,IndiGo,6E 873,2026-09-15,15,business,,,26048.0,False,08:20,ok,2026-09-01T04:13:12.026176+05:30,2026-09-01_0413IST,airline_direct,IndiGo
DEL,BLR,6E,IndiGo,6E 873,2026-09-15,15,economy,,,10128.0,False,08:20,ok,2026-09-01T04:13:12.026176+05:30,2026-09-01_0413IST,airline_direct,IndiGo
DEL,BLR,6E,IndiGo,6E 828,2026-09-15,15,business,,,26048.0,False,14:30,ok,2026-09-01T04:13:12.026176+05:30,2026-09-01_0413IST,airline_direct,IndiGo
DEL,BLR,6E,IndiGo,6E 828,2026-09-15,15,economy,,,10128.0,False,14:30,ok,2026-09-01T04:13:12.026176+05:30,2026-09-01_0413IST,airline_direct,IndiGo
DEL,BLR,6E,IndiGo,6E 826,2026-09-15,15,business,,,26048.0,False,09:30,ok,2026-09-01T04:13:12.026176+05:30,2026-09-01_0413IST,airline_direct,IndiGo
DEL,BLR,6E,IndiGo,6E 826,2026-09-15,15,economy,,,10675.0,False,09:30,ok,2026-09-01T04:13:12.026176+05:30,2026-09-01_0413IST,airline_direct,IndiGo
DEL,BLR,6E,IndiGo,6E 842,2026-09-15,15,business,,,26048.0,False,10:45,ok,2026-09-01T04:13:12.026176+05:30,2026-09-01_0413IST,airline_direct,IndiGo
DEL,BLR,6E,IndiGo,6E 842,2026-09-15,15,economy,,,10675.0,False,10:45,ok,2026-09-01T04:13:12.026176+05:30,2026-09-01_0413IST,airline_direct,IndiGo
DEL,BLR,6E,IndiGo,6E 850,2026-09-15,15,business,,,26048.0,False,12:20,ok,2026-09-01T04:13:12.026176+05:30,2026-09-01_0413IST,airline_direct,IndiGo
DEL,BLR,6E,IndiGo,6E 850,2026-09-15,15,economy,,,11257.0,False,12:20,ok,2026-09-01T04:13:12.026176+05:30,2026-09-01_0413IST,airline_direct,IndiGo
DEL,BLR,6E,IndiGo,6E 2319,2026-09-15,15,economy,,,9970.0,False,09:55,ok,2026-09-01T04:13:12.026176+05:30,2026-09-01_0413IST,airline_direct,IndiGo
DEL,BLR,6E,IndiGo,6E 5033,2026-09-15,15,economy,,,10098.0,False,15:50,ok,2026-09-01T04:13:12.026176+05:30,2026-09-01_0413IST,airline_direct,IndiGo
DEL,BLR,6E,IndiGo,6E 2151,2026-09-15,15,economy,,,10495.0,False,19:45,ok,2026-09-01T04:13:12.026176+05:30,2026-09-01_0413IST,airline_direct,IndiGo
DEL,BLR,6E,IndiGo,6E 884,2026-09-15,15,business,,,26538.0,False,11:45,ok,2026-09-01T04:13:12.026176+05:30,2026-09-01_0413IST,airline_direct,IndiGo
DEL,BLR,6E,IndiGo,6E 884,2026-09-15,15,economy,,,10587.0,False,11:45,ok,2026-09-01T04:13:12.026176+05:30,2026-09-01_0413IST,airline_direct,IndiGo
DEL,BLR,6E,IndiGo,6E 6476,2026-09-15,15,economy,,,10810.0,False,07:05,ok,2026-09-01T04:13:12.026176+05:30,2026-09-01_0413IST,airline_direct,IndiGo
DEL,BLR,6E,IndiGo,6E 931,2026-09-15,15,economy,,,10845.0,False,19:35,ok,2026-09-01T04:13:12.026176+05:30,2026-09-01_0413IST,airline_direct,IndiGo
DEL,BLR,6E,IndiGo,6E 6293,2026-09-15,15,business,,,26943.0,False,09:55,ok,2026-09-01T04:13:12.026176+05:30,2026-09-01_0413IST,airline_direct,IndiGo
DEL,BLR,6E,IndiGo,6E 6293,2026-09-15,15,economy,,,10947.0,False,09:55,ok,2026-09-01T04:13:12.026176+05:30,2026-09-01_0413IST,airline_direct,IndiGo
DEL,BLR,6E,IndiGo,6E 2618,2026-09-15,15,business,,,26816.0,False,23:00,ok,2026-09-01T04:13:12.026176+05:30,2026-09-01_0413IST,airline_direct,IndiGo
DEL,BLR,6E,IndiGo,6E 2618,2026-09-15,15,economy,,,11008.0,False,23:00,ok,2026-09-01T04:13:12.026176+05:30,2026-09-01_0413IST,airline_direct,IndiGo
DEL,BLR,6E,IndiGo,6E 6433,2026-09-15,15,economy,,,11122.0,False,16:30,ok,2026-09-01T04:13:12.026176+05:30,2026-09-01_0413IST,airline_direct,IndiGo
DEL,BLR,6E,IndiGo,6E 6217,2026-09-15,15,business,,,26538.0,False,16:15,ok,2026-09-01T04:13:12.026176+05:30,2026-09-01_0413IST,airline_direct,IndiGo
DEL,BLR,6E,IndiGo,6E 6217,2026-09-15,15,economy,,,11134.0,False,16:15,ok,2026-09-01T04:13:12.026176+05:30,2026-09-01_0413IST,airline_direct,IndiGo
DEL,BLR,6E,IndiGo,6E 717,2026-09-15,15,business,,,26538.0,False,17:55,ok,2026-09-01T04:13:12.026176+05:30,2026-09-01_0413IST,airline_direct,IndiGo
DEL,BLR,6E,IndiGo,6E 717,2026-09-15,15,economy,,,11134.0,False,17:55,ok,2026-09-01T04:13:12.026176+05:30,2026-09-01_0413IST,airline_direct,IndiGo
DEL,BLR,6E,IndiGo,6E 6217,2026-09-15,15,business,,,26943.0,False,16:15,ok,2026-09-01T04:13:12.026176+05:30,2026-09-01_0413IST,airline_direct,IndiGo
DEL,BLR,6E,IndiGo,6E 6217,2026-09-15,15,economy,,,11201.0,False,16:15,ok,2026-09-01T04:13:12.026176+05:30,2026-09-01_0413IST,airline_direct,IndiGo
DEL,BLR,6E,IndiGo,6E 2343,2026-09-15,15,business,,,28035.0,False,02:20,ok,2026-09-01T04:13:12.026176+05:30,2026-09-01_0413IST,airline_direct,IndiGo
DEL,BLR,6E,IndiGo,6E 2343,2026-09-15,15,economy,,,11332.0,False,02:20,ok,2026-09-01T04:13:12.026176+05:30,2026-09-01_0413IST,airline_direct,IndiGo
DEL,BLR,6E,IndiGo,6E 5119,2026-09-15,15,economy,,,11332.0,False,05:10,ok,2026-09-01T04:13:12.026176+05:30,2026-09-01_0413IST,airline_direct,IndiGo
DEL,BLR,6E,IndiGo,6E 6459,2026-09-15,15,economy,,,11332.0,False,05:55,ok,2026-09-01T04:13:12.026176+05:30,2026-09-01_0413IST,airline_direct,IndiGo
DEL,BLR,6E,IndiGo,6E 6470,2026-09-15,15,economy,,,11332.0,False,06:55,ok,2026-09-01T04:13:12.026176+05:30,2026-09-01_0413IST,airline_direct,IndiGo
DEL,BLR,6E,IndiGo,6E 320,2026-09-15,15,business,,,40536.0,False,08:00,ok,2026-09-01T04:13:12.026176+05:30,2026-09-01_0413IST,airline_direct,IndiGo
DEL,BLR,6E,IndiGo,6E 320,2026-09-15,15,economy,,,11332.0,False,08:00,ok,2026-09-01T04:13:12.026176+05:30,2026-09-01_0413IST,airline_direct,IndiGo
DEL,BLR,6E,IndiGo,6E 6047,2026-09-15,15,business,,,40536.0,False,11:00,ok,2026-09-01T04:13:12.026176+05:30,2026-09-01_0413IST,airline_direct,IndiGo
DEL,BLR,6E,IndiGo,6E 6047,2026-09-15,15,economy,,,11332.0,False,11:00,ok,2026-09-01T04:13:12.026176+05:30,2026-09-01_0413IST,airline_direct,IndiGo
DEL,BLR,6E,IndiGo,6E 6488,2026-09-15,15,economy,,,11332.0,False,11:20,ok,2026-09-01T04:13:12.026176+05:30,2026-09-01_0413IST,airline_direct,IndiGo
DEL,BLR,6E,IndiGo,6E 6022,2026-09-15,15,business,,,40536.0,False,14:00,ok,2026-09-01T04:13:12.026176+05:30,2026-09-01_0413IST,airline_direct,IndiGo
DEL,BLR,6E,IndiGo,6E 6022,2026-09-15,15,economy,,,11332.0,False,14:00,ok,2026-09-01T04:13:12.026176+05:30,2026-09-01_0413IST,airline_direct,IndiGo
DEL,BLR,6E,IndiGo,6E 2557,2026-09-15,15,economy,,,11332.0,False,15:20,ok,2026-09-01T04:13:12.026176+05:30,2026-09-01_0413IST,airline_direct,IndiGo
DEL,BLR,6E,IndiGo,6E 734,2026-09-15,15,economy,,,11332.0,False,16:20,ok,2026-09-01T04:13:12.026176+05:30,2026-09-01_0413IST,airline_direct,IndiGo
DEL,BLR,6E,IndiGo,6E 6437,2026-09-15,15,business,,,27593.0,False,16:25,ok,2026-09-01T04:13:12.026176+05:30,2026-09-01_0413IST,airline_direct,IndiGo
DEL,BLR,6E,IndiGo,6E 6437,2026-09-15,15,economy,,,11332.0,False,16:25,ok,2026-09-01T04:13:12.026176+05:30,2026-09-01_0413IST,airline_direct,IndiGo
DEL,BLR,6E,IndiGo,6E 6706,2026-09-15,15,business,,,40536.0,False,17:00,ok,2026-09-01T04:13:12.026176+05:30,2026-09-01_0413IST,airline_direct,IndiGo
DEL,BLR,6E,IndiGo,6E 6706,2026-09-15,15,economy,,,11332.0,False,17:00,ok,2026-09-01T04:13:12.026176+05:30,2026-09-01_0413IST,airline_direct,IndiGo
DEL,BLR,6E,IndiGo,6E 5073,2026-09-15,15,economy,,,11332.0,False,17:05,ok,2026-09-01T04:13:12.026176+05:30,2026-09-01_0413IST,airline_direct,IndiGo
DEL,BLR,6E,IndiGo,6E 6829,2026-09-15,15,economy,,,11332.0,False,17:20,ok,2026-09-01T04:13:12.026176+05:30,2026-09-01_0413IST,airline_direct,IndiGo
DEL,BLR,6E,IndiGo,6E 329,2026-09-15,15,business,,,40536.0,False,18:00,ok,2026-09-01T04:13:12.026176+05:30,2026-09-01_0413IST,airline_direct,IndiGo
DEL,BLR,6E,IndiGo,6E 329,2026-09-15,15,economy,,,11332.0,False,18:00,ok,2026-09-01T04:13:12.026176+05:30,2026-09-01_0413IST,airline_direct,IndiGo
DEL,BLR,6E,IndiGo,6E 329,2026-09-15,15,business,,,40536.0,False,18:00,ok,2026-09-01T04:13:12.026176+05:30,2026-09-01_0413IST,airline_direct,IndiGo
DEL,BLR,6E,IndiGo,6E 329,2026-09-15,15,economy,,,11332.0,False,18:00,ok,2026-09-01T04:13:12.026176+05:30,2026-09-01_0413IST,airline_direct,IndiGo
DEL,BLR,6E,IndiGo,6E 6673,2026-09-15,15,business,,,26816.0,False,21:15,ok,2026-09-01T04:13:12.026176+05:30,2026-09-01_0413IST,airline_direct,IndiGo
DEL,BLR,6E,IndiGo,6E 6673,2026-09-15,15,economy,,,11332.0,False,21:15,ok,2026-09-01T04:13:12.026176+05:30,2026-09-01_0413IST,airline_direct,IndiGo
DEL,BLR,6E,IndiGo,6E 940,2026-09-15,15,economy,,,11411.0,False,09:15,ok,2026-09-01T04:13:12.026176+05:30,2026-09-01_0413IST,airline_direct,IndiGo
DEL,BLR,6E,IndiGo,6E 434,2026-09-15,15,economy,,,11411.0,False,11:00,ok,2026-09-01T04:13:12.026176+05:30,2026-09-01_0413IST,airline_direct,IndiGo
DEL,BLR,6E,IndiGo,6E 358,2026-09-15,15,economy,,,11411.0,False,12:15,ok,2026-09-01T04:13:12.026176+05:30,2026-09-01_0413IST,airline_direct,IndiGo
DEL,BLR,6E,IndiGo,6E 6115,2026-09-15,15,economy,,,11411.0,False,13:10,ok,2026-09-01T04:13:12.026176+05:30,2026-09-01_0413IST,airline_direct,IndiGo
DEL,BLR,6E,IndiGo,6E 5038,2026-09-15,15,economy,,,11411.0,False,14:00,ok,2026-09-01T04:13:12.026176+05:30,2026-09-01_0413IST,airline_direct,IndiGo
DEL,BLR,6E,IndiGo,6E 6091,2026-09-15,15,economy,,,11411.0,False,15:15,ok,2026-09-01T04:13:12.026176+05:30,2026-09-01_0413IST,airline_direct,IndiGo
DEL,BLR,6E,IndiGo,6E 947,2026-09-15,15,economy,,,11411.0,False,16:40,ok,2026-09-01T04:13:12.026176+05:30,2026-09-01_0413IST,airline_direct,IndiGo
DEL,BLR,6E,IndiGo,6E 6632,2026-09-15,15,economy,,,11411.0,False,17:50,ok,2026-09-01T04:13:12.026176+05:30,2026-09-01_0413IST,airline_direct,IndiGo
DEL,BLR,6E,IndiGo,6E 950,2026-09-15,15,economy,,,11411.0,False,18:15,ok,2026-09-01T04:13:12.026176+05:30,2026-09-01_0413IST,airline_direct,IndiGo
DEL,BLR,6E,IndiGo,6E 6497,2026-09-15,15,economy,,,11542.0,False,18:40,ok,2026-09-01T04:13:12.026176+05:30,2026-09-01_0413IST,airline_direct,IndiGo
DEL,BLR,6E,IndiGo,6E 5001,2026-09-15,15,economy,,,11568.0,False,17:10,ok,2026-09-01T04:13:12.026176+05:30,2026-09-01_0413IST,airline_direct,IndiGo
DEL,BLR,6E,IndiGo,6E 5191,2026-09-15,15,business,,,33346.0,False,05:00,ok,2026-09-01T04:13:12.026176+05:30,2026-09-01_0413IST,airline_direct,IndiGo
DEL,BLR,6E,IndiGo,6E 5191,2026-09-15,15,economy,,,11752.0,False,05:00,ok,2026-09-01T04:13:12.026176+05:30,2026-09-01_0413IST,airline_direct,IndiGo
DEL,BLR,6E,IndiGo,6E 513,2026-09-15,15,business,,,33346.0,False,08:30,ok,2026-09-01T04:13:12.026176+05:30,2026-09-01_0413IST,airline_direct,IndiGo
DEL,BLR,6E,IndiGo,6E 513,2026-09-15,15,economy,,,11752.0,False,08:30,ok,2026-09-01T04:13:12.026176+05:30,2026-09-01_0413IST,airline_direct,IndiGo
DEL,BLR,6E,IndiGo,6E 2771,2026-09-15,15,economy,,,11752.0,False,10:35,ok,2026-09-01T04:13:12.026176+05:30,2026-09-01_0413IST,airline_direct,IndiGo
DEL,BLR,6E,IndiGo,6E 758,2026-09-15,15,economy,,,11954.0,False,16:30,ok,2026-09-01T04:13:12.026176+05:30,2026-09-01_0413IST,airline_direct,IndiGo
DEL,BLR,6E,IndiGo,6E 2277,2026-09-15,15,business,,,37200.0,False,10:25,ok,2026-09-01T04:13:12.026176+05:30,2026-09-01_0413IST,airline_direct,IndiGo
DEL,BLR,6E,IndiGo,6E 2277,2026-09-15,15,economy,,,27253.0,False,10:25,ok,2026-09-01T04:13:12.026176+05:30,2026-09-01_0413IST,airline_direct,IndiGo
BOM,BLR,6E,IndiGo,6E 5323,2026-09-15,15,business,,,18948.0,False,01:10,ok,2026-09-01T04:14:16.424797+05:30,2026-09-01_0414IST,airline_direct,IndiGo
BOM,BLR,6E,IndiGo,6E 5323,2026-09-15,15,economy,,,5091.0,False,01:10,ok,2026-09-01T04:14:16.424797+05:30,2026-09-01_0414IST,airline_direct,IndiGo
BOM,BLR,6E,IndiGo,6E 5294,2026-09-15,15,business,,,18948.0,False,04:30,ok,2026-09-01T04:14:16.424797+05:30,2026-09-01_0414IST,airline_direct,IndiGo
BOM,BLR,6E,IndiGo,6E 5294,2026-09-15,15,economy,,,6141.0,False,04:30,ok,2026-09-01T04:14:16.424797+05:30,2026-09-01_0414IST,airline_direct,IndiGo
BOM,BLR,6E,IndiGo,6E 5296,2026-09-15,15,business,,,18948.0,False,06:30,ok,2026-09-01T04:14:16.424797+05:30,2026-09-01_0414IST,airline_direct,IndiGo
BOM,BLR,6E,IndiGo,6E 5296,2026-09-15,15,economy,,,6747.0,False,06:30,ok,2026-09-01T04:14:16.424797+05:30,2026-09-01_0414IST,airline_direct,IndiGo
BOM,BLR,6E,IndiGo,6E 5193,2026-09-15,15,economy,,,6747.0,False,08:05,ok,2026-09-01T04:14:16.424797+05:30,2026-09-01_0414IST,airline_direct,IndiGo
BOM,BLR,6E,IndiGo,6E 5092,2026-09-15,15,business,,,18948.0,False,09:50,ok,2026-09-01T04:14:16.424797+05:30,2026-09-01_0414IST,airline_direct,IndiGo
BOM,BLR,6E,IndiGo,6E 5092,2026-09-15,15,economy,,,6747.0,False,09:50,ok,2026-09-01T04:14:16.424797+05:30,2026-09-01_0414IST,airline_direct,IndiGo
BOM,BLR,6E,IndiGo,6E 5217,2026-09-15,15,business,,,18948.0,False,11:00,ok,2026-09-01T04:14:16.424797+05:30,2026-09-01_0414IST,airline_direct,IndiGo
BOM,BLR,6E,IndiGo,6E 5217,2026-09-15,15,economy,,,6747.0,False,11:00,ok,2026-09-01T04:14:16.424797+05:30,2026-09-01_0414IST,airline_direct,IndiGo
BOM,BLR,6E,IndiGo,6E 5184,2026-09-15,15,business,,,18948.0,False,12:30,ok,2026-09-01T04:14:16.424797+05:30,2026-09-01_0414IST,airline_direct,IndiGo
BOM,BLR,6E,IndiGo,6E 5184,2026-09-15,15,economy,,,6747.0,False,12:30,ok,2026-09-01T04:14:16.424797+05:30,2026-09-01_0414IST,airline_direct,IndiGo
BOM,BLR,6E,IndiGo,6E 5382,2026-09-15,15,business,,,18948.0,False,14:30,ok,2026-09-01T04:14:16.424797+05:30,2026-09-01_0414IST,airline_direct,IndiGo
BOM,BLR,6E,IndiGo,6E 5382,2026-09-15,15,economy,,,6747.0,False,14:30,ok,2026-09-01T04:14:16.424797+05:30,2026-09-01_0414IST,airline_direct,IndiGo
BOM,BLR,6E,IndiGo,6E 5071,2026-09-15,15,business,,,18948.0,False,15:35,ok,2026-09-01T04:14:16.424797+05:30,2026-09-01_0414IST,airline_direct,IndiGo
BOM,BLR,6E,IndiGo,6E 5071,2026-09-15,15,economy,,,6747.0,False,15:35,ok,2026-09-01T04:14:16.424797+05:30,2026-09-01_0414IST,airline_direct,IndiGo
BOM,BLR,6E,IndiGo,6E 5047,2026-09-15,15,business,,,18948.0,False,18:30,ok,2026-09-01T04:14:16.424797+05:30,2026-09-01_0414IST,airline_direct,IndiGo
BOM,BLR,6E,IndiGo,6E 5047,2026-09-15,15,economy,,,6747.0,False,18:30,ok,2026-09-01T04:14:16.424797+05:30,2026-09-01_0414IST,airline_direct,IndiGo
BOM,BLR,6E,IndiGo,6E 6188,2026-09-15,15,business,,,18948.0,False,21:30,ok,2026-09-01T04:14:16.424797+05:30,2026-09-01_0414IST,airline_direct,IndiGo
BOM,BLR,6E,IndiGo,6E 6188,2026-09-15,15,economy,,,6747.0,False,21:30,ok,2026-09-01T04:14:16.424797+05:30,2026-09-01_0414IST,airline_direct,IndiGo
BOM,BLR,6E,IndiGo,6E 5388,2026-09-15,15,business,,,18948.0,False,22:20,ok,2026-09-01T04:14:16.424797+05:30,2026-09-01_0414IST,airline_direct,IndiGo
BOM,BLR,6E,IndiGo,6E 5388,2026-09-15,15,economy,,,6747.0,False,22:20,ok,2026-09-01T04:14:16.424797+05:30,2026-09-01_0414IST,airline_direct,IndiGo
BOM,BLR,6E,IndiGo,6E 5221,2026-09-15,15,business,,,18948.0,False,17:00,ok,2026-09-01T04:14:16.424797+05:30,2026-09-01_0414IST,airline_direct,IndiGo
BOM,BLR,6E,IndiGo,6E 5221,2026-09-15,15,economy,,,7377.0,False,17:00,ok,2026-09-01T04:14:16.424797+05:30,2026-09-01_0414IST,airline_direct,IndiGo
BOM,BLR,6E,IndiGo,6E 6362,2026-09-15,15,business,,,23981.0,False,05:45,ok,2026-09-01T04:14:16.424797+05:30,2026-09-01_0414IST,airline_direct,IndiGo
BOM,BLR,6E,IndiGo,6E 6362,2026-09-15,15,economy,,,6425.0,False,05:45,ok,2026-09-01T04:14:16.424797+05:30,2026-09-01_0414IST,airline_direct,IndiGo
BOM,BLR,6E,IndiGo,6E 5318,2026-09-15,15,business,,,23981.0,False,10:15,ok,2026-09-01T04:14:16.424797+05:30,2026-09-01_0414IST,airline_direct,IndiGo
BOM,BLR,6E,IndiGo,6E 5318,2026-09-15,15,economy,,,6425.0,False,10:15,ok,2026-09-01T04:14:16.424797+05:30,2026-09-01_0414IST,airline_direct,IndiGo
BOM,BLR,6E,IndiGo,6E 5318,2026-09-15,15,business,,,23576.0,False,10:15,ok,2026-09-01T04:14:16.424797+05:30,2026-09-01_0414IST,airline_direct,IndiGo
BOM,BLR,6E,IndiGo,6E 5318,2026-09-15,15,economy,,,6425.0,False,10:15,ok,2026-09-01T04:14:16.424797+05:30,2026-09-01_0414IST,airline_direct,IndiGo
BOM,BLR,6E,IndiGo,6E 5178,2026-09-15,15,business,,,23981.0,False,11:40,ok,2026-09-01T04:14:16.424797+05:30,2026-09-01_0414IST,airline_direct,IndiGo
BOM,BLR,6E,IndiGo,6E 5178,2026-09-15,15,economy,,,6425.0,False,11:40,ok,2026-09-01T04:14:16.424797+05:30,2026-09-01_0414IST,airline_direct,IndiGo
BOM,BLR,6E,IndiGo,6E 5178,2026-09-15,15,business,,,23576.0,False,11:40,ok,2026-09-01T04:14:16.424797+05:30,2026-09-01_0414IST,airline_direct,IndiGo
BOM,BLR,6E,IndiGo,6E 5178,2026-09-15,15,economy,,,6425.0,False,11:40,ok,2026-09-01T04:14:16.424797+05:30,2026-09-01_0414IST,airline_direct,IndiGo
BOM,BLR,6E,IndiGo,6E 673,2026-09-15,15,economy,,,6425.0,False,12:30,ok,2026-09-01T04:14:16.424797+05:30,2026-09-01_0414IST,airline_direct,IndiGo
BOM,BLR,6E,IndiGo,6E 5386,2026-09-15,15,business,,,23981.0,False,15:10,ok,2026-09-01T04:14:16.424797+05:30,2026-09-01_0414IST,airline_direct,IndiGo
BOM,BLR,6E,IndiGo,6E 5386,2026-09-15,15,economy,,,6425.0,False,15:10,ok,2026-09-01T04:14:16.424797+05:30,2026-09-01_0414IST,airline_direct,IndiGo
BOM,BLR,6E,IndiGo,6E 5386,2026-09-15,15,business,,,23981.0,False,15:10,ok,2026-09-01T04:14:16.424797+05:30,2026-09-01_0414IST,airline_direct,IndiGo
BOM,BLR,6E,IndiGo,6E 5386,2026-09-15,15,economy,,,6425.0,False,15:10,ok,2026-09-01T04:14:16.424797+05:30,2026-09-01_0414IST,airline_direct,IndiGo
BOM,BLR,6E,IndiGo,6E 5386,2026-09-15,15,business,,,23576.0,False,15:10,ok,2026-09-01T04:14:16.424797+05:30,2026-09-01_0414IST,airline_direct,IndiGo
BOM,BLR,6E,IndiGo,6E 5386,2026-09-15,15,economy,,,6425.0,False,15:10,ok,2026-09-01T04:14:16.424797+05:30,2026-09-01_0414IST,airline_direct,IndiGo
BOM,BLR,6E,IndiGo,6E 5228,2026-09-15,15,business,,,23981.0,False,16:45,ok,2026-09-01T04:14:16.424797+05:30,2026-09-01_0414IST,airline_direct,IndiGo
BOM,BLR,6E,IndiGo,6E 5228,2026-09-15,15,economy,,,6425.0,False,16:45,ok,2026-09-01T04:14:16.424797+05:30,2026-09-01_0414IST,airline_direct,IndiGo
BOM,BLR,6E,IndiGo,6E 5228,2026-09-15,15,business,,,23576.0,False,16:45,ok,2026-09-01T04:14:16.424797+05:30,2026-09-01_0414IST,airline_direct,IndiGo
BOM,BLR,6E,IndiGo,6E 5228,2026-09-15,15,economy,,,6425.0,False,16:45,ok,2026-09-01T04:14:16.424797+05:30,2026-09-01_0414IST,airline_direct,IndiGo
BOM,BLR,6E,IndiGo,6E 6701,2026-09-15,15,economy,,,6635.0,False,05:35,ok,2026-09-01T04:14:16.424797+05:30,2026-09-01_0414IST,airline_direct,IndiGo
BOM,BLR,6E,IndiGo,6E 5188,2026-09-15,15,economy,,,6635.0,False,06:15,ok,2026-09-01T04:14:16.424797+05:30,2026-09-01_0414IST,airline_direct,IndiGo
BOM,BLR,6E,IndiGo,6E 5109,2026-09-15,15,economy,,,6635.0,False,09:35,ok,2026-09-01T04:14:16.424797+05:30,2026-09-01_0414IST,airline_direct,IndiGo
BOM,BLR,6E,IndiGo,6E 5313,2026-09-15,15,economy,,,6635.0,False,09:50,ok,2026-09-01T04:14:16.424797+05:30,2026-09-01_0414IST,airline_direct,IndiGo
BOM,BLR,6E,IndiGo,6E 5313,2026-09-15,15,economy,,,6635.0,False,09:50,ok,2026-09-01T04:14:16.424797+05:30,2026-09-01_0414IST,airline_direct,IndiGo
BOM,BLR,6E,IndiGo,6E 6349,2026-09-15,15,economy,,,6635.0,False,11:40,ok,2026-09-01T04:14:16.424797+05:30,2026-09-01_0414IST,airline_direct,IndiGo
BOM,BLR,6E,IndiGo,6E 6349,2026-09-15,15,economy,,,6635.0,False,11:40,ok,2026-09-01T04:14:16.424797+05:30,2026-09-01_0414IST,airline_direct,IndiGo
BOM,BLR,6E,IndiGo,6E 2284,2026-09-15,15,economy,,,6635.0,False,12:05,ok,2026-09-01T04:14:16.424797+05:30,2026-09-01_0414IST,airline_direct,IndiGo
BOM,BLR,6E,IndiGo,6E 5337,2026-09-15,15,economy,,,6635.0,False,13:45,ok,2026-09-01T04:14:16.424797+05:30,2026-09-01_0414IST,airline_direct,IndiGo
BOM,BLR,6E,IndiGo,6E 5337,2026-09-15,15,economy,,,6635.0,False,13:45,ok,2026-09-01T04:14:16.424797+05:30,2026-09-01_0414IST,airline_direct,IndiGo
BOM,BLR,6E,IndiGo,6E 5201,2026-09-15,15,economy,,,6635.0,False,14:55,ok,2026-09-01T04:14:16.424797+05:30,2026-09-01_0414IST,airline_direct,IndiGo
BOM,BLR,6E,IndiGo,6E 5196,2026-09-15,15,economy,,,6635.0,False,15:25,ok,2026-09-01T04:14:16.424797+05:30,2026-09-01_0414IST,airline_direct,IndiGo
BOM,BLR,6E,IndiGo,6E 5196,2026-09-15,15,economy,,,6635.0,False,15:25,ok,2026-09-01T04:14:16.424797+05:30,2026-09-01_0414IST,airline_direct,IndiGo
BOM,BLR,6E,IndiGo,6E 240,2026-09-15,15,economy,,,6635.0,False,15:45,ok,2026-09-01T04:14:16.424797+05:30,2026-09-01_0414IST,airline_direct,IndiGo
BOM,BLR,6E,IndiGo,6E 437,2026-09-15,15,economy,,,6635.0,False,17:10,ok,2026-09-01T04:14:16.424797+05:30,2026-09-01_0414IST,airline_direct,IndiGo
BOM,BLR,6E,IndiGo,6E 5048,2026-09-15,15,economy,,,6635.0,False,17:25,ok,2026-09-01T04:14:16.424797+05:30,2026-09-01_0414IST,airline_direct,IndiGo
BOM,BLR,6E,IndiGo,6E 5126,2026-09-15,15,economy,,,6635.0,False,18:15,ok,2026-09-01T04:14:16.424797+05:30,2026-09-01_0414IST,airline_direct,IndiGo
BOM,BLR,6E,IndiGo,6E 2237,2026-09-15,15,economy,,,6635.0,False,18:40,ok,2026-09-01T04:14:16.424797+05:30,2026-09-01_0414IST,airline_direct,IndiGo
BOM,BLR,6E,IndiGo,6E 5107,2026-09-15,15,economy,,,6635.0,False,20:00,ok,2026-09-01T04:14:16.424797+05:30,2026-09-01_0414IST,airline_direct,IndiGo
BOM,BLR,6E,IndiGo,6E 5181,2026-09-15,15,economy,,,6766.0,False,10:25,ok,2026-09-01T04:14:16.424797+05:30,2026-09-01_0414IST,airline_direct,IndiGo
BOM,BLR,6E,IndiGo,6E 6599,2026-09-15,15,economy,,,6766.0,False,16:50,ok,2026-09-01T04:14:16.424797+05:30,2026-09-01_0414IST,airline_direct,IndiGo
BOM,BLR,6E,IndiGo,6E 5082,2026-09-15,15,economy,,,7329.0,False,18:05,ok,2026-09-01T04:14:16.424797+05:30,2026-09-01_0414IST,airline_direct,IndiGo
BOM,BLR,6E,IndiGo,6E 673,2026-09-15,15,economy,,,7460.0,False,12:30,ok,2026-09-01T04:14:16.424797+05:30,2026-09-01_0414IST,airline_direct,IndiGo
BOM,BLR,6E,IndiGo,6E 5109,2026-09-15,15,economy,,,7670.0,False,09:35,ok,2026-09-01T04:14:16.424797+05:30,2026-09-01_0414IST,airline_direct,IndiGo
BOM,BLR,6E,IndiGo,6E 230,2026-09-15,15,economy,,,7925.0,False,13:55,ok,2026-09-01T04:14:16.424797+05:30,2026-09-01_0414IST,airline_direct,IndiGo
BOM,BLR,6E,IndiGo,6E 230,2026-09-15,15,economy,,,7925.0,False,13:55,ok,2026-09-01T04:14:16.424797+05:30,2026-09-01_0414IST,airline_direct,IndiGo
BOM,BLR,6E,IndiGo,6E 5241,2026-09-15,15,economy,,,7925.0,False,16:40,ok,2026-09-01T04:14:16.424797+05:30,2026-09-01_0414IST,airline_direct,IndiGo
BOM,BLR,6E,IndiGo,6E 5241,2026-09-15,15,economy,,,7925.0,False,16:40,ok,2026-09-01T04:14:16.424797+05:30,2026-09-01_0414IST,airline_direct,IndiGo
BOM,BLR,6E,IndiGo,6E 6802,2026-09-15,15,economy,,,8188.0,False,16:55,ok,2026-09-01T04:14:16.424797+05:30,2026-09-01_0414IST,airline_direct,IndiGo
BOM,BLR,6E,IndiGo,6E 6701,2026-09-15,15,economy,,,8267.0,False,05:35,ok,2026-09-01T04:14:16.424797+05:30,2026-09-01_0414IST,airline_direct,IndiGo
BOM,BLR,6E,IndiGo,6E 2016,2026-09-15,15,economy,,,8267.0,False,13:35,ok,2026-09-01T04:14:16.424797+05:30,2026-09-01_0414IST,airline_direct,IndiGo
BOM,BLR,6E,IndiGo,6E 6361,2026-09-15,15,economy,,,8642.0,False,05:00,ok,2026-09-01T04:14:16.424797+05:30,2026-09-01_0414IST,airline_direct,IndiGo
BOM,BLR,6E,IndiGo,6E 6057,2026-09-15,15,economy,,,8712.0,False,09:15,ok,2026-09-01T04:14:16.424797+05:30,2026-09-01_0414IST,airline_direct,IndiGo
BOM,BLR,6E,IndiGo,6E 5123,2026-09-15,15,economy,,,8843.0,False,14:40,ok,2026-09-01T04:14:16.424797+05:30,2026-09-01_0414IST,airline_direct,IndiGo
BOM,BLR,6E,IndiGo,6E 632,2026-09-15,15,economy,,,8922.0,False,04:00,ok,2026-09-01T04:14:16.424797+05:30,2026-09-01_0414IST,airline_direct,IndiGo
BOM,BLR,6E,IndiGo,6E 261,2026-09-15,15,economy,,,11671.0,False,11:20,ok,2026-09-01T04:14:16.424797+05:30,2026-09-01_0414IST,airline_direct,IndiGo
BOM,BLR,6E,IndiGo,6E 261,2026-09-15,15,economy,,,12143.0,False,11:20,ok,2026-09-01T04:14:16.424797+05:30,2026-09-01_0414IST,airline_direct,IndiGo
BOM,BLR,6E,IndiGo,6E 6674,2026-09-15,15,economy,,,12588.0,False,09:05,ok,2026-09-01T04:14:16.424797+05:30,2026-09-01_0414IST,airline_direct,IndiGo
DEL,CCU,6E,IndiGo,6E 5191,2026-09-15,15,business,,,22600.0,False,05:00,ok,2026-09-01T04:15:16.697833+05:30,2026-09-01_0415IST,airline_direct,IndiGo
DEL,CCU,6E,IndiGo,6E 5191,2026-09-15,15,economy,,,8200.0,False,05:00,ok,2026-09-01T04:15:16.697833+05:30,2026-09-01_0415IST,airline_direct,IndiGo
DEL,CCU,6E,IndiGo,6E 340,2026-09-15,15,business,,,22600.0,False,07:20,ok,2026-09-01T04:15:16.697833+05:30,2026-09-01_0415IST,airline_direct,IndiGo
DEL,CCU,6E,IndiGo,6E 340,2026-09-15,15,economy,,,8200.0,False,07:20,ok,2026-09-01T04:15:16.697833+05:30,2026-09-01_0415IST,airline_direct,IndiGo
DEL,CCU,6E,IndiGo,6E 513,2026-09-15,15,business,,,22600.0,False,08:30,ok,2026-09-01T04:15:16.697833+05:30,2026-09-01_0415IST,airline_direct,IndiGo
DEL,CCU,6E,IndiGo,6E 513,2026-09-15,15,economy,,,8200.0,False,08:30,ok,2026-09-01T04:15:16.697833+05:30,2026-09-01_0415IST,airline_direct,IndiGo
DEL,CCU,6E,IndiGo,6E 894,2026-09-15,15,business,,,22600.0,False,10:15,ok,2026-09-01T04:15:16.697833+05:30,2026-09-01_0415IST,airline_direct,IndiGo
DEL,CCU,6E,IndiGo,6E 894,2026-09-15,15,economy,,,8200.0,False,10:15,ok,2026-09-01T04:15:16.697833+05:30,2026-09-01_0415IST,airline_direct,IndiGo
DEL,CCU,6E,IndiGo,6E 910,2026-09-15,15,business,,,22600.0,False,14:25,ok,2026-09-01T04:15:16.697833+05:30,2026-09-01_0415IST,airline_direct,IndiGo
DEL,CCU,6E,IndiGo,6E 910,2026-09-15,15,economy,,,8200.0,False,14:25,ok,2026-09-01T04:15:16.697833+05:30,2026-09-01_0415IST,airline_direct,IndiGo
DEL,CCU,6E,IndiGo,6E 6517,2026-09-15,15,business,,,22600.0,False,19:30,ok,2026-09-01T04:15:16.697833+05:30,2026-09-01_0415IST,airline_direct,IndiGo
DEL,CCU,6E,IndiGo,6E 6517,2026-09-15,15,economy,,,8200.0,False,19:30,ok,2026-09-01T04:15:16.697833+05:30,2026-09-01_0415IST,airline_direct,IndiGo
DEL,CCU,6E,IndiGo,6E 389,2026-09-15,15,business,,,22600.0,False,21:50,ok,2026-09-01T04:15:16.697833+05:30,2026-09-01_0415IST,airline_direct,IndiGo
DEL,CCU,6E,IndiGo,6E 389,2026-09-15,15,economy,,,8200.0,False,21:50,ok,2026-09-01T04:15:16.697833+05:30,2026-09-01_0415IST,airline_direct,IndiGo
DEL,CCU,6E,IndiGo,6E 247,2026-09-15,15,business,,,22600.0,False,23:30,ok,2026-09-01T04:15:16.697833+05:30,2026-09-01_0415IST,airline_direct,IndiGo
DEL,CCU,6E,IndiGo,6E 247,2026-09-15,15,economy,,,8200.0,False,23:30,ok,2026-09-01T04:15:16.697833+05:30,2026-09-01_0415IST,airline_direct,IndiGo
DEL,CCU,6E,IndiGo,6E 6415,2026-09-15,15,business,,,22600.0,False,16:00,ok,2026-09-01T04:15:16.697833+05:30,2026-09-01_0415IST,airline_direct,IndiGo
DEL,CCU,6E,IndiGo,6E 6415,2026-09-15,15,economy,,,8778.0,False,16:00,ok,2026-09-01T04:15:16.697833+05:30,2026-09-01_0415IST,airline_direct,IndiGo
DEL,CCU,6E,IndiGo,6E 2276,2026-09-15,15,business,,,22600.0,False,17:55,ok,2026-09-01T04:15:16.697833+05:30,2026-09-01_0415IST,airline_direct,IndiGo
DEL,CCU,6E,IndiGo,6E 2276,2026-09-15,15,economy,,,8778.0,False,17:55,ok,2026-09-01T04:15:16.697833+05:30,2026-09-01_0415IST,airline_direct,IndiGo
DEL,CCU,6E,IndiGo,6E 897,2026-09-15,15,business,,,22600.0,False,12:45,ok,2026-09-01T04:15:16.697833+05:30,2026-09-01_0415IST,airline_direct,IndiGo
DEL,CCU,6E,IndiGo,6E 897,2026-09-15,15,economy,,,9250.0,False,12:45,ok,2026-09-01T04:15:16.697833+05:30,2026-09-01_0415IST,airline_direct,IndiGo
DEL,CCU,6E,IndiGo,6E 6245,2026-09-15,15,economy,,,6892.0,False,06:20,ok,2026-09-01T04:15:16.697833+05:30,2026-09-01_0415IST,airline_direct,IndiGo
DEL,CCU,6E,IndiGo,6E 2147,2026-09-15,15,economy,,,6892.0,False,11:10,ok,2026-09-01T04:15:16.697833+05:30,2026-09-01_0415IST,airline_direct,IndiGo
DEL,CCU,6E,IndiGo,6E 6459,2026-09-15,15,economy,,,7023.0,False,05:55,ok,2026-09-01T04:15:16.697833+05:30,2026-09-01_0415IST,airline_direct,IndiGo
DEL,CCU,6E,IndiGo,6E 2361,2026-09-15,15,economy,,,7023.0,False,14:35,ok,2026-09-01T04:15:16.697833+05:30,2026-09-01_0415IST,airline_direct,IndiGo
DEL,CCU,6E,IndiGo,6E 6190,2026-09-15,15,economy,,,7102.0,False,07:40,ok,2026-09-01T04:15:16.697833+05:30,2026-09-01_0415IST,airline_direct,IndiGo
DEL,CCU,6E,IndiGo,6E 2296,2026-09-15,15,economy,,,7102.0,False,09:20,ok,2026-09-01T04:15:16.697833+05:30,2026-09-01_0415IST,airline_direct,IndiGo
DEL,CCU,6E,IndiGo,6E 5038,2026-09-15,15,economy,,,7102.0,False,14:00,ok,2026-09-01T04:15:16.697833+05:30,2026-09-01_0415IST,airline_direct,IndiGo
DEL,CCU,6E,IndiGo,6E 2203,2026-09-15,15,economy,,,7207.0,False,04:45,ok,2026-09-01T04:15:16.697833+05:30,2026-09-01_0415IST,airline_direct,IndiGo
DEL,CCU,6E,IndiGo,6E 2203,2026-09-15,15,economy,,,7207.0,False,04:45,ok,2026-09-01T04:15:16.697833+05:30,2026-09-01_0415IST,airline_direct,IndiGo
DEL,CCU,6E,IndiGo,6E 5215,2026-09-15,15,economy,,,7207.0,False,07:45,ok,2026-09-01T04:15:16.697833+05:30,2026-09-01_0415IST,airline_direct,IndiGo
DEL,CCU,6E,IndiGo,6E 5215,2026-09-15,15,economy,,,7207.0,False,07:45,ok,2026-09-01T04:15:16.697833+05:30,2026-09-01_0415IST,airline_direct,IndiGo
DEL,CCU,6E,IndiGo,6E 5215,2026-09-15,15,economy,,,7207.0,False,07:45,ok,2026-09-01T04:15:16.697833+05:30,2026-09-01_0415IST,airline_direct,IndiGo
DEL,CCU,6E,IndiGo,6E 5041,2026-09-15,15,economy,,,7207.0,False,15:10,ok,2026-09-01T04:15:16.697833+05:30,2026-09-01_0415IST,airline_direct,IndiGo
DEL,CCU,6E,IndiGo,6E 5041,2026-09-15,15,economy,,,7207.0,False,15:10,ok,2026-09-01T04:15:16.697833+05:30,2026-09-01_0415IST,airline_direct,IndiGo
DEL,CCU,6E,IndiGo,6E 6829,2026-09-15,15,economy,,,7233.0,False,17:20,ok,2026-09-01T04:15:16.697833+05:30,2026-09-01_0415IST,airline_direct,IndiGo
DEL,CCU,6E,IndiGo,6E 6503,2026-09-15,15,economy,,,7417.0,False,13:25,ok,2026-09-01T04:15:16.697833+05:30,2026-09-01_0415IST,airline_direct,IndiGo
DEL,CCU,6E,IndiGo,6E 6503,2026-09-15,15,economy,,,7417.0,False,13:25,ok,2026-09-01T04:15:16.697833+05:30,2026-09-01_0415IST,airline_direct,IndiGo
DEL,CCU,6E,IndiGo,6E 704,2026-09-15,15,business,,,30303.0,False,02:25,ok,2026-09-01T04:15:16.697833+05:30,2026-09-01_0415IST,airline_direct,IndiGo
DEL,CCU,6E,IndiGo,6E 704,2026-09-15,15,economy,,,7443.0,False,02:25,ok,2026-09-01T04:15:16.697833+05:30,2026-09-01_0415IST,airline_direct,IndiGo
DEL,CCU,6E,IndiGo,6E 704,2026-09-15,15,business,,,30657.0,False,02:25,ok,2026-09-01T04:15:16.697833+05:30,2026-09-01_0415IST,airline_direct,IndiGo
DEL,CCU,6E,IndiGo,6E 704,2026-09-15,15,economy,,,7443.0,False,02:25,ok,2026-09-01T04:15:16.697833+05:30,2026-09-01_0415IST,airline_direct,IndiGo
DEL,CCU,6E,IndiGo,6E 5119,2026-09-15,15,economy,,,7443.0,False,05:10,ok,2026-09-01T04:15:16.697833+05:30,2026-09-01_0415IST,airline_direct,IndiGo
DEL,CCU,6E,IndiGo,6E 705,2026-09-15,15,business,,,30657.0,False,08:30,ok,2026-09-01T04:15:16.697833+05:30,2026-09-01_0415IST,airline_direct,IndiGo
DEL,CCU,6E,IndiGo,6E 705,2026-09-15,15,economy,,,7443.0,False,08:30,ok,2026-09-01T04:15:16.697833+05:30,2026-09-01_0415IST,airline_direct,IndiGo
DEL,CCU,6E,IndiGo,6E 6293,2026-09-15,15,business,,,30657.0,False,09:55,ok,2026-09-01T04:15:16.697833+05:30,2026-09-01_0415IST,airline_direct,IndiGo
DEL,CCU,6E,IndiGo,6E 6293,2026-09-15,15,economy,,,7443.0,False,09:55,ok,2026-09-01T04:15:16.697833+05:30,2026-09-01_0415IST,airline_direct,IndiGo
DEL,CCU,6E,IndiGo,6E 907,2026-09-15,15,economy,,,7443.0,False,10:00,ok,2026-09-01T04:15:16.697833+05:30,2026-09-01_0415IST,airline_direct,IndiGo
DEL,CCU,6E,IndiGo,6E 5137,2026-09-15,15,economy,,,7443.0,False,10:50,ok,2026-09-01T04:15:16.697833+05:30,2026-09-01_0415IST,airline_direct,IndiGo
DEL,CCU,6E,IndiGo,6E 884,2026-09-15,15,business,,,30657.0,False,11:45,ok,2026-09-01T04:15:16.697833+05:30,2026-09-01_0415IST,airline_direct,IndiGo
DEL,CCU,6E,IndiGo,6E 884,2026-09-15,15,economy,,,7443.0,False,11:45,ok,2026-09-01T04:15:16.697833+05:30,2026-09-01_0415IST,airline_direct,IndiGo
DEL,CCU,6E,IndiGo,6E 2331,2026-09-15,15,economy,,,7443.0,False,12:20,ok,2026-09-01T04:15:16.697833+05:30,2026-09-01_0415IST,airline_direct,IndiGo
DEL,CCU,6E,IndiGo,6E 6282,2026-09-15,15,business,,,30657.0,False,13:30,ok,2026-09-01T04:15:16.697833+05:30,2026-09-01_0415IST,airline_direct,IndiGo
DEL,CCU,6E,IndiGo,6E 6282,2026-09-15,15,economy,,,7443.0,False,13:30,ok,2026-09-01T04:15:16.697833+05:30,2026-09-01_0415IST,airline_direct,IndiGo
DEL,CCU,6E,IndiGo,6E 6282,2026-09-15,15,business,,,30303.0,False,13:30,ok,2026-09-01T04:15:16.697833+05:30,2026-09-01_0415IST,airline_direct,IndiGo
DEL,CCU,6E,IndiGo,6E 6282,2026-09-15,15,economy,,,7443.0,False,13:30,ok,2026-09-01T04:15:16.697833+05:30,2026-09-01_0415IST,airline_direct,IndiGo
DEL,CCU,6E,IndiGo,6E 2341,2026-09-15,15,economy,,,7443.0,False,14:50,ok,2026-09-01T04:15:16.697833+05:30,2026-09-01_0415IST,airline_direct,IndiGo
DEL,CCU,6E,IndiGo,6E 6217,2026-09-15,15,business,,,30303.0,False,16:15,ok,2026-09-01T04:15:16.697833+05:30,2026-09-01_0415IST,airline_direct,IndiGo
DEL,CCU,6E,IndiGo,6E 6217,2026-09-15,15,economy,,,7443.0,False,16:15,ok,2026-09-01T04:15:16.697833+05:30,2026-09-01_0415IST,airline_direct,IndiGo
DEL,CCU,6E,IndiGo,6E 5073,2026-09-15,15,economy,,,7443.0,False,17:05,ok,2026-09-01T04:15:16.697833+05:30,2026-09-01_0415IST,airline_direct,IndiGo
DEL,CCU,6E,IndiGo,6E 717,2026-09-15,15,business,,,30303.0,False,17:55,ok,2026-09-01T04:15:16.697833+05:30,2026-09-01_0415IST,airline_direct,IndiGo
DEL,CCU,6E,IndiGo,6E 717,2026-09-15,15,economy,,,7443.0,False,17:55,ok,2026-09-01T04:15:16.697833+05:30,2026-09-01_0415IST,airline_direct,IndiGo
DEL,CCU,6E,IndiGo,6E 382,2026-09-15,15,business,,,29595.0,False,21:00,ok,2026-09-01T04:15:16.697833+05:30,2026-09-01_0415IST,airline_direct,IndiGo
DEL,CCU,6E,IndiGo,6E 382,2026-09-15,15,economy,,,7443.0,False,21:00,ok,2026-09-01T04:15:16.697833+05:30,2026-09-01_0415IST,airline_direct,IndiGo
DEL,CCU,6E,IndiGo,6E 882,2026-09-15,15,business,,,29595.0,False,23:15,ok,2026-09-01T04:15:16.697833+05:30,2026-09-01_0415IST,airline_direct,IndiGo
DEL,CCU,6E,IndiGo,6E 882,2026-09-15,15,economy,,,7443.0,False,23:15,ok,2026-09-01T04:15:16.697833+05:30,2026-09-01_0415IST,airline_direct,IndiGo
DEL,CCU,6E,IndiGo,6E 5206,2026-09-15,15,economy,,,7451.0,False,13:20,ok,2026-09-01T04:15:16.697833+05:30,2026-09-01_0415IST,airline_direct,IndiGo
DEL,CCU,6E,IndiGo,6E 6371,2026-09-15,15,economy,,,7548.0,False,06:20,ok,2026-09-01T04:15:16.697833+05:30,2026-09-01_0415IST,airline_direct,IndiGo
DEL,CCU,6E,IndiGo,6E 6312,2026-09-15,15,economy,,,7583.0,False,14:25,ok,2026-09-01T04:15:16.697833+05:30,2026-09-01_0415IST,airline_direct,IndiGo
DEL,CCU,6E,IndiGo,6E 734,2026-09-15,15,economy,,,7583.0,False,16:20,ok,2026-09-01T04:15:16.697833+05:30,2026-09-01_0415IST,airline_direct,IndiGo
DEL,CCU,6E,IndiGo,6E 2259,2026-09-15,15,economy,,,7661.0,False,12:20,ok,2026-09-01T04:15:16.697833+05:30,2026-09-01_0415IST,airline_direct,IndiGo
DEL,CCU,6E,IndiGo,6E 2259,2026-09-15,15,economy,,,7661.0,False,12:20,ok,2026-09-01T04:15:16.697833+05:30,2026-09-01_0415IST,airline_direct,IndiGo
DEL,CCU,6E,IndiGo,6E 6053,2026-09-15,15,economy,,,7661.0,False,13:05,ok,2026-09-01T04:15:16.697833+05:30,2026-09-01_0415IST,airline_direct,IndiGo
DEL,CCU,6E,IndiGo,6E 2614,2026-09-15,15,economy,,,7661.0,False,14:40,ok,2026-09-01T04:15:16.697833+05:30,2026-09-01_0415IST,airline_direct,IndiGo
DEL,CCU,6E,IndiGo,6E 2614,2026-09-15,15,economy,,,7661.0,False,14:40,ok,2026-09-01T04:15:16.697833+05:30,2026-09-01_0415IST,airline_direct,IndiGo
DEL,CCU,6E,IndiGo,6E 6440,2026-09-15,15,economy,,,8067.0,False,16:40,ok,2026-09-01T04:15:16.697833+05:30,2026-09-01_0415IST,airline_direct,IndiGo
DEL,CCU,6E,IndiGo,6E 6130,2026-09-15,15,economy,,,8277.0,False,12:55,ok,2026-09-01T04:15:16.697833+05:30,2026-09-01_0415IST,airline_direct,IndiGo
DEL,CCU,6E,IndiGo,6E 6190,2026-09-15,15,economy,,,8953.0,False,07:40,ok,2026-09-01T04:15:16.697833+05:30,2026-09-01_0415IST,airline_direct,IndiGo
DEL,CCU,6E,IndiGo,6E 203,2026-09-15,15,business,,,30657.0,False,07:10,ok,2026-09-01T04:15:16.697833+05:30,2026-09-01_0415IST,airline_direct,IndiGo
DEL,CCU,6E,IndiGo,6E 203,2026-09-15,15,economy,,,9294.0,False,07:10,ok,2026-09-01T04:15:16.697833+05:30,2026-09-01_0415IST,airline_direct,IndiGo
DEL,CCU,6E,IndiGo,6E 6073,2026-09-15,15,economy,,,14681.0,False,05:00,ok,2026-09-01T04:15:16.697833+05:30,2026-09-01_0415IST,airline_direct,IndiGo
BLR,HYD,6E,IndiGo,6E 6404,2026-09-15,15,,,,,False,11:35,parse_error,2026-09-01T04:16:28.919094+05:30,2026-09-01_0416IST,airline_direct,IndiGo
BLR,HYD,6E,IndiGo,6E 638,2026-09-15,15,,,,,False,18:35,parse_error,2026-09-01T04:16:28.919094+05:30,2026-09-01_0416IST,airline_direct,IndiGo
BLR,HYD,6E,IndiGo,6E 855,2026-09-15,15,,,,,False,19:45,parse_error,2026-09-01T04:16:28.919094+05:30,2026-09-01_0416IST,airline_direct,IndiGo
BLR,HYD,6E,IndiGo,6E 6784,2026-09-15,15,,,,,False,21:30,parse_error,2026-09-01T04:16:28.919094+05:30,2026-09-01_0416IST,airline_direct,IndiGo
BLR,HYD,6E,IndiGo,6E 537,2026-09-15,15,,,,,False,10:15,parse_error,2026-09-01T04:16:28.919094+05:30,2026-09-01_0416IST,airline_direct,IndiGo
BLR,HYD,6E,IndiGo,6E 6067,2026-09-15,15,,,,,False,16:30,parse_error,2026-09-01T04:16:28.919094+05:30,2026-09-01_0416IST,airline_direct,IndiGo
BLR,HYD,6E,IndiGo,6E 484,2026-09-15,15,,,,,False,08:15,parse_error,2026-09-01T04:16:28.919094+05:30,2026-09-01_0416IST,airline_direct,IndiGo
BLR,HYD,6E,IndiGo,6E 312,2026-09-15,15,,,,,False,09:15,parse_error,2026-09-01T04:16:28.919094+05:30,2026-09-01_0416IST,airline_direct,IndiGo
BLR,HYD,6E,IndiGo,6E 6178,2026-09-15,15,,,,,False,06:25,parse_error,2026-09-01T04:16:28.919094+05:30,2026-09-01_0416IST,airline_direct,IndiGo
BLR,HYD,6E,IndiGo,6E 408,2026-09-15,15,,,,,False,04:30,parse_error,2026-09-01T04:16:28.919094+05:30,2026-09-01_0416IST,airline_direct,IndiGo
BLR,HYD,6E,IndiGo,6E 857,2026-09-15,15,,,,,False,07:05,parse_error,2026-09-01T04:16:28.919094+05:30,2026-09-01_0416IST,airline_direct,IndiGo
BLR,HYD,6E,IndiGo,6E 857,2026-09-15,15,,,,,False,07:05,parse_error,2026-09-01T04:16:28.919094+05:30,2026-09-01_0416IST,airline_direct,IndiGo
BLR,HYD,6E,IndiGo,6E 6269,2026-09-15,15,,,,,False,07:15,parse_error,2026-09-01T04:16:28.919094+05:30,2026-09-01_0416IST,airline_direct,IndiGo
BLR,HYD,6E,IndiGo,6E 904,2026-09-15,15,,,,,False,10:50,parse_error,2026-09-01T04:16:28.919094+05:30,2026-09-01_0416IST,airline_direct,IndiGo
BLR,HYD,6E,IndiGo,6E 904,2026-09-15,15,,,,,False,10:50,parse_error,2026-09-01T04:16:28.919094+05:30,2026-09-01_0416IST,airline_direct,IndiGo
BLR,HYD,6E,IndiGo,6E 6104,2026-09-15,15,,,,,False,11:40,parse_error,2026-09-01T04:16:28.919094+05:30,2026-09-01_0416IST,airline_direct,IndiGo
BLR,HYD,6E,IndiGo,6E 6653,2026-09-15,15,,,,,False,12:35,parse_error,2026-09-01T04:16:28.919094+05:30,2026-09-01_0416IST,airline_direct,IndiGo
BLR,HYD,6E,IndiGo,6E 6653,2026-09-15,15,,,,,False,12:35,parse_error,2026-09-01T04:16:28.919094+05:30,2026-09-01_0416IST,airline_direct,IndiGo
BLR,HYD,6E,IndiGo,6E 6208,2026-09-15,15,,,,,False,12:50,parse_error,2026-09-01T04:16:28.919094+05:30,2026-09-01_0416IST,airline_direct,IndiGo
BLR,HYD,6E,IndiGo,6E 6208,2026-09-15,15,,,,,False,12:50,parse_error,2026-09-01T04:16:28.919094+05:30,2026-09-01_0416IST,airline_direct,IndiGo
BLR,HYD,6E,IndiGo,6E 6208,2026-09-15,15,,,,,False,12:50,parse_error,2026-09-01T04:16:28.919094+05:30,2026-09-01_0416IST,airline_direct,IndiGo
BLR,HYD,6E,IndiGo,6E 6208,2026-09-15,15,,,,,False,12:50,parse_error,2026-09-01T04:16:28.919094+05:30,2026-09-01_0416IST,airline_direct,IndiGo
BLR,HYD,6E,IndiGo,6E 6542,2026-09-15,15,,,,,False,13:10,parse_error,2026-09-01T04:16:28.919094+05:30,2026-09-01_0416IST,airline_direct,IndiGo
BLR,HYD,6E,IndiGo,6E 6542,2026-09-15,15,,,,,False,13:10,parse_error,2026-09-01T04:16:28.919094+05:30,2026-09-01_0416IST,airline_direct,IndiGo
BLR,HYD,6E,IndiGo,6E 602,2026-09-15,15,,,,,False,14:40,parse_error,2026-09-01T04:16:28.919094+05:30,2026-09-01_0416IST,airline_direct,IndiGo
BLR,HYD,6E,IndiGo,6E 182,2026-09-15,15,,,,,False,15:00,parse_error,2026-09-01T04:16:28.919094+05:30,2026-09-01_0416IST,airline_direct,IndiGo
BLR,HYD,6E,IndiGo,6E 182,2026-09-15,15,,,,,False,15:00,parse_error,2026-09-01T04:16:28.919094+05:30,2026-09-01_0416IST,airline_direct,IndiGo
BLR,HYD,6E,IndiGo,6E 6753,2026-09-15,15,,,,,False,15:15,parse_error,2026-09-01T04:16:28.919094+05:30,2026-09-01_0416IST,airline_direct,IndiGo
BLR,HYD,6E,IndiGo,6E 6753,2026-09-15,15,,,,,False,15:15,parse_error,2026-09-01T04:16:28.919094+05:30,2026-09-01_0416IST,airline_direct,IndiGo
BLR,HYD,6E,IndiGo,6E 356,2026-09-15,15,,,,,False,17:15,parse_error,2026-09-01T04:16:28.919094+05:30,2026-09-01_0416IST,airline_direct,IndiGo
BLR,HYD,6E,IndiGo,6E 356,2026-09-15,15,,,,,False,17:15,parse_error,2026-09-01T04:16:28.919094+05:30,2026-09-01_0416IST,airline_direct,IndiGo
BLR,HYD,6E,IndiGo,6E 6168,2026-09-15,15,,,,,False,17:40,parse_error,2026-09-01T04:16:28.919094+05:30,2026-09-01_0416IST,airline_direct,IndiGo
BLR,HYD,6E,IndiGo,6E 6168,2026-09-15,15,,,,,False,17:40,parse_error,2026-09-01T04:16:28.919094+05:30,2026-09-01_0416IST,airline_direct,IndiGo
BLR,HYD,6E,IndiGo,6E 6017,2026-09-15,15,,,,,False,18:15,parse_error,2026-09-01T04:16:28.919094+05:30,2026-09-01_0416IST,airline_direct,IndiGo
BLR,HYD,6E,IndiGo,6E 105,2026-09-15,15,,,,,False,18:50,parse_error,2026-09-01T04:16:28.919094+05:30,2026-09-01_0416IST,airline_direct,IndiGo
BLR,HYD,6E,IndiGo,6E 105,2026-09-15,15,,,,,False,18:50,parse_error,2026-09-01T04:16:28.919094+05:30,2026-09-01_0416IST,airline_direct,IndiGo
BLR,HYD,6E,IndiGo,6E 6554,2026-09-15,15,,,,,False,19:15,parse_error,2026-09-01T04:16:28.919094+05:30,2026-09-01_0416IST,airline_direct,IndiGo
BLR,HYD,6E,IndiGo,6E 441,2026-09-15,15,,,,,False,20:40,parse_error,2026-09-01T04:16:28.919094+05:30,2026-09-01_0416IST,airline_direct,IndiGo
BLR,HYD,6E,IndiGo,6E 528,2026-09-15,15,,,,,False,21:40,parse_error,2026-09-01T04:16:28.919094+05:30,2026-09-01_0416IST,airline_direct,IndiGo
BLR,HYD,6E,IndiGo,6E 528,2026-09-15,15,,,,,False,21:40,parse_error,2026-09-01T04:16:28.919094+05:30,2026-09-01_0416IST,airline_direct,IndiGo
BLR,HYD,6E,IndiGo,6E 116,2026-09-15,15,,,,,False,23:05,parse_error,2026-09-01T04:16:28.919094+05:30,2026-09-01_0416IST,airline_direct,IndiGo
BLR,HYD,6E,IndiGo,6E 116,2026-09-15,15,,,,,False,23:05,parse_error,2026-09-01T04:16:28.919094+05:30,2026-09-01_0416IST,airline_direct,IndiGo
BLR,HYD,6E,IndiGo,6E 6583,2026-09-15,15,,,,,False,10:40,parse_error,2026-09-01T04:16:28.919094+05:30,2026-09-01_0416IST,airline_direct,IndiGo
BLR,HYD,6E,IndiGo,6E 6876,2026-09-15,15,,,,,False,02:40,parse_error,2026-09-01T04:16:28.919094+05:30,2026-09-01_0416IST,airline_direct,IndiGo
BLR,HYD,6E,IndiGo,6E 7204,2026-09-15,15,,,,,False,06:50,parse_error,2026-09-01T04:16:28.919094+05:30,2026-09-01_0416IST,airline_direct,IndiGo
BLR,HYD,6E,IndiGo,6E 7071,2026-09-15,15,,,,,False,10:55,parse_error,2026-09-01T04:16:28.919094+05:30,2026-09-01_0416IST,airline_direct,IndiGo
BLR,HYD,6E,IndiGo,6E 6104,2026-09-15,15,,,,,False,11:40,parse_error,2026-09-01T04:16:28.919094+05:30,2026-09-01_0416IST,airline_direct,IndiGo
BLR,HYD,6E,IndiGo,6E 5306,2026-09-15,15,,,,,False,14:35,parse_error,2026-09-01T04:16:28.919094+05:30,2026-09-01_0416IST,airline_direct,IndiGo
BLR,HYD,6E,IndiGo,6E 182,2026-09-15,15,,,,,False,15:00,parse_error,2026-09-01T04:16:28.919094+05:30,2026-09-01_0416IST,airline_direct,IndiGo
BLR,HYD,6E,IndiGo,6E 109,2026-09-15,15,,,,,False,17:00,parse_error,2026-09-01T04:16:28.919094+05:30,2026-09-01_0416IST,airline_direct,IndiGo
BLR,HYD,6E,IndiGo,6E 6162,2026-09-15,15,,,,,False,18:50,parse_error,2026-09-01T04:16:28.919094+05:30,2026-09-01_0416IST,airline_direct,IndiGo
BLR,HYD,6E,IndiGo,6E 7227,2026-09-15,15,,,,,False,06:25,parse_error,2026-09-01T04:16:28.919094+05:30,2026-09-01_0416IST,airline_direct,IndiGo
BLR,HYD,6E,IndiGo,6E 6563,2026-09-15,15,,,,,False,01:05,parse_error,2026-09-01T04:16:28.919094+05:30,2026-09-01_0416IST,airline_direct,IndiGo
BLR,HYD,6E,IndiGo,6E 7204,2026-09-15,15,,,,,False,06:50,parse_error,2026-09-01T04:16:28.919094+05:30,2026-09-01_0416IST,airline_direct,IndiGo
BLR,HYD,6E,IndiGo,6E 6269,2026-09-15,15,,,,,False,07:15,parse_error,2026-09-01T04:16:28.919094+05:30,2026-09-01_0416IST,airline_direct,IndiGo
BLR,HYD,6E,IndiGo,6E 6269,2026-09-15,15,,,,,False,07:15,parse_error,2026-09-01T04:16:28.919094+05:30,2026-09-01_0416IST,airline_direct,IndiGo
BLR,HYD,6E,IndiGo,6E 763,2026-09-15,15,,,,,False,07:05,parse_error,2026-09-01T04:16:28.919094+05:30,2026-09-01_0416IST,airline_direct,IndiGo
BLR,HYD,6E,IndiGo,6E 763,2026-09-15,15,,,,,False,07:05,parse_error,2026-09-01T04:16:28.919094+05:30,2026-09-01_0416IST,airline_direct,IndiGo
BLR,HYD,6E,IndiGo,6E 7005,2026-09-15,15,,,,,False,08:05,parse_error,2026-09-01T04:16:28.919094+05:30,2026-09-01_0416IST,airline_direct,IndiGo
MAA,DEL,6E,IndiGo,6E 939,2026-09-15,15,business,,,24700.0,False,13:00,ok,2026-09-01T04:17:24.864198+05:30,2026-09-01_0417IST,airline_direct,IndiGo
MAA,DEL,6E,IndiGo,6E 939,2026-09-15,15,economy,,,9648.0,False,13:00,ok,2026-09-01T04:17:24.864198+05:30,2026-09-01_0417IST,airline_direct,IndiGo
MAA,DEL,6E,IndiGo,6E 948,2026-09-15,15,business,,,24700.0,False,14:30,ok,2026-09-01T04:17:24.864198+05:30,2026-09-01_0417IST,airline_direct,IndiGo
MAA,DEL,6E,IndiGo,6E 948,2026-09-15,15,economy,,,9648.0,False,14:30,ok,2026-09-01T04:17:24.864198+05:30,2026-09-01_0417IST,airline_direct,IndiGo
MAA,DEL,6E,IndiGo,6E 698,2026-09-15,15,business,,,24700.0,False,16:45,ok,2026-09-01T04:17:24.864198+05:30,2026-09-01_0417IST,airline_direct,IndiGo
MAA,DEL,6E,IndiGo,6E 698,2026-09-15,15,economy,,,9648.0,False,16:45,ok,2026-09-01T04:17:24.864198+05:30,2026-09-01_0417IST,airline_direct,IndiGo
MAA,DEL,6E,IndiGo,6E 951,2026-09-15,15,business,,,24700.0,False,21:50,ok,2026-09-01T04:17:24.864198+05:30,2026-09-01_0417IST,airline_direct,IndiGo
MAA,DEL,6E,IndiGo,6E 951,2026-09-15,15,economy,,,9648.0,False,21:50,ok,2026-09-01T04:17:24.864198+05:30,2026-09-01_0417IST,airline_direct,IndiGo
MAA,DEL,6E,IndiGo,6E 2369,2026-09-15,15,business,,,24700.0,False,23:45,ok,2026-09-01T04:17:24.864198+05:30,2026-09-01_0417IST,airline_direct,IndiGo
MAA,DEL,6E,IndiGo,6E 2369,2026-09-15,15,economy,,,9648.0,False,23:45,ok,2026-09-01T04:17:24.864198+05:30,2026-09-01_0417IST,airline_direct,IndiGo
MAA,DEL,6E,IndiGo,6E 6002,2026-09-15,15,business,,,24700.0,False,11:10,ok,2026-09-01T04:17:24.864198+05:30,2026-09-01_0417IST,airline_direct,IndiGo
MAA,DEL,6E,IndiGo,6E 6002,2026-09-15,15,economy,,,10114.0,False,11:10,ok,2026-09-01T04:17:24.864198+05:30,2026-09-01_0417IST,airline_direct,IndiGo
MAA,DEL,6E,IndiGo,6E 404,2026-09-15,15,business,,,24700.0,False,09:15,ok,2026-09-01T04:17:24.864198+05:30,2026-09-01_0417IST,airline_direct,IndiGo
MAA,DEL,6E,IndiGo,6E 404,2026-09-15,15,economy,,,10608.0,False,09:15,ok,2026-09-01T04:17:24.864198+05:30,2026-09-01_0417IST,airline_direct,IndiGo
MAA,DEL,6E,IndiGo,6E 613,2026-09-15,15,business,,,24700.0,False,19:00,ok,2026-09-01T04:17:24.864198+05:30,2026-09-01_0417IST,airline_direct,IndiGo
MAA,DEL,6E,IndiGo,6E 613,2026-09-15,15,economy,,,10608.0,False,19:00,ok,2026-09-01T04:17:24.864198+05:30,2026-09-01_0417IST,airline_direct,IndiGo
MAA,DEL,6E,IndiGo,6E 937,2026-09-15,15,business,,,24700.0,False,06:30,ok,2026-09-01T04:17:24.864198+05:30,2026-09-01_0417IST,airline_direct,IndiGo
MAA,DEL,6E,IndiGo,6E 937,2026-09-15,15,economy,,,17396.0,False,06:30,ok,2026-09-01T04:17:24.864198+05:30,2026-09-01_0417IST,airline_direct,IndiGo
MAA,DEL,6E,IndiGo,6E 6797,2026-09-15,15,economy,,,9802.0,False,13:10,ok,2026-09-01T04:17:24.864198+05:30,2026-09-01_0417IST,airline_direct,IndiGo
MAA,DEL,6E,IndiGo,6E 253,2026-09-15,15,business,,,27587.0,False,03:10,ok,2026-09-01T04:17:24.864198+05:30,2026-09-01_0417IST,airline_direct,IndiGo
MAA,DEL,6E,IndiGo,6E 253,2026-09-15,15,economy,,,10012.0,False,03:10,ok,2026-09-01T04:17:24.864198+05:30,2026-09-01_0417IST,airline_direct,IndiGo
MAA,DEL,6E,IndiGo,6E 244,2026-09-15,15,economy,,,10012.0,False,03:55,ok,2026-09-01T04:17:24.864198+05:30,2026-09-01_0417IST,airline_direct,IndiGo
MAA,DEL,6E,IndiGo,6E 607,2026-09-15,15,business,,,27587.0,False,05:40,ok,2026-09-01T04:17:24.864198+05:30,2026-09-01_0417IST,airline_direct,IndiGo
MAA,DEL,6E,IndiGo,6E 607,2026-09-15,15,economy,,,10012.0,False,05:40,ok,2026-09-01T04:17:24.864198+05:30,2026-09-01_0417IST,airline_direct,IndiGo
MAA,DEL,6E,IndiGo,6E 495,2026-09-15,15,economy,,,10012.0,False,07:10,ok,2026-09-01T04:17:24.864198+05:30,2026-09-01_0417IST,airline_direct,IndiGo
MAA,DEL,6E,IndiGo,6E 495,2026-09-15,15,economy,,,10012.0,False,07:10,ok,2026-09-01T04:17:24.864198+05:30,2026-09-01_0417IST,airline_direct,IndiGo
MAA,DEL,6E,IndiGo,6E 834,2026-09-15,15,economy,,,10012.0,False,09:05,ok,2026-09-01T04:17:24.864198+05:30,2026-09-01_0417IST,airline_direct,IndiGo
MAA,DEL,6E,IndiGo,6E 834,2026-09-15,15,economy,,,10012.0,False,09:05,ok,2026-09-01T04:17:24.864198+05:30,2026-09-01_0417IST,airline_direct,IndiGo
MAA,DEL,6E,IndiGo,6E 991,2026-09-15,15,economy,,,10012.0,False,09:30,ok,2026-09-01T04:17:24.864198+05:30,2026-09-01_0417IST,airline_direct,IndiGo
MAA,DEL,6E,IndiGo,6E 372,2026-09-15,15,economy,,,10012.0,False,09:55,ok,2026-09-01T04:17:24.864198+05:30,2026-09-01_0417IST,airline_direct,IndiGo
MAA,DEL,6E,IndiGo,6E 502,2026-09-15,15,business,,,30185.0,False,11:10,ok,2026-09-01T04:17:24.864198+05:30,2026-09-01_0417IST,airline_direct,IndiGo
MAA,DEL,6E,IndiGo,6E 502,2026-09-15,15,economy,,,10012.0,False,11:10,ok,2026-09-01T04:17:24.864198+05:30,2026-09-01_0417IST,airline_direct,IndiGo
MAA,DEL,6E,IndiGo,6E 539,2026-09-15,15,economy,,,10012.0,False,11:25,ok,2026-09-01T04:17:24.864198+05:30,2026-09-01_0417IST,airline_direct,IndiGo
MAA,DEL,6E,IndiGo,6E 973,2026-09-15,15,economy,,,10012.0,False,11:55,ok,2026-09-01T04:17:24.864198+05:30,2026-09-01_0417IST,airline_direct,IndiGo
MAA,DEL,6E,IndiGo,6E 6925,2026-09-15,15,economy,,,10012.0,False,12:00,ok,2026-09-01T04:17:24.864198+05:30,2026-09-01_0417IST,airline_direct,IndiGo
MAA,DEL,6E,IndiGo,6E 183,2026-09-15,15,business,,,28061.0,False,16:35,ok,2026-09-01T04:17:24.864198+05:30,2026-09-01_0417IST,airline_direct,IndiGo
MAA,DEL,6E,IndiGo,6E 183,2026-09-15,15,economy,,,10012.0,False,16:35,ok,2026-09-01T04:17:24.864198+05:30,2026-09-01_0417IST,airline_direct,IndiGo
MAA,DEL,6E,IndiGo,6E 848,2026-09-15,15,economy,,,10012.0,False,17:50,ok,2026-09-01T04:17:24.864198+05:30,2026-09-01_0417IST,airline_direct,IndiGo
MAA,DEL,6E,IndiGo,6E 193,2026-09-15,15,economy,,,10012.0,False,20:00,ok,2026-09-01T04:17:24.864198+05:30,2026-09-01_0417IST,airline_direct,IndiGo
MAA,DEL,6E,IndiGo,6E 6487,2026-09-15,15,economy,,,10012.0,False,21:25,ok,2026-09-01T04:17:24.864198+05:30,2026-09-01_0417IST,airline_direct,IndiGo
MAA,DEL,6E,IndiGo,6E 561,2026-09-15,15,business,,,27823.0,False,22:20,ok,2026-09-01T04:17:24.864198+05:30,2026-09-01_0417IST,airline_direct,IndiGo
MAA,DEL,6E,IndiGo,6E 561,2026-09-15,15,economy,,,10012.0,False,22:20,ok,2026-09-01T04:17:24.864198+05:30,2026-09-01_0417IST,airline_direct,IndiGo
MAA,DEL,6E,IndiGo,6E 6815,2026-09-15,15,economy,,,10091.0,False,08:55,ok,2026-09-01T04:17:24.864198+05:30,2026-09-01_0417IST,airline_direct,IndiGo
MAA,DEL,6E,IndiGo,6E 6892,2026-09-15,15,economy,,,10091.0,False,10:55,ok,2026-09-01T04:17:24.864198+05:30,2026-09-01_0417IST,airline_direct,IndiGo
MAA,DEL,6E,IndiGo,6E 6209,2026-09-15,15,economy,,,10091.0,False,14:35,ok,2026-09-01T04:17:24.864198+05:30,2026-09-01_0417IST,airline_direct,IndiGo
MAA,DEL,6E,IndiGo,6E 6209,2026-09-15,15,economy,,,10091.0,False,14:35,ok,2026-09-01T04:17:24.864198+05:30,2026-09-01_0417IST,airline_direct,IndiGo
MAA,DEL,6E,IndiGo,6E 847,2026-09-15,15,economy,,,10091.0,False,16:15,ok,2026-09-01T04:17:24.864198+05:30,2026-09-01_0417IST,airline_direct,IndiGo
MAA,DEL,6E,IndiGo,6E 365,2026-09-15,15,economy,,,10091.0,False,17:45,ok,2026-09-01T04:17:24.864198+05:30,2026-09-01_0417IST,airline_direct,IndiGo
MAA,DEL,6E,IndiGo,6E 365,2026-09-15,15,economy,,,10091.0,False,17:45,ok,2026-09-01T04:17:24.864198+05:30,2026-09-01_0417IST,airline_direct,IndiGo
MAA,DEL,6E,IndiGo,6E 726,2026-09-15,15,economy,,,10091.0,False,18:20,ok,2026-09-01T04:17:24.864198+05:30,2026-09-01_0417IST,airline_direct,IndiGo
MAA,DEL,6E,IndiGo,6E 189,2026-09-15,15,economy,,,10091.0,False,19:05,ok,2026-09-01T04:17:24.864198+05:30,2026-09-01_0417IST,airline_direct,IndiGo
MAA,DEL,6E,IndiGo,6E 321,2026-09-15,15,business,,,33223.0,False,08:20,ok,2026-09-01T04:17:24.864198+05:30,2026-09-01_0417IST,airline_direct,IndiGo
MAA,DEL,6E,IndiGo,6E 321,2026-09-15,15,economy,,,10222.0,False,08:20,ok,2026-09-01T04:17:24.864198+05:30,2026-09-01_0417IST,airline_direct,IndiGo
MAA,DEL,6E,IndiGo,6E 5214,2026-09-15,15,business,,,35375.0,False,11:00,ok,2026-09-01T04:17:24.864198+05:30,2026-09-01_0417IST,airline_direct,IndiGo
MAA,DEL,6E,IndiGo,6E 5214,2026-09-15,15,economy,,,10222.0,False,11:00,ok,2026-09-01T04:17:24.864198+05:30,2026-09-01_0417IST,airline_direct,IndiGo
MAA,DEL,6E,IndiGo,6E 6326,2026-09-15,15,business,,,36291.0,False,11:45,ok,2026-09-01T04:17:24.864198+05:30,2026-09-01_0417IST,airline_direct,IndiGo
MAA,DEL,6E,IndiGo,6E 6326,2026-09-15,15,economy,,,10222.0,False,11:45,ok,2026-09-01T04:17:24.864198+05:30,2026-09-01_0417IST,airline_direct,IndiGo
MAA,DEL,6E,IndiGo,6E 5104,2026-09-15,15,business,,,35375.0,False,16:40,ok,2026-09-01T04:17:24.864198+05:30,2026-09-01_0417IST,airline_direct,IndiGo
MAA,DEL,6E,IndiGo,6E 5104,2026-09-15,15,economy,,,10222.0,False,16:40,ok,2026-09-01T04:17:24.864198+05:30,2026-09-01_0417IST,airline_direct,IndiGo
MAA,DEL,6E,IndiGo,6E 6113,2026-09-15,15,economy,,,10222.0,False,17:00,ok,2026-09-01T04:17:24.864198+05:30,2026-09-01_0417IST,airline_direct,IndiGo
MAA,DEL,6E,IndiGo,6E 606,2026-09-15,15,economy,,,10222.0,False,18:05,ok,2026-09-01T04:17:24.864198+05:30,2026-09-01_0417IST,airline_direct,IndiGo
MAA,DEL,6E,IndiGo,6E 597,2026-09-15,15,economy,,,10380.0,False,17:45,ok,2026-09-01T04:17:24.864198+05:30,2026-09-01_0417IST,airline_direct,IndiGo
MAA,DEL,6E,IndiGo,6E 562,2026-09-15,15,economy,,,10808.0,False,18:20,ok,2026-09-01T04:17:24.864198+05:30,2026-09-01_0417IST,airline_direct,IndiGo
MAA,DEL,6E,IndiGo,6E 6158,2026-09-15,15,economy,,,11489.0,False,16:10,ok,2026-09-01T04:17:24.864198+05:30,2026-09-01_0417IST,airline_direct,IndiGo
MAA,DEL,6E,IndiGo,6E 6081,2026-09-15,15,economy,,,12032.0,False,07:05,ok,2026-09-01T04:17:24.864198+05:30,2026-09-01_0417IST,airline_direct,IndiGo
MAA,DEL,6E,IndiGo,6E 6081,2026-09-15,15,economy,,,12518.0,False,07:05,ok,2026-09-01T04:17:24.864198+05:30,2026-09-01_0417IST,airline_direct,IndiGo
MAA,DEL,6E,IndiGo,6E 5214,2026-09-15,15,business,,,35375.0,False,11:00,ok,2026-09-01T04:17:24.864198+05:30,2026-09-01_0417IST,airline_direct,IndiGo
MAA,DEL,6E,IndiGo,6E 5214,2026-09-15,15,economy,,,12553.0,False,11:00,ok,2026-09-01T04:17:24.864198+05:30,2026-09-01_0417IST,airline_direct,IndiGo
MAA,DEL,6E,IndiGo,6E 5258,2026-09-15,15,business,,,35375.0,False,12:45,ok,2026-09-01T04:17:24.864198+05:30,2026-09-01_0417IST,airline_direct,IndiGo
MAA,DEL,6E,IndiGo,6E 5258,2026-09-15,15,economy,,,12553.0,False,12:45,ok,2026-09-01T04:17:24.864198+05:30,2026-09-01_0417IST,airline_direct,IndiGo
MAA,DEL,6E,IndiGo,6E 5258,2026-09-15,15,business,,,35375.0,False,12:45,ok,2026-09-01T04:17:24.864198+05:30,2026-09-01_0417IST,airline_direct,IndiGo
MAA,DEL,6E,IndiGo,6E 5258,2026-09-15,15,economy,,,12711.0,False,12:45,ok,2026-09-01T04:17:24.864198+05:30,2026-09-01_0417IST,airline_direct,IndiGo
MAA,DEL,6E,IndiGo,6E 6348,2026-09-15,15,business,,,35375.0,False,09:00,ok,2026-09-01T04:17:24.864198+05:30,2026-09-01_0417IST,airline_direct,IndiGo
MAA,DEL,6E,IndiGo,6E 6348,2026-09-15,15,economy,,,13602.0,False,09:00,ok,2026-09-01T04:17:24.864198+05:30,2026-09-01_0417IST,airline_direct,IndiGo
MAA,DEL,6E,IndiGo,6E 6348,2026-09-15,15,business,,,35375.0,False,09:00,ok,2026-09-01T04:17:24.864198+05:30,2026-09-01_0417IST,airline_direct,IndiGo
MAA,DEL,6E,IndiGo,6E 6348,2026-09-15,15,economy,,,13602.0,False,09:00,ok,2026-09-01T04:17:24.864198+05:30,2026-09-01_0417IST,airline_direct,IndiGo
MAA,DEL,6E,IndiGo,6E 5367,2026-09-15,15,business,,,35375.0,False,18:15,ok,2026-09-01T04:17:24.864198+05:30,2026-09-01_0417IST,airline_direct,IndiGo
MAA,DEL,6E,IndiGo,6E 5367,2026-09-15,15,economy,,,13760.0,False,18:15,ok,2026-09-01T04:17:24.864198+05:30,2026-09-01_0417IST,airline_direct,IndiGo
MAA,DEL,6E,IndiGo,6E 6140,2026-09-15,15,economy,,,13914.0,False,02:30,ok,2026-09-01T04:17:24.864198+05:30,2026-09-01_0417IST,airline_direct,IndiGo
MAA,DEL,6E,IndiGo,6E 6140,2026-09-15,15,economy,,,13914.0,False,02:30,ok,2026-09-01T04:17:24.864198+05:30,2026-09-01_0417IST,airline_direct,IndiGo
MAA,DEL,6E,IndiGo,6E 372,2026-09-15,15,economy,,,14487.0,False,09:55,ok,2026-09-01T04:17:24.864198+05:30,2026-09-01_0417IST,airline_direct,IndiGo
MAA,DEL,6E,IndiGo,6E 5314,2026-09-15,15,business,,,35375.0,False,06:45,ok,2026-09-01T04:17:24.864198+05:30,2026-09-01_0417IST,airline_direct,IndiGo
MAA,DEL,6E,IndiGo,6E 5314,2026-09-15,15,economy,,,16355.0,False,06:45,ok,2026-09-01T04:17:24.864198+05:30,2026-09-01_0417IST,airline_direct,IndiGo
DEL,BOM,6E,IndiGo,6E 449,2026-09-30,30,business,,,21900.0,False,05:00,ok,2026-09-01T04:18:34.175282+05:30,2026-09-01_0418IST,airline_direct,IndiGo
DEL,BOM,6E,IndiGo,6E 449,2026-09-30,30,economy,,,6305.0,False,05:00,ok,2026-09-01T04:18:34.175282+05:30,2026-09-01_0418IST,airline_direct,IndiGo
DEL,BOM,6E,IndiGo,6E 675,2026-09-30,30,business,,,26083.0,False,08:45,ok,2026-09-01T04:18:34.175282+05:30,2026-09-01_0418IST,airline_direct,IndiGo
DEL,BOM,6E,IndiGo,6E 675,2026-09-30,30,economy,,,6305.0,False,08:45,ok,2026-09-01T04:18:34.175282+05:30,2026-09-01_0418IST,airline_direct,IndiGo
DEL,BOM,6E,IndiGo,6E 6107,2026-09-30,30,business,,,21900.0,False,09:30,ok,2026-09-01T04:18:34.175282+05:30,2026-09-01_0418IST,airline_direct,IndiGo
DEL,BOM,6E,IndiGo,6E 6107,2026-09-30,30,economy,,,6305.0,False,09:30,ok,2026-09-01T04:18:34.175282+05:30,2026-09-01_0418IST,airline_direct,IndiGo
DEL,BOM,6E,IndiGo,6E 6328,2026-09-30,30,business,,,21900.0,False,10:15,ok,2026-09-01T04:18:34.175282+05:30,2026-09-01_0418IST,airline_direct,IndiGo
DEL,BOM,6E,IndiGo,6E 6328,2026-09-30,30,economy,,,6305.0,False,10:15,ok,2026-09-01T04:18:34.175282+05:30,2026-09-01_0418IST,airline_direct,IndiGo
DEL,BOM,6E,IndiGo,6E 6047,2026-09-30,30,business,,,21900.0,False,11:00,ok,2026-09-01T04:18:34.175282+05:30,2026-09-01_0418IST,airline_direct,IndiGo
DEL,BOM,6E,IndiGo,6E 6047,2026-09-30,30,economy,,,6305.0,False,11:00,ok,2026-09-01T04:18:34.175282+05:30,2026-09-01_0418IST,airline_direct,IndiGo
DEL,BOM,6E,IndiGo,6E 6676,2026-09-30,30,business,,,21900.0,False,12:00,ok,2026-09-01T04:18:34.175282+05:30,2026-09-01_0418IST,airline_direct,IndiGo
DEL,BOM,6E,IndiGo,6E 6676,2026-09-30,30,economy,,,6305.0,False,12:00,ok,2026-09-01T04:18:34.175282+05:30,2026-09-01_0418IST,airline_direct,IndiGo
DEL,BOM,6E,IndiGo,6E 324,2026-09-30,30,business,,,21900.0,False,13:00,ok,2026-09-01T04:18:34.175282+05:30,2026-09-01_0418IST,airline_direct,IndiGo
DEL,BOM,6E,IndiGo,6E 324,2026-09-30,30,economy,,,6305.0,False,13:00,ok,2026-09-01T04:18:34.175282+05:30,2026-09-01_0418IST,airline_direct,IndiGo
DEL,BOM,6E,IndiGo,6E 6022,2026-09-30,30,business,,,21900.0,False,14:00,ok,2026-09-01T04:18:34.175282+05:30,2026-09-01_0418IST,airline_direct,IndiGo
DEL,BOM,6E,IndiGo,6E 6022,2026-09-30,30,economy,,,6305.0,False,14:00,ok,2026-09-01T04:18:34.175282+05:30,2026-09-01_0418IST,airline_direct,IndiGo
DEL,BOM,6E,IndiGo,6E 6318,2026-09-30,30,business,,,21900.0,False,14:45,ok,2026-09-01T04:18:34.175282+05:30,2026-09-01_0418IST,airline_direct,IndiGo
DEL,BOM,6E,IndiGo,6E 6318,2026-09-30,30,economy,,,6305.0,False,14:45,ok,2026-09-01T04:18:34.175282+05:30,2026-09-01_0418IST,airline_direct,IndiGo
DEL,BOM,6E,IndiGo,6E 864,2026-09-30,30,business,,,21900.0,False,15:30,ok,2026-09-01T04:18:34.175282+05:30,2026-09-01_0418IST,airline_direct,IndiGo
DEL,BOM,6E,IndiGo,6E 864,2026-09-30,30,economy,,,6305.0,False,15:30,ok,2026-09-01T04:18:34.175282+05:30,2026-09-01_0418IST,airline_direct,IndiGo
DEL,BOM,6E,IndiGo,6E 327,2026-09-30,30,business,,,21900.0,False,16:15,ok,2026-09-01T04:18:34.175282+05:30,2026-09-01_0418IST,airline_direct,IndiGo
DEL,BOM,6E,IndiGo,6E 327,2026-09-30,30,economy,,,6305.0,False,16:15,ok,2026-09-01T04:18:34.175282+05:30,2026-09-01_0418IST,airline_direct,IndiGo
DEL,BOM,6E,IndiGo,6E 6706,2026-09-30,30,business,,,21900.0,False,17:00,ok,2026-09-01T04:18:34.175282+05:30,2026-09-01_0418IST,airline_direct,IndiGo
DEL,BOM,6E,IndiGo,6E 6706,2026-09-30,30,economy,,,6305.0,False,17:00,ok,2026-09-01T04:18:34.175282+05:30,2026-09-01_0418IST,airline_direct,IndiGo
DEL,BOM,6E,IndiGo,6E 6114,2026-09-30,30,business,,,21900.0,False,22:45,ok,2026-09-01T04:18:34.175282+05:30,2026-09-01_0418IST,airline_direct,IndiGo
DEL,BOM,6E,IndiGo,6E 6114,2026-09-30,30,economy,,,6305.0,False,22:45,ok,2026-09-01T04:18:34.175282+05:30,2026-09-01_0418IST,airline_direct,IndiGo
DEL,BOM,6E,IndiGo,6E 6218,2026-09-30,30,business,,,21900.0,False,06:05,ok,2026-09-01T04:18:34.175282+05:30,2026-09-01_0418IST,airline_direct,IndiGo
DEL,BOM,6E,IndiGo,6E 6218,2026-09-30,30,economy,,,6357.0,False,06:05,ok,2026-09-01T04:18:34.175282+05:30,2026-09-01_0418IST,airline_direct,IndiGo
DEL,BOM,6E,IndiGo,6E 320,2026-09-30,30,business,,,21900.0,False,08:00,ok,2026-09-01T04:18:34.175282+05:30,2026-09-01_0418IST,airline_direct,IndiGo
DEL,BOM,6E,IndiGo,6E 320,2026-09-30,30,economy,,,6431.0,False,08:00,ok,2026-09-01T04:18:34.175282+05:30,2026-09-01_0418IST,airline_direct,IndiGo
DEL,BOM,6E,IndiGo,6E 329,2026-09-30,30,business,,,21900.0,False,18:00,ok,2026-09-01T04:18:34.175282+05:30,2026-09-01_0418IST,airline_direct,IndiGo
DEL,BOM,6E,IndiGo,6E 329,2026-09-30,30,economy,,,6431.0,False,18:00,ok,2026-09-01T04:18:34.175282+05:30,2026-09-01_0418IST,airline_direct,IndiGo
DEL,BOM,6E,IndiGo,6E 354,2026-09-30,30,business,,,21900.0,False,19:00,ok,2026-09-01T04:18:34.175282+05:30,2026-09-01_0418IST,airline_direct,IndiGo
DEL,BOM,6E,IndiGo,6E 354,2026-09-30,30,economy,,,6431.0,False,19:00,ok,2026-09-01T04:18:34.175282+05:30,2026-09-01_0418IST,airline_direct,IndiGo
DEL,BOM,6E,IndiGo,6E 303,2026-09-30,30,business,,,21900.0,False,20:00,ok,2026-09-01T04:18:34.175282+05:30,2026-09-01_0418IST,airline_direct,IndiGo
DEL,BOM,6E,IndiGo,6E 303,2026-09-30,30,economy,,,6431.0,False,20:00,ok,2026-09-01T04:18:34.175282+05:30,2026-09-01_0418IST,airline_direct,IndiGo
DEL,BOM,6E,IndiGo,6E 853,2026-09-30,30,business,,,21900.0,False,20:45,ok,2026-09-01T04:18:34.175282+05:30,2026-09-01_0418IST,airline_direct,IndiGo
DEL,BOM,6E,IndiGo,6E 853,2026-09-30,30,economy,,,6431.0,False,20:45,ok,2026-09-01T04:18:34.175282+05:30,2026-09-01_0418IST,airline_direct,IndiGo
DEL,BOM,6E,IndiGo,6E 395,2026-09-30,30,business,,,21900.0,False,21:45,ok,2026-09-01T04:18:34.175282+05:30,2026-09-01_0418IST,airline_direct,IndiGo
DEL,BOM,6E,IndiGo,6E 395,2026-09-30,30,economy,,,6431.0,False,21:45,ok,2026-09-01T04:18:34.175282+05:30,2026-09-01_0418IST,airline_direct,IndiGo
DEL,BOM,6E,IndiGo,6E 6814,2026-09-30,30,business,,,21900.0,False,07:15,ok,2026-09-01T04:18:34.175282+05:30,2026-09-01_0418IST,airline_direct,IndiGo
DEL,BOM,6E,IndiGo,6E 6814,2026-09-30,30,economy,,,6688.0,False,07:15,ok,2026-09-01T04:18:34.175282+05:30,2026-09-01_0418IST,airline_direct,IndiGo
DEL,BOM,6E,IndiGo,6E 322,2026-09-30,30,business,,,21900.0,False,23:30,ok,2026-09-01T04:18:34.175282+05:30,2026-09-01_0418IST,airline_direct,IndiGo
DEL,BOM,6E,IndiGo,6E 322,2026-09-30,30,economy,,,6688.0,False,23:30,ok,2026-09-01T04:18:34.175282+05:30,2026-09-01_0418IST,airline_direct,IndiGo
DEL,BOM,6E,IndiGo,6E 6261,2026-09-30,30,economy,,,6964.0,False,00:15,ok,2026-09-01T04:18:34.175282+05:30,2026-09-01_0418IST,airline_direct,IndiGo
DEL,BOM,6E,IndiGo,6E 5119,2026-09-30,30,economy,,,7272.0,False,05:10,ok,2026-09-01T04:18:34.175282+05:30,2026-09-01_0418IST,airline_direct,IndiGo
DEL,BOM,6E,IndiGo,6E 5119,2026-09-30,30,economy,,,7272.0,False,05:10,ok,2026-09-01T04:18:34.175282+05:30,2026-09-01_0418IST,airline_direct,IndiGo
DEL,BOM,6E,IndiGo,6E 6171,2026-09-30,30,economy,,,7272.0,False,05:40,ok,2026-09-01T04:18:34.175282+05:30,2026-09-01_0418IST,airline_direct,IndiGo
DEL,BOM,6E,IndiGo,6E 2076,2026-09-30,30,economy,,,7272.0,False,07:30,ok,2026-09-01T04:18:34.175282+05:30,2026-09-01_0418IST,airline_direct,IndiGo
DEL,BOM,6E,IndiGo,6E 2298,2026-09-30,30,economy,,,7272.0,False,09:45,ok,2026-09-01T04:18:34.175282+05:30,2026-09-01_0418IST,airline_direct,IndiGo
DEL,BOM,6E,IndiGo,6E 2037,2026-09-30,30,economy,,,7272.0,False,11:10,ok,2026-09-01T04:18:34.175282+05:30,2026-09-01_0418IST,airline_direct,IndiGo
DEL,BOM,6E,IndiGo,6E 2341,2026-09-30,30,economy,,,7272.0,False,14:50,ok,2026-09-01T04:18:34.175282+05:30,2026-09-01_0418IST,airline_direct,IndiGo
DEL,BOM,6E,IndiGo,6E 6983,2026-09-30,30,economy,,,7272.0,False,15:35,ok,2026-09-01T04:18:34.175282+05:30,2026-09-01_0418IST,airline_direct,IndiGo
DEL,BOM,6E,IndiGo,6E 5073,2026-09-30,30,economy,,,7272.0,False,17:05,ok,2026-09-01T04:18:34.175282+05:30,2026-09-01_0418IST,airline_direct,IndiGo
DEL,BOM,6E,IndiGo,6E 5073,2026-09-30,30,economy,,,7272.0,False,17:05,ok,2026-09-01T04:18:34.175282+05:30,2026-09-01_0418IST,airline_direct,IndiGo
DEL,BOM,6E,IndiGo,6E 5014,2026-09-30,30,economy,,,7272.0,False,18:30,ok,2026-09-01T04:18:34.175282+05:30,2026-09-01_0418IST,airline_direct,IndiGo
DEL,BOM,6E,IndiGo,6E 931,2026-09-30,30,economy,,,7272.0,False,19:35,ok,2026-09-01T04:18:34.175282+05:30,2026-09-01_0418IST,airline_direct,IndiGo
DEL,BOM,6E,IndiGo,6E 2345,2026-09-30,30,economy,,,7403.0,False,05:55,ok,2026-09-01T04:18:34.175282+05:30,2026-09-01_0418IST,airline_direct,IndiGo
DEL,BOM,6E,IndiGo,6E 6443,2026-09-30,30,economy,,,7403.0,False,09:00,ok,2026-09-01T04:18:34.175282+05:30,2026-09-01_0418IST,airline_direct,IndiGo
DEL,BOM,6E,IndiGo,6E 6488,2026-09-30,30,economy,,,7403.0,False,11:20,ok,2026-09-01T04:18:34.175282+05:30,2026-09-01_0418IST,airline_direct,IndiGo
DEL,BOM,6E,IndiGo,6E 2021,2026-09-30,30,economy,,,7403.0,False,12:10,ok,2026-09-01T04:18:34.175282+05:30,2026-09-01_0418IST,airline_direct,IndiGo
DEL,BOM,6E,IndiGo,6E 2249,2026-09-30,30,economy,,,7403.0,False,15:00,ok,2026-09-01T04:18:34.175282+05:30,2026-09-01_0418IST,airline_direct,IndiGo
DEL,BOM,6E,IndiGo,6E 6433,2026-09-30,30,economy,,,7403.0,False,16:30,ok,2026-09-01T04:18:34.175282+05:30,2026-09-01_0418IST,airline_direct,IndiGo
DEL,BOM,6E,IndiGo,6E 6829,2026-09-30,30,economy,,,7403.0,False,17:20,ok,2026-09-01T04:18:34.175282+05:30,2026-09-01_0418IST,airline_direct,IndiGo
DEL,BOM,6E,IndiGo,6E 6829,2026-09-30,30,economy,,,7403.0,False,17:20,ok,2026-09-01T04:18:34.175282+05:30,2026-09-01_0418IST,airline_direct,IndiGo
DEL,BOM,6E,IndiGo,6E 5138,2026-09-30,30,economy,,,7403.0,False,19:10,ok,2026-09-01T04:18:34.175282+05:30,2026-09-01_0418IST,airline_direct,IndiGo
DEL,BOM,6E,IndiGo,6E 2169,2026-09-30,30,economy,,,7403.0,False,19:40,ok,2026-09-01T04:18:34.175282+05:30,2026-09-01_0418IST,airline_direct,IndiGo
DEL,BOM,6E,IndiGo,6E 6050,2026-09-30,30,economy,,,7482.0,False,08:15,ok,2026-09-01T04:18:34.175282+05:30,2026-09-01_0418IST,airline_direct,IndiGo
DEL,BOM,6E,IndiGo,6E 5206,2026-09-30,30,economy,,,7482.0,False,13:20,ok,2026-09-01T04:18:34.175282+05:30,2026-09-01_0418IST,airline_direct,IndiGo
DEL,BOM,6E,IndiGo,6E 2151,2026-09-30,30,economy,,,7482.0,False,19:45,ok,2026-09-01T04:18:34.175282+05:30,2026-09-01_0418IST,airline_direct,IndiGo
DEL,BOM,6E,IndiGo,6E 6479,2026-09-30,30,economy,,,7482.0,False,21:25,ok,2026-09-01T04:18:34.175282+05:30,2026-09-01_0418IST,airline_direct,IndiGo
DEL,BOM,6E,IndiGo,6E 705,2026-09-30,30,business,,,29617.0,False,08:30,ok,2026-09-01T04:18:34.175282+05:30,2026-09-01_0418IST,airline_direct,IndiGo
DEL,BOM,6E,IndiGo,6E 705,2026-09-30,30,economy,,,7613.0,False,08:30,ok,2026-09-01T04:18:34.175282+05:30,2026-09-01_0418IST,airline_direct,IndiGo
DEL,BOM,6E,IndiGo,6E 884,2026-09-30,30,business,,,29617.0,False,11:45,ok,2026-09-01T04:18:34.175282+05:30,2026-09-01_0418IST,airline_direct,IndiGo
DEL,BOM,6E,IndiGo,6E 884,2026-09-30,30,economy,,,7613.0,False,11:45,ok,2026-09-01T04:18:34.175282+05:30,2026-09-01_0418IST,airline_direct,IndiGo
DEL,BOM,6E,IndiGo,6E 6282,2026-09-30,30,business,,,29617.0,False,13:30,ok,2026-09-01T04:18:34.175282+05:30,2026-09-01_0418IST,airline_direct,IndiGo
DEL,BOM,6E,IndiGo,6E 6282,2026-09-30,30,economy,,,7613.0,False,13:30,ok,2026-09-01T04:18:34.175282+05:30,2026-09-01_0418IST,airline_direct,IndiGo
DEL,BOM,6E,IndiGo,6E 6282,2026-09-30,30,business,,,29617.0,False,13:30,ok,2026-09-01T04:18:34.175282+05:30,2026-09-01_0418IST,airline_direct,IndiGo
DEL,BOM,6E,IndiGo,6E 6282,2026-09-30,30,economy,,,7613.0,False,13:30,ok,2026-09-01T04:18:34.175282+05:30,2026-09-01_0418IST,airline_direct,IndiGo
DEL,BOM,6E,IndiGo,6E 717,2026-09-30,30,business,,,29617.0,False,17:55,ok,2026-09-01T04:18:34.175282+05:30,2026-09-01_0418IST,airline_direct,IndiGo
DEL,BOM,6E,IndiGo,6E 717,2026-09-30,30,economy,,,7613.0,False,17:55,ok,2026-09-01T04:18:34.175282+05:30,2026-09-01_0418IST,airline_direct,IndiGo
DEL,BOM,6E,IndiGo,6E 6601,2026-09-30,30,business,,,29617.0,False,19:45,ok,2026-09-01T04:18:34.175282+05:30,2026-09-01_0418IST,airline_direct,IndiGo
DEL,BOM,6E,IndiGo,6E 6601,2026-09-30,30,economy,,,7613.0,False,19:45,ok,2026-09-01T04:18:34.175282+05:30,2026-09-01_0418IST,airline_direct,IndiGo
DEL,BOM,6E,IndiGo,6E 882,2026-09-30,30,economy,,,7613.0,False,23:15,ok,2026-09-01T04:18:34.175282+05:30,2026-09-01_0418IST,airline_direct,IndiGo
DEL,BOM,6E,IndiGo,6E 2013,2026-09-30,30,economy,,,8100.0,False,21:50,ok,2026-09-01T04:18:34.175282+05:30,2026-09-01_0418IST,airline_direct,IndiGo
DEL,BOM,6E,IndiGo,6E 2381,2026-09-30,30,economy,,,8201.0,False,13:45,ok,2026-09-01T04:18:34.175282+05:30,2026-09-01_0418IST,airline_direct,IndiGo
DEL,BOM,6E,IndiGo,6E 6497,2026-09-30,30,economy,,,8201.0,False,18:40,ok,2026-09-01T04:18:34.175282+05:30,2026-09-01_0418IST,airline_direct,IndiGo
DEL,BOM,6E,IndiGo,6E 5038,2026-09-30,30,economy,,,10211.0,False,14:00,ok,2026-09-01T04:18:34.175282+05:30,2026-09-01_0418IST,airline_direct,IndiGo
DEL,BOM,6E,IndiGo,6E 5033,2026-09-30,30,economy,,,10343.0,False,15:50,ok,2026-09-01T04:18:34.175282+05:30,2026-09-01_0418IST,airline_direct,IndiGo
DEL,BOM,6E,IndiGo,6E 6212,2026-09-30,30,business,,,29617.0,False,14:45,ok,2026-09-01T04:18:34.175282+05:30,2026-09-01_0418IST,airline_direct,IndiGo
DEL,BOM,6E,IndiGo,6E 6212,2026-09-30,30,economy,,,11444.0,False,14:45,ok,2026-09-01T04:18:34.175282+05:30,2026-09-01_0418IST,airline_direct,IndiGo
DEL,BOM,6E,IndiGo,6E 6293,2026-09-30,30,business,,,29617.0,False,09:55,ok,2026-09-01T04:18:34.175282+05:30,2026-09-01_0418IST,airline_direct,IndiGo
DEL,BOM,6E,IndiGo,6E 6293,2026-09-30,30,economy,,,12207.0,False,09:55,ok,2026-09-01T04:18:34.175282+05:30,2026-09-01_0418IST,airline_direct,IndiGo
DEL,BOM,6E,IndiGo,6E 358,2026-09-30,30,business,,,38385.0,False,12:15,ok,2026-09-01T04:18:34.175282+05:30,2026-09-01_0418IST,airline_direct,IndiGo
DEL,BOM,6E,IndiGo,6E 358,2026-09-30,30,economy,,,12225.0,False,12:15,ok,2026-09-01T04:18:34.175282+05:30,2026-09-01_0418IST,airline_direct,IndiGo
DEL,BOM,6E,IndiGo,6E 5298,2026-09-30,30,economy,,,16832.0,False,09:00,ok,2026-09-01T04:18:34.175282+05:30,2026-09-01_0418IST,airline_direct,IndiGo
DEL,BOM,6E,IndiGo,6E 357,2026-09-30,30,business,,,35047.0,False,19:30,ok,2026-09-01T04:18:34.175282+05:30,2026-09-01_0418IST,airline_direct,IndiGo
DEL,BOM,6E,IndiGo,6E 357,2026-09-30,30,economy,,,18138.0,False,19:30,ok,2026-09-01T04:18:34.175282+05:30,2026-09-01_0418IST,airline_direct,IndiGo
DEL,BOM,6E,IndiGo,6E 2496,2026-09-30,30,economy,,,22296.0,False,12:40,ok,2026-09-01T04:18:34.175282+05:30,2026-09-01_0418IST,airline_direct,IndiGo
DEL,BLR,6E,IndiGo,6E 820,2026-09-30,30,business,,,26048.0,False,03:00,ok,2026-09-01T04:19:35.472985+05:30,2026-09-01_0419IST,airline_direct,IndiGo
DEL,BLR,6E,IndiGo,6E 820,2026-09-30,30,economy,,,8671.0,False,03:00,ok,2026-09-01T04:19:35.472985+05:30,2026-09-01_0419IST,airline_direct,IndiGo
DEL,BLR,6E,IndiGo,6E 2314,2026-09-30,30,business,,,26048.0,False,05:45,ok,2026-09-01T04:19:35.472985+05:30,2026-09-01_0419IST,airline_direct,IndiGo
DEL,BLR,6E,IndiGo,6E 2314,2026-09-30,30,economy,,,8671.0,False,05:45,ok,2026-09-01T04:19:35.472985+05:30,2026-09-01_0419IST,airline_direct,IndiGo
DEL,BLR,6E,IndiGo,6E 810,2026-09-30,30,business,,,26048.0,False,07:05,ok,2026-09-01T04:19:35.472985+05:30,2026-09-01_0419IST,airline_direct,IndiGo
DEL,BLR,6E,IndiGo,6E 810,2026-09-30,30,economy,,,8671.0,False,07:05,ok,2026-09-01T04:19:35.472985+05:30,2026-09-01_0419IST,airline_direct,IndiGo
DEL,BLR,6E,IndiGo,6E 873,2026-09-30,30,business,,,26048.0,False,08:20,ok,2026-09-01T04:19:35.472985+05:30,2026-09-01_0419IST,airline_direct,IndiGo
DEL,BLR,6E,IndiGo,6E 873,2026-09-30,30,economy,,,8671.0,False,08:20,ok,2026-09-01T04:19:35.472985+05:30,2026-09-01_0419IST,airline_direct,IndiGo
DEL,BLR,6E,IndiGo,6E 826,2026-09-30,30,business,,,26048.0,False,09:30,ok,2026-09-01T04:19:35.472985+05:30,2026-09-01_0419IST,airline_direct,IndiGo
DEL,BLR,6E,IndiGo,6E 826,2026-09-30,30,economy,,,8671.0,False,09:30,ok,2026-09-01T04:19:35.472985+05:30,2026-09-01_0419IST,airline_direct,IndiGo
DEL,BLR,6E,IndiGo,6E 842,2026-09-30,30,business,,,26048.0,False,10:45,ok,2026-09-01T04:19:35.472985+05:30,2026-09-01_0419IST,airline_direct,IndiGo
DEL,BLR,6E,IndiGo,6E 842,2026-09-30,30,economy,,,8671.0,False,10:45,ok,2026-09-01T04:19:35.472985+05:30,2026-09-01_0419IST,airline_direct,IndiGo
DEL,BLR,6E,IndiGo,6E 850,2026-09-30,30,business,,,26048.0,False,12:20,ok,2026-09-01T04:19:35.472985+05:30,2026-09-01_0419IST,airline_direct,IndiGo
DEL,BLR,6E,IndiGo,6E 850,2026-09-30,30,economy,,,8671.0,False,12:20,ok,2026-09-01T04:19:35.472985+05:30,2026-09-01_0419IST,airline_direct,IndiGo
DEL,BLR,6E,IndiGo,6E 176,2026-09-30,30,business,,,26048.0,False,13:15,ok,2026-09-01T04:19:35.472985+05:30,2026-09-01_0419IST,airline_direct,IndiGo
DEL,BLR,6E,IndiGo,6E 176,2026-09-30,30,economy,,,8671.0,False,13:15,ok,2026-09-01T04:19:35.472985+05:30,2026-09-01_0419IST,airline_direct,IndiGo
DEL,BLR,6E,IndiGo,6E 828,2026-09-30,30,business,,,26048.0,False,14:30,ok,2026-09-01T04:19:35.472985+05:30,2026-09-01_0419IST,airline_direct,IndiGo
DEL,BLR,6E,IndiGo,6E 828,2026-09-30,30,economy,,,8671.0,False,14:30,ok,2026-09-01T04:19:35.472985+05:30,2026-09-01_0419IST,airline_direct,IndiGo
DEL,BLR,6E,IndiGo,6E 880,2026-09-30,30,business,,,26048.0,False,15:45,ok,2026-09-01T04:19:35.472985+05:30,2026-09-01_0419IST,airline_direct,IndiGo
DEL,BLR,6E,IndiGo,6E 880,2026-09-30,30,economy,,,8671.0,False,15:45,ok,2026-09-01T04:19:35.472985+05:30,2026-09-01_0419IST,airline_direct,IndiGo
DEL,BLR,6E,IndiGo,6E 837,2026-09-30,30,business,,,26048.0,False,17:00,ok,2026-09-01T04:19:35.472985+05:30,2026-09-01_0419IST,airline_direct,IndiGo
DEL,BLR,6E,IndiGo,6E 837,2026-09-30,30,economy,,,8671.0,False,17:00,ok,2026-09-01T04:19:35.472985+05:30,2026-09-01_0419IST,airline_direct,IndiGo
DEL,BLR,6E,IndiGo,6E 811,2026-09-30,30,business,,,26048.0,False,18:20,ok,2026-09-01T04:19:35.472985+05:30,2026-09-01_0419IST,airline_direct,IndiGo
DEL,BLR,6E,IndiGo,6E 811,2026-09-30,30,economy,,,8671.0,False,18:20,ok,2026-09-01T04:19:35.472985+05:30,2026-09-01_0419IST,airline_direct,IndiGo
DEL,BLR,6E,IndiGo,6E 861,2026-09-30,30,business,,,26048.0,False,19:30,ok,2026-09-01T04:19:35.472985+05:30,2026-09-01_0419IST,airline_direct,IndiGo
DEL,BLR,6E,IndiGo,6E 861,2026-09-30,30,economy,,,8671.0,False,19:30,ok,2026-09-01T04:19:35.472985+05:30,2026-09-01_0419IST,airline_direct,IndiGo
DEL,BLR,6E,IndiGo,6E 846,2026-09-30,30,business,,,26048.0,False,22:00,ok,2026-09-01T04:19:35.472985+05:30,2026-09-01_0419IST,airline_direct,IndiGo
DEL,BLR,6E,IndiGo,6E 846,2026-09-30,30,economy,,,9613.0,False,22:00,ok,2026-09-01T04:19:35.472985+05:30,2026-09-01_0419IST,airline_direct,IndiGo
DEL,BLR,6E,IndiGo,6E 6515,2026-09-30,30,business,,,26048.0,False,20:45,ok,2026-09-01T04:19:35.472985+05:30,2026-09-01_0419IST,airline_direct,IndiGo
DEL,BLR,6E,IndiGo,6E 6515,2026-09-30,30,economy,,,10128.0,False,20:45,ok,2026-09-01T04:19:35.472985+05:30,2026-09-01_0419IST,airline_direct,IndiGo
DEL,BLR,6E,IndiGo,6E 6190,2026-09-30,30,economy,,,9678.0,False,07:40,ok,2026-09-01T04:19:35.472985+05:30,2026-09-01_0419IST,airline_direct,IndiGo
DEL,BLR,6E,IndiGo,6E 717,2026-09-30,30,business,,,24908.0,False,17:55,ok,2026-09-01T04:19:35.472985+05:30,2026-09-01_0419IST,airline_direct,IndiGo
DEL,BLR,6E,IndiGo,6E 717,2026-09-30,30,economy,,,10587.0,False,17:55,ok,2026-09-01T04:19:35.472985+05:30,2026-09-01_0419IST,airline_direct,IndiGo
DEL,BLR,6E,IndiGo,6E 6433,2026-09-30,30,economy,,,10738.0,False,16:30,ok,2026-09-01T04:19:35.472985+05:30,2026-09-01_0419IST,airline_direct,IndiGo
DEL,BLR,6E,IndiGo,6E 5033,2026-09-30,30,economy,,,10753.0,False,15:50,ok,2026-09-01T04:19:35.472985+05:30,2026-09-01_0419IST,airline_direct,IndiGo
DEL,BLR,6E,IndiGo,6E 6384,2026-09-30,30,economy,,,10860.0,False,16:15,ok,2026-09-01T04:19:35.472985+05:30,2026-09-01_0419IST,airline_direct,IndiGo
DEL,BLR,6E,IndiGo,6E 5038,2026-09-30,30,economy,,,11010.0,False,14:00,ok,2026-09-01T04:19:35.472985+05:30,2026-09-01_0419IST,airline_direct,IndiGo
DEL,BLR,6E,IndiGo,6E 6632,2026-09-30,30,economy,,,11010.0,False,17:50,ok,2026-09-01T04:19:35.472985+05:30,2026-09-01_0419IST,airline_direct,IndiGo
DEL,BLR,6E,IndiGo,6E 6293,2026-09-30,30,business,,,25312.0,False,09:55,ok,2026-09-01T04:19:35.472985+05:30,2026-09-01_0419IST,airline_direct,IndiGo
DEL,BLR,6E,IndiGo,6E 6293,2026-09-30,30,economy,,,11201.0,False,09:55,ok,2026-09-01T04:19:35.472985+05:30,2026-09-01_0419IST,airline_direct,IndiGo
DEL,BLR,6E,IndiGo,6E 884,2026-09-30,30,business,,,26251.0,False,11:45,ok,2026-09-01T04:19:35.472985+05:30,2026-09-01_0419IST,airline_direct,IndiGo
DEL,BLR,6E,IndiGo,6E 884,2026-09-30,30,economy,,,11201.0,False,11:45,ok,2026-09-01T04:19:35.472985+05:30,2026-09-01_0419IST,airline_direct,IndiGo
DEL,BLR,6E,IndiGo,6E 6282,2026-09-30,30,business,,,29590.0,False,13:30,ok,2026-09-01T04:19:35.472985+05:30,2026-09-01_0419IST,airline_direct,IndiGo
DEL,BLR,6E,IndiGo,6E 6282,2026-09-30,30,economy,,,11201.0,False,13:30,ok,2026-09-01T04:19:35.472985+05:30,2026-09-01_0419IST,airline_direct,IndiGo
DEL,BLR,6E,IndiGo,6E 6212,2026-09-30,30,business,,,28784.0,False,14:45,ok,2026-09-01T04:19:35.472985+05:30,2026-09-01_0419IST,airline_direct,IndiGo
DEL,BLR,6E,IndiGo,6E 6212,2026-09-30,30,economy,,,11201.0,False,14:45,ok,2026-09-01T04:19:35.472985+05:30,2026-09-01_0419IST,airline_direct,IndiGo
DEL,BLR,6E,IndiGo,6E 6217,2026-09-30,30,business,,,28055.0,False,16:15,ok,2026-09-01T04:19:35.472985+05:30,2026-09-01_0419IST,airline_direct,IndiGo
DEL,BLR,6E,IndiGo,6E 6217,2026-09-30,30,economy,,,11201.0,False,16:15,ok,2026-09-01T04:19:35.472985+05:30,2026-09-01_0419IST,airline_direct,IndiGo
DEL,BLR,6E,IndiGo,6E 5119,2026-09-30,30,economy,,,11211.0,False,05:10,ok,2026-09-01T04:19:35.472985+05:30,2026-09-01_0419IST,airline_direct,IndiGo
DEL,BLR,6E,IndiGo,6E 5073,2026-09-30,30,economy,,,11211.0,False,17:05,ok,2026-09-01T04:19:35.472985+05:30,2026-09-01_0419IST,airline_direct,IndiGo
DEL,BLR,6E,IndiGo,6E 2343,2026-09-30,30,business,,,27189.0,False,02:20,ok,2026-09-01T04:19:35.472985+05:30,2026-09-01_0419IST,airline_direct,IndiGo
DEL,BLR,6E,IndiGo,6E 2343,2026-09-30,30,economy,,,11332.0,False,02:20,ok,2026-09-01T04:19:35.472985+05:30,2026-09-01_0419IST,airline_direct,IndiGo
DEL,BLR,6E,IndiGo,6E 2345,2026-09-30,30,economy,,,11332.0,False,05:55,ok,2026-09-01T04:19:35.472985+05:30,2026-09-01_0419IST,airline_direct,IndiGo
DEL,BLR,6E,IndiGo,6E 6470,2026-09-30,30,economy,,,11332.0,False,06:55,ok,2026-09-01T04:19:35.472985+05:30,2026-09-01_0419IST,airline_direct,IndiGo
DEL,BLR,6E,IndiGo,6E 320,2026-09-30,30,business,,,34636.0,False,08:00,ok,2026-09-01T04:19:35.472985+05:30,2026-09-01_0419IST,airline_direct,IndiGo
DEL,BLR,6E,IndiGo,6E 320,2026-09-30,30,economy,,,11332.0,False,08:00,ok,2026-09-01T04:19:35.472985+05:30,2026-09-01_0419IST,airline_direct,IndiGo
DEL,BLR,6E,IndiGo,6E 6022,2026-09-30,30,business,,,34636.0,False,14:00,ok,2026-09-01T04:19:35.472985+05:30,2026-09-01_0419IST,airline_direct,IndiGo
DEL,BLR,6E,IndiGo,6E 6022,2026-09-30,30,economy,,,11332.0,False,14:00,ok,2026-09-01T04:19:35.472985+05:30,2026-09-01_0419IST,airline_direct,IndiGo
DEL,BLR,6E,IndiGo,6E 2557,2026-09-30,30,economy,,,11332.0,False,15:20,ok,2026-09-01T04:19:35.472985+05:30,2026-09-01_0419IST,airline_direct,IndiGo
DEL,BLR,6E,IndiGo,6E 864,2026-09-30,30,business,,,34636.0,False,15:30,ok,2026-09-01T04:19:35.472985+05:30,2026-09-01_0419IST,airline_direct,IndiGo
DEL,BLR,6E,IndiGo,6E 864,2026-09-30,30,economy,,,11332.0,False,15:30,ok,2026-09-01T04:19:35.472985+05:30,2026-09-01_0419IST,airline_direct,IndiGo
DEL,BLR,6E,IndiGo,6E 734,2026-09-30,30,economy,,,11332.0,False,16:20,ok,2026-09-01T04:19:35.472985+05:30,2026-09-01_0419IST,airline_direct,IndiGo
DEL,BLR,6E,IndiGo,6E 6437,2026-09-30,30,business,,,27386.0,False,16:25,ok,2026-09-01T04:19:35.472985+05:30,2026-09-01_0419IST,airline_direct,IndiGo
DEL,BLR,6E,IndiGo,6E 6437,2026-09-30,30,economy,,,11332.0,False,16:25,ok,2026-09-01T04:19:35.472985+05:30,2026-09-01_0419IST,airline_direct,IndiGo
DEL,BLR,6E,IndiGo,6E 6829,2026-09-30,30,economy,,,11332.0,False,17:20,ok,2026-09-01T04:19:35.472985+05:30,2026-09-01_0419IST,airline_direct,IndiGo
DEL,BLR,6E,IndiGo,6E 329,2026-09-30,30,business,,,34636.0,False,18:00,ok,2026-09-01T04:19:35.472985+05:30,2026-09-01_0419IST,airline_direct,IndiGo
DEL,BLR,6E,IndiGo,6E 329,2026-09-30,30,economy,,,11332.0,False,18:00,ok,2026-09-01T04:19:35.472985+05:30,2026-09-01_0419IST,airline_direct,IndiGo
DEL,BLR,6E,IndiGo,6E 329,2026-09-30,30,business,,,34636.0,False,18:00,ok,2026-09-01T04:19:35.472985+05:30,2026-09-01_0419IST,airline_direct,IndiGo
DEL,BLR,6E,IndiGo,6E 329,2026-09-30,30,economy,,,11332.0,False,18:00,ok,2026-09-01T04:19:35.472985+05:30,2026-09-01_0419IST,airline_direct,IndiGo
DEL,BLR,6E,IndiGo,6E 931,2026-09-30,30,economy,,,11332.0,False,19:35,ok,2026-09-01T04:19:35.472985+05:30,2026-09-01_0419IST,airline_direct,IndiGo
DEL,BLR,6E,IndiGo,6E 940,2026-09-30,30,economy,,,11411.0,False,09:15,ok,2026-09-01T04:19:35.472985+05:30,2026-09-01_0419IST,airline_direct,IndiGo
DEL,BLR,6E,IndiGo,6E 434,2026-09-30,30,economy,,,11411.0,False,11:00,ok,2026-09-01T04:19:35.472985+05:30,2026-09-01_0419IST,airline_direct,IndiGo
DEL,BLR,6E,IndiGo,6E 358,2026-09-30,30,business,,,34722.0,False,12:15,ok,2026-09-01T04:19:35.472985+05:30,2026-09-01_0419IST,airline_direct,IndiGo
DEL,BLR,6E,IndiGo,6E 358,2026-09-30,30,economy,,,11411.0,False,12:15,ok,2026-09-01T04:19:35.472985+05:30,2026-09-01_0419IST,airline_direct,IndiGo
DEL,BLR,6E,IndiGo,6E 6091,2026-09-30,30,economy,,,11411.0,False,15:15,ok,2026-09-01T04:19:35.472985+05:30,2026-09-01_0419IST,airline_direct,IndiGo
DEL,BLR,6E,IndiGo,6E 2151,2026-09-30,30,economy,,,11411.0,False,19:45,ok,2026-09-01T04:19:35.472985+05:30,2026-09-01_0419IST,airline_direct,IndiGo
DEL,BLR,6E,IndiGo,6E 6497,2026-09-30,30,economy,,,11542.0,False,18:40,ok,2026-09-01T04:19:35.472985+05:30,2026-09-01_0419IST,airline_direct,IndiGo
DEL,BLR,6E,IndiGo,6E 853,2026-09-30,30,business,,,34636.0,False,20:45,ok,2026-09-01T04:19:35.472985+05:30,2026-09-01_0419IST,airline_direct,IndiGo
DEL,BLR,6E,IndiGo,6E 853,2026-09-30,30,economy,,,11562.0,False,20:45,ok,2026-09-01T04:19:35.472985+05:30,2026-09-01_0419IST,airline_direct,IndiGo
DEL,BLR,6E,IndiGo,6E 5001,2026-09-30,30,economy,,,11568.0,False,17:10,ok,2026-09-01T04:19:35.472985+05:30,2026-09-01_0419IST,airline_direct,IndiGo
DEL,BLR,6E,IndiGo,6E 6673,2026-09-30,30,business,,,26644.0,False,21:15,ok,2026-09-01T04:19:35.472985+05:30,2026-09-01_0419IST,airline_direct,IndiGo
DEL,BLR,6E,IndiGo,6E 6673,2026-09-30,30,economy,,,11610.0,False,21:15,ok,2026-09-01T04:19:35.472985+05:30,2026-09-01_0419IST,airline_direct,IndiGo
DEL,BLR,6E,IndiGo,6E 5191,2026-09-30,30,business,,,32898.0,False,05:00,ok,2026-09-01T04:19:35.472985+05:30,2026-09-01_0419IST,airline_direct,IndiGo
DEL,BLR,6E,IndiGo,6E 5191,2026-09-30,30,economy,,,11752.0,False,05:00,ok,2026-09-01T04:19:35.472985+05:30,2026-09-01_0419IST,airline_direct,IndiGo
DEL,BLR,6E,IndiGo,6E 513,2026-09-30,30,business,,,29157.0,False,08:30,ok,2026-09-01T04:19:35.472985+05:30,2026-09-01_0419IST,airline_direct,IndiGo
DEL,BLR,6E,IndiGo,6E 513,2026-09-30,30,economy,,,11752.0,False,08:30,ok,2026-09-01T04:19:35.472985+05:30,2026-09-01_0419IST,airline_direct,IndiGo
DEL,BLR,6E,IndiGo,6E 6179,2026-09-30,30,economy,,,11993.0,False,18:30,ok,2026-09-01T04:19:35.472985+05:30,2026-09-01_0419IST,airline_direct,IndiGo
DEL,BLR,6E,IndiGo,6E 2618,2026-09-30,30,business,,,28035.0,False,23:00,ok,2026-09-01T04:19:35.472985+05:30,2026-09-01_0419IST,airline_direct,IndiGo
DEL,BLR,6E,IndiGo,6E 2618,2026-09-30,30,economy,,,12092.0,False,23:00,ok,2026-09-01T04:19:35.472985+05:30,2026-09-01_0419IST,airline_direct,IndiGo
DEL,BLR,6E,IndiGo,6E 950,2026-09-30,30,economy,,,12982.0,False,18:15,ok,2026-09-01T04:19:35.472985+05:30,2026-09-01_0419IST,airline_direct,IndiGo
DEL,BLR,6E,IndiGo,6E 947,2026-09-30,30,economy,,,14982.0,False,16:40,ok,2026-09-01T04:19:35.472985+05:30,2026-09-01_0419IST,airline_direct,IndiGo
DEL,BLR,6E,IndiGo,6E 2364,2026-09-30,30,economy,,,17278.0,False,04:50,ok,2026-09-01T04:19:35.472985+05:30,2026-09-01_0419IST,airline_direct,IndiGo
DEL,BLR,6E,IndiGo,6E 2277,2026-09-30,30,business,,,35548.0,False,10:25,ok,2026-09-01T04:19:35.472985+05:30,2026-09-01_0419IST,airline_direct,IndiGo
DEL,BLR,6E,IndiGo,6E 2277,2026-09-30,30,economy,,,25699.0,False,10:25,ok,2026-09-01T04:19:35.472985+05:30,2026-09-01_0419IST,airline_direct,IndiGo
BOM,BLR,6E,IndiGo,6E 5323,2026-09-30,30,business,,,18948.0,False,01:10,ok,2026-09-01T04:20:47.670003+05:30,2026-09-01_0420IST,airline_direct,IndiGo
BOM,BLR,6E,IndiGo,6E 5323,2026-09-30,30,economy,,,5091.0,False,01:10,ok,2026-09-01T04:20:47.670003+05:30,2026-09-01_0420IST,airline_direct,IndiGo
BOM,BLR,6E,IndiGo,6E 5294,2026-09-30,30,business,,,18948.0,False,04:30,ok,2026-09-01T04:20:47.670003+05:30,2026-09-01_0420IST,airline_direct,IndiGo
BOM,BLR,6E,IndiGo,6E 5294,2026-09-30,30,economy,,,5091.0,False,04:30,ok,2026-09-01T04:20:47.670003+05:30,2026-09-01_0420IST,airline_direct,IndiGo
BOM,BLR,6E,IndiGo,6E 5296,2026-09-30,30,business,,,18948.0,False,06:30,ok,2026-09-01T04:20:47.670003+05:30,2026-09-01_0420IST,airline_direct,IndiGo
BOM,BLR,6E,IndiGo,6E 5296,2026-09-30,30,economy,,,6747.0,False,06:30,ok,2026-09-01T04:20:47.670003+05:30,2026-09-01_0420IST,airline_direct,IndiGo
BOM,BLR,6E,IndiGo,6E 5193,2026-09-30,30,economy,,,6747.0,False,08:05,ok,2026-09-01T04:20:47.670003+05:30,2026-09-01_0420IST,airline_direct,IndiGo
BOM,BLR,6E,IndiGo,6E 5092,2026-09-30,30,business,,,18948.0,False,09:50,ok,2026-09-01T04:20:47.670003+05:30,2026-09-01_0420IST,airline_direct,IndiGo
BOM,BLR,6E,IndiGo,6E 5092,2026-09-30,30,economy,,,6747.0,False,09:50,ok,2026-09-01T04:20:47.670003+05:30,2026-09-01_0420IST,airline_direct,IndiGo
BOM,BLR,6E,IndiGo,6E 5217,2026-09-30,30,business,,,18948.0,False,11:00,ok,2026-09-01T04:20:47.670003+05:30,2026-09-01_0420IST,airline_direct,IndiGo
BOM,BLR,6E,IndiGo,6E 5217,2026-09-30,30,economy,,,6747.0,False,11:00,ok,2026-09-01T04:20:47.670003+05:30,2026-09-01_0420IST,airline_direct,IndiGo
BOM,BLR,6E,IndiGo,6E 5184,2026-09-30,30,business,,,18948.0,False,12:30,ok,2026-09-01T04:20:47.670003+05:30,2026-09-01_0420IST,airline_direct,IndiGo
BOM,BLR,6E,IndiGo,6E 5184,2026-09-30,30,economy,,,6747.0,False,12:30,ok,2026-09-01T04:20:47.670003+05:30,2026-09-01_0420IST,airline_direct,IndiGo
BOM,BLR,6E,IndiGo,6E 5382,2026-09-30,30,business,,,18948.0,False,14:30,ok,2026-09-01T04:20:47.670003+05:30,2026-09-01_0420IST,airline_direct,IndiGo
BOM,BLR,6E,IndiGo,6E 5382,2026-09-30,30,economy,,,6747.0,False,14:30,ok,2026-09-01T04:20:47.670003+05:30,2026-09-01_0420IST,airline_direct,IndiGo
BOM,BLR,6E,IndiGo,6E 5071,2026-09-30,30,business,,,18948.0,False,15:35,ok,2026-09-01T04:20:47.670003+05:30,2026-09-01_0420IST,airline_direct,IndiGo
BOM,BLR,6E,IndiGo,6E 5071,2026-09-30,30,economy,,,6747.0,False,15:35,ok,2026-09-01T04:20:47.670003+05:30,2026-09-01_0420IST,airline_direct,IndiGo
BOM,BLR,6E,IndiGo,6E 5221,2026-09-30,30,business,,,18948.0,False,17:00,ok,2026-09-01T04:20:47.670003+05:30,2026-09-01_0420IST,airline_direct,IndiGo
BOM,BLR,6E,IndiGo,6E 5221,2026-09-30,30,economy,,,6747.0,False,17:00,ok,2026-09-01T04:20:47.670003+05:30,2026-09-01_0420IST,airline_direct,IndiGo
BOM,BLR,6E,IndiGo,6E 5047,2026-09-30,30,business,,,18948.0,False,18:30,ok,2026-09-01T04:20:47.670003+05:30,2026-09-01_0420IST,airline_direct,IndiGo
BOM,BLR,6E,IndiGo,6E 5047,2026-09-30,30,economy,,,6747.0,False,18:30,ok,2026-09-01T04:20:47.670003+05:30,2026-09-01_0420IST,airline_direct,IndiGo
BOM,BLR,6E,IndiGo,6E 5032,2026-09-30,30,business,,,18948.0,False,19:55,ok,2026-09-01T04:20:47.670003+05:30,2026-09-01_0420IST,airline_direct,IndiGo
BOM,BLR,6E,IndiGo,6E 5032,2026-09-30,30,economy,,,6747.0,False,19:55,ok,2026-09-01T04:20:47.670003+05:30,2026-09-01_0420IST,airline_direct,IndiGo
BOM,BLR,6E,IndiGo,6E 6188,2026-09-30,30,business,,,18948.0,False,21:30,ok,2026-09-01T04:20:47.670003+05:30,2026-09-01_0420IST,airline_direct,IndiGo
BOM,BLR,6E,IndiGo,6E 6188,2026-09-30,30,economy,,,6747.0,False,21:30,ok,2026-09-01T04:20:47.670003+05:30,2026-09-01_0420IST,airline_direct,IndiGo
BOM,BLR,6E,IndiGo,6E 5388,2026-09-30,30,business,,,18948.0,False,22:20,ok,2026-09-01T04:20:47.670003+05:30,2026-09-01_0420IST,airline_direct,IndiGo
BOM,BLR,6E,IndiGo,6E 5388,2026-09-30,30,economy,,,6747.0,False,22:20,ok,2026-09-01T04:20:47.670003+05:30,2026-09-01_0420IST,airline_direct,IndiGo
BOM,BLR,6E,IndiGo,6E 5196,2026-09-30,30,economy,,,6635.0,False,15:25,ok,2026-09-01T04:20:47.670003+05:30,2026-09-01_0420IST,airline_direct,IndiGo
BOM,BLR,6E,IndiGo,6E 5048,2026-09-30,30,economy,,,6635.0,False,17:25,ok,2026-09-01T04:20:47.670003+05:30,2026-09-01_0420IST,airline_direct,IndiGo
BOM,BLR,6E,IndiGo,6E 5152,2026-09-30,30,economy,,,6635.0,False,23:10,ok,2026-09-01T04:20:47.670003+05:30,2026-09-01_0420IST,airline_direct,IndiGo
BOM,BLR,6E,IndiGo,6E 6349,2026-09-30,30,economy,,,7670.0,False,11:40,ok,2026-09-01T04:20:47.670003+05:30,2026-09-01_0420IST,airline_direct,IndiGo
BOM,BLR,6E,IndiGo,6E 673,2026-09-30,30,economy,,,7670.0,False,12:30,ok,2026-09-01T04:20:47.670003+05:30,2026-09-01_0420IST,airline_direct,IndiGo
BOM,BLR,6E,IndiGo,6E 5178,2026-09-30,30,business,,,20441.0,False,11:45,ok,2026-09-01T04:20:47.670003+05:30,2026-09-01_0420IST,airline_direct,IndiGo
BOM,BLR,6E,IndiGo,6E 5178,2026-09-30,30,economy,,,8057.0,False,11:45,ok,2026-09-01T04:20:47.670003+05:30,2026-09-01_0420IST,airline_direct,IndiGo
BOM,BLR,6E,IndiGo,6E 5082,2026-09-30,30,economy,,,8149.0,False,18:05,ok,2026-09-01T04:20:47.670003+05:30,2026-09-01_0420IST,airline_direct,IndiGo
BOM,BLR,6E,IndiGo,6E 5123,2026-09-30,30,economy,,,8188.0,False,14:40,ok,2026-09-01T04:20:47.670003+05:30,2026-09-01_0420IST,airline_direct,IndiGo
BOM,BLR,6E,IndiGo,6E 6802,2026-09-30,30,economy,,,8188.0,False,16:55,ok,2026-09-01T04:20:47.670003+05:30,2026-09-01_0420IST,airline_direct,IndiGo
BOM,BLR,6E,IndiGo,6E 632,2026-09-30,30,economy,,,8267.0,False,04:00,ok,2026-09-01T04:20:47.670003+05:30,2026-09-01_0420IST,airline_direct,IndiGo
BOM,BLR,6E,IndiGo,6E 5188,2026-09-30,30,economy,,,8267.0,False,06:15,ok,2026-09-01T04:20:47.670003+05:30,2026-09-01_0420IST,airline_direct,IndiGo
BOM,BLR,6E,IndiGo,6E 5109,2026-09-30,30,economy,,,8267.0,False,09:35,ok,2026-09-01T04:20:47.670003+05:30,2026-09-01_0420IST,airline_direct,IndiGo
BOM,BLR,6E,IndiGo,6E 5313,2026-09-30,30,economy,,,8267.0,False,09:50,ok,2026-09-01T04:20:47.670003+05:30,2026-09-01_0420IST,airline_direct,IndiGo
BOM,BLR,6E,IndiGo,6E 5313,2026-09-30,30,economy,,,8267.0,False,09:50,ok,2026-09-01T04:20:47.670003+05:30,2026-09-01_0420IST,airline_direct,IndiGo
BOM,BLR,6E,IndiGo,6E 6349,2026-09-30,30,economy,,,8267.0,False,11:40,ok,2026-09-01T04:20:47.670003+05:30,2026-09-01_0420IST,airline_direct,IndiGo
BOM,BLR,6E,IndiGo,6E 673,2026-09-30,30,economy,,,8267.0,False,12:30,ok,2026-09-01T04:20:47.670003+05:30,2026-09-01_0420IST,airline_direct,IndiGo
BOM,BLR,6E,IndiGo,6E 5337,2026-09-30,30,economy,,,8267.0,False,13:45,ok,2026-09-01T04:20:47.670003+05:30,2026-09-01_0420IST,airline_direct,IndiGo
BOM,BLR,6E,IndiGo,6E 5201,2026-09-30,30,economy,,,8267.0,False,14:55,ok,2026-09-01T04:20:47.670003+05:30,2026-09-01_0420IST,airline_direct,IndiGo
BOM,BLR,6E,IndiGo,6E 5196,2026-09-30,30,economy,,,8267.0,False,15:25,ok,2026-09-01T04:20:47.670003+05:30,2026-09-01_0420IST,airline_direct,IndiGo
BOM,BLR,6E,IndiGo,6E 240,2026-09-30,30,economy,,,8267.0,False,15:45,ok,2026-09-01T04:20:47.670003+05:30,2026-09-01_0420IST,airline_direct,IndiGo
BOM,BLR,6E,IndiGo,6E 437,2026-09-30,30,economy,,,8267.0,False,17:10,ok,2026-09-01T04:20:47.670003+05:30,2026-09-01_0420IST,airline_direct,IndiGo
BOM,BLR,6E,IndiGo,6E 2237,2026-09-30,30,economy,,,8267.0,False,18:40,ok,2026-09-01T04:20:47.670003+05:30,2026-09-01_0420IST,airline_direct,IndiGo
BOM,BLR,6E,IndiGo,6E 2011,2026-09-30,30,economy,,,8323.0,False,13:35,ok,2026-09-01T04:20:47.670003+05:30,2026-09-01_0420IST,airline_direct,IndiGo
BOM,BLR,6E,IndiGo,6E 6599,2026-09-30,30,economy,,,8398.0,False,16:50,ok,2026-09-01T04:20:47.670003+05:30,2026-09-01_0420IST,airline_direct,IndiGo
BOM,BLR,6E,IndiGo,6E 5241,2026-09-30,30,economy,,,8580.0,False,16:40,ok,2026-09-01T04:20:47.670003+05:30,2026-09-01_0420IST,airline_direct,IndiGo
BOM,BLR,6E,IndiGo,6E 5386,2026-09-30,30,business,,,20036.0,False,15:10,ok,2026-09-01T04:20:47.670003+05:30,2026-09-01_0420IST,airline_direct,IndiGo
BOM,BLR,6E,IndiGo,6E 5386,2026-09-30,30,economy,,,8712.0,False,15:10,ok,2026-09-01T04:20:47.670003+05:30,2026-09-01_0420IST,airline_direct,IndiGo
BOM,BLR,6E,IndiGo,6E 5228,2026-09-30,30,business,,,23183.0,False,16:45,ok,2026-09-01T04:20:47.670003+05:30,2026-09-01_0420IST,airline_direct,IndiGo
BOM,BLR,6E,IndiGo,6E 5228,2026-09-30,30,economy,,,8712.0,False,16:45,ok,2026-09-01T04:20:47.670003+05:30,2026-09-01_0420IST,airline_direct,IndiGo
BOM,BLR,6E,IndiGo,6E 5228,2026-09-30,30,business,,,20036.0,False,16:45,ok,2026-09-01T04:20:47.670003+05:30,2026-09-01_0420IST,airline_direct,IndiGo
BOM,BLR,6E,IndiGo,6E 5228,2026-09-30,30,economy,,,8712.0,False,16:45,ok,2026-09-01T04:20:47.670003+05:30,2026-09-01_0420IST,airline_direct,IndiGo
BOM,BLR,6E,IndiGo,6E 261,2026-09-30,30,economy,,,9301.0,False,11:20,ok,2026-09-01T04:20:47.670003+05:30,2026-09-01_0420IST,airline_direct,IndiGo
BOM,BLR,6E,IndiGo,6E 230,2026-09-30,30,economy,,,9301.0,False,13:55,ok,2026-09-01T04:20:47.670003+05:30,2026-09-01_0420IST,airline_direct,IndiGo
BOM,BLR,6E,IndiGo,6E 230,2026-09-30,30,economy,,,9301.0,False,13:55,ok,2026-09-01T04:20:47.670003+05:30,2026-09-01_0420IST,airline_direct,IndiGo
BOM,BLR,6E,IndiGo,6E 5107,2026-09-30,30,economy,,,9642.0,False,20:00,ok,2026-09-01T04:20:47.670003+05:30,2026-09-01_0420IST,airline_direct,IndiGo
BOM,BLR,6E,IndiGo,6E 6674,2026-09-30,30,economy,,,9679.0,False,09:05,ok,2026-09-01T04:20:47.670003+05:30,2026-09-01_0420IST,airline_direct,IndiGo
BOM,BLR,6E,IndiGo,6E 6361,2026-09-30,30,economy,,,10078.0,False,05:00,ok,2026-09-01T04:20:47.670003+05:30,2026-09-01_0420IST,airline_direct,IndiGo
BOM,BLR,6E,IndiGo,6E 5241,2026-09-30,30,economy,,,10658.0,False,16:40,ok,2026-09-01T04:20:47.670003+05:30,2026-09-01_0420IST,airline_direct,IndiGo
BOM,BLR,6E,IndiGo,6E 5178,2026-09-30,30,business,,,21379.0,False,11:45,ok,2026-09-01T04:20:47.670003+05:30,2026-09-01_0420IST,airline_direct,IndiGo
BOM,BLR,6E,IndiGo,6E 5178,2026-09-30,30,economy,,,10867.0,False,11:45,ok,2026-09-01T04:20:47.670003+05:30,2026-09-01_0420IST,airline_direct,IndiGo
BOM,BLR,6E,IndiGo,6E 5126,2026-09-30,30,economy,,,11304.0,False,18:15,ok,2026-09-01T04:20:47.670003+05:30,2026-09-01_0420IST,airline_direct,IndiGo
BOM,BLR,6E,IndiGo,6E 230,2026-09-30,30,economy,,,11981.0,False,13:55,ok,2026-09-01T04:20:47.670003+05:30,2026-09-01_0420IST,airline_direct,IndiGo
BOM,BLR,6E,IndiGo,6E 5318,2026-09-30,30,business,,,20441.0,False,10:15,ok,2026-09-01T04:20:47.670003+05:30,2026-09-01_0420IST,airline_direct,IndiGo
BOM,BLR,6E,IndiGo,6E 5318,2026-09-30,30,economy,,,12069.0,False,10:15,ok,2026-09-01T04:20:47.670003+05:30,2026-09-01_0420IST,airline_direct,IndiGo
BOM,BLR,6E,IndiGo,6E 5386,2026-09-30,30,business,,,23183.0,False,15:10,ok,2026-09-01T04:20:47.670003+05:30,2026-09-01_0420IST,airline_direct,IndiGo
BOM,BLR,6E,IndiGo,6E 5386,2026-09-30,30,economy,,,12473.0,False,15:10,ok,2026-09-01T04:20:47.670003+05:30,2026-09-01_0420IST,airline_direct,IndiGo
BOM,BLR,6E,IndiGo,6E 5318,2026-09-30,30,business,,,21379.0,False,10:15,ok,2026-09-01T04:20:47.670003+05:30,2026-09-01_0420IST,airline_direct,IndiGo
BOM,BLR,6E,IndiGo,6E 5318,2026-09-30,30,economy,,,12903.0,False,10:15,ok,2026-09-01T04:20:47.670003+05:30,2026-09-01_0420IST,airline_direct,IndiGo
BOM,BLR,6E,IndiGo,6E 5178,2026-09-30,30,business,,,23913.0,False,11:45,ok,2026-09-01T04:20:47.670003+05:30,2026-09-01_0420IST,airline_direct,IndiGo
BOM,BLR,6E,IndiGo,6E 5178,2026-09-30,30,economy,,,13122.0,False,11:45,ok,2026-09-01T04:20:47.670003+05:30,2026-09-01_0420IST,airline_direct,IndiGo
BOM,BLR,6E,IndiGo,6E 5386,2026-09-30,30,business,,,23913.0,False,15:10,ok,2026-09-01T04:20:47.670003+05:30,2026-09-01_0420IST,airline_direct,IndiGo
BOM,BLR,6E,IndiGo,6E 5386,2026-09-30,30,economy,,,13122.0,False,15:10,ok,2026-09-01T04:20:47.670003+05:30,2026-09-01_0420IST,airline_direct,IndiGo
BOM,BLR,6E,IndiGo,6E 6057,2026-09-30,30,economy,,,13606.0,False,09:15,ok,2026-09-01T04:20:47.670003+05:30,2026-09-01_0420IST,airline_direct,IndiGo
BOM,BLR,6E,IndiGo,6E 5178,2026-09-30,30,business,,,24718.0,False,11:45,ok,2026-09-01T04:20:47.670003+05:30,2026-09-01_0420IST,airline_direct,IndiGo
BOM,BLR,6E,IndiGo,6E 5178,2026-09-30,30,economy,,,13839.0,False,11:45,ok,2026-09-01T04:20:47.670003+05:30,2026-09-01_0420IST,airline_direct,IndiGo
BOM,BLR,6E,IndiGo,6E 5386,2026-09-30,30,business,,,24718.0,False,15:10,ok,2026-09-01T04:20:47.670003+05:30,2026-09-01_0420IST,airline_direct,IndiGo
BOM,BLR,6E,IndiGo,6E 5386,2026-09-30,30,economy,,,13839.0,False,15:10,ok,2026-09-01T04:20:47.670003+05:30,2026-09-01_0420IST,airline_direct,IndiGo
BOM,BLR,6E,IndiGo,6E 261,2026-09-30,30,economy,,,14042.0,False,11:20,ok,2026-09-01T04:20:47.670003+05:30,2026-09-01_0420IST,airline_direct,IndiGo
BOM,BLR,6E,IndiGo,6E 6701,2026-09-30,30,economy,,,20363.0,False,05:35,ok,2026-09-01T04:20:47.670003+05:30,2026-09-01_0420IST,airline_direct,IndiGo
BOM,BLR,6E,IndiGo,6E 6701,2026-09-30,30,economy,,,26503.0,False,05:35,ok,2026-09-01T04:20:47.670003+05:30,2026-09-01_0420IST,airline_direct,IndiGo
DEL,CCU,6E,IndiGo,6E 340,2026-09-30,30,business,,,22600.0,False,07:20,ok,2026-09-01T04:21:58.392847+05:30,2026-09-01_0421IST,airline_direct,IndiGo
DEL,CCU,6E,IndiGo,6E 340,2026-09-30,30,economy,,,8200.0,False,07:20,ok,2026-09-01T04:21:58.392847+05:30,2026-09-01_0421IST,airline_direct,IndiGo
DEL,CCU,6E,IndiGo,6E 513,2026-09-30,30,business,,,22600.0,False,08:30,ok,2026-09-01T04:21:58.392847+05:30,2026-09-01_0421IST,airline_direct,IndiGo
DEL,CCU,6E,IndiGo,6E 513,2026-09-30,30,economy,,,8200.0,False,08:30,ok,2026-09-01T04:21:58.392847+05:30,2026-09-01_0421IST,airline_direct,IndiGo
DEL,CCU,6E,IndiGo,6E 894,2026-09-30,30,business,,,22600.0,False,10:15,ok,2026-09-01T04:21:58.392847+05:30,2026-09-01_0421IST,airline_direct,IndiGo
DEL,CCU,6E,IndiGo,6E 894,2026-09-30,30,economy,,,8200.0,False,10:15,ok,2026-09-01T04:21:58.392847+05:30,2026-09-01_0421IST,airline_direct,IndiGo
DEL,CCU,6E,IndiGo,6E 897,2026-09-30,30,business,,,22600.0,False,12:45,ok,2026-09-01T04:21:58.392847+05:30,2026-09-01_0421IST,airline_direct,IndiGo
DEL,CCU,6E,IndiGo,6E 897,2026-09-30,30,economy,,,8200.0,False,12:45,ok,2026-09-01T04:21:58.392847+05:30,2026-09-01_0421IST,airline_direct,IndiGo
DEL,CCU,6E,IndiGo,6E 910,2026-09-30,30,business,,,22600.0,False,14:25,ok,2026-09-01T04:21:58.392847+05:30,2026-09-01_0421IST,airline_direct,IndiGo
DEL,CCU,6E,IndiGo,6E 910,2026-09-30,30,economy,,,8200.0,False,14:25,ok,2026-09-01T04:21:58.392847+05:30,2026-09-01_0421IST,airline_direct,IndiGo
DEL,CCU,6E,IndiGo,6E 6415,2026-09-30,30,business,,,22600.0,False,16:00,ok,2026-09-01T04:21:58.392847+05:30,2026-09-01_0421IST,airline_direct,IndiGo
DEL,CCU,6E,IndiGo,6E 6415,2026-09-30,30,economy,,,8200.0,False,16:00,ok,2026-09-01T04:21:58.392847+05:30,2026-09-01_0421IST,airline_direct,IndiGo
DEL,CCU,6E,IndiGo,6E 2276,2026-09-30,30,business,,,22600.0,False,17:55,ok,2026-09-01T04:21:58.392847+05:30,2026-09-01_0421IST,airline_direct,IndiGo
DEL,CCU,6E,IndiGo,6E 2276,2026-09-30,30,economy,,,8200.0,False,17:55,ok,2026-09-01T04:21:58.392847+05:30,2026-09-01_0421IST,airline_direct,IndiGo
DEL,CCU,6E,IndiGo,6E 389,2026-09-30,30,business,,,22600.0,False,21:50,ok,2026-09-01T04:21:58.392847+05:30,2026-09-01_0421IST,airline_direct,IndiGo
DEL,CCU,6E,IndiGo,6E 389,2026-09-30,30,economy,,,8200.0,False,21:50,ok,2026-09-01T04:21:58.392847+05:30,2026-09-01_0421IST,airline_direct,IndiGo
DEL,CCU,6E,IndiGo,6E 247,2026-09-30,30,business,,,22600.0,False,23:30,ok,2026-09-01T04:21:58.392847+05:30,2026-09-01_0421IST,airline_direct,IndiGo
DEL,CCU,6E,IndiGo,6E 247,2026-09-30,30,economy,,,8463.0,False,23:30,ok,2026-09-01T04:21:58.392847+05:30,2026-09-01_0421IST,airline_direct,IndiGo
DEL,CCU,6E,IndiGo,6E 5191,2026-09-30,30,business,,,27001.0,False,05:00,ok,2026-09-01T04:21:58.392847+05:30,2026-09-01_0421IST,airline_direct,IndiGo
DEL,CCU,6E,IndiGo,6E 5191,2026-09-30,30,economy,,,8778.0,False,05:00,ok,2026-09-01T04:21:58.392847+05:30,2026-09-01_0421IST,airline_direct,IndiGo
DEL,CCU,6E,IndiGo,6E 6517,2026-09-30,30,business,,,22600.0,False,19:30,ok,2026-09-01T04:21:58.392847+05:30,2026-09-01_0421IST,airline_direct,IndiGo
DEL,CCU,6E,IndiGo,6E 6517,2026-09-30,30,economy,,,9250.0,False,19:30,ok,2026-09-01T04:21:58.392847+05:30,2026-09-01_0421IST,airline_direct,IndiGo
DEL,CCU,6E,IndiGo,6E 6503,2026-09-30,30,economy,,,7417.0,False,13:25,ok,2026-09-01T04:21:58.392847+05:30,2026-09-01_0421IST,airline_direct,IndiGo
DEL,CCU,6E,IndiGo,6E 203,2026-09-30,30,business,,,27965.0,False,07:10,ok,2026-09-01T04:21:58.392847+05:30,2026-09-01_0421IST,airline_direct,IndiGo
DEL,CCU,6E,IndiGo,6E 203,2026-09-30,30,economy,,,7443.0,False,07:10,ok,2026-09-01T04:21:58.392847+05:30,2026-09-01_0421IST,airline_direct,IndiGo
DEL,CCU,6E,IndiGo,6E 203,2026-09-30,30,business,,,27965.0,False,07:10,ok,2026-09-01T04:21:58.392847+05:30,2026-09-01_0421IST,airline_direct,IndiGo
DEL,CCU,6E,IndiGo,6E 203,2026-09-30,30,economy,,,7443.0,False,07:10,ok,2026-09-01T04:21:58.392847+05:30,2026-09-01_0421IST,airline_direct,IndiGo
DEL,CCU,6E,IndiGo,6E 705,2026-09-30,30,business,,,27965.0,False,08:30,ok,2026-09-01T04:21:58.392847+05:30,2026-09-01_0421IST,airline_direct,IndiGo
DEL,CCU,6E,IndiGo,6E 705,2026-09-30,30,economy,,,7443.0,False,08:30,ok,2026-09-01T04:21:58.392847+05:30,2026-09-01_0421IST,airline_direct,IndiGo
DEL,CCU,6E,IndiGo,6E 705,2026-09-30,30,business,,,27965.0,False,08:30,ok,2026-09-01T04:21:58.392847+05:30,2026-09-01_0421IST,airline_direct,IndiGo
DEL,CCU,6E,IndiGo,6E 705,2026-09-30,30,economy,,,7443.0,False,08:30,ok,2026-09-01T04:21:58.392847+05:30,2026-09-01_0421IST,airline_direct,IndiGo
DEL,CCU,6E,IndiGo,6E 6293,2026-09-30,30,business,,,27965.0,False,09:55,ok,2026-09-01T04:21:58.392847+05:30,2026-09-01_0421IST,airline_direct,IndiGo
DEL,CCU,6E,IndiGo,6E 6293,2026-09-30,30,economy,,,7443.0,False,09:55,ok,2026-09-01T04:21:58.392847+05:30,2026-09-01_0421IST,airline_direct,IndiGo
DEL,CCU,6E,IndiGo,6E 884,2026-09-30,30,business,,,27965.0,False,11:45,ok,2026-09-01T04:21:58.392847+05:30,2026-09-01_0421IST,airline_direct,IndiGo
DEL,CCU,6E,IndiGo,6E 884,2026-09-30,30,economy,,,7443.0,False,11:45,ok,2026-09-01T04:21:58.392847+05:30,2026-09-01_0421IST,airline_direct,IndiGo
DEL,CCU,6E,IndiGo,6E 6282,2026-09-30,30,business,,,27965.0,False,13:30,ok,2026-09-01T04:21:58.392847+05:30,2026-09-01_0421IST,airline_direct,IndiGo
DEL,CCU,6E,IndiGo,6E 6282,2026-09-30,30,economy,,,7443.0,False,13:30,ok,2026-09-01T04:21:58.392847+05:30,2026-09-01_0421IST,airline_direct,IndiGo
DEL,CCU,6E,IndiGo,6E 6282,2026-09-30,30,business,,,27611.0,False,13:30,ok,2026-09-01T04:21:58.392847+05:30,2026-09-01_0421IST,airline_direct,IndiGo
DEL,CCU,6E,IndiGo,6E 6282,2026-09-30,30,economy,,,7443.0,False,13:30,ok,2026-09-01T04:21:58.392847+05:30,2026-09-01_0421IST,airline_direct,IndiGo
DEL,CCU,6E,IndiGo,6E 6212,2026-09-30,30,business,,,27611.0,False,14:45,ok,2026-09-01T04:21:58.392847+05:30,2026-09-01_0421IST,airline_direct,IndiGo
DEL,CCU,6E,IndiGo,6E 6212,2026-09-30,30,economy,,,7443.0,False,14:45,ok,2026-09-01T04:21:58.392847+05:30,2026-09-01_0421IST,airline_direct,IndiGo
DEL,CCU,6E,IndiGo,6E 2341,2026-09-30,30,economy,,,7443.0,False,14:50,ok,2026-09-01T04:21:58.392847+05:30,2026-09-01_0421IST,airline_direct,IndiGo
DEL,CCU,6E,IndiGo,6E 6217,2026-09-30,30,business,,,27611.0,False,16:15,ok,2026-09-01T04:21:58.392847+05:30,2026-09-01_0421IST,airline_direct,IndiGo
DEL,CCU,6E,IndiGo,6E 6217,2026-09-30,30,economy,,,7443.0,False,16:15,ok,2026-09-01T04:21:58.392847+05:30,2026-09-01_0421IST,airline_direct,IndiGo
DEL,CCU,6E,IndiGo,6E 5073,2026-09-30,30,economy,,,7443.0,False,17:05,ok,2026-09-01T04:21:58.392847+05:30,2026-09-01_0421IST,airline_direct,IndiGo
DEL,CCU,6E,IndiGo,6E 717,2026-09-30,30,business,,,27611.0,False,17:55,ok,2026-09-01T04:21:58.392847+05:30,2026-09-01_0421IST,airline_direct,IndiGo
DEL,CCU,6E,IndiGo,6E 717,2026-09-30,30,economy,,,7443.0,False,17:55,ok,2026-09-01T04:21:58.392847+05:30,2026-09-01_0421IST,airline_direct,IndiGo
DEL,CCU,6E,IndiGo,6E 6245,2026-09-30,30,economy,,,7451.0,False,06:20,ok,2026-09-01T04:21:58.392847+05:30,2026-09-01_0421IST,airline_direct,IndiGo
DEL,CCU,6E,IndiGo,6E 2453,2026-09-30,30,economy,,,7451.0,False,13:35,ok,2026-09-01T04:21:58.392847+05:30,2026-09-01_0421IST,airline_direct,IndiGo
DEL,CCU,6E,IndiGo,6E 6236,2026-09-30,30,economy,,,7451.0,False,16:20,ok,2026-09-01T04:21:58.392847+05:30,2026-09-01_0421IST,airline_direct,IndiGo
DEL,CCU,6E,IndiGo,6E 6371,2026-09-30,30,economy,,,7548.0,False,06:20,ok,2026-09-01T04:21:58.392847+05:30,2026-09-01_0421IST,airline_direct,IndiGo
DEL,CCU,6E,IndiGo,6E 6551,2026-09-30,30,economy,,,7548.0,False,12:00,ok,2026-09-01T04:21:58.392847+05:30,2026-09-01_0421IST,airline_direct,IndiGo
DEL,CCU,6E,IndiGo,6E 5036,2026-09-30,30,economy,,,7583.0,False,08:00,ok,2026-09-01T04:21:58.392847+05:30,2026-09-01_0421IST,airline_direct,IndiGo
DEL,CCU,6E,IndiGo,6E 6312,2026-09-30,30,economy,,,7583.0,False,14:25,ok,2026-09-01T04:21:58.392847+05:30,2026-09-01_0421IST,airline_direct,IndiGo
DEL,CCU,6E,IndiGo,6E 2361,2026-09-30,30,economy,,,7583.0,False,14:35,ok,2026-09-01T04:21:58.392847+05:30,2026-09-01_0421IST,airline_direct,IndiGo
DEL,CCU,6E,IndiGo,6E 6073,2026-09-30,30,economy,,,7661.0,False,05:00,ok,2026-09-01T04:21:58.392847+05:30,2026-09-01_0421IST,airline_direct,IndiGo
DEL,CCU,6E,IndiGo,6E 6190,2026-09-30,30,economy,,,7661.0,False,07:40,ok,2026-09-01T04:21:58.392847+05:30,2026-09-01_0421IST,airline_direct,IndiGo
DEL,CCU,6E,IndiGo,6E 6190,2026-09-30,30,economy,,,7661.0,False,07:40,ok,2026-09-01T04:21:58.392847+05:30,2026-09-01_0421IST,airline_direct,IndiGo
DEL,CCU,6E,IndiGo,6E 5298,2026-09-30,30,economy,,,7661.0,False,09:00,ok,2026-09-01T04:21:58.392847+05:30,2026-09-01_0421IST,airline_direct,IndiGo
DEL,CCU,6E,IndiGo,6E 2296,2026-09-30,30,economy,,,7661.0,False,09:20,ok,2026-09-01T04:21:58.392847+05:30,2026-09-01_0421IST,airline_direct,IndiGo
DEL,CCU,6E,IndiGo,6E 2037,2026-09-30,30,economy,,,7661.0,False,11:10,ok,2026-09-01T04:21:58.392847+05:30,2026-09-01_0421IST,airline_direct,IndiGo
DEL,CCU,6E,IndiGo,6E 2203,2026-09-30,30,economy,,,7766.0,False,04:45,ok,2026-09-01T04:21:58.392847+05:30,2026-09-01_0421IST,airline_direct,IndiGo
DEL,CCU,6E,IndiGo,6E 5215,2026-09-30,30,economy,,,7766.0,False,07:45,ok,2026-09-01T04:21:58.392847+05:30,2026-09-01_0421IST,airline_direct,IndiGo
DEL,CCU,6E,IndiGo,6E 6378,2026-09-30,30,economy,,,7766.0,False,14:40,ok,2026-09-01T04:21:58.392847+05:30,2026-09-01_0421IST,airline_direct,IndiGo
DEL,CCU,6E,IndiGo,6E 5041,2026-09-30,30,economy,,,7766.0,False,15:10,ok,2026-09-01T04:21:58.392847+05:30,2026-09-01_0421IST,airline_direct,IndiGo
DEL,CCU,6E,IndiGo,6E 5041,2026-09-30,30,economy,,,7766.0,False,15:10,ok,2026-09-01T04:21:58.392847+05:30,2026-09-01_0421IST,airline_direct,IndiGo
DEL,CCU,6E,IndiGo,6E 882,2026-09-30,30,economy,,,8003.0,False,23:15,ok,2026-09-01T04:21:58.392847+05:30,2026-09-01_0421IST,airline_direct,IndiGo
DEL,CCU,6E,IndiGo,6E 6312,2026-09-30,30,economy,,,8198.0,False,14:25,ok,2026-09-01T04:21:58.392847+05:30,2026-09-01_0421IST,airline_direct,IndiGo
DEL,CCU,6E,IndiGo,6E 734,2026-09-30,30,economy,,,8198.0,False,16:20,ok,2026-09-01T04:21:58.392847+05:30,2026-09-01_0421IST,airline_direct,IndiGo
DEL,CCU,6E,IndiGo,6E 2296,2026-09-30,30,economy,,,8277.0,False,09:20,ok,2026-09-01T04:21:58.392847+05:30,2026-09-01_0421IST,airline_direct,IndiGo
DEL,CCU,6E,IndiGo,6E 2259,2026-09-30,30,economy,,,8277.0,False,12:20,ok,2026-09-01T04:21:58.392847+05:30,2026-09-01_0421IST,airline_direct,IndiGo
DEL,CCU,6E,IndiGo,6E 2259,2026-09-30,30,economy,,,8277.0,False,12:20,ok,2026-09-01T04:21:58.392847+05:30,2026-09-01_0421IST,airline_direct,IndiGo
DEL,CCU,6E,IndiGo,6E 2614,2026-09-30,30,economy,,,8277.0,False,14:40,ok,2026-09-01T04:21:58.392847+05:30,2026-09-01_0421IST,airline_direct,IndiGo
DEL,CCU,6E,IndiGo,6E 2614,2026-09-30,30,economy,,,8277.0,False,14:40,ok,2026-09-01T04:21:58.392847+05:30,2026-09-01_0421IST,airline_direct,IndiGo
DEL,CCU,6E,IndiGo,6E 6130,2026-09-30,30,economy,,,9697.0,False,12:55,ok,2026-09-01T04:21:58.392847+05:30,2026-09-01_0421IST,airline_direct,IndiGo
DEL,CCU,6E,IndiGo,6E 5033,2026-09-30,30,economy,,,9781.0,False,15:50,ok,2026-09-01T04:21:58.392847+05:30,2026-09-01_0421IST,airline_direct,IndiGo
DEL,CCU,6E,IndiGo,6E 5119,2026-09-30,30,economy,,,10305.0,False,05:10,ok,2026-09-01T04:21:58.392847+05:30,2026-09-01_0421IST,airline_direct,IndiGo
DEL,CCU,6E,IndiGo,6E 6829,2026-09-30,30,economy,,,13618.0,False,17:20,ok,2026-09-01T04:21:58.392847+05:30,2026-09-01_0421IST,airline_direct,IndiGo
DEL,CCU,6E,IndiGo,6E 5038,2026-09-30,30,economy,,,13929.0,False,14:00,ok,2026-09-01T04:21:58.392847+05:30,2026-09-01_0421IST,airline_direct,IndiGo
DEL,CCU,6E,IndiGo,6E 5307,2026-09-30,30,economy,,,17541.0,False,10:50,ok,2026-09-01T04:21:58.392847+05:30,2026-09-01_0421IST,airline_direct,IndiGo
DEL,CCU,6E,IndiGo,6E 6124,2026-09-30,30,economy,,,20870.0,False,07:30,ok,2026-09-01T04:21:58.392847+05:30,2026-09-01_0421IST,airline_direct,IndiGo
DEL,CCU,6E,IndiGo,6E 5307,2026-09-30,30,economy,,,22788.0,False,10:50,ok,2026-09-01T04:21:58.392847+05:30,2026-09-01_0421IST,airline_direct,IndiGo
BLR,HYD,6E,IndiGo,6E 537,2026-09-30,30,,,,,False,10:15,parse_error,2026-09-01T04:23:08.652547+05:30,2026-09-01_0423IST,airline_direct,IndiGo
BLR,HYD,6E,IndiGo,6E 6404,2026-09-30,30,,,,,False,11:35,parse_error,2026-09-01T04:23:08.652547+05:30,2026-09-01_0423IST,airline_direct,IndiGo
BLR,HYD,6E,IndiGo,6E 6178,2026-09-30,30,,,,,False,06:25,parse_error,2026-09-01T04:23:08.652547+05:30,2026-09-01_0423IST,airline_direct,IndiGo
BLR,HYD,6E,IndiGo,6E 484,2026-09-30,30,,,,,False,08:15,parse_error,2026-09-01T04:23:08.652547+05:30,2026-09-01_0423IST,airline_direct,IndiGo
BLR,HYD,6E,IndiGo,6E 312,2026-09-30,30,,,,,False,09:15,parse_error,2026-09-01T04:23:08.652547+05:30,2026-09-01_0423IST,airline_direct,IndiGo
BLR,HYD,6E,IndiGo,6E 6067,2026-09-30,30,,,,,False,16:30,parse_error,2026-09-01T04:23:08.652547+05:30,2026-09-01_0423IST,airline_direct,IndiGo
BLR,HYD,6E,IndiGo,6E 638,2026-09-30,30,,,,,False,18:35,parse_error,2026-09-01T04:23:08.652547+05:30,2026-09-01_0423IST,airline_direct,IndiGo
BLR,HYD,6E,IndiGo,6E 855,2026-09-30,30,,,,,False,19:45,parse_error,2026-09-01T04:23:08.652547+05:30,2026-09-01_0423IST,airline_direct,IndiGo
BLR,HYD,6E,IndiGo,6E 6784,2026-09-30,30,,,,,False,21:30,parse_error,2026-09-01T04:23:08.652547+05:30,2026-09-01_0423IST,airline_direct,IndiGo
BLR,HYD,6E,IndiGo,6E 6563,2026-09-30,30,,,,,False,01:05,parse_error,2026-09-01T04:23:08.652547+05:30,2026-09-01_0423IST,airline_direct,IndiGo
BLR,HYD,6E,IndiGo,6E 6876,2026-09-30,30,,,,,False,02:40,parse_error,2026-09-01T04:23:08.652547+05:30,2026-09-01_0423IST,airline_direct,IndiGo
BLR,HYD,6E,IndiGo,6E 857,2026-09-30,30,,,,,False,07:05,parse_error,2026-09-01T04:23:08.652547+05:30,2026-09-01_0423IST,airline_direct,IndiGo
BLR,HYD,6E,IndiGo,6E 857,2026-09-30,30,,,,,False,07:05,parse_error,2026-09-01T04:23:08.652547+05:30,2026-09-01_0423IST,airline_direct,IndiGo
BLR,HYD,6E,IndiGo,6E 6269,2026-09-30,30,,,,,False,07:15,parse_error,2026-09-01T04:23:08.652547+05:30,2026-09-01_0423IST,airline_direct,IndiGo
BLR,HYD,6E,IndiGo,6E 6269,2026-09-30,30,,,,,False,07:15,parse_error,2026-09-01T04:23:08.652547+05:30,2026-09-01_0423IST,airline_direct,IndiGo
BLR,HYD,6E,IndiGo,6E 904,2026-09-30,30,,,,,False,10:45,parse_error,2026-09-01T04:23:08.652547+05:30,2026-09-01_0423IST,airline_direct,IndiGo
BLR,HYD,6E,IndiGo,6E 6104,2026-09-30,30,,,,,False,11:40,parse_error,2026-09-01T04:23:08.652547+05:30,2026-09-01_0423IST,airline_direct,IndiGo
BLR,HYD,6E,IndiGo,6E 6208,2026-09-30,30,,,,,False,12:45,parse_error,2026-09-01T04:23:08.652547+05:30,2026-09-01_0423IST,airline_direct,IndiGo
BLR,HYD,6E,IndiGo,6E 703,2026-09-30,30,,,,,False,12:55,parse_error,2026-09-01T04:23:08.652547+05:30,2026-09-01_0423IST,airline_direct,IndiGo
BLR,HYD,6E,IndiGo,6E 6542,2026-09-30,30,,,,,False,13:10,parse_error,2026-09-01T04:23:08.652547+05:30,2026-09-01_0423IST,airline_direct,IndiGo
BLR,HYD,6E,IndiGo,6E 6542,2026-09-30,30,,,,,False,13:10,parse_error,2026-09-01T04:23:08.652547+05:30,2026-09-01_0423IST,airline_direct,IndiGo
BLR,HYD,6E,IndiGo,6E 6753,2026-09-30,30,,,,,False,15:15,parse_error,2026-09-01T04:23:08.652547+05:30,2026-09-01_0423IST,airline_direct,IndiGo
BLR,HYD,6E,IndiGo,6E 6753,2026-09-30,30,,,,,False,15:15,parse_error,2026-09-01T04:23:08.652547+05:30,2026-09-01_0423IST,airline_direct,IndiGo
BLR,HYD,6E,IndiGo,6E 173,2026-09-30,30,,,,,False,15:30,parse_error,2026-09-01T04:23:08.652547+05:30,2026-09-01_0423IST,airline_direct,IndiGo
BLR,HYD,6E,IndiGo,6E 173,2026-09-30,30,,,,,False,15:30,parse_error,2026-09-01T04:23:08.652547+05:30,2026-09-01_0423IST,airline_direct,IndiGo
BLR,HYD,6E,IndiGo,6E 356,2026-09-30,30,,,,,False,17:15,parse_error,2026-09-01T04:23:08.652547+05:30,2026-09-01_0423IST,airline_direct,IndiGo
BLR,HYD,6E,IndiGo,6E 356,2026-09-30,30,,,,,False,17:15,parse_error,2026-09-01T04:23:08.652547+05:30,2026-09-01_0423IST,airline_direct,IndiGo
BLR,HYD,6E,IndiGo,6E 6017,2026-09-30,30,,,,,False,18:15,parse_error,2026-09-01T04:23:08.652547+05:30,2026-09-01_0423IST,airline_direct,IndiGo
BLR,HYD,6E,IndiGo,6E 105,2026-09-30,30,,,,,False,18:50,parse_error,2026-09-01T04:23:08.652547+05:30,2026-09-01_0423IST,airline_direct,IndiGo
BLR,HYD,6E,IndiGo,6E 6554,2026-09-30,30,,,,,False,19:15,parse_error,2026-09-01T04:23:08.652547+05:30,2026-09-01_0423IST,airline_direct,IndiGo
BLR,HYD,6E,IndiGo,6E 6168,2026-09-30,30,,,,,False,17:40,parse_error,2026-09-01T04:23:08.652547+05:30,2026-09-01_0423IST,airline_direct,IndiGo
BLR,HYD,6E,IndiGo,6E 7204,2026-09-30,30,,,,,False,06:50,parse_error,2026-09-01T04:23:08.652547+05:30,2026-09-01_0423IST,airline_direct,IndiGo
BLR,HYD,6E,IndiGo,6E 5306,2026-09-30,30,,,,,False,14:35,parse_error,2026-09-01T04:23:08.652547+05:30,2026-09-01_0423IST,airline_direct,IndiGo
BLR,HYD,6E,IndiGo,6E 109,2026-09-30,30,,,,,False,17:00,parse_error,2026-09-01T04:23:08.652547+05:30,2026-09-01_0423IST,airline_direct,IndiGo
BLR,HYD,6E,IndiGo,6E 6162,2026-09-30,30,,,,,False,18:50,parse_error,2026-09-01T04:23:08.652547+05:30,2026-09-01_0423IST,airline_direct,IndiGo
BLR,HYD,6E,IndiGo,6E 7227,2026-09-30,30,,,,,False,06:25,parse_error,2026-09-01T04:23:08.652547+05:30,2026-09-01_0423IST,airline_direct,IndiGo
BLR,HYD,6E,IndiGo,6E 7204,2026-09-30,30,,,,,False,06:50,parse_error,2026-09-01T04:23:08.652547+05:30,2026-09-01_0423IST,airline_direct,IndiGo
BLR,HYD,6E,IndiGo,6E 6445,2026-09-30,30,,,,,False,10:25,parse_error,2026-09-01T04:23:08.652547+05:30,2026-09-01_0423IST,airline_direct,IndiGo
BLR,HYD,6E,IndiGo,6E 6445,2026-09-30,30,,,,,False,10:25,parse_error,2026-09-01T04:23:08.652547+05:30,2026-09-01_0423IST,airline_direct,IndiGo
BLR,HYD,6E,IndiGo,6E 703,2026-09-30,30,,,,,False,12:55,parse_error,2026-09-01T04:23:08.652547+05:30,2026-09-01_0423IST,airline_direct,IndiGo
BLR,HYD,6E,IndiGo,6E 6168,2026-09-30,30,,,,,False,17:40,parse_error,2026-09-01T04:23:08.652547+05:30,2026-09-01_0423IST,airline_direct,IndiGo
BLR,HYD,6E,IndiGo,6E 7737,2026-09-30,30,,,,,False,10:50,parse_error,2026-09-01T04:23:08.652547+05:30,2026-09-01_0423IST,airline_direct,IndiGo
BLR,HYD,6E,IndiGo,6E 6653,2026-09-30,30,,,,,False,12:35,parse_error,2026-09-01T04:23:08.652547+05:30,2026-09-01_0423IST,airline_direct,IndiGo
BLR,HYD,6E,IndiGo,6E 116,2026-09-30,30,,,,,False,23:05,parse_error,2026-09-01T04:23:08.652547+05:30,2026-09-01_0423IST,airline_direct,IndiGo
BLR,HYD,6E,IndiGo,6E 6208,2026-09-30,30,,,,,False,12:45,parse_error,2026-09-01T04:23:08.652547+05:30,2026-09-01_0423IST,airline_direct,IndiGo
BLR,HYD,6E,IndiGo,6E 6445,2026-09-30,30,,,,,False,10:25,parse_error,2026-09-01T04:23:08.652547+05:30,2026-09-01_0423IST,airline_direct,IndiGo
BLR,HYD,6E,IndiGo,6E 6583,2026-09-30,30,,,,,False,10:40,parse_error,2026-09-01T04:23:08.652547+05:30,2026-09-01_0423IST,airline_direct,IndiGo
BLR,HYD,6E,IndiGo,6E 7285,2026-09-30,30,,,,,False,06:50,parse_error,2026-09-01T04:23:08.652547+05:30,2026-09-01_0423IST,airline_direct,IndiGo
BLR,HYD,6E,IndiGo,6E 7005,2026-09-30,30,,,,,False,08:05,parse_error,2026-09-01T04:23:08.652547+05:30,2026-09-01_0423IST,airline_direct,IndiGo
BLR,HYD,6E,IndiGo,6E 7005,2026-09-30,30,,,,,False,08:05,parse_error,2026-09-01T04:23:08.652547+05:30,2026-09-01_0423IST,airline_direct,IndiGo
BLR,HYD,6E,IndiGo,6E 105,2026-09-30,30,,,,,False,18:50,parse_error,2026-09-01T04:23:08.652547+05:30,2026-09-01_0423IST,airline_direct,IndiGo
BLR,HYD,6E,IndiGo,6E 441,2026-09-30,30,,,,,False,20:40,parse_error,2026-09-01T04:23:08.652547+05:30,2026-09-01_0423IST,airline_direct,IndiGo
BLR,HYD,6E,IndiGo,6E 528,2026-09-30,30,,,,,False,21:40,parse_error,2026-09-01T04:23:08.652547+05:30,2026-09-01_0423IST,airline_direct,IndiGo
BLR,HYD,6E,IndiGo,6E 116,2026-09-30,30,,,,,False,23:05,parse_error,2026-09-01T04:23:08.652547+05:30,2026-09-01_0423IST,airline_direct,IndiGo
BLR,HYD,6E,IndiGo,6E 7737,2026-09-30,30,,,,,False,10:50,parse_error,2026-09-01T04:23:08.652547+05:30,2026-09-01_0423IST,airline_direct,IndiGo
BLR,HYD,6E,IndiGo,6E 763,2026-09-30,30,,,,,False,07:05,parse_error,2026-09-01T04:23:08.652547+05:30,2026-09-01_0423IST,airline_direct,IndiGo
BLR,HYD,6E,IndiGo,6E 763,2026-09-30,30,,,,,False,07:05,parse_error,2026-09-01T04:23:08.652547+05:30,2026-09-01_0423IST,airline_direct,IndiGo
BLR,HYD,6E,IndiGo,6E 763,2026-09-30,30,,,,,False,07:05,parse_error,2026-09-01T04:23:08.652547+05:30,2026-09-01_0423IST,airline_direct,IndiGo
BLR,HYD,6E,IndiGo,6E 6653,2026-09-30,30,,,,,False,12:35,parse_error,2026-09-01T04:23:08.652547+05:30,2026-09-01_0423IST,airline_direct,IndiGo
MAA,DEL,6E,IndiGo,6E 948,2026-09-30,30,business,,,24700.0,False,14:30,ok,2026-09-01T04:24:08.714599+05:30,2026-09-01_0424IST,airline_direct,IndiGo
MAA,DEL,6E,IndiGo,6E 948,2026-09-30,30,economy,,,9648.0,False,14:30,ok,2026-09-01T04:24:08.714599+05:30,2026-09-01_0424IST,airline_direct,IndiGo
MAA,DEL,6E,IndiGo,6E 937,2026-09-30,30,business,,,24700.0,False,06:30,ok,2026-09-01T04:24:08.714599+05:30,2026-09-01_0424IST,airline_direct,IndiGo
MAA,DEL,6E,IndiGo,6E 937,2026-09-30,30,economy,,,10114.0,False,06:30,ok,2026-09-01T04:24:08.714599+05:30,2026-09-01_0424IST,airline_direct,IndiGo
MAA,DEL,6E,IndiGo,6E 404,2026-09-30,30,business,,,24700.0,False,09:15,ok,2026-09-01T04:24:08.714599+05:30,2026-09-01_0424IST,airline_direct,IndiGo
MAA,DEL,6E,IndiGo,6E 404,2026-09-30,30,economy,,,10114.0,False,09:15,ok,2026-09-01T04:24:08.714599+05:30,2026-09-01_0424IST,airline_direct,IndiGo
MAA,DEL,6E,IndiGo,6E 6002,2026-09-30,30,business,,,24700.0,False,11:10,ok,2026-09-01T04:24:08.714599+05:30,2026-09-01_0424IST,airline_direct,IndiGo
MAA,DEL,6E,IndiGo,6E 6002,2026-09-30,30,economy,,,10114.0,False,11:10,ok,2026-09-01T04:24:08.714599+05:30,2026-09-01_0424IST,airline_direct,IndiGo
MAA,DEL,6E,IndiGo,6E 698,2026-09-30,30,business,,,24700.0,False,16:45,ok,2026-09-01T04:24:08.714599+05:30,2026-09-01_0424IST,airline_direct,IndiGo
MAA,DEL,6E,IndiGo,6E 698,2026-09-30,30,economy,,,10114.0,False,16:45,ok,2026-09-01T04:24:08.714599+05:30,2026-09-01_0424IST,airline_direct,IndiGo
MAA,DEL,6E,IndiGo,6E 951,2026-09-30,30,business,,,24700.0,False,21:50,ok,2026-09-01T04:24:08.714599+05:30,2026-09-01_0424IST,airline_direct,IndiGo
MAA,DEL,6E,IndiGo,6E 951,2026-09-30,30,economy,,,10114.0,False,21:50,ok,2026-09-01T04:24:08.714599+05:30,2026-09-01_0424IST,airline_direct,IndiGo
MAA,DEL,6E,IndiGo,6E 939,2026-09-30,30,business,,,24700.0,False,13:00,ok,2026-09-01T04:24:08.714599+05:30,2026-09-01_0424IST,airline_direct,IndiGo
MAA,DEL,6E,IndiGo,6E 939,2026-09-30,30,economy,,,10608.0,False,13:00,ok,2026-09-01T04:24:08.714599+05:30,2026-09-01_0424IST,airline_direct,IndiGo
MAA,DEL,6E,IndiGo,6E 613,2026-09-30,30,business,,,24700.0,False,19:00,ok,2026-09-01T04:24:08.714599+05:30,2026-09-01_0424IST,airline_direct,IndiGo
MAA,DEL,6E,IndiGo,6E 613,2026-09-30,30,economy,,,10608.0,False,19:00,ok,2026-09-01T04:24:08.714599+05:30,2026-09-01_0424IST,airline_direct,IndiGo
MAA,DEL,6E,IndiGo,6E 2369,2026-09-30,30,business,,,24700.0,False,23:45,ok,2026-09-01T04:24:08.714599+05:30,2026-09-01_0424IST,airline_direct,IndiGo
MAA,DEL,6E,IndiGo,6E 2369,2026-09-30,30,economy,,,10608.0,False,23:45,ok,2026-09-01T04:24:08.714599+05:30,2026-09-01_0424IST,airline_direct,IndiGo
MAA,DEL,6E,IndiGo,6E 6487,2026-09-30,30,economy,,,8630.0,False,21:25,ok,2026-09-01T04:24:08.714599+05:30,2026-09-01_0424IST,airline_direct,IndiGo
MAA,DEL,6E,IndiGo,6E 6815,2026-09-30,30,economy,,,8708.0,False,08:55,ok,2026-09-01T04:24:08.714599+05:30,2026-09-01_0424IST,airline_direct,IndiGo
MAA,DEL,6E,IndiGo,6E 6892,2026-09-30,30,economy,,,8708.0,False,10:55,ok,2026-09-01T04:24:08.714599+05:30,2026-09-01_0424IST,airline_direct,IndiGo
MAA,DEL,6E,IndiGo,6E 6892,2026-09-30,30,economy,,,8708.0,False,10:55,ok,2026-09-01T04:24:08.714599+05:30,2026-09-01_0424IST,airline_direct,IndiGo
MAA,DEL,6E,IndiGo,6E 6005,2026-09-30,30,economy,,,8708.0,False,15:45,ok,2026-09-01T04:24:08.714599+05:30,2026-09-01_0424IST,airline_direct,IndiGo
MAA,DEL,6E,IndiGo,6E 6812,2026-09-30,30,economy,,,8708.0,False,20:00,ok,2026-09-01T04:24:08.714599+05:30,2026-09-01_0424IST,airline_direct,IndiGo
MAA,DEL,6E,IndiGo,6E 796,2026-09-30,30,economy,,,8708.0,False,22:00,ok,2026-09-01T04:24:08.714599+05:30,2026-09-01_0424IST,airline_direct,IndiGo
MAA,DEL,6E,IndiGo,6E 6140,2026-09-30,30,economy,,,8840.0,False,02:30,ok,2026-09-01T04:24:08.714599+05:30,2026-09-01_0424IST,airline_direct,IndiGo
MAA,DEL,6E,IndiGo,6E 6140,2026-09-30,30,economy,,,8840.0,False,02:30,ok,2026-09-01T04:24:08.714599+05:30,2026-09-01_0424IST,airline_direct,IndiGo
MAA,DEL,6E,IndiGo,6E 5258,2026-09-30,30,business,,,35375.0,False,12:45,ok,2026-09-01T04:24:08.714599+05:30,2026-09-01_0424IST,airline_direct,IndiGo
MAA,DEL,6E,IndiGo,6E 5258,2026-09-30,30,economy,,,8840.0,False,12:45,ok,2026-09-01T04:24:08.714599+05:30,2026-09-01_0424IST,airline_direct,IndiGo
MAA,DEL,6E,IndiGo,6E 5258,2026-09-30,30,business,,,35375.0,False,12:45,ok,2026-09-01T04:24:08.714599+05:30,2026-09-01_0424IST,airline_direct,IndiGo
MAA,DEL,6E,IndiGo,6E 5258,2026-09-30,30,economy,,,8840.0,False,12:45,ok,2026-09-01T04:24:08.714599+05:30,2026-09-01_0424IST,airline_direct,IndiGo
MAA,DEL,6E,IndiGo,6E 606,2026-09-30,30,economy,,,8840.0,False,18:05,ok,2026-09-01T04:24:08.714599+05:30,2026-09-01_0424IST,airline_direct,IndiGo
MAA,DEL,6E,IndiGo,6E 6225,2026-09-30,30,business,,,35375.0,False,22:30,ok,2026-09-01T04:24:08.714599+05:30,2026-09-01_0424IST,airline_direct,IndiGo
MAA,DEL,6E,IndiGo,6E 6225,2026-09-30,30,economy,,,8840.0,False,22:30,ok,2026-09-01T04:24:08.714599+05:30,2026-09-01_0424IST,airline_direct,IndiGo
MAA,DEL,6E,IndiGo,6E 597,2026-09-30,30,economy,,,8997.0,False,17:45,ok,2026-09-01T04:24:08.714599+05:30,2026-09-01_0424IST,airline_direct,IndiGo
MAA,DEL,6E,IndiGo,6E 253,2026-09-30,30,business,,,27587.0,False,03:10,ok,2026-09-01T04:24:08.714599+05:30,2026-09-01_0424IST,airline_direct,IndiGo
MAA,DEL,6E,IndiGo,6E 253,2026-09-30,30,economy,,,9288.0,False,03:10,ok,2026-09-01T04:24:08.714599+05:30,2026-09-01_0424IST,airline_direct,IndiGo
MAA,DEL,6E,IndiGo,6E 244,2026-09-30,30,economy,,,9288.0,False,03:55,ok,2026-09-01T04:24:08.714599+05:30,2026-09-01_0424IST,airline_direct,IndiGo
MAA,DEL,6E,IndiGo,6E 607,2026-09-30,30,business,,,27587.0,False,05:40,ok,2026-09-01T04:24:08.714599+05:30,2026-09-01_0424IST,airline_direct,IndiGo
MAA,DEL,6E,IndiGo,6E 607,2026-09-30,30,economy,,,9288.0,False,05:40,ok,2026-09-01T04:24:08.714599+05:30,2026-09-01_0424IST,airline_direct,IndiGo
MAA,DEL,6E,IndiGo,6E 372,2026-09-30,30,economy,,,9288.0,False,09:55,ok,2026-09-01T04:24:08.714599+05:30,2026-09-01_0424IST,airline_direct,IndiGo
MAA,DEL,6E,IndiGo,6E 502,2026-09-30,30,business,,,28415.0,False,11:10,ok,2026-09-01T04:24:08.714599+05:30,2026-09-01_0424IST,airline_direct,IndiGo
MAA,DEL,6E,IndiGo,6E 502,2026-09-30,30,economy,,,9288.0,False,11:10,ok,2026-09-01T04:24:08.714599+05:30,2026-09-01_0424IST,airline_direct,IndiGo
MAA,DEL,6E,IndiGo,6E 6158,2026-09-30,30,economy,,,9288.0,False,16:10,ok,2026-09-01T04:24:08.714599+05:30,2026-09-01_0424IST,airline_direct,IndiGo
MAA,DEL,6E,IndiGo,6E 183,2026-09-30,30,business,,,28769.0,False,16:35,ok,2026-09-01T04:24:08.714599+05:30,2026-09-01_0424IST,airline_direct,IndiGo
MAA,DEL,6E,IndiGo,6E 183,2026-09-30,30,economy,,,9288.0,False,16:35,ok,2026-09-01T04:24:08.714599+05:30,2026-09-01_0424IST,airline_direct,IndiGo
MAA,DEL,6E,IndiGo,6E 848,2026-09-30,30,economy,,,9288.0,False,17:50,ok,2026-09-01T04:24:08.714599+05:30,2026-09-01_0424IST,airline_direct,IndiGo
MAA,DEL,6E,IndiGo,6E 489,2026-09-30,30,economy,,,9288.0,False,18:15,ok,2026-09-01T04:24:08.714599+05:30,2026-09-01_0424IST,airline_direct,IndiGo
MAA,DEL,6E,IndiGo,6E 7199,2026-09-30,30,economy,,,9367.0,False,15:05,ok,2026-09-01T04:24:08.714599+05:30,2026-09-01_0424IST,airline_direct,IndiGo
MAA,DEL,6E,IndiGo,6E 562,2026-09-30,30,economy,,,10175.0,False,18:20,ok,2026-09-01T04:24:08.714599+05:30,2026-09-01_0424IST,airline_direct,IndiGo
MAA,DEL,6E,IndiGo,6E 193,2026-09-30,30,economy,,,10175.0,False,20:00,ok,2026-09-01T04:24:08.714599+05:30,2026-09-01_0424IST,airline_direct,IndiGo
MAA,DEL,6E,IndiGo,6E 372,2026-09-30,30,economy,,,10631.0,False,09:55,ok,2026-09-01T04:24:08.714599+05:30,2026-09-01_0424IST,airline_direct,IndiGo
MAA,DEL,6E,IndiGo,6E 321,2026-09-30,30,business,,,33282.0,False,08:20,ok,2026-09-01T04:24:08.714599+05:30,2026-09-01_0424IST,airline_direct,IndiGo
MAA,DEL,6E,IndiGo,6E 321,2026-09-30,30,economy,,,11018.0,False,08:20,ok,2026-09-01T04:24:08.714599+05:30,2026-09-01_0424IST,airline_direct,IndiGo
MAA,DEL,6E,IndiGo,6E 6326,2026-09-30,30,business,,,30214.0,False,11:45,ok,2026-09-01T04:24:08.714599+05:30,2026-09-01_0424IST,airline_direct,IndiGo
MAA,DEL,6E,IndiGo,6E 6326,2026-09-30,30,economy,,,11018.0,False,11:45,ok,2026-09-01T04:24:08.714599+05:30,2026-09-01_0424IST,airline_direct,IndiGo
MAA,DEL,6E,IndiGo,6E 6081,2026-09-30,30,economy,,,11576.0,False,07:05,ok,2026-09-01T04:24:08.714599+05:30,2026-09-01_0424IST,airline_direct,IndiGo
MAA,DEL,6E,IndiGo,6E 6081,2026-09-30,30,economy,,,11576.0,False,07:05,ok,2026-09-01T04:24:08.714599+05:30,2026-09-01_0424IST,airline_direct,IndiGo
MAA,DEL,6E,IndiGo,6E 6209,2026-09-30,30,economy,,,11576.0,False,14:35,ok,2026-09-01T04:24:08.714599+05:30,2026-09-01_0424IST,airline_direct,IndiGo
MAA,DEL,6E,IndiGo,6E 6209,2026-09-30,30,economy,,,11576.0,False,14:35,ok,2026-09-01T04:24:08.714599+05:30,2026-09-01_0424IST,airline_direct,IndiGo
MAA,DEL,6E,IndiGo,6E 847,2026-09-30,30,economy,,,11848.0,False,16:15,ok,2026-09-01T04:24:08.714599+05:30,2026-09-01_0424IST,airline_direct,IndiGo
MAA,DEL,6E,IndiGo,6E 6348,2026-09-30,30,business,,,35375.0,False,09:00,ok,2026-09-01T04:24:08.714599+05:30,2026-09-01_0424IST,airline_direct,IndiGo
MAA,DEL,6E,IndiGo,6E 6348,2026-09-30,30,economy,,,12553.0,False,09:00,ok,2026-09-01T04:24:08.714599+05:30,2026-09-01_0424IST,airline_direct,IndiGo
MAA,DEL,6E,IndiGo,6E 6348,2026-09-30,30,business,,,35375.0,False,09:00,ok,2026-09-01T04:24:08.714599+05:30,2026-09-01_0424IST,airline_direct,IndiGo
MAA,DEL,6E,IndiGo,6E 6348,2026-09-30,30,economy,,,12553.0,False,09:00,ok,2026-09-01T04:24:08.714599+05:30,2026-09-01_0424IST,airline_direct,IndiGo
MAA,DEL,6E,IndiGo,6E 5214,2026-09-30,30,business,,,35375.0,False,11:00,ok,2026-09-01T04:24:08.714599+05:30,2026-09-01_0424IST,airline_direct,IndiGo
MAA,DEL,6E,IndiGo,6E 5214,2026-09-30,30,economy,,,12553.0,False,11:00,ok,2026-09-01T04:24:08.714599+05:30,2026-09-01_0424IST,airline_direct,IndiGo
MAA,DEL,6E,IndiGo,6E 6925,2026-09-30,30,economy,,,12646.0,False,12:00,ok,2026-09-01T04:24:08.714599+05:30,2026-09-01_0424IST,airline_direct,IndiGo
MAA,DEL,6E,IndiGo,6E 5314,2026-09-30,30,business,,,35375.0,False,06:45,ok,2026-09-01T04:24:08.714599+05:30,2026-09-01_0424IST,airline_direct,IndiGo
MAA,DEL,6E,IndiGo,6E 5314,2026-09-30,30,economy,,,12711.0,False,06:45,ok,2026-09-01T04:24:08.714599+05:30,2026-09-01_0424IST,airline_direct,IndiGo
MAA,DEL,6E,IndiGo,6E 5367,2026-09-30,30,business,,,35375.0,False,18:15,ok,2026-09-01T04:24:08.714599+05:30,2026-09-01_0424IST,airline_direct,IndiGo
MAA,DEL,6E,IndiGo,6E 5367,2026-09-30,30,economy,,,12711.0,False,18:15,ok,2026-09-01T04:24:08.714599+05:30,2026-09-01_0424IST,airline_direct,IndiGo
MAA,DEL,6E,IndiGo,6E 5104,2026-09-30,30,business,,,35375.0,False,16:40,ok,2026-09-01T04:24:08.714599+05:30,2026-09-01_0424IST,airline_direct,IndiGo
MAA,DEL,6E,IndiGo,6E 5104,2026-09-30,30,economy,,,12856.0,False,16:40,ok,2026-09-01T04:24:08.714599+05:30,2026-09-01_0424IST,airline_direct,IndiGo
MAA,DEL,6E,IndiGo,6E 561,2026-09-30,30,business,,,28059.0,False,22:20,ok,2026-09-01T04:24:08.714599+05:30,2026-09-01_0424IST,airline_direct,IndiGo
MAA,DEL,6E,IndiGo,6E 561,2026-09-30,30,economy,,,13428.0,False,22:20,ok,2026-09-01T04:24:08.714599+05:30,2026-09-01_0424IST,airline_direct,IndiGo
MAA,DEL,6E,IndiGo,6E 834,2026-09-30,30,economy,,,14010.0,False,09:05,ok,2026-09-01T04:24:08.714599+05:30,2026-09-01_0424IST,airline_direct,IndiGo
MAA,DEL,6E,IndiGo,6E 834,2026-09-30,30,economy,,,14010.0,False,09:05,ok,2026-09-01T04:24:08.714599+05:30,2026-09-01_0424IST,airline_direct,IndiGo
MAA,DEL,6E,IndiGo,6E 495,2026-09-30,30,economy,,,14246.0,False,07:10,ok,2026-09-01T04:24:08.714599+05:30,2026-09-01_0424IST,airline_direct,IndiGo
MAA,DEL,6E,IndiGo,6E 401,2026-09-30,30,economy,,,14481.0,False,08:10,ok,2026-09-01T04:24:08.714599+05:30,2026-09-01_0424IST,airline_direct,IndiGo
MAA,DEL,6E,IndiGo,6E 495,2026-09-30,30,economy,,,14702.0,False,07:10,ok,2026-09-01T04:24:08.714599+05:30,2026-09-01_0424IST,airline_direct,IndiGo
MAA,DEL,6E,IndiGo,6E 6518,2026-09-30,30,economy,,,15392.0,False,12:15,ok,2026-09-01T04:24:08.714599+05:30,2026-09-01_0424IST,airline_direct,IndiGo
MAA,DEL,6E,IndiGo,6E 6925,2026-09-30,30,economy,,,15463.0,False,12:00,ok,2026-09-01T04:24:08.714599+05:30,2026-09-01_0424IST,airline_direct,IndiGo
DEL,BOM,6E,IndiGo,6E 675,2026-10-15,45,business,,,21900.0,False,08:45,ok,2026-09-01T04:25:21.702844+05:30,2026-09-01_0425IST,airline_direct,IndiGo
DEL,BOM,6E,IndiGo,6E 675,2026-10-15,45,economy,,,6305.0,False,08:45,ok,2026-09-01T04:25:21.702844+05:30,2026-09-01_0425IST,airline_direct,IndiGo
DEL,BOM,6E,IndiGo,6E 6328,2026-10-15,45,business,,,21900.0,False,10:15,ok,2026-09-01T04:25:21.702844+05:30,2026-09-01_0425IST,airline_direct,IndiGo
DEL,BOM,6E,IndiGo,6E 6328,2026-10-15,45,economy,,,6305.0,False,10:15,ok,2026-09-01T04:25:21.702844+05:30,2026-09-01_0425IST,airline_direct,IndiGo
DEL,BOM,6E,IndiGo,6E 864,2026-10-15,45,business,,,21900.0,False,15:30,ok,2026-09-01T04:25:21.702844+05:30,2026-09-01_0425IST,airline_direct,IndiGo
DEL,BOM,6E,IndiGo,6E 864,2026-10-15,45,economy,,,6305.0,False,15:30,ok,2026-09-01T04:25:21.702844+05:30,2026-09-01_0425IST,airline_direct,IndiGo
DEL,BOM,6E,IndiGo,6E 327,2026-10-15,45,business,,,21900.0,False,16:15,ok,2026-09-01T04:25:21.702844+05:30,2026-09-01_0425IST,airline_direct,IndiGo
DEL,BOM,6E,IndiGo,6E 327,2026-10-15,45,economy,,,6305.0,False,16:15,ok,2026-09-01T04:25:21.702844+05:30,2026-09-01_0425IST,airline_direct,IndiGo
DEL,BOM,6E,IndiGo,6E 6706,2026-10-15,45,business,,,21900.0,False,17:00,ok,2026-09-01T04:25:21.702844+05:30,2026-09-01_0425IST,airline_direct,IndiGo
DEL,BOM,6E,IndiGo,6E 6706,2026-10-15,45,economy,,,6305.0,False,17:00,ok,2026-09-01T04:25:21.702844+05:30,2026-09-01_0425IST,airline_direct,IndiGo
DEL,BOM,6E,IndiGo,6E 322,2026-10-15,45,business,,,21900.0,False,23:30,ok,2026-09-01T04:25:21.702844+05:30,2026-09-01_0425IST,airline_direct,IndiGo
DEL,BOM,6E,IndiGo,6E 322,2026-10-15,45,economy,,,6305.0,False,23:30,ok,2026-09-01T04:25:21.702844+05:30,2026-09-01_0425IST,airline_direct,IndiGo
DEL,BOM,6E,IndiGo,6E 353,2026-10-15,45,business,,,21900.0,False,03:00,ok,2026-09-01T04:25:21.702844+05:30,2026-09-01_0425IST,airline_direct,IndiGo
DEL,BOM,6E,IndiGo,6E 353,2026-10-15,45,economy,,,6431.0,False,03:00,ok,2026-09-01T04:25:21.702844+05:30,2026-09-01_0425IST,airline_direct,IndiGo
DEL,BOM,6E,IndiGo,6E 449,2026-10-15,45,business,,,21900.0,False,05:00,ok,2026-09-01T04:25:21.702844+05:30,2026-09-01_0425IST,airline_direct,IndiGo
DEL,BOM,6E,IndiGo,6E 449,2026-10-15,45,economy,,,6431.0,False,05:00,ok,2026-09-01T04:25:21.702844+05:30,2026-09-01_0425IST,airline_direct,IndiGo
DEL,BOM,6E,IndiGo,6E 6218,2026-10-15,45,business,,,21900.0,False,06:05,ok,2026-09-01T04:25:21.702844+05:30,2026-09-01_0425IST,airline_direct,IndiGo
DEL,BOM,6E,IndiGo,6E 6218,2026-10-15,45,economy,,,6431.0,False,06:05,ok,2026-09-01T04:25:21.702844+05:30,2026-09-01_0425IST,airline_direct,IndiGo
DEL,BOM,6E,IndiGo,6E 6814,2026-10-15,45,business,,,21900.0,False,07:15,ok,2026-09-01T04:25:21.702844+05:30,2026-09-01_0425IST,airline_direct,IndiGo
DEL,BOM,6E,IndiGo,6E 6814,2026-10-15,45,economy,,,6431.0,False,07:15,ok,2026-09-01T04:25:21.702844+05:30,2026-09-01_0425IST,airline_direct,IndiGo
DEL,BOM,6E,IndiGo,6E 320,2026-10-15,45,business,,,21900.0,False,08:00,ok,2026-09-01T04:25:21.702844+05:30,2026-09-01_0425IST,airline_direct,IndiGo
DEL,BOM,6E,IndiGo,6E 320,2026-10-15,45,economy,,,6431.0,False,08:00,ok,2026-09-01T04:25:21.702844+05:30,2026-09-01_0425IST,airline_direct,IndiGo
DEL,BOM,6E,IndiGo,6E 6107,2026-10-15,45,business,,,21900.0,False,09:30,ok,2026-09-01T04:25:21.702844+05:30,2026-09-01_0425IST,airline_direct,IndiGo
DEL,BOM,6E,IndiGo,6E 6107,2026-10-15,45,economy,,,6431.0,False,09:30,ok,2026-09-01T04:25:21.702844+05:30,2026-09-01_0425IST,airline_direct,IndiGo
DEL,BOM,6E,IndiGo,6E 6047,2026-10-15,45,business,,,21900.0,False,11:00,ok,2026-09-01T04:25:21.702844+05:30,2026-09-01_0425IST,airline_direct,IndiGo
DEL,BOM,6E,IndiGo,6E 6047,2026-10-15,45,economy,,,6431.0,False,11:00,ok,2026-09-01T04:25:21.702844+05:30,2026-09-01_0425IST,airline_direct,IndiGo
DEL,BOM,6E,IndiGo,6E 6676,2026-10-15,45,business,,,21900.0,False,12:00,ok,2026-09-01T04:25:21.702844+05:30,2026-09-01_0425IST,airline_direct,IndiGo
DEL,BOM,6E,IndiGo,6E 6676,2026-10-15,45,economy,,,6431.0,False,12:00,ok,2026-09-01T04:25:21.702844+05:30,2026-09-01_0425IST,airline_direct,IndiGo
DEL,BOM,6E,IndiGo,6E 324,2026-10-15,45,business,,,21900.0,False,13:00,ok,2026-09-01T04:25:21.702844+05:30,2026-09-01_0425IST,airline_direct,IndiGo
DEL,BOM,6E,IndiGo,6E 324,2026-10-15,45,economy,,,6431.0,False,13:00,ok,2026-09-01T04:25:21.702844+05:30,2026-09-01_0425IST,airline_direct,IndiGo
DEL,BOM,6E,IndiGo,6E 6022,2026-10-15,45,business,,,21900.0,False,14:00,ok,2026-09-01T04:25:21.702844+05:30,2026-09-01_0425IST,airline_direct,IndiGo
DEL,BOM,6E,IndiGo,6E 6022,2026-10-15,45,economy,,,6431.0,False,14:00,ok,2026-09-01T04:25:21.702844+05:30,2026-09-01_0425IST,airline_direct,IndiGo
DEL,BOM,6E,IndiGo,6E 6318,2026-10-15,45,business,,,21900.0,False,14:45,ok,2026-09-01T04:25:21.702844+05:30,2026-09-01_0425IST,airline_direct,IndiGo
DEL,BOM,6E,IndiGo,6E 6318,2026-10-15,45,economy,,,6431.0,False,14:45,ok,2026-09-01T04:25:21.702844+05:30,2026-09-01_0425IST,airline_direct,IndiGo
DEL,BOM,6E,IndiGo,6E 329,2026-10-15,45,business,,,21900.0,False,18:00,ok,2026-09-01T04:25:21.702844+05:30,2026-09-01_0425IST,airline_direct,IndiGo
DEL,BOM,6E,IndiGo,6E 329,2026-10-15,45,economy,,,6431.0,False,18:00,ok,2026-09-01T04:25:21.702844+05:30,2026-09-01_0425IST,airline_direct,IndiGo
DEL,BOM,6E,IndiGo,6E 354,2026-10-15,45,business,,,21900.0,False,19:00,ok,2026-09-01T04:25:21.702844+05:30,2026-09-01_0425IST,airline_direct,IndiGo
DEL,BOM,6E,IndiGo,6E 354,2026-10-15,45,economy,,,6431.0,False,19:00,ok,2026-09-01T04:25:21.702844+05:30,2026-09-01_0425IST,airline_direct,IndiGo
DEL,BOM,6E,IndiGo,6E 303,2026-10-15,45,business,,,21900.0,False,20:00,ok,2026-09-01T04:25:21.702844+05:30,2026-09-01_0425IST,airline_direct,IndiGo
DEL,BOM,6E,IndiGo,6E 303,2026-10-15,45,economy,,,6431.0,False,20:00,ok,2026-09-01T04:25:21.702844+05:30,2026-09-01_0425IST,airline_direct,IndiGo
DEL,BOM,6E,IndiGo,6E 853,2026-10-15,45,business,,,21900.0,False,20:45,ok,2026-09-01T04:25:21.702844+05:30,2026-09-01_0425IST,airline_direct,IndiGo
DEL,BOM,6E,IndiGo,6E 853,2026-10-15,45,economy,,,6431.0,False,20:45,ok,2026-09-01T04:25:21.702844+05:30,2026-09-01_0425IST,airline_direct,IndiGo
DEL,BOM,6E,IndiGo,6E 395,2026-10-15,45,business,,,21900.0,False,21:45,ok,2026-09-01T04:25:21.702844+05:30,2026-09-01_0425IST,airline_direct,IndiGo
DEL,BOM,6E,IndiGo,6E 395,2026-10-15,45,economy,,,6431.0,False,21:45,ok,2026-09-01T04:25:21.702844+05:30,2026-09-01_0425IST,airline_direct,IndiGo
DEL,BOM,6E,IndiGo,6E 6114,2026-10-15,45,business,,,21900.0,False,22:45,ok,2026-09-01T04:25:21.702844+05:30,2026-09-01_0425IST,airline_direct,IndiGo
DEL,BOM,6E,IndiGo,6E 6114,2026-10-15,45,economy,,,6431.0,False,22:45,ok,2026-09-01T04:25:21.702844+05:30,2026-09-01_0425IST,airline_direct,IndiGo
DEL,BOM,6E,IndiGo,6E 5119,2026-10-15,45,economy,,,6179.0,False,05:10,ok,2026-09-01T04:25:21.702844+05:30,2026-09-01_0425IST,airline_direct,IndiGo
DEL,BOM,6E,IndiGo,6E 5119,2026-10-15,45,economy,,,6179.0,False,05:10,ok,2026-09-01T04:25:21.702844+05:30,2026-09-01_0425IST,airline_direct,IndiGo
DEL,BOM,6E,IndiGo,6E 6171,2026-10-15,45,economy,,,6179.0,False,05:40,ok,2026-09-01T04:25:21.702844+05:30,2026-09-01_0425IST,airline_direct,IndiGo
DEL,BOM,6E,IndiGo,6E 6454,2026-10-15,45,economy,,,6179.0,False,13:50,ok,2026-09-01T04:25:21.702844+05:30,2026-09-01_0425IST,airline_direct,IndiGo
DEL,BOM,6E,IndiGo,6E 6983,2026-10-15,45,economy,,,6179.0,False,15:35,ok,2026-09-01T04:25:21.702844+05:30,2026-09-01_0425IST,airline_direct,IndiGo
DEL,BOM,6E,IndiGo,6E 2013,2026-10-15,45,economy,,,6179.0,False,21:50,ok,2026-09-01T04:25:21.702844+05:30,2026-09-01_0425IST,airline_direct,IndiGo
DEL,BOM,6E,IndiGo,6E 6569,2026-10-15,45,economy,,,6310.0,False,05:00,ok,2026-09-01T04:25:21.702844+05:30,2026-09-01_0425IST,airline_direct,IndiGo
DEL,BOM,6E,IndiGo,6E 2249,2026-10-15,45,economy,,,6310.0,False,15:00,ok,2026-09-01T04:25:21.702844+05:30,2026-09-01_0425IST,airline_direct,IndiGo
DEL,BOM,6E,IndiGo,6E 2113,2026-10-15,45,economy,,,6389.0,False,13:20,ok,2026-09-01T04:25:21.702844+05:30,2026-09-01_0425IST,airline_direct,IndiGo
DEL,BOM,6E,IndiGo,6E 758,2026-10-15,45,economy,,,6389.0,False,16:30,ok,2026-09-01T04:25:21.702844+05:30,2026-09-01_0425IST,airline_direct,IndiGo
DEL,BOM,6E,IndiGo,6E 6479,2026-10-15,45,economy,,,6389.0,False,21:25,ok,2026-09-01T04:25:21.702844+05:30,2026-09-01_0425IST,airline_direct,IndiGo
DEL,BOM,6E,IndiGo,6E 6026,2026-10-15,45,business,,,29617.0,False,05:30,ok,2026-09-01T04:25:21.702844+05:30,2026-09-01_0425IST,airline_direct,IndiGo
DEL,BOM,6E,IndiGo,6E 6026,2026-10-15,45,economy,,,6520.0,False,05:30,ok,2026-09-01T04:25:21.702844+05:30,2026-09-01_0425IST,airline_direct,IndiGo
DEL,BOM,6E,IndiGo,6E 705,2026-10-15,45,business,,,29617.0,False,08:30,ok,2026-09-01T04:25:21.702844+05:30,2026-09-01_0425IST,airline_direct,IndiGo
DEL,BOM,6E,IndiGo,6E 705,2026-10-15,45,economy,,,6520.0,False,08:30,ok,2026-09-01T04:25:21.702844+05:30,2026-09-01_0425IST,airline_direct,IndiGo
DEL,BOM,6E,IndiGo,6E 6261,2026-10-15,45,economy,,,6659.0,False,00:15,ok,2026-09-01T04:25:21.702844+05:30,2026-09-01_0425IST,airline_direct,IndiGo
DEL,BOM,6E,IndiGo,6E 2076,2026-10-15,45,economy,,,6659.0,False,07:30,ok,2026-09-01T04:25:21.702844+05:30,2026-09-01_0425IST,airline_direct,IndiGo
DEL,BOM,6E,IndiGo,6E 2331,2026-10-15,45,economy,,,6659.0,False,12:20,ok,2026-09-01T04:25:21.702844+05:30,2026-09-01_0425IST,airline_direct,IndiGo
DEL,BOM,6E,IndiGo,6E 2341,2026-10-15,45,economy,,,6659.0,False,14:50,ok,2026-09-01T04:25:21.702844+05:30,2026-09-01_0425IST,airline_direct,IndiGo
DEL,BOM,6E,IndiGo,6E 5073,2026-10-15,45,economy,,,6659.0,False,17:05,ok,2026-09-01T04:25:21.702844+05:30,2026-09-01_0425IST,airline_direct,IndiGo
DEL,BOM,6E,IndiGo,6E 5073,2026-10-15,45,economy,,,6659.0,False,17:05,ok,2026-09-01T04:25:21.702844+05:30,2026-09-01_0425IST,airline_direct,IndiGo
DEL,BOM,6E,IndiGo,6E 5014,2026-10-15,45,economy,,,6659.0,False,18:30,ok,2026-09-01T04:25:21.702844+05:30,2026-09-01_0425IST,airline_direct,IndiGo
DEL,BOM,6E,IndiGo,6E 931,2026-10-15,45,economy,,,6659.0,False,19:30,ok,2026-09-01T04:25:21.702844+05:30,2026-09-01_0425IST,airline_direct,IndiGo
DEL,BOM,6E,IndiGo,6E 6459,2026-10-15,45,economy,,,6791.0,False,05:55,ok,2026-09-01T04:25:21.702844+05:30,2026-09-01_0425IST,airline_direct,IndiGo
DEL,BOM,6E,IndiGo,6E 6443,2026-10-15,45,economy,,,6791.0,False,09:00,ok,2026-09-01T04:25:21.702844+05:30,2026-09-01_0425IST,airline_direct,IndiGo
DEL,BOM,6E,IndiGo,6E 6488,2026-10-15,45,economy,,,6791.0,False,11:20,ok,2026-09-01T04:25:21.702844+05:30,2026-09-01_0425IST,airline_direct,IndiGo
DEL,BOM,6E,IndiGo,6E 6433,2026-10-15,45,economy,,,6791.0,False,16:30,ok,2026-09-01T04:25:21.702844+05:30,2026-09-01_0425IST,airline_direct,IndiGo
DEL,BOM,6E,IndiGo,6E 6829,2026-10-15,45,economy,,,6791.0,False,17:20,ok,2026-09-01T04:25:21.702844+05:30,2026-09-01_0425IST,airline_direct,IndiGo
DEL,BOM,6E,IndiGo,6E 6829,2026-10-15,45,economy,,,6791.0,False,17:20,ok,2026-09-01T04:25:21.702844+05:30,2026-09-01_0425IST,airline_direct,IndiGo
DEL,BOM,6E,IndiGo,6E 5138,2026-10-15,45,economy,,,6791.0,False,19:10,ok,2026-09-01T04:25:21.702844+05:30,2026-09-01_0425IST,airline_direct,IndiGo
DEL,BOM,6E,IndiGo,6E 2169,2026-10-15,45,economy,,,6791.0,False,19:40,ok,2026-09-01T04:25:21.702844+05:30,2026-09-01_0425IST,airline_direct,IndiGo
DEL,BOM,6E,IndiGo,6E 6050,2026-10-15,45,economy,,,7397.0,False,08:15,ok,2026-09-01T04:25:21.702844+05:30,2026-09-01_0425IST,airline_direct,IndiGo
DEL,BOM,6E,IndiGo,6E 5038,2026-10-15,45,economy,,,7397.0,False,14:00,ok,2026-09-01T04:25:21.702844+05:30,2026-09-01_0425IST,airline_direct,IndiGo
DEL,BOM,6E,IndiGo,6E 704,2026-10-15,45,business,,,29617.0,False,02:25,ok,2026-09-01T04:25:21.702844+05:30,2026-09-01_0425IST,airline_direct,IndiGo
DEL,BOM,6E,IndiGo,6E 704,2026-10-15,45,economy,,,7528.0,False,02:25,ok,2026-09-01T04:25:21.702844+05:30,2026-09-01_0425IST,airline_direct,IndiGo
DEL,BOM,6E,IndiGo,6E 6293,2026-10-15,45,business,,,29617.0,False,09:55,ok,2026-09-01T04:25:21.702844+05:30,2026-09-01_0425IST,airline_direct,IndiGo
DEL,BOM,6E,IndiGo,6E 6293,2026-10-15,45,economy,,,7528.0,False,09:55,ok,2026-09-01T04:25:21.702844+05:30,2026-09-01_0425IST,airline_direct,IndiGo
DEL,BOM,6E,IndiGo,6E 2381,2026-10-15,45,economy,,,7528.0,False,13:45,ok,2026-09-01T04:25:21.702844+05:30,2026-09-01_0425IST,airline_direct,IndiGo
DEL,BOM,6E,IndiGo,6E 882,2026-10-15,45,economy,,,7528.0,False,23:15,ok,2026-09-01T04:25:21.702844+05:30,2026-09-01_0425IST,airline_direct,IndiGo
DEL,BOM,6E,IndiGo,6E 6282,2026-10-15,45,business,,,29617.0,False,13:30,ok,2026-09-01T04:25:21.702844+05:30,2026-09-01_0425IST,airline_direct,IndiGo
DEL,BOM,6E,IndiGo,6E 6282,2026-10-15,45,economy,,,8108.0,False,13:30,ok,2026-09-01T04:25:21.702844+05:30,2026-09-01_0425IST,airline_direct,IndiGo
DEL,BOM,6E,IndiGo,6E 6212,2026-10-15,45,business,,,29617.0,False,14:45,ok,2026-09-01T04:25:21.702844+05:30,2026-09-01_0425IST,airline_direct,IndiGo
DEL,BOM,6E,IndiGo,6E 6212,2026-10-15,45,economy,,,8108.0,False,14:45,ok,2026-09-01T04:25:21.702844+05:30,2026-09-01_0425IST,airline_direct,IndiGo
DEL,BOM,6E,IndiGo,6E 6497,2026-10-15,45,economy,,,8108.0,False,18:40,ok,2026-09-01T04:25:21.702844+05:30,2026-09-01_0425IST,airline_direct,IndiGo
DEL,BOM,6E,IndiGo,6E 6601,2026-10-15,45,business,,,29617.0,False,19:45,ok,2026-09-01T04:25:21.702844+05:30,2026-09-01_0425IST,airline_direct,IndiGo
DEL,BOM,6E,IndiGo,6E 6601,2026-10-15,45,economy,,,8746.0,False,19:45,ok,2026-09-01T04:25:21.702844+05:30,2026-09-01_0425IST,airline_direct,IndiGo
DEL,BOM,6E,IndiGo,6E 2349,2026-10-15,45,economy,,,9178.0,False,10:55,ok,2026-09-01T04:25:21.702844+05:30,2026-09-01_0425IST,airline_direct,IndiGo
DEL,BOM,6E,IndiGo,6E 5298,2026-10-15,45,economy,,,9316.0,False,09:00,ok,2026-09-01T04:25:21.702844+05:30,2026-09-01_0425IST,airline_direct,IndiGo
DEL,BOM,6E,IndiGo,6E 358,2026-10-15,45,economy,,,9331.0,False,12:10,ok,2026-09-01T04:25:21.702844+05:30,2026-09-01_0425IST,airline_direct,IndiGo
DEL,BOM,6E,IndiGo,6E 357,2026-10-15,45,business,,,35047.0,False,19:30,ok,2026-09-01T04:25:21.702844+05:30,2026-09-01_0425IST,airline_direct,IndiGo
DEL,BOM,6E,IndiGo,6E 357,2026-10-15,45,economy,,,9331.0,False,19:30,ok,2026-09-01T04:25:21.702844+05:30,2026-09-01_0425IST,airline_direct,IndiGo
DEL,BOM,6E,IndiGo,6E 2496,2026-10-15,45,economy,,,10533.0,False,12:40,ok,2026-09-01T04:25:21.702844+05:30,2026-09-01_0425IST,airline_direct,IndiGo
DEL,BOM,6E,IndiGo,6E 717,2026-10-15,45,business,,,29617.0,False,17:55,ok,2026-09-01T04:25:21.702844+05:30,2026-09-01_0425IST,airline_direct,IndiGo
DEL,BOM,6E,IndiGo,6E 717,2026-10-15,45,economy,,,13021.0,False,17:55,ok,2026-09-01T04:25:21.702844+05:30,2026-09-01_0425IST,airline_direct,IndiGo
DEL,BLR,6E,IndiGo,6E 6054,2026-10-15,45,business,,,26048.0,False,01:05,ok,2026-09-01T04:26:32.605795+05:30,2026-09-01_0426IST,airline_direct,IndiGo
DEL,BLR,6E,IndiGo,6E 6054,2026-10-15,45,economy,,,9890.0,False,01:05,ok,2026-09-01T04:26:32.605795+05:30,2026-09-01_0426IST,airline_direct,IndiGo
DEL,BLR,6E,IndiGo,6E 820,2026-10-15,45,business,,,26048.0,False,03:00,ok,2026-09-01T04:26:32.605795+05:30,2026-09-01_0426IST,airline_direct,IndiGo
DEL,BLR,6E,IndiGo,6E 820,2026-10-15,45,economy,,,9890.0,False,03:00,ok,2026-09-01T04:26:32.605795+05:30,2026-09-01_0426IST,airline_direct,IndiGo
DEL,BLR,6E,IndiGo,6E 2314,2026-10-15,45,business,,,26048.0,False,05:45,ok,2026-09-01T04:26:32.605795+05:30,2026-09-01_0426IST,airline_direct,IndiGo
DEL,BLR,6E,IndiGo,6E 2314,2026-10-15,45,economy,,,9890.0,False,05:45,ok,2026-09-01T04:26:32.605795+05:30,2026-09-01_0426IST,airline_direct,IndiGo
DEL,BLR,6E,IndiGo,6E 810,2026-10-15,45,business,,,26048.0,False,07:05,ok,2026-09-01T04:26:32.605795+05:30,2026-09-01_0426IST,airline_direct,IndiGo
DEL,BLR,6E,IndiGo,6E 810,2026-10-15,45,economy,,,9890.0,False,07:05,ok,2026-09-01T04:26:32.605795+05:30,2026-09-01_0426IST,airline_direct,IndiGo
DEL,BLR,6E,IndiGo,6E 873,2026-10-15,45,business,,,26048.0,False,08:20,ok,2026-09-01T04:26:32.605795+05:30,2026-09-01_0426IST,airline_direct,IndiGo
DEL,BLR,6E,IndiGo,6E 873,2026-10-15,45,economy,,,9890.0,False,08:20,ok,2026-09-01T04:26:32.605795+05:30,2026-09-01_0426IST,airline_direct,IndiGo
DEL,BLR,6E,IndiGo,6E 826,2026-10-15,45,business,,,26048.0,False,09:30,ok,2026-09-01T04:26:32.605795+05:30,2026-09-01_0426IST,airline_direct,IndiGo
DEL,BLR,6E,IndiGo,6E 826,2026-10-15,45,economy,,,9890.0,False,09:30,ok,2026-09-01T04:26:32.605795+05:30,2026-09-01_0426IST,airline_direct,IndiGo
DEL,BLR,6E,IndiGo,6E 842,2026-10-15,45,business,,,26048.0,False,10:45,ok,2026-09-01T04:26:32.605795+05:30,2026-09-01_0426IST,airline_direct,IndiGo
DEL,BLR,6E,IndiGo,6E 842,2026-10-15,45,economy,,,9890.0,False,10:45,ok,2026-09-01T04:26:32.605795+05:30,2026-09-01_0426IST,airline_direct,IndiGo
DEL,BLR,6E,IndiGo,6E 850,2026-10-15,45,business,,,26048.0,False,12:15,ok,2026-09-01T04:26:32.605795+05:30,2026-09-01_0426IST,airline_direct,IndiGo
DEL,BLR,6E,IndiGo,6E 850,2026-10-15,45,economy,,,9890.0,False,12:15,ok,2026-09-01T04:26:32.605795+05:30,2026-09-01_0426IST,airline_direct,IndiGo
DEL,BLR,6E,IndiGo,6E 176,2026-10-15,45,business,,,26048.0,False,13:15,ok,2026-09-01T04:26:32.605795+05:30,2026-09-01_0426IST,airline_direct,IndiGo
DEL,BLR,6E,IndiGo,6E 176,2026-10-15,45,economy,,,9890.0,False,13:15,ok,2026-09-01T04:26:32.605795+05:30,2026-09-01_0426IST,airline_direct,IndiGo
DEL,BLR,6E,IndiGo,6E 828,2026-10-15,45,business,,,26048.0,False,14:30,ok,2026-09-01T04:26:32.605795+05:30,2026-09-01_0426IST,airline_direct,IndiGo
DEL,BLR,6E,IndiGo,6E 828,2026-10-15,45,economy,,,9890.0,False,14:30,ok,2026-09-01T04:26:32.605795+05:30,2026-09-01_0426IST,airline_direct,IndiGo
DEL,BLR,6E,IndiGo,6E 880,2026-10-15,45,business,,,26048.0,False,15:45,ok,2026-09-01T04:26:32.605795+05:30,2026-09-01_0426IST,airline_direct,IndiGo
DEL,BLR,6E,IndiGo,6E 880,2026-10-15,45,economy,,,9890.0,False,15:45,ok,2026-09-01T04:26:32.605795+05:30,2026-09-01_0426IST,airline_direct,IndiGo
DEL,BLR,6E,IndiGo,6E 837,2026-10-15,45,business,,,26048.0,False,17:00,ok,2026-09-01T04:26:32.605795+05:30,2026-09-01_0426IST,airline_direct,IndiGo
DEL,BLR,6E,IndiGo,6E 837,2026-10-15,45,economy,,,9890.0,False,17:00,ok,2026-09-01T04:26:32.605795+05:30,2026-09-01_0426IST,airline_direct,IndiGo
DEL,BLR,6E,IndiGo,6E 811,2026-10-15,45,business,,,26048.0,False,18:20,ok,2026-09-01T04:26:32.605795+05:30,2026-09-01_0426IST,airline_direct,IndiGo
DEL,BLR,6E,IndiGo,6E 811,2026-10-15,45,economy,,,9890.0,False,18:20,ok,2026-09-01T04:26:32.605795+05:30,2026-09-01_0426IST,airline_direct,IndiGo
DEL,BLR,6E,IndiGo,6E 861,2026-10-15,45,business,,,26048.0,False,19:30,ok,2026-09-01T04:26:32.605795+05:30,2026-09-01_0426IST,airline_direct,IndiGo
DEL,BLR,6E,IndiGo,6E 861,2026-10-15,45,economy,,,9890.0,False,19:30,ok,2026-09-01T04:26:32.605795+05:30,2026-09-01_0426IST,airline_direct,IndiGo
DEL,BLR,6E,IndiGo,6E 6515,2026-10-15,45,business,,,26048.0,False,20:45,ok,2026-09-01T04:26:32.605795+05:30,2026-09-01_0426IST,airline_direct,IndiGo
DEL,BLR,6E,IndiGo,6E 6515,2026-10-15,45,economy,,,9890.0,False,20:45,ok,2026-09-01T04:26:32.605795+05:30,2026-09-01_0426IST,airline_direct,IndiGo
DEL,BLR,6E,IndiGo,6E 846,2026-10-15,45,business,,,26048.0,False,22:00,ok,2026-09-01T04:26:32.605795+05:30,2026-09-01_0426IST,airline_direct,IndiGo
DEL,BLR,6E,IndiGo,6E 846,2026-10-15,45,economy,,,9890.0,False,22:00,ok,2026-09-01T04:26:32.605795+05:30,2026-09-01_0426IST,airline_direct,IndiGo
DEL,BLR,6E,IndiGo,6E 871,2026-10-15,45,business,,,26048.0,False,23:30,ok,2026-09-01T04:26:32.605795+05:30,2026-09-01_0426IST,airline_direct,IndiGo
DEL,BLR,6E,IndiGo,6E 871,2026-10-15,45,economy,,,9890.0,False,23:30,ok,2026-09-01T04:26:32.605795+05:30,2026-09-01_0426IST,airline_direct,IndiGo
DEL,BLR,6E,IndiGo,6E 2150,2026-10-15,45,business,,,32716.0,False,16:55,ok,2026-09-01T04:26:32.605795+05:30,2026-09-01_0426IST,airline_direct,IndiGo
DEL,BLR,6E,IndiGo,6E 2150,2026-10-15,45,economy,,,8765.0,False,16:55,ok,2026-09-01T04:26:32.605795+05:30,2026-09-01_0426IST,airline_direct,IndiGo
DEL,BLR,6E,IndiGo,6E 357,2026-10-15,45,business,,,32716.0,False,19:30,ok,2026-09-01T04:26:32.605795+05:30,2026-09-01_0426IST,airline_direct,IndiGo
DEL,BLR,6E,IndiGo,6E 357,2026-10-15,45,economy,,,8765.0,False,19:30,ok,2026-09-01T04:26:32.605795+05:30,2026-09-01_0426IST,airline_direct,IndiGo
DEL,BLR,6E,IndiGo,6E 6476,2026-10-15,45,economy,,,9089.0,False,07:05,ok,2026-09-01T04:26:32.605795+05:30,2026-09-01_0426IST,airline_direct,IndiGo
DEL,BLR,6E,IndiGo,6E 2319,2026-10-15,45,economy,,,9089.0,False,09:55,ok,2026-09-01T04:26:32.605795+05:30,2026-09-01_0426IST,airline_direct,IndiGo
DEL,BLR,6E,IndiGo,6E 2147,2026-10-15,45,economy,,,9089.0,False,11:10,ok,2026-09-01T04:26:32.605795+05:30,2026-09-01_0426IST,airline_direct,IndiGo
DEL,BLR,6E,IndiGo,6E 2277,2026-10-15,45,business,,,32716.0,False,10:25,ok,2026-09-01T04:26:32.605795+05:30,2026-09-01_0426IST,airline_direct,IndiGo
DEL,BLR,6E,IndiGo,6E 2277,2026-10-15,45,economy,,,9276.0,False,10:25,ok,2026-09-01T04:26:32.605795+05:30,2026-09-01_0426IST,airline_direct,IndiGo
DEL,BLR,6E,IndiGo,6E 358,2026-10-15,45,business,,,33778.0,False,12:10,ok,2026-09-01T04:26:32.605795+05:30,2026-09-01_0426IST,airline_direct,IndiGo
DEL,BLR,6E,IndiGo,6E 358,2026-10-15,45,economy,,,9568.0,False,12:10,ok,2026-09-01T04:26:32.605795+05:30,2026-09-01_0426IST,airline_direct,IndiGo
DEL,BLR,6E,IndiGo,6E 6217,2026-10-15,45,business,,,24542.0,False,16:15,ok,2026-09-01T04:26:32.605795+05:30,2026-09-01_0426IST,airline_direct,IndiGo
DEL,BLR,6E,IndiGo,6E 6217,2026-10-15,45,economy,,,9777.0,False,16:15,ok,2026-09-01T04:26:32.605795+05:30,2026-09-01_0426IST,airline_direct,IndiGo
DEL,BLR,6E,IndiGo,6E 6456,2026-10-15,45,economy,,,9789.0,False,17:30,ok,2026-09-01T04:26:32.605795+05:30,2026-09-01_0426IST,airline_direct,IndiGo
DEL,BLR,6E,IndiGo,6E 5119,2026-10-15,45,economy,,,9915.0,False,05:10,ok,2026-09-01T04:26:32.605795+05:30,2026-09-01_0426IST,airline_direct,IndiGo
DEL,BLR,6E,IndiGo,6E 704,2026-10-15,45,business,,,24908.0,False,02:25,ok,2026-09-01T04:26:32.605795+05:30,2026-09-01_0426IST,airline_direct,IndiGo
DEL,BLR,6E,IndiGo,6E 704,2026-10-15,45,economy,,,10042.0,False,02:25,ok,2026-09-01T04:26:32.605795+05:30,2026-09-01_0426IST,airline_direct,IndiGo
DEL,BLR,6E,IndiGo,6E 704,2026-10-15,45,business,,,24908.0,False,02:25,ok,2026-09-01T04:26:32.605795+05:30,2026-09-01_0426IST,airline_direct,IndiGo
DEL,BLR,6E,IndiGo,6E 704,2026-10-15,45,economy,,,10042.0,False,02:25,ok,2026-09-01T04:26:32.605795+05:30,2026-09-01_0426IST,airline_direct,IndiGo
DEL,BLR,6E,IndiGo,6E 6293,2026-10-15,45,business,,,24908.0,False,09:55,ok,2026-09-01T04:26:32.605795+05:30,2026-09-01_0426IST,airline_direct,IndiGo
DEL,BLR,6E,IndiGo,6E 6293,2026-10-15,45,economy,,,10042.0,False,09:55,ok,2026-09-01T04:26:32.605795+05:30,2026-09-01_0426IST,airline_direct,IndiGo
DEL,BLR,6E,IndiGo,6E 884,2026-10-15,45,business,,,25312.0,False,11:45,ok,2026-09-01T04:26:32.605795+05:30,2026-09-01_0426IST,airline_direct,IndiGo
DEL,BLR,6E,IndiGo,6E 884,2026-10-15,45,economy,,,10225.0,False,11:45,ok,2026-09-01T04:26:32.605795+05:30,2026-09-01_0426IST,airline_direct,IndiGo
DEL,BLR,6E,IndiGo,6E 6212,2026-10-15,45,business,,,25312.0,False,14:45,ok,2026-09-01T04:26:32.605795+05:30,2026-09-01_0426IST,airline_direct,IndiGo
DEL,BLR,6E,IndiGo,6E 6212,2026-10-15,45,economy,,,10225.0,False,14:45,ok,2026-09-01T04:26:32.605795+05:30,2026-09-01_0426IST,airline_direct,IndiGo
DEL,BLR,6E,IndiGo,6E 758,2026-10-15,45,economy,,,10225.0,False,16:30,ok,2026-09-01T04:26:32.605795+05:30,2026-09-01_0426IST,airline_direct,IndiGo
DEL,BLR,6E,IndiGo,6E 6601,2026-10-15,45,business,,,24908.0,False,19:45,ok,2026-09-01T04:26:32.605795+05:30,2026-09-01_0426IST,airline_direct,IndiGo
DEL,BLR,6E,IndiGo,6E 6601,2026-10-15,45,economy,,,10225.0,False,19:45,ok,2026-09-01T04:26:32.605795+05:30,2026-09-01_0426IST,airline_direct,IndiGo
DEL,BLR,6E,IndiGo,6E 2343,2026-10-15,45,business,,,28186.0,False,02:20,ok,2026-09-01T04:26:32.605795+05:30,2026-09-01_0426IST,airline_direct,IndiGo
DEL,BLR,6E,IndiGo,6E 2343,2026-10-15,45,economy,,,10357.0,False,02:20,ok,2026-09-01T04:26:32.605795+05:30,2026-09-01_0426IST,airline_direct,IndiGo
DEL,BLR,6E,IndiGo,6E 6569,2026-10-15,45,economy,,,10357.0,False,05:00,ok,2026-09-01T04:26:32.605795+05:30,2026-09-01_0426IST,airline_direct,IndiGo
DEL,BLR,6E,IndiGo,6E 6459,2026-10-15,45,economy,,,10357.0,False,05:55,ok,2026-09-01T04:26:32.605795+05:30,2026-09-01_0426IST,airline_direct,IndiGo
DEL,BLR,6E,IndiGo,6E 6488,2026-10-15,45,economy,,,10357.0,False,11:20,ok,2026-09-01T04:26:32.605795+05:30,2026-09-01_0426IST,airline_direct,IndiGo
DEL,BLR,6E,IndiGo,6E 2361,2026-10-15,45,economy,,,10357.0,False,14:35,ok,2026-09-01T04:26:32.605795+05:30,2026-09-01_0426IST,airline_direct,IndiGo
DEL,BLR,6E,IndiGo,6E 990,2026-10-15,45,economy,,,10357.0,False,14:50,ok,2026-09-01T04:26:32.605795+05:30,2026-09-01_0426IST,airline_direct,IndiGo
DEL,BLR,6E,IndiGo,6E 2557,2026-10-15,45,economy,,,10357.0,False,15:20,ok,2026-09-01T04:26:32.605795+05:30,2026-09-01_0426IST,airline_direct,IndiGo
DEL,BLR,6E,IndiGo,6E 864,2026-10-15,45,business,,,34636.0,False,15:30,ok,2026-09-01T04:26:32.605795+05:30,2026-09-01_0426IST,airline_direct,IndiGo
DEL,BLR,6E,IndiGo,6E 864,2026-10-15,45,economy,,,10357.0,False,15:30,ok,2026-09-01T04:26:32.605795+05:30,2026-09-01_0426IST,airline_direct,IndiGo
DEL,BLR,6E,IndiGo,6E 734,2026-10-15,45,economy,,,10357.0,False,16:20,ok,2026-09-01T04:26:32.605795+05:30,2026-09-01_0426IST,airline_direct,IndiGo
DEL,BLR,6E,IndiGo,6E 6437,2026-10-15,45,business,,,28646.0,False,16:25,ok,2026-09-01T04:26:32.605795+05:30,2026-09-01_0426IST,airline_direct,IndiGo
DEL,BLR,6E,IndiGo,6E 6437,2026-10-15,45,economy,,,10357.0,False,16:25,ok,2026-09-01T04:26:32.605795+05:30,2026-09-01_0426IST,airline_direct,IndiGo
DEL,BLR,6E,IndiGo,6E 5073,2026-10-15,45,economy,,,10357.0,False,17:05,ok,2026-09-01T04:26:32.605795+05:30,2026-09-01_0426IST,airline_direct,IndiGo
DEL,BLR,6E,IndiGo,6E 329,2026-10-15,45,business,,,34636.0,False,18:00,ok,2026-09-01T04:26:32.605795+05:30,2026-09-01_0426IST,airline_direct,IndiGo
DEL,BLR,6E,IndiGo,6E 329,2026-10-15,45,economy,,,10357.0,False,18:00,ok,2026-09-01T04:26:32.605795+05:30,2026-09-01_0426IST,airline_direct,IndiGo
DEL,BLR,6E,IndiGo,6E 6179,2026-10-15,45,economy,,,10357.0,False,18:30,ok,2026-09-01T04:26:32.605795+05:30,2026-09-01_0426IST,airline_direct,IndiGo
DEL,BLR,6E,IndiGo,6E 931,2026-10-15,45,economy,,,10357.0,False,19:30,ok,2026-09-01T04:26:32.605795+05:30,2026-09-01_0426IST,airline_direct,IndiGo
DEL,BLR,6E,IndiGo,6E 6673,2026-10-15,45,business,,,28646.0,False,21:15,ok,2026-09-01T04:26:32.605795+05:30,2026-09-01_0426IST,airline_direct,IndiGo
DEL,BLR,6E,IndiGo,6E 6673,2026-10-15,45,economy,,,10357.0,False,21:15,ok,2026-09-01T04:26:32.605795+05:30,2026-09-01_0426IST,airline_direct,IndiGo
DEL,BLR,6E,IndiGo,6E 2618,2026-10-15,45,business,,,28646.0,False,23:00,ok,2026-09-01T04:26:32.605795+05:30,2026-09-01_0426IST,airline_direct,IndiGo
DEL,BLR,6E,IndiGo,6E 2618,2026-10-15,45,economy,,,10357.0,False,23:00,ok,2026-09-01T04:26:32.605795+05:30,2026-09-01_0426IST,airline_direct,IndiGo
DEL,BLR,6E,IndiGo,6E 933,2026-10-15,45,economy,,,10435.0,False,02:55,ok,2026-09-01T04:26:32.605795+05:30,2026-09-01_0426IST,airline_direct,IndiGo
DEL,BLR,6E,IndiGo,6E 6115,2026-10-15,45,economy,,,10435.0,False,13:10,ok,2026-09-01T04:26:32.605795+05:30,2026-09-01_0426IST,airline_direct,IndiGo
DEL,BLR,6E,IndiGo,6E 6091,2026-10-15,45,economy,,,10435.0,False,15:15,ok,2026-09-01T04:26:32.605795+05:30,2026-09-01_0426IST,airline_direct,IndiGo
DEL,BLR,6E,IndiGo,6E 947,2026-10-15,45,economy,,,10435.0,False,16:40,ok,2026-09-01T04:26:32.605795+05:30,2026-09-01_0426IST,airline_direct,IndiGo
DEL,BLR,6E,IndiGo,6E 950,2026-10-15,45,economy,,,10435.0,False,18:15,ok,2026-09-01T04:26:32.605795+05:30,2026-09-01_0426IST,airline_direct,IndiGo
DEL,BLR,6E,IndiGo,6E 5033,2026-10-15,45,economy,,,10469.0,False,15:50,ok,2026-09-01T04:26:32.605795+05:30,2026-09-01_0426IST,airline_direct,IndiGo
DEL,BLR,6E,IndiGo,6E 2769,2026-10-15,45,economy,,,10567.0,False,08:10,ok,2026-09-01T04:26:32.605795+05:30,2026-09-01_0426IST,airline_direct,IndiGo
DEL,BLR,6E,IndiGo,6E 6497,2026-10-15,45,economy,,,10567.0,False,18:40,ok,2026-09-01T04:26:32.605795+05:30,2026-09-01_0426IST,airline_direct,IndiGo
DEL,BLR,6E,IndiGo,6E 2482,2026-10-15,45,economy,,,10567.0,False,19:55,ok,2026-09-01T04:26:32.605795+05:30,2026-09-01_0426IST,airline_direct,IndiGo
DEL,BLR,6E,IndiGo,6E 754,2026-10-15,45,economy,,,10593.0,False,17:10,ok,2026-09-01T04:26:32.605795+05:30,2026-09-01_0426IST,airline_direct,IndiGo
DEL,BLR,6E,IndiGo,6E 717,2026-10-15,45,business,,,24542.0,False,17:55,ok,2026-09-01T04:26:32.605795+05:30,2026-09-01_0426IST,airline_direct,IndiGo
DEL,BLR,6E,IndiGo,6E 717,2026-10-15,45,economy,,,11007.0,False,17:55,ok,2026-09-01T04:26:32.605795+05:30,2026-09-01_0426IST,airline_direct,IndiGo
DEL,BLR,6E,IndiGo,6E 5038,2026-10-15,45,economy,,,11217.0,False,14:00,ok,2026-09-01T04:26:32.605795+05:30,2026-09-01_0426IST,airline_direct,IndiGo
DEL,BLR,6E,IndiGo,6E 6632,2026-10-15,45,economy,,,18848.0,False,17:50,ok,2026-09-01T04:26:32.605795+05:30,2026-09-01_0426IST,airline_direct,IndiGo
DEL,BLR,6E,IndiGo,6E 5191,2026-10-15,45,business,,,33287.0,False,05:00,ok,2026-09-01T04:26:32.605795+05:30,2026-09-01_0426IST,airline_direct,IndiGo
DEL,BLR,6E,IndiGo,6E 5191,2026-10-15,45,economy,,,23191.0,False,05:00,ok,2026-09-01T04:26:32.605795+05:30,2026-09-01_0426IST,airline_direct,IndiGo
DEL,BLR,6E,IndiGo,6E 513,2026-10-15,45,business,,,34113.0,False,08:30,ok,2026-09-01T04:26:32.605795+05:30,2026-09-01_0426IST,airline_direct,IndiGo
DEL,BLR,6E,IndiGo,6E 513,2026-10-15,45,economy,,,23926.0,False,08:30,ok,2026-09-01T04:26:32.605795+05:30,2026-09-01_0426IST,airline_direct,IndiGo
BOM,BLR,6E,IndiGo,6E 5323,2026-10-15,45,business,,,18948.0,False,01:10,ok,2026-09-01T04:27:49.280597+05:30,2026-09-01_0427IST,airline_direct,IndiGo
BOM,BLR,6E,IndiGo,6E 5323,2026-10-15,45,economy,,,6747.0,False,01:10,ok,2026-09-01T04:27:49.280597+05:30,2026-09-01_0427IST,airline_direct,IndiGo
BOM,BLR,6E,IndiGo,6E 5294,2026-10-15,45,business,,,18948.0,False,04:30,ok,2026-09-01T04:27:49.280597+05:30,2026-09-01_0427IST,airline_direct,IndiGo
BOM,BLR,6E,IndiGo,6E 5294,2026-10-15,45,economy,,,6747.0,False,04:30,ok,2026-09-01T04:27:49.280597+05:30,2026-09-01_0427IST,airline_direct,IndiGo
BOM,BLR,6E,IndiGo,6E 5296,2026-10-15,45,business,,,18948.0,False,06:15,ok,2026-09-01T04:27:49.280597+05:30,2026-09-01_0427IST,airline_direct,IndiGo
BOM,BLR,6E,IndiGo,6E 5296,2026-10-15,45,economy,,,6747.0,False,06:15,ok,2026-09-01T04:27:49.280597+05:30,2026-09-01_0427IST,airline_direct,IndiGo
BOM,BLR,6E,IndiGo,6E 5193,2026-10-15,45,business,,,18948.0,False,07:45,ok,2026-09-01T04:27:49.280597+05:30,2026-09-01_0427IST,airline_direct,IndiGo
BOM,BLR,6E,IndiGo,6E 5193,2026-10-15,45,economy,,,6747.0,False,07:45,ok,2026-09-01T04:27:49.280597+05:30,2026-09-01_0427IST,airline_direct,IndiGo
BOM,BLR,6E,IndiGo,6E 5092,2026-10-15,45,business,,,18948.0,False,09:50,ok,2026-09-01T04:27:49.280597+05:30,2026-09-01_0427IST,airline_direct,IndiGo
BOM,BLR,6E,IndiGo,6E 5092,2026-10-15,45,economy,,,6747.0,False,09:50,ok,2026-09-01T04:27:49.280597+05:30,2026-09-01_0427IST,airline_direct,IndiGo
BOM,BLR,6E,IndiGo,6E 5217,2026-10-15,45,business,,,18948.0,False,11:00,ok,2026-09-01T04:27:49.280597+05:30,2026-09-01_0427IST,airline_direct,IndiGo
BOM,BLR,6E,IndiGo,6E 5217,2026-10-15,45,economy,,,6747.0,False,11:00,ok,2026-09-01T04:27:49.280597+05:30,2026-09-01_0427IST,airline_direct,IndiGo
BOM,BLR,6E,IndiGo,6E 5184,2026-10-15,45,business,,,18948.0,False,12:30,ok,2026-09-01T04:27:49.280597+05:30,2026-09-01_0427IST,airline_direct,IndiGo
BOM,BLR,6E,IndiGo,6E 5184,2026-10-15,45,economy,,,6747.0,False,12:30,ok,2026-09-01T04:27:49.280597+05:30,2026-09-01_0427IST,airline_direct,IndiGo
BOM,BLR,6E,IndiGo,6E 5382,2026-10-15,45,business,,,18948.0,False,14:30,ok,2026-09-01T04:27:49.280597+05:30,2026-09-01_0427IST,airline_direct,IndiGo
BOM,BLR,6E,IndiGo,6E 5382,2026-10-15,45,economy,,,6747.0,False,14:30,ok,2026-09-01T04:27:49.280597+05:30,2026-09-01_0427IST,airline_direct,IndiGo
BOM,BLR,6E,IndiGo,6E 5071,2026-10-15,45,business,,,18948.0,False,15:35,ok,2026-09-01T04:27:49.280597+05:30,2026-09-01_0427IST,airline_direct,IndiGo
BOM,BLR,6E,IndiGo,6E 5071,2026-10-15,45,economy,,,6747.0,False,15:35,ok,2026-09-01T04:27:49.280597+05:30,2026-09-01_0427IST,airline_direct,IndiGo
BOM,BLR,6E,IndiGo,6E 5032,2026-10-15,45,business,,,18948.0,False,19:50,ok,2026-09-01T04:27:49.280597+05:30,2026-09-01_0427IST,airline_direct,IndiGo
BOM,BLR,6E,IndiGo,6E 5032,2026-10-15,45,economy,,,6747.0,False,19:50,ok,2026-09-01T04:27:49.280597+05:30,2026-09-01_0427IST,airline_direct,IndiGo
BOM,BLR,6E,IndiGo,6E 5388,2026-10-15,45,business,,,18948.0,False,22:20,ok,2026-09-01T04:27:49.280597+05:30,2026-09-01_0427IST,airline_direct,IndiGo
BOM,BLR,6E,IndiGo,6E 5388,2026-10-15,45,economy,,,6747.0,False,22:20,ok,2026-09-01T04:27:49.280597+05:30,2026-09-01_0427IST,airline_direct,IndiGo
BOM,BLR,6E,IndiGo,6E 5221,2026-10-15,45,business,,,18948.0,False,17:00,ok,2026-09-01T04:27:49.280597+05:30,2026-09-01_0427IST,airline_direct,IndiGo
BOM,BLR,6E,IndiGo,6E 5221,2026-10-15,45,economy,,,7377.0,False,17:00,ok,2026-09-01T04:27:49.280597+05:30,2026-09-01_0427IST,airline_direct,IndiGo
BOM,BLR,6E,IndiGo,6E 5047,2026-10-15,45,business,,,18948.0,False,18:30,ok,2026-09-01T04:27:49.280597+05:30,2026-09-01_0427IST,airline_direct,IndiGo
BOM,BLR,6E,IndiGo,6E 5047,2026-10-15,45,economy,,,7377.0,False,18:30,ok,2026-09-01T04:27:49.280597+05:30,2026-09-01_0427IST,airline_direct,IndiGo
BOM,BLR,6E,IndiGo,6E 6188,2026-10-15,45,business,,,18948.0,False,21:30,ok,2026-09-01T04:27:49.280597+05:30,2026-09-01_0427IST,airline_direct,IndiGo
BOM,BLR,6E,IndiGo,6E 6188,2026-10-15,45,economy,,,7377.0,False,21:30,ok,2026-09-01T04:27:49.280597+05:30,2026-09-01_0427IST,airline_direct,IndiGo
BOM,BLR,6E,IndiGo,6E 6361,2026-10-15,45,economy,,,5995.0,False,05:00,ok,2026-09-01T04:27:49.280597+05:30,2026-09-01_0427IST,airline_direct,IndiGo
BOM,BLR,6E,IndiGo,6E 261,2026-10-15,45,economy,,,5995.0,False,11:20,ok,2026-09-01T04:27:49.280597+05:30,2026-09-01_0427IST,airline_direct,IndiGo
BOM,BLR,6E,IndiGo,6E 5241,2026-10-15,45,economy,,,5995.0,False,16:40,ok,2026-09-01T04:27:49.280597+05:30,2026-09-01_0427IST,airline_direct,IndiGo
BOM,BLR,6E,IndiGo,6E 5241,2026-10-15,45,economy,,,5995.0,False,16:40,ok,2026-09-01T04:27:49.280597+05:30,2026-09-01_0427IST,airline_direct,IndiGo
BOM,BLR,6E,IndiGo,6E 5082,2026-10-15,45,economy,,,6161.0,False,18:05,ok,2026-09-01T04:27:49.280597+05:30,2026-09-01_0427IST,airline_direct,IndiGo
BOM,BLR,6E,IndiGo,6E 230,2026-10-15,45,economy,,,6282.0,False,13:55,ok,2026-09-01T04:27:49.280597+05:30,2026-09-01_0427IST,airline_direct,IndiGo
BOM,BLR,6E,IndiGo,6E 5179,2026-10-15,45,business,,,20036.0,False,02:45,ok,2026-09-01T04:27:49.280597+05:30,2026-09-01_0427IST,airline_direct,IndiGo
BOM,BLR,6E,IndiGo,6E 5179,2026-10-15,45,economy,,,6293.0,False,02:45,ok,2026-09-01T04:27:49.280597+05:30,2026-09-01_0427IST,airline_direct,IndiGo
BOM,BLR,6E,IndiGo,6E 5179,2026-10-15,45,business,,,20036.0,False,02:45,ok,2026-09-01T04:27:49.280597+05:30,2026-09-01_0427IST,airline_direct,IndiGo
BOM,BLR,6E,IndiGo,6E 5179,2026-10-15,45,economy,,,6293.0,False,02:45,ok,2026-09-01T04:27:49.280597+05:30,2026-09-01_0427IST,airline_direct,IndiGo
BOM,BLR,6E,IndiGo,6E 6674,2026-10-15,45,economy,,,6293.0,False,09:05,ok,2026-09-01T04:27:49.280597+05:30,2026-09-01_0427IST,airline_direct,IndiGo
BOM,BLR,6E,IndiGo,6E 5318,2026-10-15,45,business,,,20036.0,False,10:15,ok,2026-09-01T04:27:49.280597+05:30,2026-09-01_0427IST,airline_direct,IndiGo
BOM,BLR,6E,IndiGo,6E 5318,2026-10-15,45,economy,,,6293.0,False,10:15,ok,2026-09-01T04:27:49.280597+05:30,2026-09-01_0427IST,airline_direct,IndiGo
BOM,BLR,6E,IndiGo,6E 5178,2026-10-15,45,business,,,20036.0,False,11:45,ok,2026-09-01T04:27:49.280597+05:30,2026-09-01_0427IST,airline_direct,IndiGo
BOM,BLR,6E,IndiGo,6E 5178,2026-10-15,45,economy,,,6293.0,False,11:45,ok,2026-09-01T04:27:49.280597+05:30,2026-09-01_0427IST,airline_direct,IndiGo
BOM,BLR,6E,IndiGo,6E 5178,2026-10-15,45,business,,,20441.0,False,11:45,ok,2026-09-01T04:27:49.280597+05:30,2026-09-01_0427IST,airline_direct,IndiGo
BOM,BLR,6E,IndiGo,6E 5178,2026-10-15,45,economy,,,6293.0,False,11:45,ok,2026-09-01T04:27:49.280597+05:30,2026-09-01_0427IST,airline_direct,IndiGo
BOM,BLR,6E,IndiGo,6E 5386,2026-10-15,45,business,,,20441.0,False,15:10,ok,2026-09-01T04:27:49.280597+05:30,2026-09-01_0427IST,airline_direct,IndiGo
BOM,BLR,6E,IndiGo,6E 5386,2026-10-15,45,economy,,,6293.0,False,15:10,ok,2026-09-01T04:27:49.280597+05:30,2026-09-01_0427IST,airline_direct,IndiGo
BOM,BLR,6E,IndiGo,6E 5386,2026-10-15,45,business,,,19670.0,False,15:10,ok,2026-09-01T04:27:49.280597+05:30,2026-09-01_0427IST,airline_direct,IndiGo
BOM,BLR,6E,IndiGo,6E 5386,2026-10-15,45,economy,,,6293.0,False,15:10,ok,2026-09-01T04:27:49.280597+05:30,2026-09-01_0427IST,airline_direct,IndiGo
BOM,BLR,6E,IndiGo,6E 5228,2026-10-15,45,business,,,19670.0,False,16:45,ok,2026-09-01T04:27:49.280597+05:30,2026-09-01_0427IST,airline_direct,IndiGo
BOM,BLR,6E,IndiGo,6E 5228,2026-10-15,45,economy,,,6293.0,False,16:45,ok,2026-09-01T04:27:49.280597+05:30,2026-09-01_0427IST,airline_direct,IndiGo
BOM,BLR,6E,IndiGo,6E 5228,2026-10-15,45,business,,,19670.0,False,16:45,ok,2026-09-01T04:27:49.280597+05:30,2026-09-01_0427IST,airline_direct,IndiGo
BOM,BLR,6E,IndiGo,6E 5228,2026-10-15,45,economy,,,6293.0,False,16:45,ok,2026-09-01T04:27:49.280597+05:30,2026-09-01_0427IST,airline_direct,IndiGo
BOM,BLR,6E,IndiGo,6E 6549,2026-10-15,45,economy,,,6293.0,False,18:50,ok,2026-09-01T04:27:49.280597+05:30,2026-09-01_0427IST,airline_direct,IndiGo
BOM,BLR,6E,IndiGo,6E 5326,2026-10-15,45,business,,,20036.0,False,19:40,ok,2026-09-01T04:27:49.280597+05:30,2026-09-01_0427IST,airline_direct,IndiGo
BOM,BLR,6E,IndiGo,6E 5326,2026-10-15,45,economy,,,6293.0,False,19:40,ok,2026-09-01T04:27:49.280597+05:30,2026-09-01_0427IST,airline_direct,IndiGo
BOM,BLR,6E,IndiGo,6E 5123,2026-10-15,45,economy,,,6424.0,False,14:40,ok,2026-09-01T04:27:49.280597+05:30,2026-09-01_0427IST,airline_direct,IndiGo
BOM,BLR,6E,IndiGo,6E 136,2026-10-15,45,economy,,,6503.0,False,04:05,ok,2026-09-01T04:27:49.280597+05:30,2026-09-01_0427IST,airline_direct,IndiGo
BOM,BLR,6E,IndiGo,6E 136,2026-10-15,45,economy,,,6503.0,False,04:05,ok,2026-09-01T04:27:49.280597+05:30,2026-09-01_0427IST,airline_direct,IndiGo
BOM,BLR,6E,IndiGo,6E 6701,2026-10-15,45,economy,,,6503.0,False,05:35,ok,2026-09-01T04:27:49.280597+05:30,2026-09-01_0427IST,airline_direct,IndiGo
BOM,BLR,6E,IndiGo,6E 5188,2026-10-15,45,economy,,,6503.0,False,06:15,ok,2026-09-01T04:27:49.280597+05:30,2026-09-01_0427IST,airline_direct,IndiGo
BOM,BLR,6E,IndiGo,6E 5109,2026-10-15,45,economy,,,6503.0,False,09:35,ok,2026-09-01T04:27:49.280597+05:30,2026-09-01_0427IST,airline_direct,IndiGo
BOM,BLR,6E,IndiGo,6E 5313,2026-10-15,45,economy,,,6503.0,False,09:50,ok,2026-09-01T04:27:49.280597+05:30,2026-09-01_0427IST,airline_direct,IndiGo
BOM,BLR,6E,IndiGo,6E 6349,2026-10-15,45,economy,,,6503.0,False,11:40,ok,2026-09-01T04:27:49.280597+05:30,2026-09-01_0427IST,airline_direct,IndiGo
BOM,BLR,6E,IndiGo,6E 6349,2026-10-15,45,economy,,,6503.0,False,11:40,ok,2026-09-01T04:27:49.280597+05:30,2026-09-01_0427IST,airline_direct,IndiGo
BOM,BLR,6E,IndiGo,6E 2016,2026-10-15,45,economy,,,6503.0,False,13:35,ok,2026-09-01T04:27:49.280597+05:30,2026-09-01_0427IST,airline_direct,IndiGo
BOM,BLR,6E,IndiGo,6E 5337,2026-10-15,45,economy,,,6503.0,False,13:45,ok,2026-09-01T04:27:49.280597+05:30,2026-09-01_0427IST,airline_direct,IndiGo
BOM,BLR,6E,IndiGo,6E 5337,2026-10-15,45,economy,,,6503.0,False,13:45,ok,2026-09-01T04:27:49.280597+05:30,2026-09-01_0427IST,airline_direct,IndiGo
BOM,BLR,6E,IndiGo,6E 5196,2026-10-15,45,economy,,,6503.0,False,15:25,ok,2026-09-01T04:27:49.280597+05:30,2026-09-01_0427IST,airline_direct,IndiGo
BOM,BLR,6E,IndiGo,6E 240,2026-10-15,45,economy,,,6503.0,False,15:45,ok,2026-09-01T04:27:49.280597+05:30,2026-09-01_0427IST,airline_direct,IndiGo
BOM,BLR,6E,IndiGo,6E 5048,2026-10-15,45,economy,,,6503.0,False,17:25,ok,2026-09-01T04:27:49.280597+05:30,2026-09-01_0427IST,airline_direct,IndiGo
BOM,BLR,6E,IndiGo,6E 261,2026-10-15,45,economy,,,6799.0,False,11:20,ok,2026-09-01T04:27:49.280597+05:30,2026-09-01_0427IST,airline_direct,IndiGo
BOM,BLR,6E,IndiGo,6E 911,2026-10-15,45,economy,,,6983.0,False,01:30,ok,2026-09-01T04:27:49.280597+05:30,2026-09-01_0427IST,airline_direct,IndiGo
BOM,BLR,6E,IndiGo,6E 2284,2026-10-15,45,economy,,,6983.0,False,12:05,ok,2026-09-01T04:27:49.280597+05:30,2026-09-01_0427IST,airline_direct,IndiGo
BOM,BLR,6E,IndiGo,6E 437,2026-10-15,45,economy,,,6983.0,False,17:10,ok,2026-09-01T04:27:49.280597+05:30,2026-09-01_0427IST,airline_direct,IndiGo
BOM,BLR,6E,IndiGo,6E 230,2026-10-15,45,economy,,,7085.0,False,13:55,ok,2026-09-01T04:27:49.280597+05:30,2026-09-01_0427IST,airline_direct,IndiGo
BOM,BLR,6E,IndiGo,6E 5181,2026-10-15,45,economy,,,7115.0,False,10:25,ok,2026-09-01T04:27:49.280597+05:30,2026-09-01_0427IST,airline_direct,IndiGo
BOM,BLR,6E,IndiGo,6E 6057,2026-10-15,45,economy,,,7467.0,False,09:15,ok,2026-09-01T04:27:49.280597+05:30,2026-09-01_0427IST,airline_direct,IndiGo
BOM,BLR,6E,IndiGo,6E 673,2026-10-15,45,economy,,,7511.0,False,12:30,ok,2026-09-01T04:27:49.280597+05:30,2026-09-01_0427IST,airline_direct,IndiGo
BOM,BLR,6E,IndiGo,6E 5107,2026-10-15,45,economy,,,7511.0,False,20:00,ok,2026-09-01T04:27:49.280597+05:30,2026-09-01_0427IST,airline_direct,IndiGo
BOM,BLR,6E,IndiGo,6E 6599,2026-10-15,45,economy,,,7642.0,False,16:50,ok,2026-09-01T04:27:49.280597+05:30,2026-09-01_0427IST,airline_direct,IndiGo
BOM,BLR,6E,IndiGo,6E 5273,2026-10-15,45,economy,,,7642.0,False,18:35,ok,2026-09-01T04:27:49.280597+05:30,2026-09-01_0427IST,airline_direct,IndiGo
BOM,BLR,6E,IndiGo,6E 632,2026-10-15,45,economy,,,8091.0,False,04:00,ok,2026-09-01T04:27:49.280597+05:30,2026-09-01_0427IST,airline_direct,IndiGo
BOM,BLR,6E,IndiGo,6E 5126,2026-10-15,45,economy,,,8091.0,False,18:15,ok,2026-09-01T04:27:49.280597+05:30,2026-09-01_0427IST,airline_direct,IndiGo
BOM,BLR,6E,IndiGo,6E 2237,2026-10-15,45,economy,,,8729.0,False,18:40,ok,2026-09-01T04:27:49.280597+05:30,2026-09-01_0427IST,airline_direct,IndiGo
DEL,CCU,6E,IndiGo,unknown,2026-10-15,45,unknown,,,,False,unknown,no_flights_or_timeout,2026-09-01T04:29:00.082573+05:30,2026-09-01_0429IST,airline_direct,IndiGo
BLR,HYD,6E,IndiGo,unknown,2026-10-15,45,unknown,,,,False,unknown,no_flights_or_timeout,2026-09-01T04:30:11.219620+05:30,2026-09-01_0430IST,airline_direct,IndiGo
MAA,DEL,6E,IndiGo,unknown,2026-10-15,45,unknown,,,,False,unknown,no_flights_or_timeout,2026-09-01T04:31:22.844834+05:30,2026-09-01_0431IST,airline_direct,IndiGo
