origin,destination,carrier_code,carrier_name,flight_num,travel_date,advance_purchase_days,fare_class,base_fare,taxes_and_fees,total_fare,fare_split_estimated,departure_time,status,scraped_at,capture_run,source,source_name
DEL,BOM,6E,IndiGo,inf,2026-09-03,1,business,,,28443.0,False,05:00,ok,2026-09-02T11:50:36.022093+05:30,2026-09-02_1150IST,airline_direct,IndiGo
DEL,BOM,6E,IndiGo,inf,2026-09-03,1,economy,,,6305.0,False,05:00,ok,2026-09-02T11:50:36.022093+05:30,2026-09-02_1150IST,airline_direct,IndiGo
DEL,BOM,6E,IndiGo,inf,2026-09-03,1,business,,,28443.0,False,06:05,ok,2026-09-02T11:50:36.022093+05:30,2026-09-02_1150IST,airline_direct,IndiGo
DEL,BOM,6E,IndiGo,inf,2026-09-03,1,economy,,,6305.0,False,06:05,ok,2026-09-02T11:50:36.022093+05:30,2026-09-02_1150IST,airline_direct,IndiGo
DEL,BOM,6E,IndiGo,inf,2026-09-03,1,business,,,28443.0,False,07:15,ok,2026-09-02T11:50:36.022093+05:30,2026-09-02_1150IST,airline_direct,IndiGo
DEL,BOM,6E,IndiGo,inf,2026-09-03,1,economy,,,6305.0,False,07:15,ok,2026-09-02T11:50:36.022093+05:30,2026-09-02_1150IST,airline_direct,IndiGo
DEL,BOM,6E,IndiGo,inf,2026-09-03,1,business,,,28443.0,False,08:00,ok,2026-09-02T11:50:36.022093+05:30,2026-09-02_1150IST,airline_direct,IndiGo
DEL,BOM,6E,IndiGo,inf,2026-09-03,1,economy,,,6305.0,False,08:00,ok,2026-09-02T11:50:36.022093+05:30,2026-09-02_1150IST,airline_direct,IndiGo
DEL,BOM,6E,IndiGo,inf,2026-09-03,1,business,,,28443.0,False,08:45,ok,2026-09-02T11:50:36.022093+05:30,2026-09-02_1150IST,airline_direct,IndiGo
DEL,BOM,6E,IndiGo,inf,2026-09-03,1,economy,,,6305.0,False,08:45,ok,2026-09-02T11:50:36.022093+05:30,2026-09-02_1150IST,airline_direct,IndiGo
DEL,BOM,6E,IndiGo,inf,2026-09-03,1,business,,,24260.0,False,09:30,ok,2026-09-02T11:50:36.022093+05:30,2026-09-02_1150IST,airline_direct,IndiGo
DEL,BOM,6E,IndiGo,inf,2026-09-03,1,economy,,,6305.0,False,09:30,ok,2026-09-02T11:50:36.022093+05:30,2026-09-02_1150IST,airline_direct,IndiGo
DEL,BOM,6E,IndiGo,inf,2026-09-03,1,business,,,24260.0,False,10:15,ok,2026-09-02T11:50:36.022093+05:30,2026-09-02_1150IST,airline_direct,IndiGo
DEL,BOM,6E,IndiGo,inf,2026-09-03,1,economy,,,6305.0,False,10:15,ok,2026-09-02T11:50:36.022093+05:30,2026-09-02_1150IST,airline_direct,IndiGo
DEL,BOM,6E,IndiGo,inf,2026-09-03,1,business,,,24260.0,False,11:00,ok,2026-09-02T11:50:36.022093+05:30,2026-09-02_1150IST,airline_direct,IndiGo
DEL,BOM,6E,IndiGo,inf,2026-09-03,1,economy,,,6305.0,False,11:00,ok,2026-09-02T11:50:36.022093+05:30,2026-09-02_1150IST,airline_direct,IndiGo
DEL,BOM,6E,IndiGo,inf,2026-09-03,1,business,,,24260.0,False,12:00,ok,2026-09-02T11:50:36.022093+05:30,2026-09-02_1150IST,airline_direct,IndiGo
DEL,BOM,6E,IndiGo,inf,2026-09-03,1,economy,,,6305.0,False,12:00,ok,2026-09-02T11:50:36.022093+05:30,2026-09-02_1150IST,airline_direct,IndiGo
DEL,BOM,6E,IndiGo,inf,2026-09-03,1,business,,,24260.0,False,13:00,ok,2026-09-02T11:50:36.022093+05:30,2026-09-02_1150IST,airline_direct,IndiGo
DEL,BOM,6E,IndiGo,inf,2026-09-03,1,economy,,,6305.0,False,13:00,ok,2026-09-02T11:50:36.022093+05:30,2026-09-02_1150IST,airline_direct,IndiGo
DEL,BOM,6E,IndiGo,inf,2026-09-03,1,business,,,24260.0,False,14:00,ok,2026-09-02T11:50:36.022093+05:30,2026-09-02_1150IST,airline_direct,IndiGo
DEL,BOM,6E,IndiGo,inf,2026-09-03,1,economy,,,6305.0,False,14:00,ok,2026-09-02T11:50:36.022093+05:30,2026-09-02_1150IST,airline_direct,IndiGo
DEL,BOM,6E,IndiGo,inf,2026-09-03,1,business,,,24260.0,False,14:45,ok,2026-09-02T11:50:36.022093+05:30,2026-09-02_1150IST,airline_direct,IndiGo
DEL,BOM,6E,IndiGo,inf,2026-09-03,1,economy,,,6305.0,False,14:45,ok,2026-09-02T11:50:36.022093+05:30,2026-09-02_1150IST,airline_direct,IndiGo
DEL,BOM,6E,IndiGo,inf,2026-09-03,1,business,,,24260.0,False,15:30,ok,2026-09-02T11:50:36.022093+05:30,2026-09-02_1150IST,airline_direct,IndiGo
DEL,BOM,6E,IndiGo,inf,2026-09-03,1,economy,,,6305.0,False,15:30,ok,2026-09-02T11:50:36.022093+05:30,2026-09-02_1150IST,airline_direct,IndiGo
DEL,BOM,6E,IndiGo,inf,2026-09-03,1,business,,,24260.0,False,16:15,ok,2026-09-02T11:50:36.022093+05:30,2026-09-02_1150IST,airline_direct,IndiGo
DEL,BOM,6E,IndiGo,inf,2026-09-03,1,economy,,,6305.0,False,16:15,ok,2026-09-02T11:50:36.022093+05:30,2026-09-02_1150IST,airline_direct,IndiGo
DEL,BOM,6E,IndiGo,inf,2026-09-03,1,business,,,24260.0,False,23:30,ok,2026-09-02T11:50:36.022093+05:30,2026-09-02_1150IST,airline_direct,IndiGo
DEL,BOM,6E,IndiGo,inf,2026-09-03,1,economy,,,6305.0,False,23:30,ok,2026-09-02T11:50:36.022093+05:30,2026-09-02_1150IST,airline_direct,IndiGo
DEL,BOM,6E,IndiGo,inf,2026-09-03,1,business,,,24260.0,False,17:00,ok,2026-09-02T11:50:36.022093+05:30,2026-09-02_1150IST,airline_direct,IndiGo
DEL,BOM,6E,IndiGo,inf,2026-09-03,1,economy,,,6688.0,False,17:00,ok,2026-09-02T11:50:36.022093+05:30,2026-09-02_1150IST,airline_direct,IndiGo
DEL,BOM,6E,IndiGo,inf,2026-09-03,1,business,,,24260.0,False,22:45,ok,2026-09-02T11:50:36.022093+05:30,2026-09-02_1150IST,airline_direct,IndiGo
DEL,BOM,6E,IndiGo,inf,2026-09-03,1,economy,,,6688.0,False,22:45,ok,2026-09-02T11:50:36.022093+05:30,2026-09-02_1150IST,airline_direct,IndiGo
DEL,BOM,6E,IndiGo,inf,2026-09-03,1,business,,,28443.0,False,18:00,ok,2026-09-02T11:50:36.022093+05:30,2026-09-02_1150IST,airline_direct,IndiGo
DEL,BOM,6E,IndiGo,inf,2026-09-03,1,economy,,,9995.0,False,18:00,ok,2026-09-02T11:50:36.022093+05:30,2026-09-02_1150IST,airline_direct,IndiGo
DEL,BOM,6E,IndiGo,inf,2026-09-03,1,business,,,24260.0,False,21:45,ok,2026-09-02T11:50:36.022093+05:30,2026-09-02_1150IST,airline_direct,IndiGo
DEL,BOM,6E,IndiGo,inf,2026-09-03,1,economy,,,11885.0,False,21:45,ok,2026-09-02T11:50:36.022093+05:30,2026-09-02_1150IST,airline_direct,IndiGo
DEL,BOM,6E,IndiGo,6.000000000000001e+303,2026-09-03,1,business,,,28443.0,False,20:00,ok,2026-09-02T11:50:36.022093+05:30,2026-09-02_1150IST,airline_direct,IndiGo
DEL,BOM,6E,IndiGo,6.000000000000001e+303,2026-09-03,1,economy,,,13145.0,False,20:00,ok,2026-09-02T11:50:36.022093+05:30,2026-09-02_1150IST,airline_direct,IndiGo
DEL,BOM,6E,IndiGo,inf,2026-09-03,1,business,,,33500.0,False,19:00,ok,2026-09-02T11:50:36.022093+05:30,2026-09-02_1150IST,airline_direct,IndiGo
DEL,BOM,6E,IndiGo,inf,2026-09-03,1,economy,,,14720.0,False,19:00,ok,2026-09-02T11:50:36.022093+05:30,2026-09-02_1150IST,airline_direct,IndiGo
DEL,BOM,6E,IndiGo,inf,2026-09-03,1,business,,,24260.0,False,20:45,ok,2026-09-02T11:50:36.022093+05:30,2026-09-02_1150IST,airline_direct,IndiGo
DEL,BOM,6E,IndiGo,inf,2026-09-03,1,economy,,,16715.0,False,20:45,ok,2026-09-02T11:50:36.022093+05:30,2026-09-02_1150IST,airline_direct,IndiGo
DEL,BOM,6E,IndiGo,inf,2026-09-03,1,economy,,,6090.0,False,09:45,ok,2026-09-02T11:50:36.022093+05:30,2026-09-02_1150IST,airline_direct,IndiGo
DEL,BOM,6E,IndiGo,inf,2026-09-03,1,economy,,,6090.0,False,15:50,ok,2026-09-02T11:50:36.022093+05:30,2026-09-02_1150IST,airline_direct,IndiGo
DEL,BOM,6E,IndiGo,inf,2026-09-03,1,economy,,,6222.0,False,05:55,ok,2026-09-02T11:50:36.022093+05:30,2026-09-02_1150IST,airline_direct,IndiGo
DEL,BOM,6E,IndiGo,inf,2026-09-03,1,economy,,,6222.0,False,17:20,ok,2026-09-02T11:50:36.022093+05:30,2026-09-02_1150IST,airline_direct,IndiGo
DEL,BOM,6E,IndiGo,inf,2026-09-03,1,economy,,,6300.0,False,08:15,ok,2026-09-02T11:50:36.022093+05:30,2026-09-02_1150IST,airline_direct,IndiGo
DEL,BOM,6E,IndiGo,inf,2026-09-03,1,economy,,,6300.0,False,13:20,ok,2026-09-02T11:50:36.022093+05:30,2026-09-02_1150IST,airline_direct,IndiGo
DEL,BOM,6E,IndiGo,inf,2026-09-03,1,economy,,,6300.0,False,14:00,ok,2026-09-02T11:50:36.022093+05:30,2026-09-02_1150IST,airline_direct,IndiGo
DEL,BOM,6E,IndiGo,inf,2026-09-03,1,economy,,,6300.0,False,19:45,ok,2026-09-02T11:50:36.022093+05:30,2026-09-02_1150IST,airline_direct,IndiGo
DEL,BOM,6E,IndiGo,inf,2026-09-03,1,business,,,36166.0,False,02:25,ok,2026-09-02T11:50:36.022093+05:30,2026-09-02_1150IST,airline_direct,IndiGo
DEL,BOM,6E,IndiGo,inf,2026-09-03,1,economy,,,6432.0,False,02:25,ok,2026-09-02T11:50:36.022093+05:30,2026-09-02_1150IST,airline_direct,IndiGo
DEL,BOM,6E,IndiGo,inf,2026-09-03,1,economy,,,6432.0,False,18:40,ok,2026-09-02T11:50:36.022093+05:30,2026-09-02_1150IST,airline_direct,IndiGo
DEL,BOM,6E,IndiGo,inf,2026-09-03,1,economy,,,6510.0,False,12:15,ok,2026-09-02T11:50:36.022093+05:30,2026-09-02_1150IST,airline_direct,IndiGo
DEL,BOM,6E,IndiGo,inf,2026-09-03,1,economy,,,6772.0,False,09:00,ok,2026-09-02T11:50:36.022093+05:30,2026-09-02_1150IST,airline_direct,IndiGo
DEL,BOM,6E,IndiGo,inf,2026-09-03,1,business,,,29592.0,False,23:15,ok,2026-09-02T11:50:36.022093+05:30,2026-09-02_1150IST,airline_direct,IndiGo
DEL,BOM,6E,IndiGo,inf,2026-09-03,1,economy,,,6903.0,False,23:15,ok,2026-09-02T11:50:36.022093+05:30,2026-09-02_1150IST,airline_direct,IndiGo
DEL,BOM,6E,IndiGo,inf,2026-09-03,1,economy,,,7080.0,False,15:35,ok,2026-09-02T11:50:36.022093+05:30,2026-09-02_1150IST,airline_direct,IndiGo
DEL,BOM,6E,IndiGo,inf,2026-09-03,1,economy,,,7650.0,False,05:10,ok,2026-09-02T11:50:36.022093+05:30,2026-09-02_1150IST,airline_direct,IndiGo
DEL,BOM,6E,IndiGo,inf,2026-09-03,1,economy,,,7781.0,False,09:00,ok,2026-09-02T11:50:36.022093+05:30,2026-09-02_1150IST,airline_direct,IndiGo
DEL,BOM,6E,IndiGo,inf,2026-09-03,1,economy,,,7781.0,False,19:40,ok,2026-09-02T11:50:36.022093+05:30,2026-09-02_1150IST,airline_direct,IndiGo
DEL,BOM,6E,IndiGo,inf,2026-09-03,1,economy,,,7860.0,False,21:25,ok,2026-09-02T11:50:36.022093+05:30,2026-09-02_1150IST,airline_direct,IndiGo
DEL,BOM,6E,IndiGo,inf,2026-09-03,1,economy,,,8276.0,False,05:40,ok,2026-09-02T11:50:36.022093+05:30,2026-09-02_1150IST,airline_direct,IndiGo
DEL,BOM,6E,IndiGo,inf,2026-09-03,1,economy,,,8408.0,False,19:10,ok,2026-09-02T11:50:36.022093+05:30,2026-09-02_1150IST,airline_direct,IndiGo
DEL,BOM,6E,IndiGo,inf,2026-09-03,1,economy,,,8933.0,False,12:40,ok,2026-09-02T11:50:36.022093+05:30,2026-09-02_1150IST,airline_direct,IndiGo
DEL,BOM,6E,IndiGo,inf,2026-09-03,1,economy,,,10062.0,False,13:45,ok,2026-09-02T11:50:36.022093+05:30,2026-09-02_1150IST,airline_direct,IndiGo
DEL,BOM,6E,IndiGo,inf,2026-09-03,1,economy,,,11468.0,False,12:20,ok,2026-09-02T11:50:36.022093+05:30,2026-09-02_1150IST,airline_direct,IndiGo
DEL,BOM,6E,IndiGo,inf,2026-09-03,1,economy,,,11468.0,False,17:05,ok,2026-09-02T11:50:36.022093+05:30,2026-09-02_1150IST,airline_direct,IndiGo
DEL,BOM,6E,IndiGo,inf,2026-09-03,1,economy,,,11600.0,False,16:30,ok,2026-09-02T11:50:36.022093+05:30,2026-09-02_1150IST,airline_direct,IndiGo
DEL,BOM,6E,IndiGo,inf,2026-09-03,1,economy,,,12473.0,False,05:10,ok,2026-09-02T11:50:36.022093+05:30,2026-09-02_1150IST,airline_direct,IndiGo
DEL,BOM,6E,IndiGo,inf,2026-09-03,1,economy,,,12553.0,False,10:55,ok,2026-09-02T11:50:36.022093+05:30,2026-09-02_1150IST,airline_direct,IndiGo
DEL,BOM,6E,IndiGo,inf,2026-09-03,1,economy,,,12683.0,False,16:30,ok,2026-09-02T11:50:36.022093+05:30,2026-09-02_1150IST,airline_direct,IndiGo
DEL,BOM,6E,IndiGo,inf,2026-09-03,1,business,,,37561.0,False,09:55,ok,2026-09-02T11:50:36.022093+05:30,2026-09-02_1150IST,airline_direct,IndiGo
DEL,BOM,6E,IndiGo,inf,2026-09-03,1,economy,,,13375.0,False,09:55,ok,2026-09-02T11:50:36.022093+05:30,2026-09-02_1150IST,airline_direct,IndiGo
DEL,BOM,6E,IndiGo,inf,2026-09-03,1,economy,,,13710.0,False,11:20,ok,2026-09-02T11:50:36.022093+05:30,2026-09-02_1150IST,airline_direct,IndiGo
DEL,BOM,6E,IndiGo,inf,2026-09-03,1,business,,,40956.0,False,11:45,ok,2026-09-02T11:50:36.022093+05:30,2026-09-02_1150IST,airline_direct,IndiGo
DEL,BOM,6E,IndiGo,inf,2026-09-03,1,economy,,,13920.0,False,11:45,ok,2026-09-02T11:50:36.022093+05:30,2026-09-02_1150IST,airline_direct,IndiGo
DEL,BOM,6E,IndiGo,inf,2026-09-03,1,business,,,40956.0,False,13:30,ok,2026-09-02T11:50:36.022093+05:30,2026-09-02_1150IST,airline_direct,IndiGo
DEL,BOM,6E,IndiGo,inf,2026-09-03,1,economy,,,13920.0,False,13:30,ok,2026-09-02T11:50:36.022093+05:30,2026-09-02_1150IST,airline_direct,IndiGo
DEL,BOM,6E,IndiGo,inf,2026-09-03,1,business,,,40956.0,False,13:30,ok,2026-09-02T11:50:36.022093+05:30,2026-09-02_1150IST,airline_direct,IndiGo
DEL,BOM,6E,IndiGo,inf,2026-09-03,1,economy,,,13920.0,False,13:30,ok,2026-09-02T11:50:36.022093+05:30,2026-09-02_1150IST,airline_direct,IndiGo
DEL,BOM,6E,IndiGo,inf,2026-09-03,1,economy,,,15618.0,False,17:20,ok,2026-09-02T11:50:36.022093+05:30,2026-09-02_1150IST,airline_direct,IndiGo
DEL,BOM,6E,IndiGo,inf,2026-09-03,1,economy,,,16129.0,False,00:15,ok,2026-09-02T11:50:36.022093+05:30,2026-09-02_1150IST,airline_direct,IndiGo
DEL,BOM,6E,IndiGo,inf,2026-09-03,1,business,,,38630.0,False,08:30,ok,2026-09-02T11:50:36.022093+05:30,2026-09-02_1150IST,airline_direct,IndiGo
DEL,BOM,6E,IndiGo,inf,2026-09-03,1,economy,,,17926.0,False,08:30,ok,2026-09-02T11:50:36.022093+05:30,2026-09-02_1150IST,airline_direct,IndiGo
DEL,BOM,6E,IndiGo,inf,2026-09-03,1,economy,,,19871.0,False,15:00,ok,2026-09-02T11:50:36.022093+05:30,2026-09-02_1150IST,airline_direct,IndiGo
DEL,BOM,6E,IndiGo,inf,2026-09-03,1,economy,,,21163.0,False,14:50,ok,2026-09-02T11:50:36.022093+05:30,2026-09-02_1150IST,airline_direct,IndiGo
DEL,BOM,6E,IndiGo,inf,2026-09-03,1,economy,,,21373.0,False,19:30,ok,2026-09-02T11:50:36.022093+05:30,2026-09-02_1150IST,airline_direct,IndiGo
DEL,BOM,6E,IndiGo,inf,2026-09-03,1,economy,,,21875.0,False,17:05,ok,2026-09-02T11:50:36.022093+05:30,2026-09-02_1150IST,airline_direct,IndiGo
DEL,BOM,6E,IndiGo,inf,2026-09-03,1,economy,,,22295.0,False,07:30,ok,2026-09-02T11:50:36.022093+05:30,2026-09-02_1150IST,airline_direct,IndiGo
DEL,BOM,6E,IndiGo,inf,2026-09-03,1,economy,,,22935.0,False,21:50,ok,2026-09-02T11:50:36.022093+05:30,2026-09-02_1150IST,airline_direct,IndiGo
DEL,BOM,6E,IndiGo,inf,2026-09-03,1,economy,,,25323.0,False,18:30,ok,2026-09-02T11:50:36.022093+05:30,2026-09-02_1150IST,airline_direct,IndiGo
DEL,BOM,6E,IndiGo,inf,2026-09-03,1,economy,,,25920.0,False,19:35,ok,2026-09-02T11:50:36.022093+05:30,2026-09-02_1150IST,airline_direct,IndiGo
DEL,BOM,6E,IndiGo,inf,2026-09-03,1,business,,,36166.0,False,19:45,ok,2026-09-02T11:50:36.022093+05:30,2026-09-02_1150IST,airline_direct,IndiGo
DEL,BOM,6E,IndiGo,inf,2026-09-03,1,economy,,,27355.0,False,19:45,ok,2026-09-02T11:50:36.022093+05:30,2026-09-02_1150IST,airline_direct,IndiGo
DEL,BLR,6E,IndiGo,inf,2026-09-03,1,business,,,29942.0,False,05:45,ok,2026-09-02T11:51:46.012820+05:30,2026-09-02_1151IST,airline_direct,IndiGo
DEL,BLR,6E,IndiGo,inf,2026-09-03,1,economy,,,9128.0,False,05:45,ok,2026-09-02T11:51:46.012820+05:30,2026-09-02_1151IST,airline_direct,IndiGo
DEL,BLR,6E,IndiGo,inf,2026-09-03,1,business,,,29942.0,False,08:20,ok,2026-09-02T11:51:46.012820+05:30,2026-09-02_1151IST,airline_direct,IndiGo
DEL,BLR,6E,IndiGo,inf,2026-09-03,1,economy,,,9128.0,False,08:20,ok,2026-09-02T11:51:46.012820+05:30,2026-09-02_1151IST,airline_direct,IndiGo
DEL,BLR,6E,IndiGo,inf,2026-09-03,1,business,,,29942.0,False,10:45,ok,2026-09-02T11:51:46.012820+05:30,2026-09-02_1151IST,airline_direct,IndiGo
DEL,BLR,6E,IndiGo,inf,2026-09-03,1,economy,,,9128.0,False,10:45,ok,2026-09-02T11:51:46.012820+05:30,2026-09-02_1151IST,airline_direct,IndiGo
DEL,BLR,6E,IndiGo,inf,2026-09-03,1,business,,,29942.0,False,23:30,ok,2026-09-02T11:51:46.012820+05:30,2026-09-02_1151IST,airline_direct,IndiGo
DEL,BLR,6E,IndiGo,inf,2026-09-03,1,economy,,,9128.0,False,23:30,ok,2026-09-02T11:51:46.012820+05:30,2026-09-02_1151IST,airline_direct,IndiGo
DEL,BLR,6E,IndiGo,inf,2026-09-03,1,business,,,29942.0,False,07:05,ok,2026-09-02T11:51:46.012820+05:30,2026-09-02_1151IST,airline_direct,IndiGo
DEL,BLR,6E,IndiGo,inf,2026-09-03,1,economy,,,9613.0,False,07:05,ok,2026-09-02T11:51:46.012820+05:30,2026-09-02_1151IST,airline_direct,IndiGo
DEL,BLR,6E,IndiGo,inf,2026-09-03,1,business,,,29942.0,False,09:30,ok,2026-09-02T11:51:46.012820+05:30,2026-09-02_1151IST,airline_direct,IndiGo
DEL,BLR,6E,IndiGo,inf,2026-09-03,1,economy,,,9613.0,False,09:30,ok,2026-09-02T11:51:46.012820+05:30,2026-09-02_1151IST,airline_direct,IndiGo
DEL,BLR,6E,IndiGo,inf,2026-09-03,1,business,,,29942.0,False,12:20,ok,2026-09-02T11:51:46.012820+05:30,2026-09-02_1151IST,airline_direct,IndiGo
DEL,BLR,6E,IndiGo,inf,2026-09-03,1,economy,,,9613.0,False,12:20,ok,2026-09-02T11:51:46.012820+05:30,2026-09-02_1151IST,airline_direct,IndiGo
DEL,BLR,6E,IndiGo,6e+176,2026-09-03,1,business,,,29942.0,False,13:15,ok,2026-09-02T11:51:46.012820+05:30,2026-09-02_1151IST,airline_direct,IndiGo
DEL,BLR,6E,IndiGo,6e+176,2026-09-03,1,economy,,,9613.0,False,13:15,ok,2026-09-02T11:51:46.012820+05:30,2026-09-02_1151IST,airline_direct,IndiGo
DEL,BLR,6E,IndiGo,inf,2026-09-03,1,business,,,29942.0,False,14:30,ok,2026-09-02T11:51:46.012820+05:30,2026-09-02_1151IST,airline_direct,IndiGo
DEL,BLR,6E,IndiGo,inf,2026-09-03,1,economy,,,9613.0,False,14:30,ok,2026-09-02T11:51:46.012820+05:30,2026-09-02_1151IST,airline_direct,IndiGo
DEL,BLR,6E,IndiGo,inf,2026-09-03,1,business,,,29942.0,False,15:45,ok,2026-09-02T11:51:46.012820+05:30,2026-09-02_1151IST,airline_direct,IndiGo
DEL,BLR,6E,IndiGo,inf,2026-09-03,1,economy,,,10128.0,False,15:45,ok,2026-09-02T11:51:46.012820+05:30,2026-09-02_1151IST,airline_direct,IndiGo
DEL,BLR,6E,IndiGo,inf,2026-09-03,1,business,,,29942.0,False,18:20,ok,2026-09-02T11:51:46.012820+05:30,2026-09-02_1151IST,airline_direct,IndiGo
DEL,BLR,6E,IndiGo,inf,2026-09-03,1,economy,,,10128.0,False,18:20,ok,2026-09-02T11:51:46.012820+05:30,2026-09-02_1151IST,airline_direct,IndiGo
DEL,BLR,6E,IndiGo,inf,2026-09-03,1,business,,,29942.0,False,22:00,ok,2026-09-02T11:51:46.012820+05:30,2026-09-02_1151IST,airline_direct,IndiGo
DEL,BLR,6E,IndiGo,inf,2026-09-03,1,economy,,,10128.0,False,22:00,ok,2026-09-02T11:51:46.012820+05:30,2026-09-02_1151IST,airline_direct,IndiGo
DEL,BLR,6E,IndiGo,inf,2026-09-03,1,business,,,29942.0,False,03:00,ok,2026-09-02T11:51:46.012820+05:30,2026-09-02_1151IST,airline_direct,IndiGo
DEL,BLR,6E,IndiGo,inf,2026-09-03,1,economy,,,10675.0,False,03:00,ok,2026-09-02T11:51:46.012820+05:30,2026-09-02_1151IST,airline_direct,IndiGo
DEL,BLR,6E,IndiGo,inf,2026-09-03,1,business,,,29942.0,False,17:00,ok,2026-09-02T11:51:46.012820+05:30,2026-09-02_1151IST,airline_direct,IndiGo
DEL,BLR,6E,IndiGo,inf,2026-09-03,1,economy,,,10675.0,False,17:00,ok,2026-09-02T11:51:46.012820+05:30,2026-09-02_1151IST,airline_direct,IndiGo
DEL,BLR,6E,IndiGo,inf,2026-09-03,1,business,,,29942.0,False,20:45,ok,2026-09-02T11:51:46.012820+05:30,2026-09-02_1151IST,airline_direct,IndiGo
DEL,BLR,6E,IndiGo,inf,2026-09-03,1,economy,,,11257.0,False,20:45,ok,2026-09-02T11:51:46.012820+05:30,2026-09-02_1151IST,airline_direct,IndiGo
DEL,BLR,6E,IndiGo,inf,2026-09-03,1,business,,,31228.0,False,19:30,ok,2026-09-02T11:51:46.012820+05:30,2026-09-02_1151IST,airline_direct,IndiGo
DEL,BLR,6E,IndiGo,inf,2026-09-03,1,economy,,,12529.0,False,19:30,ok,2026-09-02T11:51:46.012820+05:30,2026-09-02_1151IST,airline_direct,IndiGo
DEL,BLR,6E,IndiGo,inf,2026-09-03,1,business,,,27808.0,False,02:20,ok,2026-09-02T11:51:46.012820+05:30,2026-09-02_1151IST,airline_direct,IndiGo
DEL,BLR,6E,IndiGo,inf,2026-09-03,1,economy,,,8491.0,False,02:20,ok,2026-09-02T11:51:46.012820+05:30,2026-09-02_1151IST,airline_direct,IndiGo
DEL,BLR,6E,IndiGo,inf,2026-09-03,1,economy,,,8491.0,False,05:55,ok,2026-09-02T11:51:46.012820+05:30,2026-09-02_1151IST,airline_direct,IndiGo
DEL,BLR,6E,IndiGo,inf,2026-09-03,1,economy,,,8491.0,False,06:55,ok,2026-09-02T11:51:46.012820+05:30,2026-09-02_1151IST,airline_direct,IndiGo
DEL,BLR,6E,IndiGo,inf,2026-09-03,1,business,,,44135.0,False,08:00,ok,2026-09-02T11:51:46.012820+05:30,2026-09-02_1151IST,airline_direct,IndiGo
DEL,BLR,6E,IndiGo,inf,2026-09-03,1,economy,,,8491.0,False,08:00,ok,2026-09-02T11:51:46.012820+05:30,2026-09-02_1151IST,airline_direct,IndiGo
DEL,BLR,6E,IndiGo,inf,2026-09-03,1,economy,,,8491.0,False,15:20,ok,2026-09-02T11:51:46.012820+05:30,2026-09-02_1151IST,airline_direct,IndiGo
DEL,BLR,6E,IndiGo,inf,2026-09-03,1,business,,,26999.0,False,23:00,ok,2026-09-02T11:51:46.012820+05:30,2026-09-02_1151IST,airline_direct,IndiGo
DEL,BLR,6E,IndiGo,inf,2026-09-03,1,economy,,,8491.0,False,23:00,ok,2026-09-02T11:51:46.012820+05:30,2026-09-02_1151IST,airline_direct,IndiGo
DEL,BLR,6E,IndiGo,inf,2026-09-03,1,economy,,,8570.0,False,09:55,ok,2026-09-02T11:51:46.012820+05:30,2026-09-02_1151IST,airline_direct,IndiGo
DEL,BLR,6E,IndiGo,inf,2026-09-03,1,economy,,,8570.0,False,12:15,ok,2026-09-02T11:51:46.012820+05:30,2026-09-02_1151IST,airline_direct,IndiGo
DEL,BLR,6E,IndiGo,inf,2026-09-03,1,economy,,,8570.0,False,14:00,ok,2026-09-02T11:51:46.012820+05:30,2026-09-02_1151IST,airline_direct,IndiGo
DEL,BLR,6E,IndiGo,inf,2026-09-03,1,economy,,,8570.0,False,17:50,ok,2026-09-02T11:51:46.012820+05:30,2026-09-02_1151IST,airline_direct,IndiGo
DEL,BLR,6E,IndiGo,inf,2026-09-03,1,economy,,,8701.0,False,18:40,ok,2026-09-02T11:51:46.012820+05:30,2026-09-02_1151IST,airline_direct,IndiGo
DEL,BLR,6E,IndiGo,inf,2026-09-03,1,economy,,,8727.0,False,17:10,ok,2026-09-02T11:51:46.012820+05:30,2026-09-02_1151IST,airline_direct,IndiGo
DEL,BLR,6E,IndiGo,inf,2026-09-03,1,business,,,44106.0,False,14:00,ok,2026-09-02T11:51:46.012820+05:30,2026-09-02_1151IST,airline_direct,IndiGo
DEL,BLR,6E,IndiGo,inf,2026-09-03,1,economy,,,9161.0,False,14:00,ok,2026-09-02T11:51:46.012820+05:30,2026-09-02_1151IST,airline_direct,IndiGo
DEL,BLR,6E,IndiGo,inf,2026-09-03,1,business,,,40536.0,False,15:30,ok,2026-09-02T11:51:46.012820+05:30,2026-09-02_1151IST,airline_direct,IndiGo
DEL,BLR,6E,IndiGo,inf,2026-09-03,1,economy,,,9161.0,False,15:30,ok,2026-09-02T11:51:46.012820+05:30,2026-09-02_1151IST,airline_direct,IndiGo
DEL,BLR,6E,IndiGo,inf,2026-09-03,1,economy,,,9161.0,False,19:35,ok,2026-09-02T11:51:46.012820+05:30,2026-09-02_1151IST,airline_direct,IndiGo
DEL,BLR,6E,IndiGo,inf,2026-09-03,1,economy,,,9161.0,False,21:15,ok,2026-09-02T11:51:46.012820+05:30,2026-09-02_1151IST,airline_direct,IndiGo
DEL,BLR,6E,IndiGo,inf,2026-09-03,1,economy,,,9977.0,False,10:25,ok,2026-09-02T11:51:46.012820+05:30,2026-09-02_1151IST,airline_direct,IndiGo
DEL,BLR,6E,IndiGo,inf,2026-09-03,1,business,,,38538.0,False,08:30,ok,2026-09-02T11:51:46.012820+05:30,2026-09-02_1151IST,airline_direct,IndiGo
DEL,BLR,6E,IndiGo,inf,2026-09-03,1,economy,,,10318.0,False,08:30,ok,2026-09-02T11:51:46.012820+05:30,2026-09-02_1151IST,airline_direct,IndiGo
DEL,BLR,6E,IndiGo,inf,2026-09-03,1,business,,,39600.0,False,05:00,ok,2026-09-02T11:51:46.012820+05:30,2026-09-02_1151IST,airline_direct,IndiGo
DEL,BLR,6E,IndiGo,inf,2026-09-03,1,economy,,,11127.0,False,05:00,ok,2026-09-02T11:51:46.012820+05:30,2026-09-02_1151IST,airline_direct,IndiGo
DEL,BLR,6E,IndiGo,inf,2026-09-03,1,business,,,40536.0,False,11:00,ok,2026-09-02T11:51:46.012820+05:30,2026-09-02_1151IST,airline_direct,IndiGo
DEL,BLR,6E,IndiGo,inf,2026-09-03,1,economy,,,11534.0,False,11:00,ok,2026-09-02T11:51:46.012820+05:30,2026-09-02_1151IST,airline_direct,IndiGo
DEL,BLR,6E,IndiGo,inf,2026-09-03,1,economy,,,12576.0,False,05:10,ok,2026-09-02T11:51:46.012820+05:30,2026-09-02_1151IST,airline_direct,IndiGo
DEL,BLR,6E,IndiGo,inf,2026-09-03,1,economy,,,13208.0,False,09:15,ok,2026-09-02T11:51:46.012820+05:30,2026-09-02_1151IST,airline_direct,IndiGo
DEL,BLR,6E,IndiGo,inf,2026-09-03,1,economy,,,13512.0,False,11:00,ok,2026-09-02T11:51:46.012820+05:30,2026-09-02_1151IST,airline_direct,IndiGo
DEL,BLR,6E,IndiGo,inf,2026-09-03,1,economy,,,13520.0,False,11:45,ok,2026-09-02T11:51:46.012820+05:30,2026-09-02_1151IST,airline_direct,IndiGo
DEL,BLR,6E,IndiGo,inf,2026-09-03,1,economy,,,13520.0,False,13:30,ok,2026-09-02T11:51:46.012820+05:30,2026-09-02_1151IST,airline_direct,IndiGo
DEL,BLR,6E,IndiGo,inf,2026-09-03,1,economy,,,14177.0,False,15:50,ok,2026-09-02T11:51:46.012820+05:30,2026-09-02_1151IST,airline_direct,IndiGo
DEL,BLR,6E,IndiGo,inf,2026-09-03,1,economy,,,14834.0,False,17:05,ok,2026-09-02T11:51:46.012820+05:30,2026-09-02_1151IST,airline_direct,IndiGo
DEL,BLR,6E,IndiGo,inf,2026-09-03,1,economy,,,15585.0,False,02:25,ok,2026-09-02T11:51:46.012820+05:30,2026-09-02_1151IST,airline_direct,IndiGo
DEL,BLR,6E,IndiGo,inf,2026-09-03,1,economy,,,15628.0,False,07:05,ok,2026-09-02T11:51:46.012820+05:30,2026-09-02_1151IST,airline_direct,IndiGo
DEL,BLR,6E,IndiGo,inf,2026-09-03,1,economy,,,16849.0,False,11:20,ok,2026-09-02T11:51:46.012820+05:30,2026-09-02_1151IST,airline_direct,IndiGo
DEL,BLR,6E,IndiGo,inf,2026-09-03,1,business,,,44135.0,False,18:00,ok,2026-09-02T11:51:46.012820+05:30,2026-09-02_1151IST,airline_direct,IndiGo
DEL,BLR,6E,IndiGo,inf,2026-09-03,1,economy,,,17093.0,False,18:00,ok,2026-09-02T11:51:46.012820+05:30,2026-09-02_1151IST,airline_direct,IndiGo
DEL,BLR,6E,IndiGo,inf,2026-09-03,1,business,,,40536.0,False,17:00,ok,2026-09-02T11:51:46.012820+05:30,2026-09-02_1151IST,airline_direct,IndiGo
DEL,BLR,6E,IndiGo,inf,2026-09-03,1,economy,,,17475.0,False,17:00,ok,2026-09-02T11:51:46.012820+05:30,2026-09-02_1151IST,airline_direct,IndiGo
DEL,BLR,6E,IndiGo,inf,2026-09-03,1,business,,,33580.0,False,16:25,ok,2026-09-02T11:51:46.012820+05:30,2026-09-02_1151IST,airline_direct,IndiGo
DEL,BLR,6E,IndiGo,inf,2026-09-03,1,economy,,,18307.0,False,16:25,ok,2026-09-02T11:51:46.012820+05:30,2026-09-02_1151IST,airline_direct,IndiGo
DEL,BLR,6E,IndiGo,inf,2026-09-03,1,economy,,,19191.0,False,13:10,ok,2026-09-02T11:51:46.012820+05:30,2026-09-02_1151IST,airline_direct,IndiGo
DEL,BLR,6E,IndiGo,inf,2026-09-03,1,economy,,,20203.0,False,09:55,ok,2026-09-02T11:51:46.012820+05:30,2026-09-02_1151IST,airline_direct,IndiGo
DEL,BLR,6E,IndiGo,inf,2026-09-03,1,economy,,,20775.0,False,19:45,ok,2026-09-02T11:51:46.012820+05:30,2026-09-02_1151IST,airline_direct,IndiGo
DEL,BLR,6E,IndiGo,inf,2026-09-03,1,business,,,44135.0,False,18:00,ok,2026-09-02T11:51:46.012820+05:30,2026-09-02_1151IST,airline_direct,IndiGo
DEL,BLR,6E,IndiGo,inf,2026-09-03,1,economy,,,20782.0,False,18:00,ok,2026-09-02T11:51:46.012820+05:30,2026-09-02_1151IST,airline_direct,IndiGo
DEL,BLR,6E,IndiGo,inf,2026-09-03,1,economy,,,20829.0,False,16:15,ok,2026-09-02T11:51:46.012820+05:30,2026-09-02_1151IST,airline_direct,IndiGo
DEL,BLR,6E,IndiGo,inf,2026-09-03,1,economy,,,22045.0,False,16:15,ok,2026-09-02T11:51:46.012820+05:30,2026-09-02_1151IST,airline_direct,IndiGo
DEL,BLR,6E,IndiGo,inf,2026-09-03,1,economy,,,22158.0,False,17:20,ok,2026-09-02T11:51:46.012820+05:30,2026-09-02_1151IST,airline_direct,IndiGo
DEL,BLR,6E,IndiGo,inf,2026-09-03,1,business,,,40536.0,False,20:45,ok,2026-09-02T11:51:46.012820+05:30,2026-09-02_1151IST,airline_direct,IndiGo
DEL,BLR,6E,IndiGo,inf,2026-09-03,1,economy,,,22307.0,False,20:45,ok,2026-09-02T11:51:46.012820+05:30,2026-09-02_1151IST,airline_direct,IndiGo
DEL,BLR,6E,IndiGo,inf,2026-09-03,1,economy,,,22549.0,False,16:30,ok,2026-09-02T11:51:46.012820+05:30,2026-09-02_1151IST,airline_direct,IndiGo
DEL,BLR,6E,IndiGo,inf,2026-09-03,1,economy,,,24324.0,False,17:55,ok,2026-09-02T11:51:46.012820+05:30,2026-09-02_1151IST,airline_direct,IndiGo
DEL,BLR,6E,IndiGo,inf,2026-09-03,1,economy,,,24897.0,False,16:40,ok,2026-09-02T11:51:46.012820+05:30,2026-09-02_1151IST,airline_direct,IndiGo
DEL,BLR,6E,IndiGo,inf,2026-09-03,1,economy,,,25621.0,False,16:30,ok,2026-09-02T11:51:46.012820+05:30,2026-09-02_1151IST,airline_direct,IndiGo
DEL,BLR,6E,IndiGo,inf,2026-09-03,1,economy,,,28127.0,False,18:15,ok,2026-09-02T11:51:46.012820+05:30,2026-09-02_1151IST,airline_direct,IndiGo
BOM,BLR,6E,IndiGo,inf,2026-09-03,1,business,,,22488.0,False,01:10,ok,2026-09-02T11:54:46.555514+05:30,2026-09-02_1154IST,airline_direct,IndiGo
BOM,BLR,6E,IndiGo,inf,2026-09-03,1,economy,,,5091.0,False,01:10,ok,2026-09-02T11:54:46.555514+05:30,2026-09-02_1154IST,airline_direct,IndiGo
BOM,BLR,6E,IndiGo,inf,2026-09-03,1,business,,,22488.0,False,04:30,ok,2026-09-02T11:54:46.555514+05:30,2026-09-02_1154IST,airline_direct,IndiGo
BOM,BLR,6E,IndiGo,inf,2026-09-03,1,economy,,,5091.0,False,04:30,ok,2026-09-02T11:54:46.555514+05:30,2026-09-02_1154IST,airline_direct,IndiGo
BOM,BLR,6E,IndiGo,inf,2026-09-03,1,business,,,22488.0,False,06:30,ok,2026-09-02T11:54:46.555514+05:30,2026-09-02_1154IST,airline_direct,IndiGo
BOM,BLR,6E,IndiGo,inf,2026-09-03,1,economy,,,6747.0,False,06:30,ok,2026-09-02T11:54:46.555514+05:30,2026-09-02_1154IST,airline_direct,IndiGo
BOM,BLR,6E,IndiGo,inf,2026-09-03,1,business,,,22488.0,False,14:30,ok,2026-09-02T11:54:46.555514+05:30,2026-09-02_1154IST,airline_direct,IndiGo
BOM,BLR,6E,IndiGo,inf,2026-09-03,1,economy,,,6747.0,False,14:30,ok,2026-09-02T11:54:46.555514+05:30,2026-09-02_1154IST,airline_direct,IndiGo
BOM,BLR,6E,IndiGo,inf,2026-09-03,1,business,,,22488.0,False,09:50,ok,2026-09-02T11:54:46.555514+05:30,2026-09-02_1154IST,airline_direct,IndiGo
BOM,BLR,6E,IndiGo,inf,2026-09-03,1,economy,,,7062.0,False,09:50,ok,2026-09-02T11:54:46.555514+05:30,2026-09-02_1154IST,airline_direct,IndiGo
BOM,BLR,6E,IndiGo,inf,2026-09-03,1,business,,,26688.0,False,11:00,ok,2026-09-02T11:54:46.555514+05:30,2026-09-02_1154IST,airline_direct,IndiGo
BOM,BLR,6E,IndiGo,inf,2026-09-03,1,economy,,,7062.0,False,11:00,ok,2026-09-02T11:54:46.555514+05:30,2026-09-02_1154IST,airline_direct,IndiGo
BOM,BLR,6E,IndiGo,inf,2026-09-03,1,business,,,22488.0,False,12:30,ok,2026-09-02T11:54:46.555514+05:30,2026-09-02_1154IST,airline_direct,IndiGo
BOM,BLR,6E,IndiGo,inf,2026-09-03,1,economy,,,7062.0,False,12:30,ok,2026-09-02T11:54:46.555514+05:30,2026-09-02_1154IST,airline_direct,IndiGo
BOM,BLR,6E,IndiGo,inf,2026-09-03,1,economy,,,7797.0,False,08:05,ok,2026-09-02T11:54:46.555514+05:30,2026-09-02_1154IST,airline_direct,IndiGo
BOM,BLR,6E,IndiGo,inf,2026-09-03,1,business,,,22488.0,False,15:35,ok,2026-09-02T11:54:46.555514+05:30,2026-09-02_1154IST,airline_direct,IndiGo
BOM,BLR,6E,IndiGo,inf,2026-09-03,1,economy,,,7797.0,False,15:35,ok,2026-09-02T11:54:46.555514+05:30,2026-09-02_1154IST,airline_direct,IndiGo
BOM,BLR,6E,IndiGo,inf,2026-09-03,1,business,,,22488.0,False,17:00,ok,2026-09-02T11:54:46.555514+05:30,2026-09-02_1154IST,airline_direct,IndiGo
BOM,BLR,6E,IndiGo,inf,2026-09-03,1,economy,,,8742.0,False,17:00,ok,2026-09-02T11:54:46.555514+05:30,2026-09-02_1154IST,airline_direct,IndiGo
BOM,BLR,6E,IndiGo,inf,2026-09-03,1,business,,,22488.0,False,22:20,ok,2026-09-02T11:54:46.555514+05:30,2026-09-02_1154IST,airline_direct,IndiGo
BOM,BLR,6E,IndiGo,inf,2026-09-03,1,economy,,,8742.0,False,22:20,ok,2026-09-02T11:54:46.555514+05:30,2026-09-02_1154IST,airline_direct,IndiGo
BOM,BLR,6E,IndiGo,inf,2026-09-03,1,business,,,26688.0,False,18:30,ok,2026-09-02T11:54:46.555514+05:30,2026-09-02_1154IST,airline_direct,IndiGo
BOM,BLR,6E,IndiGo,inf,2026-09-03,1,economy,,,11787.0,False,18:30,ok,2026-09-02T11:54:46.555514+05:30,2026-09-02_1154IST,airline_direct,IndiGo
BOM,BLR,6E,IndiGo,inf,2026-09-03,1,business,,,22488.0,False,21:30,ok,2026-09-02T11:54:46.555514+05:30,2026-09-02_1154IST,airline_direct,IndiGo
BOM,BLR,6E,IndiGo,inf,2026-09-03,1,economy,,,11787.0,False,21:30,ok,2026-09-02T11:54:46.555514+05:30,2026-09-02_1154IST,airline_direct,IndiGo
BOM,BLR,6E,IndiGo,inf,2026-09-03,1,business,,,22488.0,False,19:55,ok,2026-09-02T11:54:46.555514+05:30,2026-09-02_1154IST,airline_direct,IndiGo
BOM,BLR,6E,IndiGo,inf,2026-09-03,1,economy,,,12522.0,False,19:55,ok,2026-09-02T11:54:46.555514+05:30,2026-09-02_1154IST,airline_direct,IndiGo
BOM,BLR,6E,IndiGo,inf,2026-09-03,1,economy,,,6710.0,False,12:30,ok,2026-09-02T11:54:46.555514+05:30,2026-09-02_1154IST,airline_direct,IndiGo
BOM,BLR,6E,IndiGo,inf,2026-09-03,1,economy,,,6710.0,False,18:15,ok,2026-09-02T11:54:46.555514+05:30,2026-09-02_1154IST,airline_direct,IndiGo
BOM,BLR,6E,IndiGo,inf,2026-09-03,1,economy,,,6869.0,False,16:40,ok,2026-09-02T11:54:46.555514+05:30,2026-09-02_1154IST,airline_direct,IndiGo
BOM,BLR,6E,IndiGo,inf,2026-09-03,1,economy,,,6869.0,False,16:40,ok,2026-09-02T11:54:46.555514+05:30,2026-09-02_1154IST,airline_direct,IndiGo
BOM,BLR,6E,IndiGo,inf,2026-09-03,1,economy,,,7210.0,False,12:30,ok,2026-09-02T11:54:46.555514+05:30,2026-09-02_1154IST,airline_direct,IndiGo
BOM,BLR,6E,IndiGo,inf,2026-09-03,1,economy,,,7210.0,False,20:00,ok,2026-09-02T11:54:46.555514+05:30,2026-09-02_1154IST,airline_direct,IndiGo
BOM,BLR,6E,IndiGo,inf,2026-09-03,1,economy,,,7420.0,False,05:00,ok,2026-09-02T11:54:46.555514+05:30,2026-09-02_1154IST,airline_direct,IndiGo
BOM,BLR,6E,IndiGo,inf,2026-09-03,1,economy,,,7420.0,False,18:05,ok,2026-09-02T11:54:46.555514+05:30,2026-09-02_1154IST,airline_direct,IndiGo
BOM,BLR,6E,IndiGo,inf,2026-09-03,1,economy,,,7761.0,False,13:35,ok,2026-09-02T11:54:46.555514+05:30,2026-09-02_1154IST,airline_direct,IndiGo
BOM,BLR,6E,IndiGo,6.000000000000001e+230,2026-09-03,1,economy,,,8025.0,False,13:55,ok,2026-09-02T11:54:46.555514+05:30,2026-09-02_1154IST,airline_direct,IndiGo
BOM,BLR,6E,IndiGo,6.000000000000001e+230,2026-09-03,1,economy,,,8025.0,False,13:55,ok,2026-09-02T11:54:46.555514+05:30,2026-09-02_1154IST,airline_direct,IndiGo
BOM,BLR,6E,IndiGo,inf,2026-09-03,1,economy,,,8288.0,False,14:40,ok,2026-09-02T11:54:46.555514+05:30,2026-09-02_1154IST,airline_direct,IndiGo
BOM,BLR,6E,IndiGo,inf,2026-09-03,1,economy,,,9031.0,False,05:35,ok,2026-09-02T11:54:46.555514+05:30,2026-09-02_1154IST,airline_direct,IndiGo
BOM,BLR,6E,IndiGo,inf,2026-09-03,1,economy,,,9031.0,False,13:45,ok,2026-09-02T11:54:46.555514+05:30,2026-09-02_1154IST,airline_direct,IndiGo
BOM,BLR,6E,IndiGo,inf,2026-09-03,1,economy,,,9553.0,False,09:15,ok,2026-09-02T11:54:46.555514+05:30,2026-09-02_1154IST,airline_direct,IndiGo
BOM,BLR,6E,IndiGo,inf,2026-09-03,1,economy,,,10566.0,False,05:35,ok,2026-09-02T11:54:46.555514+05:30,2026-09-02_1154IST,airline_direct,IndiGo
BOM,BLR,6E,IndiGo,inf,2026-09-03,1,economy,,,10566.0,False,12:05,ok,2026-09-02T11:54:46.555514+05:30,2026-09-02_1154IST,airline_direct,IndiGo
BOM,BLR,6E,IndiGo,inf,2026-09-03,1,economy,,,10697.0,False,16:50,ok,2026-09-02T11:54:46.555514+05:30,2026-09-02_1154IST,airline_direct,IndiGo
BOM,BLR,6E,IndiGo,inf,2026-09-03,1,economy,,,11240.0,False,16:45,ok,2026-09-02T11:54:46.555514+05:30,2026-09-02_1154IST,airline_direct,IndiGo
BOM,BLR,6E,IndiGo,6.000000000000001e+136,2026-09-03,1,economy,,,11450.0,False,04:05,ok,2026-09-02T11:54:46.555514+05:30,2026-09-02_1154IST,airline_direct,IndiGo
BOM,BLR,6E,IndiGo,6.000000000000001e+136,2026-09-03,1,economy,,,11450.0,False,04:05,ok,2026-09-02T11:54:46.555514+05:30,2026-09-02_1154IST,airline_direct,IndiGo
BOM,BLR,6E,IndiGo,6e+261,2026-09-03,1,economy,,,11643.0,False,11:20,ok,2026-09-02T11:54:46.555514+05:30,2026-09-02_1154IST,airline_direct,IndiGo
BOM,BLR,6E,IndiGo,6e+261,2026-09-03,1,economy,,,11643.0,False,11:20,ok,2026-09-02T11:54:46.555514+05:30,2026-09-02_1154IST,airline_direct,IndiGo
BOM,BLR,6E,IndiGo,inf,2026-09-03,1,economy,,,12302.0,False,09:35,ok,2026-09-02T11:54:46.555514+05:30,2026-09-02_1154IST,airline_direct,IndiGo
BOM,BLR,6E,IndiGo,inf,2026-09-03,1,economy,,,12343.0,False,16:55,ok,2026-09-02T11:54:46.555514+05:30,2026-09-02_1154IST,airline_direct,IndiGo
BOM,BLR,6E,IndiGo,6e+240,2026-09-03,1,economy,,,12827.0,False,15:45,ok,2026-09-02T11:54:46.555514+05:30,2026-09-02_1154IST,airline_direct,IndiGo
BOM,BLR,6E,IndiGo,inf,2026-09-03,1,economy,,,13279.0,False,16:45,ok,2026-09-02T11:54:46.555514+05:30,2026-09-02_1154IST,airline_direct,IndiGo
BOM,BLR,6E,IndiGo,inf,2026-09-03,1,economy,,,13489.0,False,04:00,ok,2026-09-02T11:54:46.555514+05:30,2026-09-02_1154IST,airline_direct,IndiGo
BOM,BLR,6E,IndiGo,inf,2026-09-03,1,economy,,,13489.0,False,06:15,ok,2026-09-02T11:54:46.555514+05:30,2026-09-02_1154IST,airline_direct,IndiGo
BOM,BLR,6E,IndiGo,inf,2026-09-03,1,economy,,,13489.0,False,18:40,ok,2026-09-02T11:54:46.555514+05:30,2026-09-02_1154IST,airline_direct,IndiGo
BOM,BLR,6E,IndiGo,inf,2026-09-03,1,economy,,,14453.0,False,09:05,ok,2026-09-02T11:54:46.555514+05:30,2026-09-02_1154IST,airline_direct,IndiGo
BOM,BLR,6E,IndiGo,inf,2026-09-03,1,economy,,,14663.0,False,09:50,ok,2026-09-02T11:54:46.555514+05:30,2026-09-02_1154IST,airline_direct,IndiGo
BOM,BLR,6E,IndiGo,inf,2026-09-03,1,economy,,,14663.0,False,17:10,ok,2026-09-02T11:54:46.555514+05:30,2026-09-02_1154IST,airline_direct,IndiGo
BOM,BLR,6E,IndiGo,inf,2026-09-03,1,economy,,,15011.0,False,11:40,ok,2026-09-02T11:54:46.555514+05:30,2026-09-02_1154IST,airline_direct,IndiGo
BOM,BLR,6E,IndiGo,6.000000000000001e+136,2026-09-03,1,economy,,,15163.0,False,04:05,ok,2026-09-02T11:54:46.555514+05:30,2026-09-02_1154IST,airline_direct,IndiGo
BOM,BLR,6E,IndiGo,inf,2026-09-03,1,economy,,,15566.0,False,10:25,ok,2026-09-02T11:54:46.555514+05:30,2026-09-02_1154IST,airline_direct,IndiGo
BOM,BLR,6E,IndiGo,inf,2026-09-03,1,economy,,,17240.0,False,09:50,ok,2026-09-02T11:54:46.555514+05:30,2026-09-02_1154IST,airline_direct,IndiGo
BOM,BLR,6E,IndiGo,inf,2026-09-03,1,economy,,,18667.0,False,15:10,ok,2026-09-02T11:54:46.555514+05:30,2026-09-02_1154IST,airline_direct,IndiGo
BOM,BLR,6E,IndiGo,inf,2026-09-03,1,economy,,,18667.0,False,15:10,ok,2026-09-02T11:54:46.555514+05:30,2026-09-02_1154IST,airline_direct,IndiGo
BOM,BLR,6E,IndiGo,inf,2026-09-03,1,economy,,,19116.0,False,11:45,ok,2026-09-02T11:54:46.555514+05:30,2026-09-02_1154IST,airline_direct,IndiGo
BOM,BLR,6E,IndiGo,inf,2026-09-03,1,economy,,,19116.0,False,11:45,ok,2026-09-02T11:54:46.555514+05:30,2026-09-02_1154IST,airline_direct,IndiGo
BOM,BLR,6E,IndiGo,inf,2026-09-03,1,economy,,,19883.0,False,15:10,ok,2026-09-02T11:54:46.555514+05:30,2026-09-02_1154IST,airline_direct,IndiGo
BOM,BLR,6E,IndiGo,inf,2026-09-03,1,economy,,,20332.0,False,11:45,ok,2026-09-02T11:54:46.555514+05:30,2026-09-02_1154IST,airline_direct,IndiGo
BOM,BLR,6E,IndiGo,inf,2026-09-03,1,economy,,,20690.0,False,11:40,ok,2026-09-02T11:54:46.555514+05:30,2026-09-02_1154IST,airline_direct,IndiGo
BOM,BLR,6E,IndiGo,inf,2026-09-03,1,economy,,,23001.0,False,10:15,ok,2026-09-02T11:54:46.555514+05:30,2026-09-02_1154IST,airline_direct,IndiGo
BOM,BLR,6E,IndiGo,inf,2026-09-03,1,economy,,,23944.0,False,15:25,ok,2026-09-02T11:54:46.555514+05:30,2026-09-02_1154IST,airline_direct,IndiGo
BOM,BLR,6E,IndiGo,inf,2026-09-03,1,economy,,,24217.0,False,10:15,ok,2026-09-02T11:54:46.555514+05:30,2026-09-02_1154IST,airline_direct,IndiGo
BOM,BLR,6E,IndiGo,inf,2026-09-03,1,economy,,,27954.0,False,17:25,ok,2026-09-02T11:54:46.555514+05:30,2026-09-02_1154IST,airline_direct,IndiGo
DEL,CCU,6E,IndiGo,inf,2026-09-03,1,business,,,26140.0,False,05:00,ok,2026-09-02T11:55:54.768352+05:30,2026-09-02_1155IST,airline_direct,IndiGo
DEL,CCU,6E,IndiGo,inf,2026-09-03,1,economy,,,8200.0,False,05:00,ok,2026-09-02T11:55:54.768352+05:30,2026-09-02_1155IST,airline_direct,IndiGo
DEL,CCU,6E,IndiGo,inf,2026-09-03,1,business,,,26140.0,False,07:20,ok,2026-09-02T11:55:54.768352+05:30,2026-09-02_1155IST,airline_direct,IndiGo
DEL,CCU,6E,IndiGo,inf,2026-09-03,1,economy,,,8200.0,False,07:20,ok,2026-09-02T11:55:54.768352+05:30,2026-09-02_1155IST,airline_direct,IndiGo
DEL,CCU,6E,IndiGo,inf,2026-09-03,1,business,,,26140.0,False,10:15,ok,2026-09-02T11:55:54.768352+05:30,2026-09-02_1155IST,airline_direct,IndiGo
DEL,CCU,6E,IndiGo,inf,2026-09-03,1,economy,,,8200.0,False,10:15,ok,2026-09-02T11:55:54.768352+05:30,2026-09-02_1155IST,airline_direct,IndiGo
DEL,CCU,6E,IndiGo,inf,2026-09-03,1,business,,,26140.0,False,12:45,ok,2026-09-02T11:55:54.768352+05:30,2026-09-02_1155IST,airline_direct,IndiGo
DEL,CCU,6E,IndiGo,inf,2026-09-03,1,economy,,,8200.0,False,12:45,ok,2026-09-02T11:55:54.768352+05:30,2026-09-02_1155IST,airline_direct,IndiGo
DEL,CCU,6E,IndiGo,inf,2026-09-03,1,business,,,26140.0,False,14:25,ok,2026-09-02T11:55:54.768352+05:30,2026-09-02_1155IST,airline_direct,IndiGo
DEL,CCU,6E,IndiGo,inf,2026-09-03,1,economy,,,8200.0,False,14:25,ok,2026-09-02T11:55:54.768352+05:30,2026-09-02_1155IST,airline_direct,IndiGo
DEL,CCU,6E,IndiGo,inf,2026-09-03,1,business,,,29680.0,False,16:00,ok,2026-09-02T11:55:54.768352+05:30,2026-09-02_1155IST,airline_direct,IndiGo
DEL,CCU,6E,IndiGo,inf,2026-09-03,1,economy,,,8200.0,False,16:00,ok,2026-09-02T11:55:54.768352+05:30,2026-09-02_1155IST,airline_direct,IndiGo
DEL,CCU,6E,IndiGo,6e+247,2026-09-03,1,business,,,26140.0,False,23:30,ok,2026-09-02T11:55:54.768352+05:30,2026-09-02_1155IST,airline_direct,IndiGo
DEL,CCU,6E,IndiGo,6e+247,2026-09-03,1,economy,,,8200.0,False,23:30,ok,2026-09-02T11:55:54.768352+05:30,2026-09-02_1155IST,airline_direct,IndiGo
DEL,CCU,6E,IndiGo,inf,2026-09-03,1,business,,,26140.0,False,08:30,ok,2026-09-02T11:55:54.768352+05:30,2026-09-02_1155IST,airline_direct,IndiGo
DEL,CCU,6E,IndiGo,inf,2026-09-03,1,economy,,,8463.0,False,08:30,ok,2026-09-02T11:55:54.768352+05:30,2026-09-02_1155IST,airline_direct,IndiGo
DEL,CCU,6E,IndiGo,inf,2026-09-03,1,business,,,26140.0,False,17:55,ok,2026-09-02T11:55:54.768352+05:30,2026-09-02_1155IST,airline_direct,IndiGo
DEL,CCU,6E,IndiGo,inf,2026-09-03,1,economy,,,8463.0,False,17:55,ok,2026-09-02T11:55:54.768352+05:30,2026-09-02_1155IST,airline_direct,IndiGo
DEL,CCU,6E,IndiGo,inf,2026-09-03,1,business,,,26140.0,False,21:50,ok,2026-09-02T11:55:54.768352+05:30,2026-09-02_1155IST,airline_direct,IndiGo
DEL,CCU,6E,IndiGo,inf,2026-09-03,1,economy,,,8463.0,False,21:50,ok,2026-09-02T11:55:54.768352+05:30,2026-09-02_1155IST,airline_direct,IndiGo
DEL,CCU,6E,IndiGo,inf,2026-09-03,1,business,,,26140.0,False,19:30,ok,2026-09-02T11:55:54.768352+05:30,2026-09-02_1155IST,airline_direct,IndiGo
DEL,CCU,6E,IndiGo,inf,2026-09-03,1,economy,,,9775.0,False,19:30,ok,2026-09-02T11:55:54.768352+05:30,2026-09-02_1155IST,airline_direct,IndiGo
DEL,CCU,6E,IndiGo,inf,2026-09-03,1,economy,,,7368.0,False,06:20,ok,2026-09-02T11:55:54.768352+05:30,2026-09-02_1155IST,airline_direct,IndiGo
DEL,CCU,6E,IndiGo,inf,2026-09-03,1,economy,,,7368.0,False,11:10,ok,2026-09-02T11:55:54.768352+05:30,2026-09-02_1155IST,airline_direct,IndiGo
DEL,CCU,6E,IndiGo,inf,2026-09-03,1,economy,,,7368.0,False,13:35,ok,2026-09-02T11:55:54.768352+05:30,2026-09-02_1155IST,airline_direct,IndiGo
DEL,CCU,6E,IndiGo,inf,2026-09-03,1,economy,,,7368.0,False,16:20,ok,2026-09-02T11:55:54.768352+05:30,2026-09-02_1155IST,airline_direct,IndiGo
DEL,CCU,6E,IndiGo,inf,2026-09-03,1,economy,,,7500.0,False,14:35,ok,2026-09-02T11:55:54.768352+05:30,2026-09-02_1155IST,airline_direct,IndiGo
DEL,CCU,6E,IndiGo,inf,2026-09-03,1,economy,,,7578.0,False,14:00,ok,2026-09-02T11:55:54.768352+05:30,2026-09-02_1155IST,airline_direct,IndiGo
DEL,CCU,6E,IndiGo,inf,2026-09-03,1,economy,,,7683.0,False,04:45,ok,2026-09-02T11:55:54.768352+05:30,2026-09-02_1155IST,airline_direct,IndiGo
DEL,CCU,6E,IndiGo,inf,2026-09-03,1,economy,,,7683.0,False,07:30,ok,2026-09-02T11:55:54.768352+05:30,2026-09-02_1155IST,airline_direct,IndiGo
DEL,CCU,6E,IndiGo,inf,2026-09-03,1,economy,,,7683.0,False,07:45,ok,2026-09-02T11:55:54.768352+05:30,2026-09-02_1155IST,airline_direct,IndiGo
DEL,CCU,6E,IndiGo,inf,2026-09-03,1,economy,,,7683.0,False,10:50,ok,2026-09-02T11:55:54.768352+05:30,2026-09-02_1155IST,airline_direct,IndiGo
DEL,CCU,6E,IndiGo,inf,2026-09-03,1,economy,,,7683.0,False,10:50,ok,2026-09-02T11:55:54.768352+05:30,2026-09-02_1155IST,airline_direct,IndiGo
DEL,CCU,6E,IndiGo,inf,2026-09-03,1,economy,,,7683.0,False,14:40,ok,2026-09-02T11:55:54.768352+05:30,2026-09-02_1155IST,airline_direct,IndiGo
DEL,CCU,6E,IndiGo,inf,2026-09-03,1,economy,,,7683.0,False,15:10,ok,2026-09-02T11:55:54.768352+05:30,2026-09-02_1155IST,airline_direct,IndiGo
DEL,CCU,6E,IndiGo,inf,2026-09-03,1,economy,,,7683.0,False,15:10,ok,2026-09-02T11:55:54.768352+05:30,2026-09-02_1155IST,airline_direct,IndiGo
DEL,CCU,6E,IndiGo,inf,2026-09-03,1,economy,,,7710.0,False,17:20,ok,2026-09-02T11:55:54.768352+05:30,2026-09-02_1155IST,airline_direct,IndiGo
DEL,CCU,6E,IndiGo,inf,2026-09-03,1,economy,,,7893.0,False,13:25,ok,2026-09-02T11:55:54.768352+05:30,2026-09-02_1155IST,airline_direct,IndiGo
DEL,CCU,6E,IndiGo,inf,2026-09-03,1,economy,,,7920.0,False,02:25,ok,2026-09-02T11:55:54.768352+05:30,2026-09-02_1155IST,airline_direct,IndiGo
DEL,CCU,6E,IndiGo,inf,2026-09-03,1,business,,,33098.0,False,13:30,ok,2026-09-02T11:55:54.768352+05:30,2026-09-02_1155IST,airline_direct,IndiGo
DEL,CCU,6E,IndiGo,inf,2026-09-03,1,economy,,,7920.0,False,13:30,ok,2026-09-02T11:55:54.768352+05:30,2026-09-02_1155IST,airline_direct,IndiGo
DEL,CCU,6E,IndiGo,inf,2026-09-03,1,economy,,,7920.0,False,14:50,ok,2026-09-02T11:55:54.768352+05:30,2026-09-02_1155IST,airline_direct,IndiGo
DEL,CCU,6E,IndiGo,inf,2026-09-03,1,economy,,,8185.0,False,14:40,ok,2026-09-02T11:55:54.768352+05:30,2026-09-02_1155IST,airline_direct,IndiGo
DEL,CCU,6E,IndiGo,inf,2026-09-03,1,business,,,33570.0,False,02:25,ok,2026-09-02T11:55:54.768352+05:30,2026-09-02_1155IST,airline_direct,IndiGo
DEL,CCU,6E,IndiGo,inf,2026-09-03,1,economy,,,8527.0,False,02:25,ok,2026-09-02T11:55:54.768352+05:30,2026-09-02_1155IST,airline_direct,IndiGo
DEL,CCU,6E,IndiGo,inf,2026-09-03,1,economy,,,8527.0,False,12:20,ok,2026-09-02T11:55:54.768352+05:30,2026-09-02_1155IST,airline_direct,IndiGo
DEL,CCU,6E,IndiGo,inf,2026-09-03,1,economy,,,8527.0,False,23:15,ok,2026-09-02T11:55:54.768352+05:30,2026-09-02_1155IST,airline_direct,IndiGo
DEL,CCU,6E,IndiGo,inf,2026-09-03,1,economy,,,8643.0,False,13:20,ok,2026-09-02T11:55:54.768352+05:30,2026-09-02_1155IST,airline_direct,IndiGo
DEL,CCU,6E,IndiGo,inf,2026-09-03,1,economy,,,8853.0,False,07:40,ok,2026-09-02T11:55:54.768352+05:30,2026-09-02_1155IST,airline_direct,IndiGo
DEL,CCU,6E,IndiGo,inf,2026-09-03,1,economy,,,8853.0,False,12:20,ok,2026-09-02T11:55:54.768352+05:30,2026-09-02_1155IST,airline_direct,IndiGo
DEL,CCU,6E,IndiGo,inf,2026-09-03,1,economy,,,8853.0,False,14:40,ok,2026-09-02T11:55:54.768352+05:30,2026-09-02_1155IST,airline_direct,IndiGo
DEL,CCU,6E,IndiGo,inf,2026-09-03,1,business,,,34396.0,False,11:45,ok,2026-09-02T11:55:54.768352+05:30,2026-09-02_1155IST,airline_direct,IndiGo
DEL,CCU,6E,IndiGo,inf,2026-09-03,1,economy,,,9194.0,False,11:45,ok,2026-09-02T11:55:54.768352+05:30,2026-09-02_1155IST,airline_direct,IndiGo
DEL,CCU,6E,IndiGo,inf,2026-09-03,1,economy,,,9194.0,False,17:05,ok,2026-09-02T11:55:54.768352+05:30,2026-09-02_1155IST,airline_direct,IndiGo
DEL,CCU,6E,IndiGo,inf,2026-09-03,1,economy,,,9587.0,False,13:05,ok,2026-09-02T11:55:54.768352+05:30,2026-09-02_1155IST,airline_direct,IndiGo
DEL,CCU,6E,IndiGo,inf,2026-09-03,1,economy,,,9928.0,False,05:10,ok,2026-09-02T11:55:54.768352+05:30,2026-09-02_1155IST,airline_direct,IndiGo
DEL,CCU,6E,IndiGo,inf,2026-09-03,1,business,,,34396.0,False,13:30,ok,2026-09-02T11:55:54.768352+05:30,2026-09-02_1155IST,airline_direct,IndiGo
DEL,CCU,6E,IndiGo,inf,2026-09-03,1,economy,,,9928.0,False,13:30,ok,2026-09-02T11:55:54.768352+05:30,2026-09-02_1155IST,airline_direct,IndiGo
DEL,CCU,6E,IndiGo,inf,2026-09-03,1,economy,,,10033.0,False,06:20,ok,2026-09-02T11:55:54.768352+05:30,2026-09-02_1155IST,airline_direct,IndiGo
DEL,CCU,6E,IndiGo,inf,2026-09-03,1,economy,,,10315.0,False,05:55,ok,2026-09-02T11:55:54.768352+05:30,2026-09-02_1155IST,airline_direct,IndiGo
DEL,CCU,6E,IndiGo,inf,2026-09-03,1,economy,,,11280.0,False,05:00,ok,2026-09-02T11:55:54.768352+05:30,2026-09-02_1155IST,airline_direct,IndiGo
DEL,CCU,6E,IndiGo,inf,2026-09-03,1,economy,,,11280.0,False,07:40,ok,2026-09-02T11:55:54.768352+05:30,2026-09-02_1155IST,airline_direct,IndiGo
DEL,CCU,6E,IndiGo,inf,2026-09-03,1,economy,,,11280.0,False,09:20,ok,2026-09-02T11:55:54.768352+05:30,2026-09-02_1155IST,airline_direct,IndiGo
DEL,CCU,6E,IndiGo,inf,2026-09-03,1,economy,,,11542.0,False,16:40,ok,2026-09-02T11:55:54.768352+05:30,2026-09-02_1155IST,airline_direct,IndiGo
DEL,CCU,6E,IndiGo,inf,2026-09-03,1,economy,,,12254.0,False,09:20,ok,2026-09-02T11:55:54.768352+05:30,2026-09-02_1155IST,airline_direct,IndiGo
DEL,CCU,6E,IndiGo,inf,2026-09-03,1,economy,,,14504.0,False,12:55,ok,2026-09-02T11:55:54.768352+05:30,2026-09-02_1155IST,airline_direct,IndiGo
DEL,CCU,6E,IndiGo,inf,2026-09-03,1,economy,,,14516.0,False,13:25,ok,2026-09-02T11:55:54.768352+05:30,2026-09-02_1155IST,airline_direct,IndiGo
DEL,CCU,6E,IndiGo,inf,2026-09-03,1,economy,,,14744.0,False,10:00,ok,2026-09-02T11:55:54.768352+05:30,2026-09-02_1155IST,airline_direct,IndiGo
DEL,CCU,6E,IndiGo,inf,2026-09-03,1,economy,,,15720.0,False,14:25,ok,2026-09-02T11:55:54.768352+05:30,2026-09-02_1155IST,airline_direct,IndiGo
DEL,CCU,6E,IndiGo,inf,2026-09-03,1,business,,,34492.0,False,16:15,ok,2026-09-02T11:55:54.768352+05:30,2026-09-02_1155IST,airline_direct,IndiGo
DEL,CCU,6E,IndiGo,inf,2026-09-03,1,economy,,,16440.0,False,16:15,ok,2026-09-02T11:55:54.768352+05:30,2026-09-02_1155IST,airline_direct,IndiGo
DEL,CCU,6E,IndiGo,inf,2026-09-03,1,economy,,,17143.0,False,16:20,ok,2026-09-02T11:55:54.768352+05:30,2026-09-02_1155IST,airline_direct,IndiGo
DEL,CCU,6E,IndiGo,inf,2026-09-03,1,business,,,33098.0,False,17:55,ok,2026-09-02T11:55:54.768352+05:30,2026-09-02_1155IST,airline_direct,IndiGo
DEL,CCU,6E,IndiGo,inf,2026-09-03,1,economy,,,18719.0,False,17:55,ok,2026-09-02T11:55:54.768352+05:30,2026-09-02_1155IST,airline_direct,IndiGo
DEL,CCU,6E,IndiGo,inf,2026-09-03,1,business,,,34396.0,False,08:30,ok,2026-09-02T11:55:54.768352+05:30,2026-09-02_1155IST,airline_direct,IndiGo
DEL,CCU,6E,IndiGo,inf,2026-09-03,1,economy,,,21519.0,False,08:30,ok,2026-09-02T11:55:54.768352+05:30,2026-09-02_1155IST,airline_direct,IndiGo
DEL,CCU,6E,IndiGo,6e+203,2026-09-03,1,business,,,34396.0,False,07:10,ok,2026-09-02T11:55:54.768352+05:30,2026-09-02_1155IST,airline_direct,IndiGo
DEL,CCU,6E,IndiGo,6e+203,2026-09-03,1,economy,,,22206.0,False,07:10,ok,2026-09-02T11:55:54.768352+05:30,2026-09-02_1155IST,airline_direct,IndiGo
BLR,HYD,6E,IndiGo,inf,2026-09-03,1,economy,,,9518.0,False,11:35,ok,2026-09-02T11:56:53.031887+05:30,2026-09-02_1156IST,airline_direct,IndiGo
BLR,HYD,6E,IndiGo,inf,2026-09-03,1,economy,,,11353.0,False,06:25,ok,2026-09-02T11:56:53.031887+05:30,2026-09-02_1156IST,airline_direct,IndiGo
BLR,HYD,6E,IndiGo,inf,2026-09-03,1,economy,,,12416.0,False,10:15,ok,2026-09-02T11:56:53.031887+05:30,2026-09-02_1156IST,airline_direct,IndiGo
BLR,HYD,6E,IndiGo,inf,2026-09-03,1,economy,,,12416.0,False,16:30,ok,2026-09-02T11:56:53.031887+05:30,2026-09-02_1156IST,airline_direct,IndiGo
BLR,HYD,6E,IndiGo,inf,2026-09-03,1,economy,,,13589.0,False,09:15,ok,2026-09-02T11:56:53.031887+05:30,2026-09-02_1156IST,airline_direct,IndiGo
BLR,HYD,6E,IndiGo,inf,2026-09-03,1,economy,,,16310.0,False,08:15,ok,2026-09-02T11:56:53.031887+05:30,2026-09-02_1156IST,airline_direct,IndiGo
BLR,HYD,6E,IndiGo,inf,2026-09-03,1,economy,,,16310.0,False,18:35,ok,2026-09-02T11:56:53.031887+05:30,2026-09-02_1156IST,airline_direct,IndiGo
BLR,HYD,6E,IndiGo,inf,2026-09-03,1,economy,,,16310.0,False,21:30,ok,2026-09-02T11:56:53.031887+05:30,2026-09-02_1156IST,airline_direct,IndiGo
BLR,HYD,6E,IndiGo,inf,2026-09-03,1,economy,,,5486.0,False,04:30,ok,2026-09-02T11:56:53.031887+05:30,2026-09-02_1156IST,airline_direct,IndiGo
BLR,HYD,6E,IndiGo,inf,2026-09-03,1,economy,,,6724.0,False,12:45,ok,2026-09-02T11:56:53.031887+05:30,2026-09-02_1156IST,airline_direct,IndiGo
BLR,HYD,6E,IndiGo,inf,2026-09-03,1,economy,,,6724.0,False,16:25,ok,2026-09-02T11:56:53.031887+05:30,2026-09-02_1156IST,airline_direct,IndiGo
BLR,HYD,6E,IndiGo,inf,2026-09-03,1,economy,,,7221.0,False,11:40,ok,2026-09-02T11:56:53.031887+05:30,2026-09-02_1156IST,airline_direct,IndiGo
BLR,HYD,6E,IndiGo,inf,2026-09-03,1,economy,,,7221.0,False,11:40,ok,2026-09-02T11:56:53.031887+05:30,2026-09-02_1156IST,airline_direct,IndiGo
BLR,HYD,6E,IndiGo,inf,2026-09-03,1,economy,,,7221.0,False,12:45,ok,2026-09-02T11:56:53.031887+05:30,2026-09-02_1156IST,airline_direct,IndiGo
BLR,HYD,6E,IndiGo,inf,2026-09-03,1,economy,,,7221.0,False,12:45,ok,2026-09-02T11:56:53.031887+05:30,2026-09-02_1156IST,airline_direct,IndiGo
BLR,HYD,6E,IndiGo,inf,2026-09-03,1,economy,,,7221.0,False,16:25,ok,2026-09-02T11:56:53.031887+05:30,2026-09-02_1156IST,airline_direct,IndiGo
BLR,HYD,6E,IndiGo,inf,2026-09-03,1,economy,,,7221.0,False,21:40,ok,2026-09-02T11:56:53.031887+05:30,2026-09-02_1156IST,airline_direct,IndiGo
BLR,HYD,6E,IndiGo,inf,2026-09-03,1,economy,,,7767.0,False,06:50,ok,2026-09-02T11:56:53.031887+05:30,2026-09-02_1156IST,airline_direct,IndiGo
BLR,HYD,6E,IndiGo,inf,2026-09-03,1,economy,,,7767.0,False,12:45,ok,2026-09-02T11:56:53.031887+05:30,2026-09-02_1156IST,airline_direct,IndiGo
BLR,HYD,6E,IndiGo,inf,2026-09-03,1,economy,,,7767.0,False,17:40,ok,2026-09-02T11:56:53.031887+05:30,2026-09-02_1156IST,airline_direct,IndiGo
BLR,HYD,6E,IndiGo,6e+116,2026-09-03,1,economy,,,7767.0,False,23:05,ok,2026-09-02T11:56:53.031887+05:30,2026-09-02_1156IST,airline_direct,IndiGo
BLR,HYD,6E,IndiGo,inf,2026-09-03,1,economy,,,8369.0,False,05:20,ok,2026-09-02T11:56:53.031887+05:30,2026-09-02_1156IST,airline_direct,IndiGo
BLR,HYD,6E,IndiGo,inf,2026-09-03,1,economy,,,8369.0,False,05:20,ok,2026-09-02T11:56:53.031887+05:30,2026-09-02_1156IST,airline_direct,IndiGo
BLR,HYD,6E,IndiGo,inf,2026-09-03,1,economy,,,8369.0,False,07:05,ok,2026-09-02T11:56:53.031887+05:30,2026-09-02_1156IST,airline_direct,IndiGo
BLR,HYD,6E,IndiGo,inf,2026-09-03,1,economy,,,8369.0,False,12:35,ok,2026-09-02T11:56:53.031887+05:30,2026-09-02_1156IST,airline_direct,IndiGo
BLR,HYD,6E,IndiGo,inf,2026-09-03,1,economy,,,8369.0,False,13:10,ok,2026-09-02T11:56:53.031887+05:30,2026-09-02_1156IST,airline_direct,IndiGo
BLR,HYD,6E,IndiGo,inf,2026-09-03,1,economy,,,8369.0,False,13:10,ok,2026-09-02T11:56:53.031887+05:30,2026-09-02_1156IST,airline_direct,IndiGo
BLR,HYD,6E,IndiGo,inf,2026-09-03,1,economy,,,8369.0,False,17:40,ok,2026-09-02T11:56:53.031887+05:30,2026-09-02_1156IST,airline_direct,IndiGo
BLR,HYD,6E,IndiGo,inf,2026-09-03,1,economy,,,8898.0,False,06:25,ok,2026-09-02T11:56:53.031887+05:30,2026-09-02_1156IST,airline_direct,IndiGo
BLR,HYD,6E,IndiGo,inf,2026-09-03,1,economy,,,9030.0,False,12:35,ok,2026-09-02T11:56:53.031887+05:30,2026-09-02_1156IST,airline_direct,IndiGo
BLR,HYD,6E,IndiGo,inf,2026-09-03,1,economy,,,9030.0,False,12:35,ok,2026-09-02T11:56:53.031887+05:30,2026-09-02_1156IST,airline_direct,IndiGo
BLR,HYD,6E,IndiGo,inf,2026-09-03,1,economy,,,9030.0,False,12:35,ok,2026-09-02T11:56:53.031887+05:30,2026-09-02_1156IST,airline_direct,IndiGo
BLR,HYD,6E,IndiGo,inf,2026-09-03,1,economy,,,9030.0,False,15:15,ok,2026-09-02T11:56:53.031887+05:30,2026-09-02_1156IST,airline_direct,IndiGo
BLR,HYD,6E,IndiGo,inf,2026-09-03,1,economy,,,9030.0,False,15:15,ok,2026-09-02T11:56:53.031887+05:30,2026-09-02_1156IST,airline_direct,IndiGo
BLR,HYD,6E,IndiGo,inf,2026-09-03,1,economy,,,9756.0,False,07:05,ok,2026-09-02T11:56:53.031887+05:30,2026-09-02_1156IST,airline_direct,IndiGo
BLR,HYD,6E,IndiGo,inf,2026-09-03,1,economy,,,10251.0,False,17:15,ok,2026-09-02T11:56:53.031887+05:30,2026-09-02_1156IST,airline_direct,IndiGo
BLR,HYD,6E,IndiGo,inf,2026-09-03,1,economy,,,10507.0,False,10:50,ok,2026-09-02T11:56:53.031887+05:30,2026-09-02_1156IST,airline_direct,IndiGo
BLR,HYD,6E,IndiGo,inf,2026-09-03,1,economy,,,10554.0,False,10:55,ok,2026-09-02T11:56:53.031887+05:30,2026-09-02_1156IST,airline_direct,IndiGo
BLR,HYD,6E,IndiGo,inf,2026-09-03,1,economy,,,10554.0,False,19:15,ok,2026-09-02T11:56:53.031887+05:30,2026-09-02_1156IST,airline_direct,IndiGo
BLR,HYD,6E,IndiGo,inf,2026-09-03,1,economy,,,10554.0,False,20:40,ok,2026-09-02T11:56:53.031887+05:30,2026-09-02_1156IST,airline_direct,IndiGo
BLR,HYD,6E,IndiGo,inf,2026-09-03,1,economy,,,10788.0,False,07:15,ok,2026-09-02T11:56:53.031887+05:30,2026-09-02_1156IST,airline_direct,IndiGo
BLR,HYD,6E,IndiGo,inf,2026-09-03,1,economy,,,10788.0,False,07:15,ok,2026-09-02T11:56:53.031887+05:30,2026-09-02_1156IST,airline_direct,IndiGo
BLR,HYD,6E,IndiGo,inf,2026-09-03,1,economy,,,10788.0,False,17:15,ok,2026-09-02T11:56:53.031887+05:30,2026-09-02_1156IST,airline_direct,IndiGo
BLR,HYD,6E,IndiGo,6e+116,2026-09-03,1,economy,,,11211.0,False,23:05,ok,2026-09-02T11:56:53.031887+05:30,2026-09-02_1156IST,airline_direct,IndiGo
BLR,HYD,6E,IndiGo,inf,2026-09-03,1,economy,,,11432.0,False,12:55,ok,2026-09-02T11:56:53.031887+05:30,2026-09-02_1156IST,airline_direct,IndiGo
BLR,HYD,6E,IndiGo,6e+105,2026-09-03,1,economy,,,11432.0,False,18:50,ok,2026-09-02T11:56:53.031887+05:30,2026-09-02_1156IST,airline_direct,IndiGo
BLR,HYD,6E,IndiGo,6e+105,2026-09-03,1,economy,,,11432.0,False,18:50,ok,2026-09-02T11:56:53.031887+05:30,2026-09-02_1156IST,airline_direct,IndiGo
BLR,HYD,6E,IndiGo,inf,2026-09-03,1,economy,,,11439.0,False,18:15,ok,2026-09-02T11:56:53.031887+05:30,2026-09-02_1156IST,airline_direct,IndiGo
BLR,HYD,6E,IndiGo,inf,2026-09-03,1,economy,,,11748.0,False,10:50,ok,2026-09-02T11:56:53.031887+05:30,2026-09-02_1156IST,airline_direct,IndiGo
BLR,HYD,6E,IndiGo,inf,2026-09-03,1,economy,,,11903.0,False,21:40,ok,2026-09-02T11:56:53.031887+05:30,2026-09-02_1156IST,airline_direct,IndiGo
BLR,HYD,6E,IndiGo,inf,2026-09-03,1,economy,,,12527.0,False,10:40,ok,2026-09-02T11:56:53.031887+05:30,2026-09-02_1156IST,airline_direct,IndiGo
BLR,HYD,6E,IndiGo,inf,2026-09-03,1,economy,,,13311.0,False,01:05,ok,2026-09-02T11:56:53.031887+05:30,2026-09-02_1156IST,airline_direct,IndiGo
BLR,HYD,6E,IndiGo,inf,2026-09-03,1,economy,,,13311.0,False,02:40,ok,2026-09-02T11:56:53.031887+05:30,2026-09-02_1156IST,airline_direct,IndiGo
BLR,HYD,6E,IndiGo,inf,2026-09-03,1,economy,,,17336.0,False,07:05,ok,2026-09-02T11:56:53.031887+05:30,2026-09-02_1156IST,airline_direct,IndiGo
BLR,HYD,6E,IndiGo,inf,2026-09-03,1,economy,,,17336.0,False,07:05,ok,2026-09-02T11:56:53.031887+05:30,2026-09-02_1156IST,airline_direct,IndiGo
BLR,HYD,6E,IndiGo,inf,2026-09-03,1,economy,,,17378.0,False,06:50,ok,2026-09-02T11:56:53.031887+05:30,2026-09-02_1156IST,airline_direct,IndiGo
BLR,HYD,6E,IndiGo,inf,2026-09-03,1,economy,,,19775.0,False,10:25,ok,2026-09-02T11:56:53.031887+05:30,2026-09-02_1156IST,airline_direct,IndiGo
BLR,HYD,6E,IndiGo,inf,2026-09-03,1,economy,,,21011.0,False,07:05,ok,2026-09-02T11:56:53.031887+05:30,2026-09-02_1156IST,airline_direct,IndiGo
BLR,HYD,6E,IndiGo,inf,2026-09-03,1,,,,,False,19:45,sold_out,2026-09-02T11:56:53.031887+05:30,2026-09-02_1156IST,airline_direct,IndiGo
MAA,DEL,6E,IndiGo,inf,2026-09-03,1,business,,,28240.0,False,09:15,ok,2026-09-02T11:57:57.318583+05:30,2026-09-02_1157IST,airline_direct,IndiGo
MAA,DEL,6E,IndiGo,inf,2026-09-03,1,economy,,,9830.0,False,09:15,ok,2026-09-02T11:57:57.318583+05:30,2026-09-02_1157IST,airline_direct,IndiGo
MAA,DEL,6E,IndiGo,inf,2026-09-03,1,business,,,28240.0,False,11:10,ok,2026-09-02T11:57:57.318583+05:30,2026-09-02_1157IST,airline_direct,IndiGo
MAA,DEL,6E,IndiGo,inf,2026-09-03,1,economy,,,9830.0,False,11:10,ok,2026-09-02T11:57:57.318583+05:30,2026-09-02_1157IST,airline_direct,IndiGo
MAA,DEL,6E,IndiGo,inf,2026-09-03,1,business,,,28240.0,False,13:00,ok,2026-09-02T11:57:57.318583+05:30,2026-09-02_1157IST,airline_direct,IndiGo
MAA,DEL,6E,IndiGo,inf,2026-09-03,1,economy,,,9830.0,False,13:00,ok,2026-09-02T11:57:57.318583+05:30,2026-09-02_1157IST,airline_direct,IndiGo
MAA,DEL,6E,IndiGo,inf,2026-09-03,1,business,,,28240.0,False,14:30,ok,2026-09-02T11:57:57.318583+05:30,2026-09-02_1157IST,airline_direct,IndiGo
MAA,DEL,6E,IndiGo,inf,2026-09-03,1,economy,,,9830.0,False,14:30,ok,2026-09-02T11:57:57.318583+05:30,2026-09-02_1157IST,airline_direct,IndiGo
MAA,DEL,6E,IndiGo,inf,2026-09-03,1,business,,,28240.0,False,23:45,ok,2026-09-02T11:57:57.318583+05:30,2026-09-02_1157IST,airline_direct,IndiGo
MAA,DEL,6E,IndiGo,inf,2026-09-03,1,economy,,,10785.0,False,23:45,ok,2026-09-02T11:57:57.318583+05:30,2026-09-02_1157IST,airline_direct,IndiGo
MAA,DEL,6E,IndiGo,inf,2026-09-03,1,business,,,28240.0,False,06:30,ok,2026-09-02T11:57:57.318583+05:30,2026-09-02_1157IST,airline_direct,IndiGo
MAA,DEL,6E,IndiGo,inf,2026-09-03,1,economy,,,11850.0,False,06:30,ok,2026-09-02T11:57:57.318583+05:30,2026-09-02_1157IST,airline_direct,IndiGo
MAA,DEL,6E,IndiGo,inf,2026-09-03,1,business,,,30280.0,False,16:45,ok,2026-09-02T11:57:57.318583+05:30,2026-09-02_1157IST,airline_direct,IndiGo
MAA,DEL,6E,IndiGo,inf,2026-09-03,1,economy,,,12426.0,False,16:45,ok,2026-09-02T11:57:57.318583+05:30,2026-09-02_1157IST,airline_direct,IndiGo
MAA,DEL,6E,IndiGo,inf,2026-09-03,1,business,,,28240.0,False,21:50,ok,2026-09-02T11:57:57.318583+05:30,2026-09-02_1157IST,airline_direct,IndiGo
MAA,DEL,6E,IndiGo,inf,2026-09-03,1,economy,,,13035.0,False,21:50,ok,2026-09-02T11:57:57.318583+05:30,2026-09-02_1157IST,airline_direct,IndiGo
MAA,DEL,6E,IndiGo,inf,2026-09-03,1,business,,,28240.0,False,19:00,ok,2026-09-02T11:57:57.318583+05:30,2026-09-02_1157IST,airline_direct,IndiGo
MAA,DEL,6E,IndiGo,inf,2026-09-03,1,economy,,,15824.0,False,19:00,ok,2026-09-02T11:57:57.318583+05:30,2026-09-02_1157IST,airline_direct,IndiGo
MAA,DEL,6E,IndiGo,inf,2026-09-03,1,business,,,39741.0,False,09:00,ok,2026-09-02T11:57:57.318583+05:30,2026-09-02_1157IST,airline_direct,IndiGo
MAA,DEL,6E,IndiGo,inf,2026-09-03,1,economy,,,9829.0,False,09:00,ok,2026-09-02T11:57:57.318583+05:30,2026-09-02_1157IST,airline_direct,IndiGo
MAA,DEL,6E,IndiGo,inf,2026-09-03,1,business,,,39741.0,False,09:00,ok,2026-09-02T11:57:57.318583+05:30,2026-09-02_1157IST,airline_direct,IndiGo
MAA,DEL,6E,IndiGo,inf,2026-09-03,1,economy,,,9829.0,False,09:00,ok,2026-09-02T11:57:57.318583+05:30,2026-09-02_1157IST,airline_direct,IndiGo
MAA,DEL,6E,IndiGo,inf,2026-09-03,1,business,,,40966.0,False,11:00,ok,2026-09-02T11:57:57.318583+05:30,2026-09-02_1157IST,airline_direct,IndiGo
MAA,DEL,6E,IndiGo,inf,2026-09-03,1,economy,,,9829.0,False,11:00,ok,2026-09-02T11:57:57.318583+05:30,2026-09-02_1157IST,airline_direct,IndiGo
MAA,DEL,6E,IndiGo,inf,2026-09-03,1,business,,,37235.0,False,11:45,ok,2026-09-02T11:57:57.318583+05:30,2026-09-02_1157IST,airline_direct,IndiGo
MAA,DEL,6E,IndiGo,inf,2026-09-03,1,economy,,,9829.0,False,11:45,ok,2026-09-02T11:57:57.318583+05:30,2026-09-02_1157IST,airline_direct,IndiGo
MAA,DEL,6E,IndiGo,inf,2026-09-03,1,business,,,39741.0,False,12:45,ok,2026-09-02T11:57:57.318583+05:30,2026-09-02_1157IST,airline_direct,IndiGo
MAA,DEL,6E,IndiGo,inf,2026-09-03,1,economy,,,9829.0,False,12:45,ok,2026-09-02T11:57:57.318583+05:30,2026-09-02_1157IST,airline_direct,IndiGo
MAA,DEL,6E,IndiGo,inf,2026-09-03,1,business,,,43340.0,False,14:45,ok,2026-09-02T11:57:57.318583+05:30,2026-09-02_1157IST,airline_direct,IndiGo
MAA,DEL,6E,IndiGo,inf,2026-09-03,1,economy,,,9829.0,False,14:45,ok,2026-09-02T11:57:57.318583+05:30,2026-09-02_1157IST,airline_direct,IndiGo
MAA,DEL,6E,IndiGo,6e+253,2026-09-03,1,economy,,,10376.0,False,03:10,ok,2026-09-02T11:57:57.318583+05:30,2026-09-02_1157IST,airline_direct,IndiGo
MAA,DEL,6E,IndiGo,inf,2026-09-03,1,economy,,,10376.0,False,09:30,ok,2026-09-02T11:57:57.318583+05:30,2026-09-02_1157IST,airline_direct,IndiGo
MAA,DEL,6E,IndiGo,inf,2026-09-03,1,economy,,,10454.0,False,08:55,ok,2026-09-02T11:57:57.318583+05:30,2026-09-02_1157IST,airline_direct,IndiGo
MAA,DEL,6E,IndiGo,inf,2026-09-03,1,business,,,39741.0,False,06:45,ok,2026-09-02T11:57:57.318583+05:30,2026-09-02_1157IST,airline_direct,IndiGo
MAA,DEL,6E,IndiGo,inf,2026-09-03,1,economy,,,10586.0,False,06:45,ok,2026-09-02T11:57:57.318583+05:30,2026-09-02_1157IST,airline_direct,IndiGo
MAA,DEL,6E,IndiGo,inf,2026-09-03,1,business,,,43340.0,False,14:45,ok,2026-09-02T11:57:57.318583+05:30,2026-09-02_1157IST,airline_direct,IndiGo
MAA,DEL,6E,IndiGo,inf,2026-09-03,1,economy,,,10586.0,False,14:45,ok,2026-09-02T11:57:57.318583+05:30,2026-09-02_1157IST,airline_direct,IndiGo
MAA,DEL,6E,IndiGo,inf,2026-09-03,1,economy,,,11077.0,False,07:35,ok,2026-09-02T11:57:57.318583+05:30,2026-09-02_1157IST,airline_direct,IndiGo
MAA,DEL,6E,IndiGo,6e+183,2026-09-03,1,business,,,36321.0,False,16:35,ok,2026-09-02T11:57:57.318583+05:30,2026-09-02_1157IST,airline_direct,IndiGo
MAA,DEL,6E,IndiGo,6e+183,2026-09-03,1,economy,,,11208.0,False,16:35,ok,2026-09-02T11:57:57.318583+05:30,2026-09-02_1157IST,airline_direct,IndiGo
MAA,DEL,6E,IndiGo,inf,2026-09-03,1,economy,,,11287.0,False,08:55,ok,2026-09-02T11:57:57.318583+05:30,2026-09-02_1157IST,airline_direct,IndiGo
MAA,DEL,6E,IndiGo,inf,2026-09-03,1,economy,,,11287.0,False,10:55,ok,2026-09-02T11:57:57.318583+05:30,2026-09-02_1157IST,airline_direct,IndiGo
MAA,DEL,6E,IndiGo,inf,2026-09-03,1,economy,,,11287.0,False,10:55,ok,2026-09-02T11:57:57.318583+05:30,2026-09-02_1157IST,airline_direct,IndiGo
MAA,DEL,6E,IndiGo,inf,2026-09-03,1,business,,,37825.0,False,08:20,ok,2026-09-02T11:57:57.318583+05:30,2026-09-02_1157IST,airline_direct,IndiGo
MAA,DEL,6E,IndiGo,inf,2026-09-03,1,economy,,,11418.0,False,08:20,ok,2026-09-02T11:57:57.318583+05:30,2026-09-02_1157IST,airline_direct,IndiGo
MAA,DEL,6E,IndiGo,inf,2026-09-03,1,economy,,,11913.0,False,13:10,ok,2026-09-02T11:57:57.318583+05:30,2026-09-02_1157IST,airline_direct,IndiGo
MAA,DEL,6E,IndiGo,inf,2026-09-03,1,business,,,35649.0,False,05:40,ok,2026-09-02T11:57:57.318583+05:30,2026-09-02_1157IST,airline_direct,IndiGo
MAA,DEL,6E,IndiGo,inf,2026-09-03,1,economy,,,12123.0,False,05:40,ok,2026-09-02T11:57:57.318583+05:30,2026-09-02_1157IST,airline_direct,IndiGo
MAA,DEL,6E,IndiGo,inf,2026-09-03,1,economy,,,12123.0,False,09:05,ok,2026-09-02T11:57:57.318583+05:30,2026-09-02_1157IST,airline_direct,IndiGo
MAA,DEL,6E,IndiGo,inf,2026-09-03,1,business,,,30775.0,False,11:10,ok,2026-09-02T11:57:57.318583+05:30,2026-09-02_1157IST,airline_direct,IndiGo
MAA,DEL,6E,IndiGo,inf,2026-09-03,1,economy,,,12123.0,False,11:10,ok,2026-09-02T11:57:57.318583+05:30,2026-09-02_1157IST,airline_direct,IndiGo
MAA,DEL,6E,IndiGo,inf,2026-09-03,1,economy,,,12123.0,False,11:25,ok,2026-09-02T11:57:57.318583+05:30,2026-09-02_1157IST,airline_direct,IndiGo
MAA,DEL,6E,IndiGo,inf,2026-09-03,1,economy,,,12123.0,False,12:00,ok,2026-09-02T11:57:57.318583+05:30,2026-09-02_1157IST,airline_direct,IndiGo
MAA,DEL,6E,IndiGo,inf,2026-09-03,1,economy,,,12770.0,False,09:05,ok,2026-09-02T11:57:57.318583+05:30,2026-09-02_1157IST,airline_direct,IndiGo
MAA,DEL,6E,IndiGo,6e+193,2026-09-03,1,economy,,,13301.0,False,20:00,ok,2026-09-02T11:57:57.318583+05:30,2026-09-02_1157IST,airline_direct,IndiGo
MAA,DEL,6E,IndiGo,inf,2026-09-03,1,economy,,,13307.0,False,07:10,ok,2026-09-02T11:57:57.318583+05:30,2026-09-02_1157IST,airline_direct,IndiGo
MAA,DEL,6E,IndiGo,inf,2026-09-03,1,economy,,,13307.0,False,07:10,ok,2026-09-02T11:57:57.318583+05:30,2026-09-02_1157IST,airline_direct,IndiGo
MAA,DEL,6E,IndiGo,inf,2026-09-03,1,economy,,,13307.0,False,12:00,ok,2026-09-02T11:57:57.318583+05:30,2026-09-02_1157IST,airline_direct,IndiGo
MAA,DEL,6E,IndiGo,inf,2026-09-03,1,economy,,,13839.0,False,21:25,ok,2026-09-02T11:57:57.318583+05:30,2026-09-02_1157IST,airline_direct,IndiGo
MAA,DEL,6E,IndiGo,inf,2026-09-03,1,economy,,,14621.0,False,14:35,ok,2026-09-02T11:57:57.318583+05:30,2026-09-02_1157IST,airline_direct,IndiGo
MAA,DEL,6E,IndiGo,inf,2026-09-03,1,economy,,,14758.0,False,07:05,ok,2026-09-02T11:57:57.318583+05:30,2026-09-02_1157IST,airline_direct,IndiGo
MAA,DEL,6E,IndiGo,inf,2026-09-03,1,economy,,,14758.0,False,07:05,ok,2026-09-02T11:57:57.318583+05:30,2026-09-02_1157IST,airline_direct,IndiGo
MAA,DEL,6E,IndiGo,inf,2026-09-03,1,economy,,,15414.0,False,17:00,ok,2026-09-02T11:57:57.318583+05:30,2026-09-02_1157IST,airline_direct,IndiGo
MAA,DEL,6E,IndiGo,inf,2026-09-03,1,business,,,39505.0,False,22:20,ok,2026-09-02T11:57:57.318583+05:30,2026-09-02_1157IST,airline_direct,IndiGo
MAA,DEL,6E,IndiGo,inf,2026-09-03,1,economy,,,15450.0,False,22:20,ok,2026-09-02T11:57:57.318583+05:30,2026-09-02_1157IST,airline_direct,IndiGo
MAA,DEL,6E,IndiGo,inf,2026-09-03,1,business,,,39271.0,False,02:30,ok,2026-09-02T11:57:57.318583+05:30,2026-09-02_1157IST,airline_direct,IndiGo
MAA,DEL,6E,IndiGo,inf,2026-09-03,1,economy,,,15669.0,False,02:30,ok,2026-09-02T11:57:57.318583+05:30,2026-09-02_1157IST,airline_direct,IndiGo
MAA,DEL,6E,IndiGo,inf,2026-09-03,1,business,,,43340.0,False,12:45,ok,2026-09-02T11:57:57.318583+05:30,2026-09-02_1157IST,airline_direct,IndiGo
MAA,DEL,6E,IndiGo,inf,2026-09-03,1,economy,,,15669.0,False,12:45,ok,2026-09-02T11:57:57.318583+05:30,2026-09-02_1157IST,airline_direct,IndiGo
MAA,DEL,6E,IndiGo,inf,2026-09-03,1,business,,,43047.0,False,02:30,ok,2026-09-02T11:57:57.318583+05:30,2026-09-02_1157IST,airline_direct,IndiGo
MAA,DEL,6E,IndiGo,inf,2026-09-03,1,economy,,,16114.0,False,02:30,ok,2026-09-02T11:57:57.318583+05:30,2026-09-02_1157IST,airline_direct,IndiGo
MAA,DEL,6E,IndiGo,inf,2026-09-03,1,economy,,,16786.0,False,11:55,ok,2026-09-02T11:57:57.318583+05:30,2026-09-02_1157IST,airline_direct,IndiGo
MAA,DEL,6E,IndiGo,inf,2026-09-03,1,business,,,37235.0,False,18:05,ok,2026-09-02T11:57:57.318583+05:30,2026-09-02_1157IST,airline_direct,IndiGo
MAA,DEL,6E,IndiGo,inf,2026-09-03,1,economy,,,16958.0,False,18:05,ok,2026-09-02T11:57:57.318583+05:30,2026-09-02_1157IST,airline_direct,IndiGo
MAA,DEL,6E,IndiGo,inf,2026-09-03,1,economy,,,17717.0,False,18:20,ok,2026-09-02T11:57:57.318583+05:30,2026-09-02_1157IST,airline_direct,IndiGo
MAA,DEL,6E,IndiGo,inf,2026-09-03,1,economy,,,18229.0,False,14:35,ok,2026-09-02T11:57:57.318583+05:30,2026-09-02_1157IST,airline_direct,IndiGo
MAA,DEL,6E,IndiGo,inf,2026-09-03,1,business,,,39741.0,False,16:40,ok,2026-09-02T11:57:57.318583+05:30,2026-09-02_1157IST,airline_direct,IndiGo
MAA,DEL,6E,IndiGo,inf,2026-09-03,1,economy,,,18439.0,False,16:40,ok,2026-09-02T11:57:57.318583+05:30,2026-09-02_1157IST,airline_direct,IndiGo
MAA,DEL,6E,IndiGo,inf,2026-09-03,1,economy,,,20826.0,False,17:45,ok,2026-09-02T11:57:57.318583+05:30,2026-09-02_1157IST,airline_direct,IndiGo
MAA,DEL,6E,IndiGo,6.000000000000001e+244,2026-09-03,1,economy,,,22756.0,False,03:55,ok,2026-09-02T11:57:57.318583+05:30,2026-09-02_1157IST,airline_direct,IndiGo
MAA,DEL,6E,IndiGo,inf,2026-09-03,1,economy,,,23137.0,False,16:15,ok,2026-09-02T11:57:57.318583+05:30,2026-09-02_1157IST,airline_direct,IndiGo
MAA,DEL,6E,IndiGo,inf,2026-09-03,1,business,,,39741.0,False,18:15,ok,2026-09-02T11:57:57.318583+05:30,2026-09-02_1157IST,airline_direct,IndiGo
MAA,DEL,6E,IndiGo,inf,2026-09-03,1,economy,,,23582.0,False,18:15,ok,2026-09-02T11:57:57.318583+05:30,2026-09-02_1157IST,airline_direct,IndiGo
MAA,DEL,6E,IndiGo,inf,2026-09-03,1,economy,,,26611.0,False,18:20,ok,2026-09-02T11:57:57.318583+05:30,2026-09-02_1157IST,airline_direct,IndiGo
MAA,DEL,6E,IndiGo,inf,2026-09-03,1,economy,,,27754.0,False,17:45,ok,2026-09-02T11:57:57.318583+05:30,2026-09-02_1157IST,airline_direct,IndiGo
MAA,DEL,6E,IndiGo,inf,2026-09-03,1,economy,,,28817.0,False,17:45,ok,2026-09-02T11:57:57.318583+05:30,2026-09-02_1157IST,airline_direct,IndiGo
DEL,BOM,6E,IndiGo,inf,2026-09-09,7,business,,,24260.0,False,05:00,ok,2026-09-02T11:59:01.521188+05:30,2026-09-02_1159IST,airline_direct,IndiGo
DEL,BOM,6E,IndiGo,inf,2026-09-09,7,economy,,,6305.0,False,05:00,ok,2026-09-02T11:59:01.521188+05:30,2026-09-02_1159IST,airline_direct,IndiGo
DEL,BOM,6E,IndiGo,inf,2026-09-09,7,business,,,24260.0,False,08:45,ok,2026-09-02T11:59:01.521188+05:30,2026-09-02_1159IST,airline_direct,IndiGo
DEL,BOM,6E,IndiGo,inf,2026-09-09,7,economy,,,6305.0,False,08:45,ok,2026-09-02T11:59:01.521188+05:30,2026-09-02_1159IST,airline_direct,IndiGo
DEL,BOM,6E,IndiGo,inf,2026-09-09,7,business,,,28443.0,False,09:30,ok,2026-09-02T11:59:01.521188+05:30,2026-09-02_1159IST,airline_direct,IndiGo
DEL,BOM,6E,IndiGo,inf,2026-09-09,7,economy,,,6305.0,False,09:30,ok,2026-09-02T11:59:01.521188+05:30,2026-09-02_1159IST,airline_direct,IndiGo
DEL,BOM,6E,IndiGo,inf,2026-09-09,7,business,,,24260.0,False,10:15,ok,2026-09-02T11:59:01.521188+05:30,2026-09-02_1159IST,airline_direct,IndiGo
DEL,BOM,6E,IndiGo,inf,2026-09-09,7,economy,,,6305.0,False,10:15,ok,2026-09-02T11:59:01.521188+05:30,2026-09-02_1159IST,airline_direct,IndiGo
DEL,BOM,6E,IndiGo,inf,2026-09-09,7,business,,,28443.0,False,11:00,ok,2026-09-02T11:59:01.521188+05:30,2026-09-02_1159IST,airline_direct,IndiGo
DEL,BOM,6E,IndiGo,inf,2026-09-09,7,economy,,,6305.0,False,11:00,ok,2026-09-02T11:59:01.521188+05:30,2026-09-02_1159IST,airline_direct,IndiGo
DEL,BOM,6E,IndiGo,inf,2026-09-09,7,business,,,24260.0,False,12:00,ok,2026-09-02T11:59:01.521188+05:30,2026-09-02_1159IST,airline_direct,IndiGo
DEL,BOM,6E,IndiGo,inf,2026-09-09,7,economy,,,6305.0,False,12:00,ok,2026-09-02T11:59:01.521188+05:30,2026-09-02_1159IST,airline_direct,IndiGo
DEL,BOM,6E,IndiGo,inf,2026-09-09,7,business,,,24260.0,False,13:00,ok,2026-09-02T11:59:01.521188+05:30,2026-09-02_1159IST,airline_direct,IndiGo
DEL,BOM,6E,IndiGo,inf,2026-09-09,7,economy,,,6305.0,False,13:00,ok,2026-09-02T11:59:01.521188+05:30,2026-09-02_1159IST,airline_direct,IndiGo
DEL,BOM,6E,IndiGo,inf,2026-09-09,7,business,,,24260.0,False,14:00,ok,2026-09-02T11:59:01.521188+05:30,2026-09-02_1159IST,airline_direct,IndiGo
DEL,BOM,6E,IndiGo,inf,2026-09-09,7,economy,,,6305.0,False,14:00,ok,2026-09-02T11:59:01.521188+05:30,2026-09-02_1159IST,airline_direct,IndiGo
DEL,BOM,6E,IndiGo,inf,2026-09-09,7,business,,,28443.0,False,14:45,ok,2026-09-02T11:59:01.521188+05:30,2026-09-02_1159IST,airline_direct,IndiGo
DEL,BOM,6E,IndiGo,inf,2026-09-09,7,economy,,,6305.0,False,14:45,ok,2026-09-02T11:59:01.521188+05:30,2026-09-02_1159IST,airline_direct,IndiGo
DEL,BOM,6E,IndiGo,inf,2026-09-09,7,business,,,24260.0,False,15:30,ok,2026-09-02T11:59:01.521188+05:30,2026-09-02_1159IST,airline_direct,IndiGo
DEL,BOM,6E,IndiGo,inf,2026-09-09,7,economy,,,6305.0,False,15:30,ok,2026-09-02T11:59:01.521188+05:30,2026-09-02_1159IST,airline_direct,IndiGo
DEL,BOM,6E,IndiGo,inf,2026-09-09,7,business,,,24260.0,False,16:15,ok,2026-09-02T11:59:01.521188+05:30,2026-09-02_1159IST,airline_direct,IndiGo
DEL,BOM,6E,IndiGo,inf,2026-09-09,7,economy,,,6305.0,False,16:15,ok,2026-09-02T11:59:01.521188+05:30,2026-09-02_1159IST,airline_direct,IndiGo
DEL,BOM,6E,IndiGo,inf,2026-09-09,7,business,,,24260.0,False,22:45,ok,2026-09-02T11:59:01.521188+05:30,2026-09-02_1159IST,airline_direct,IndiGo
DEL,BOM,6E,IndiGo,inf,2026-09-09,7,economy,,,6305.0,False,22:45,ok,2026-09-02T11:59:01.521188+05:30,2026-09-02_1159IST,airline_direct,IndiGo
DEL,BOM,6E,IndiGo,inf,2026-09-09,7,business,,,24260.0,False,23:30,ok,2026-09-02T11:59:01.521188+05:30,2026-09-02_1159IST,airline_direct,IndiGo
DEL,BOM,6E,IndiGo,inf,2026-09-09,7,economy,,,6305.0,False,23:30,ok,2026-09-02T11:59:01.521188+05:30,2026-09-02_1159IST,airline_direct,IndiGo
DEL,BOM,6E,IndiGo,inf,2026-09-09,7,business,,,24260.0,False,06:05,ok,2026-09-02T11:59:01.521188+05:30,2026-09-02_1159IST,airline_direct,IndiGo
DEL,BOM,6E,IndiGo,inf,2026-09-09,7,economy,,,6357.0,False,06:05,ok,2026-09-02T11:59:01.521188+05:30,2026-09-02_1159IST,airline_direct,IndiGo
DEL,BOM,6E,IndiGo,inf,2026-09-09,7,business,,,24260.0,False,17:00,ok,2026-09-02T11:59:01.521188+05:30,2026-09-02_1159IST,airline_direct,IndiGo
DEL,BOM,6E,IndiGo,inf,2026-09-09,7,economy,,,6431.0,False,17:00,ok,2026-09-02T11:59:01.521188+05:30,2026-09-02_1159IST,airline_direct,IndiGo
DEL,BOM,6E,IndiGo,inf,2026-09-09,7,business,,,28443.0,False,21:45,ok,2026-09-02T11:59:01.521188+05:30,2026-09-02_1159IST,airline_direct,IndiGo
DEL,BOM,6E,IndiGo,inf,2026-09-09,7,economy,,,6431.0,False,21:45,ok,2026-09-02T11:59:01.521188+05:30,2026-09-02_1159IST,airline_direct,IndiGo
DEL,BOM,6E,IndiGo,inf,2026-09-09,7,business,,,33500.0,False,18:00,ok,2026-09-02T11:59:01.521188+05:30,2026-09-02_1159IST,airline_direct,IndiGo
DEL,BOM,6E,IndiGo,inf,2026-09-09,7,economy,,,6688.0,False,18:00,ok,2026-09-02T11:59:01.521188+05:30,2026-09-02_1159IST,airline_direct,IndiGo
DEL,BOM,6E,IndiGo,inf,2026-09-09,7,business,,,24260.0,False,20:45,ok,2026-09-02T11:59:01.521188+05:30,2026-09-02_1159IST,airline_direct,IndiGo
DEL,BOM,6E,IndiGo,inf,2026-09-09,7,economy,,,6688.0,False,20:45,ok,2026-09-02T11:59:01.521188+05:30,2026-09-02_1159IST,airline_direct,IndiGo
DEL,BOM,6E,IndiGo,inf,2026-09-09,7,business,,,28443.0,False,07:15,ok,2026-09-02T11:59:01.521188+05:30,2026-09-02_1159IST,airline_direct,IndiGo
DEL,BOM,6E,IndiGo,inf,2026-09-09,7,economy,,,7003.0,False,07:15,ok,2026-09-02T11:59:01.521188+05:30,2026-09-02_1159IST,airline_direct,IndiGo
DEL,BOM,6E,IndiGo,inf,2026-09-09,7,business,,,24260.0,False,08:00,ok,2026-09-02T11:59:01.521188+05:30,2026-09-02_1159IST,airline_direct,IndiGo
DEL,BOM,6E,IndiGo,inf,2026-09-09,7,economy,,,7003.0,False,08:00,ok,2026-09-02T11:59:01.521188+05:30,2026-09-02_1159IST,airline_direct,IndiGo
DEL,BOM,6E,IndiGo,6.000000000000001e+303,2026-09-09,7,business,,,24260.0,False,20:00,ok,2026-09-02T11:59:01.521188+05:30,2026-09-02_1159IST,airline_direct,IndiGo
DEL,BOM,6E,IndiGo,6.000000000000001e+303,2026-09-09,7,economy,,,7003.0,False,20:00,ok,2026-09-02T11:59:01.521188+05:30,2026-09-02_1159IST,airline_direct,IndiGo
DEL,BOM,6E,IndiGo,inf,2026-09-09,7,business,,,28443.0,False,19:00,ok,2026-09-02T11:59:01.521188+05:30,2026-09-02_1159IST,airline_direct,IndiGo
DEL,BOM,6E,IndiGo,inf,2026-09-09,7,economy,,,7318.0,False,19:00,ok,2026-09-02T11:59:01.521188+05:30,2026-09-02_1159IST,airline_direct,IndiGo
DEL,BOM,6E,IndiGo,inf,2026-09-09,7,economy,,,6090.0,False,05:10,ok,2026-09-02T11:59:01.521188+05:30,2026-09-02_1159IST,airline_direct,IndiGo
DEL,BOM,6E,IndiGo,inf,2026-09-09,7,economy,,,6090.0,False,05:40,ok,2026-09-02T11:59:01.521188+05:30,2026-09-02_1159IST,airline_direct,IndiGo
DEL,BOM,6E,IndiGo,inf,2026-09-09,7,economy,,,6090.0,False,07:30,ok,2026-09-02T11:59:01.521188+05:30,2026-09-02_1159IST,airline_direct,IndiGo
DEL,BOM,6E,IndiGo,inf,2026-09-09,7,economy,,,6090.0,False,09:45,ok,2026-09-02T11:59:01.521188+05:30,2026-09-02_1159IST,airline_direct,IndiGo
DEL,BOM,6E,IndiGo,inf,2026-09-09,7,economy,,,6090.0,False,15:50,ok,2026-09-02T11:59:01.521188+05:30,2026-09-02_1159IST,airline_direct,IndiGo
DEL,BOM,6E,IndiGo,inf,2026-09-09,7,economy,,,6222.0,False,04:40,ok,2026-09-02T11:59:01.521188+05:30,2026-09-02_1159IST,airline_direct,IndiGo
DEL,BOM,6E,IndiGo,inf,2026-09-09,7,economy,,,6222.0,False,05:55,ok,2026-09-02T11:59:01.521188+05:30,2026-09-02_1159IST,airline_direct,IndiGo
DEL,BOM,6E,IndiGo,inf,2026-09-09,7,economy,,,6222.0,False,09:00,ok,2026-09-02T11:59:01.521188+05:30,2026-09-02_1159IST,airline_direct,IndiGo
DEL,BOM,6E,IndiGo,inf,2026-09-09,7,economy,,,6222.0,False,11:20,ok,2026-09-02T11:59:01.521188+05:30,2026-09-02_1159IST,airline_direct,IndiGo
DEL,BOM,6E,IndiGo,inf,2026-09-09,7,economy,,,6222.0,False,12:10,ok,2026-09-02T11:59:01.521188+05:30,2026-09-02_1159IST,airline_direct,IndiGo
DEL,BOM,6E,IndiGo,inf,2026-09-09,7,economy,,,6222.0,False,15:00,ok,2026-09-02T11:59:01.521188+05:30,2026-09-02_1159IST,airline_direct,IndiGo
DEL,BOM,6E,IndiGo,inf,2026-09-09,7,economy,,,6222.0,False,16:30,ok,2026-09-02T11:59:01.521188+05:30,2026-09-02_1159IST,airline_direct,IndiGo
DEL,BOM,6E,IndiGo,inf,2026-09-09,7,economy,,,6222.0,False,17:20,ok,2026-09-02T11:59:01.521188+05:30,2026-09-02_1159IST,airline_direct,IndiGo
DEL,BOM,6E,IndiGo,inf,2026-09-09,7,economy,,,6222.0,False,17:20,ok,2026-09-02T11:59:01.521188+05:30,2026-09-02_1159IST,airline_direct,IndiGo
DEL,BOM,6E,IndiGo,inf,2026-09-09,7,economy,,,6222.0,False,19:10,ok,2026-09-02T11:59:01.521188+05:30,2026-09-02_1159IST,airline_direct,IndiGo
DEL,BOM,6E,IndiGo,inf,2026-09-09,7,economy,,,6300.0,False,08:15,ok,2026-09-02T11:59:01.521188+05:30,2026-09-02_1159IST,airline_direct,IndiGo
DEL,BOM,6E,IndiGo,inf,2026-09-09,7,economy,,,6300.0,False,09:00,ok,2026-09-02T11:59:01.521188+05:30,2026-09-02_1159IST,airline_direct,IndiGo
DEL,BOM,6E,IndiGo,inf,2026-09-09,7,economy,,,6300.0,False,14:00,ok,2026-09-02T11:59:01.521188+05:30,2026-09-02_1159IST,airline_direct,IndiGo
DEL,BOM,6E,IndiGo,inf,2026-09-09,7,economy,,,6300.0,False,19:45,ok,2026-09-02T11:59:01.521188+05:30,2026-09-02_1159IST,airline_direct,IndiGo
DEL,BOM,6E,IndiGo,inf,2026-09-09,7,business,,,36166.0,False,09:55,ok,2026-09-02T11:59:01.521188+05:30,2026-09-02_1159IST,airline_direct,IndiGo
DEL,BOM,6E,IndiGo,inf,2026-09-09,7,economy,,,6432.0,False,09:55,ok,2026-09-02T11:59:01.521188+05:30,2026-09-02_1159IST,airline_direct,IndiGo
DEL,BOM,6E,IndiGo,inf,2026-09-09,7,business,,,36166.0,False,11:45,ok,2026-09-02T11:59:01.521188+05:30,2026-09-02_1159IST,airline_direct,IndiGo
DEL,BOM,6E,IndiGo,inf,2026-09-09,7,economy,,,6432.0,False,11:45,ok,2026-09-02T11:59:01.521188+05:30,2026-09-02_1159IST,airline_direct,IndiGo
DEL,BOM,6E,IndiGo,inf,2026-09-09,7,business,,,36166.0,False,13:30,ok,2026-09-02T11:59:01.521188+05:30,2026-09-02_1159IST,airline_direct,IndiGo
DEL,BOM,6E,IndiGo,inf,2026-09-09,7,economy,,,6432.0,False,13:30,ok,2026-09-02T11:59:01.521188+05:30,2026-09-02_1159IST,airline_direct,IndiGo
DEL,BOM,6E,IndiGo,inf,2026-09-09,7,business,,,29592.0,False,23:15,ok,2026-09-02T11:59:01.521188+05:30,2026-09-02_1159IST,airline_direct,IndiGo
DEL,BOM,6E,IndiGo,inf,2026-09-09,7,economy,,,6432.0,False,23:15,ok,2026-09-02T11:59:01.521188+05:30,2026-09-02_1159IST,airline_direct,IndiGo
DEL,BOM,6E,IndiGo,inf,2026-09-09,7,economy,,,6562.0,False,05:10,ok,2026-09-02T11:59:01.521188+05:30,2026-09-02_1159IST,airline_direct,IndiGo
DEL,BOM,6E,IndiGo,inf,2026-09-09,7,economy,,,6562.0,False,15:35,ok,2026-09-02T11:59:01.521188+05:30,2026-09-02_1159IST,airline_direct,IndiGo
DEL,BOM,6E,IndiGo,inf,2026-09-09,7,economy,,,6693.0,False,19:40,ok,2026-09-02T11:59:01.521188+05:30,2026-09-02_1159IST,airline_direct,IndiGo
DEL,BOM,6E,IndiGo,inf,2026-09-09,7,economy,,,6772.0,False,13:20,ok,2026-09-02T11:59:01.521188+05:30,2026-09-02_1159IST,airline_direct,IndiGo
DEL,BOM,6E,IndiGo,inf,2026-09-09,7,business,,,38630.0,False,13:30,ok,2026-09-02T11:59:01.521188+05:30,2026-09-02_1159IST,airline_direct,IndiGo
DEL,BOM,6E,IndiGo,inf,2026-09-09,7,economy,,,6903.0,False,13:30,ok,2026-09-02T11:59:01.521188+05:30,2026-09-02_1159IST,airline_direct,IndiGo
DEL,BOM,6E,IndiGo,inf,2026-09-09,7,business,,,38630.0,False,14:45,ok,2026-09-02T11:59:01.521188+05:30,2026-09-02_1159IST,airline_direct,IndiGo
DEL,BOM,6E,IndiGo,inf,2026-09-09,7,economy,,,6903.0,False,14:45,ok,2026-09-02T11:59:01.521188+05:30,2026-09-02_1159IST,airline_direct,IndiGo
DEL,BOM,6E,IndiGo,inf,2026-09-09,7,economy,,,8070.0,False,19:30,ok,2026-09-02T11:59:01.521188+05:30,2026-09-02_1159IST,airline_direct,IndiGo
DEL,BOM,6E,IndiGo,inf,2026-09-09,7,economy,,,8276.0,False,19:35,ok,2026-09-02T11:59:01.521188+05:30,2026-09-02_1159IST,airline_direct,IndiGo
DEL,BOM,6E,IndiGo,inf,2026-09-09,7,economy,,,8618.0,False,13:45,ok,2026-09-02T11:59:01.521188+05:30,2026-09-02_1159IST,airline_direct,IndiGo
DEL,BOM,6E,IndiGo,inf,2026-09-09,7,economy,,,8618.0,False,18:40,ok,2026-09-02T11:59:01.521188+05:30,2026-09-02_1159IST,airline_direct,IndiGo
DEL,BOM,6E,IndiGo,inf,2026-09-09,7,economy,,,10038.0,False,00:15,ok,2026-09-02T11:59:01.521188+05:30,2026-09-02_1159IST,airline_direct,IndiGo
DEL,BOM,6E,IndiGo,inf,2026-09-09,7,economy,,,11468.0,False,17:05,ok,2026-09-02T11:59:01.521188+05:30,2026-09-02_1159IST,airline_direct,IndiGo
DEL,BOM,6E,IndiGo,inf,2026-09-09,7,economy,,,11535.0,False,21:25,ok,2026-09-02T11:59:01.521188+05:30,2026-09-02_1159IST,airline_direct,IndiGo
DEL,BOM,6E,IndiGo,inf,2026-09-09,7,business,,,36166.0,False,17:55,ok,2026-09-02T11:59:01.521188+05:30,2026-09-02_1159IST,airline_direct,IndiGo
DEL,BOM,6E,IndiGo,inf,2026-09-09,7,economy,,,12815.0,False,17:55,ok,2026-09-02T11:59:01.521188+05:30,2026-09-02_1159IST,airline_direct,IndiGo
DEL,BOM,6E,IndiGo,inf,2026-09-09,7,business,,,36166.0,False,08:30,ok,2026-09-02T11:59:01.521188+05:30,2026-09-02_1159IST,airline_direct,IndiGo
DEL,BOM,6E,IndiGo,inf,2026-09-09,7,economy,,,13799.0,False,08:30,ok,2026-09-02T11:59:01.521188+05:30,2026-09-02_1159IST,airline_direct,IndiGo
DEL,BOM,6E,IndiGo,inf,2026-09-09,7,business,,,36166.0,False,19:45,ok,2026-09-02T11:59:01.521188+05:30,2026-09-02_1159IST,airline_direct,IndiGo
DEL,BOM,6E,IndiGo,inf,2026-09-09,7,economy,,,13920.0,False,19:45,ok,2026-09-02T11:59:01.521188+05:30,2026-09-02_1159IST,airline_direct,IndiGo
DEL,BOM,6E,IndiGo,inf,2026-09-09,7,economy,,,15054.0,False,12:15,ok,2026-09-02T11:59:01.521188+05:30,2026-09-02_1159IST,airline_direct,IndiGo
DEL,BOM,6E,IndiGo,inf,2026-09-09,7,economy,,,15260.0,False,14:50,ok,2026-09-02T11:59:01.521188+05:30,2026-09-02_1159IST,airline_direct,IndiGo
DEL,BOM,6E,IndiGo,inf,2026-09-09,7,economy,,,16100.0,False,17:05,ok,2026-09-02T11:59:01.521188+05:30,2026-09-02_1159IST,airline_direct,IndiGo
DEL,BOM,6E,IndiGo,inf,2026-09-09,7,economy,,,17202.0,False,18:30,ok,2026-09-02T11:59:01.521188+05:30,2026-09-02_1159IST,airline_direct,IndiGo
DEL,BOM,6E,IndiGo,inf,2026-09-09,7,economy,,,17261.0,False,12:40,ok,2026-09-02T11:59:01.521188+05:30,2026-09-02_1159IST,airline_direct,IndiGo
DEL,BOM,6E,IndiGo,inf,2026-09-09,7,economy,,,23800.0,False,21:50,ok,2026-09-02T11:59:01.521188+05:30,2026-09-02_1159IST,airline_direct,IndiGo
DEL,BLR,6E,IndiGo,inf,2026-09-09,7,business,,,29942.0,False,05:45,ok,2026-09-02T12:00:14.836150+05:30,2026-09-02_1200IST,airline_direct,IndiGo
DEL,BLR,6E,IndiGo,inf,2026-09-09,7,economy,,,8671.0,False,05:45,ok,2026-09-02T12:00:14.836150+05:30,2026-09-02_1200IST,airline_direct,IndiGo
DEL,BLR,6E,IndiGo,inf,2026-09-09,7,business,,,29942.0,False,07:05,ok,2026-09-02T12:00:14.836150+05:30,2026-09-02_1200IST,airline_direct,IndiGo
DEL,BLR,6E,IndiGo,inf,2026-09-09,7,economy,,,8671.0,False,07:05,ok,2026-09-02T12:00:14.836150+05:30,2026-09-02_1200IST,airline_direct,IndiGo
DEL,BLR,6E,IndiGo,inf,2026-09-09,7,business,,,29942.0,False,10:45,ok,2026-09-02T12:00:14.836150+05:30,2026-09-02_1200IST,airline_direct,IndiGo
DEL,BLR,6E,IndiGo,inf,2026-09-09,7,economy,,,8671.0,False,10:45,ok,2026-09-02T12:00:14.836150+05:30,2026-09-02_1200IST,airline_direct,IndiGo
DEL,BLR,6E,IndiGo,6e+176,2026-09-09,7,business,,,29942.0,False,13:15,ok,2026-09-02T12:00:14.836150+05:30,2026-09-02_1200IST,airline_direct,IndiGo
DEL,BLR,6E,IndiGo,6e+176,2026-09-09,7,economy,,,8671.0,False,13:15,ok,2026-09-02T12:00:14.836150+05:30,2026-09-02_1200IST,airline_direct,IndiGo
DEL,BLR,6E,IndiGo,inf,2026-09-09,7,business,,,29942.0,False,22:00,ok,2026-09-02T12:00:14.836150+05:30,2026-09-02_1200IST,airline_direct,IndiGo
DEL,BLR,6E,IndiGo,inf,2026-09-09,7,economy,,,8671.0,False,22:00,ok,2026-09-02T12:00:14.836150+05:30,2026-09-02_1200IST,airline_direct,IndiGo
DEL,BLR,6E,IndiGo,inf,2026-09-09,7,business,,,29942.0,False,03:00,ok,2026-09-02T12:00:14.836150+05:30,2026-09-02_1200IST,airline_direct,IndiGo
DEL,BLR,6E,IndiGo,inf,2026-09-09,7,economy,,,9128.0,False,03:00,ok,2026-09-02T12:00:14.836150+05:30,2026-09-02_1200IST,airline_direct,IndiGo
DEL,BLR,6E,IndiGo,inf,2026-09-09,7,business,,,29942.0,False,09:30,ok,2026-09-02T12:00:14.836150+05:30,2026-09-02_1200IST,airline_direct,IndiGo
DEL,BLR,6E,IndiGo,inf,2026-09-09,7,economy,,,9128.0,False,09:30,ok,2026-09-02T12:00:14.836150+05:30,2026-09-02_1200IST,airline_direct,IndiGo
DEL,BLR,6E,IndiGo,inf,2026-09-09,7,business,,,29942.0,False,12:20,ok,2026-09-02T12:00:14.836150+05:30,2026-09-02_1200IST,airline_direct,IndiGo
DEL,BLR,6E,IndiGo,inf,2026-09-09,7,economy,,,9128.0,False,12:20,ok,2026-09-02T12:00:14.836150+05:30,2026-09-02_1200IST,airline_direct,IndiGo
DEL,BLR,6E,IndiGo,inf,2026-09-09,7,business,,,29942.0,False,14:30,ok,2026-09-02T12:00:14.836150+05:30,2026-09-02_1200IST,airline_direct,IndiGo
DEL,BLR,6E,IndiGo,inf,2026-09-09,7,economy,,,9128.0,False,14:30,ok,2026-09-02T12:00:14.836150+05:30,2026-09-02_1200IST,airline_direct,IndiGo
DEL,BLR,6E,IndiGo,inf,2026-09-09,7,business,,,29942.0,False,15:45,ok,2026-09-02T12:00:14.836150+05:30,2026-09-02_1200IST,airline_direct,IndiGo
DEL,BLR,6E,IndiGo,inf,2026-09-09,7,economy,,,9128.0,False,15:45,ok,2026-09-02T12:00:14.836150+05:30,2026-09-02_1200IST,airline_direct,IndiGo
DEL,BLR,6E,IndiGo,inf,2026-09-09,7,business,,,29942.0,False,08:20,ok,2026-09-02T12:00:14.836150+05:30,2026-09-02_1200IST,airline_direct,IndiGo
DEL,BLR,6E,IndiGo,inf,2026-09-09,7,economy,,,9613.0,False,08:20,ok,2026-09-02T12:00:14.836150+05:30,2026-09-02_1200IST,airline_direct,IndiGo
DEL,BLR,6E,IndiGo,inf,2026-09-09,7,business,,,29942.0,False,17:00,ok,2026-09-02T12:00:14.836150+05:30,2026-09-02_1200IST,airline_direct,IndiGo
DEL,BLR,6E,IndiGo,inf,2026-09-09,7,economy,,,9613.0,False,17:00,ok,2026-09-02T12:00:14.836150+05:30,2026-09-02_1200IST,airline_direct,IndiGo
DEL,BLR,6E,IndiGo,inf,2026-09-09,7,business,,,29942.0,False,18:20,ok,2026-09-02T12:00:14.836150+05:30,2026-09-02_1200IST,airline_direct,IndiGo
DEL,BLR,6E,IndiGo,inf,2026-09-09,7,economy,,,9613.0,False,18:20,ok,2026-09-02T12:00:14.836150+05:30,2026-09-02_1200IST,airline_direct,IndiGo
DEL,BLR,6E,IndiGo,inf,2026-09-09,7,business,,,29942.0,False,19:30,ok,2026-09-02T12:00:14.836150+05:30,2026-09-02_1200IST,airline_direct,IndiGo
DEL,BLR,6E,IndiGo,inf,2026-09-09,7,economy,,,9613.0,False,19:30,ok,2026-09-02T12:00:14.836150+05:30,2026-09-02_1200IST,airline_direct,IndiGo
DEL,BLR,6E,IndiGo,inf,2026-09-09,7,business,,,29942.0,False,20:45,ok,2026-09-02T12:00:14.836150+05:30,2026-09-02_1200IST,airline_direct,IndiGo
DEL,BLR,6E,IndiGo,inf,2026-09-09,7,economy,,,9613.0,False,20:45,ok,2026-09-02T12:00:14.836150+05:30,2026-09-02_1200IST,airline_direct,IndiGo
DEL,BLR,6E,IndiGo,inf,2026-09-09,7,economy,,,8281.0,False,16:30,ok,2026-09-02T12:00:14.836150+05:30,2026-09-02_1200IST,airline_direct,IndiGo
DEL,BLR,6E,IndiGo,inf,2026-09-09,7,business,,,28321.0,False,09:55,ok,2026-09-02T12:00:14.836150+05:30,2026-09-02_1200IST,airline_direct,IndiGo
DEL,BLR,6E,IndiGo,inf,2026-09-09,7,economy,,,8360.0,False,09:55,ok,2026-09-02T12:00:14.836150+05:30,2026-09-02_1200IST,airline_direct,IndiGo
DEL,BLR,6E,IndiGo,inf,2026-09-09,7,business,,,28321.0,False,11:45,ok,2026-09-02T12:00:14.836150+05:30,2026-09-02_1200IST,airline_direct,IndiGo
DEL,BLR,6E,IndiGo,inf,2026-09-09,7,economy,,,8360.0,False,11:45,ok,2026-09-02T12:00:14.836150+05:30,2026-09-02_1200IST,airline_direct,IndiGo
DEL,BLR,6E,IndiGo,inf,2026-09-09,7,business,,,29260.0,False,16:15,ok,2026-09-02T12:00:14.836150+05:30,2026-09-02_1200IST,airline_direct,IndiGo
DEL,BLR,6E,IndiGo,inf,2026-09-09,7,economy,,,8360.0,False,16:15,ok,2026-09-02T12:00:14.836150+05:30,2026-09-02_1200IST,airline_direct,IndiGo
DEL,BLR,6E,IndiGo,inf,2026-09-09,7,business,,,27189.0,False,02:20,ok,2026-09-02T12:00:14.836150+05:30,2026-09-02_1200IST,airline_direct,IndiGo
DEL,BLR,6E,IndiGo,inf,2026-09-09,7,economy,,,8491.0,False,02:20,ok,2026-09-02T12:00:14.836150+05:30,2026-09-02_1200IST,airline_direct,IndiGo
DEL,BLR,6E,IndiGo,inf,2026-09-09,7,economy,,,8491.0,False,05:55,ok,2026-09-02T12:00:14.836150+05:30,2026-09-02_1200IST,airline_direct,IndiGo
DEL,BLR,6E,IndiGo,inf,2026-09-09,7,economy,,,8491.0,False,06:55,ok,2026-09-02T12:00:14.836150+05:30,2026-09-02_1200IST,airline_direct,IndiGo
DEL,BLR,6E,IndiGo,inf,2026-09-09,7,business,,,40536.0,False,08:00,ok,2026-09-02T12:00:14.836150+05:30,2026-09-02_1200IST,airline_direct,IndiGo
DEL,BLR,6E,IndiGo,inf,2026-09-09,7,economy,,,8491.0,False,08:00,ok,2026-09-02T12:00:14.836150+05:30,2026-09-02_1200IST,airline_direct,IndiGo
DEL,BLR,6E,IndiGo,inf,2026-09-09,7,business,,,44135.0,False,11:00,ok,2026-09-02T12:00:14.836150+05:30,2026-09-02_1200IST,airline_direct,IndiGo
DEL,BLR,6E,IndiGo,inf,2026-09-09,7,economy,,,8491.0,False,11:00,ok,2026-09-02T12:00:14.836150+05:30,2026-09-02_1200IST,airline_direct,IndiGo
DEL,BLR,6E,IndiGo,inf,2026-09-09,7,business,,,40536.0,False,14:00,ok,2026-09-02T12:00:14.836150+05:30,2026-09-02_1200IST,airline_direct,IndiGo
DEL,BLR,6E,IndiGo,inf,2026-09-09,7,economy,,,8491.0,False,14:00,ok,2026-09-02T12:00:14.836150+05:30,2026-09-02_1200IST,airline_direct,IndiGo
DEL,BLR,6E,IndiGo,inf,2026-09-09,7,economy,,,8491.0,False,15:20,ok,2026-09-02T12:00:14.836150+05:30,2026-09-02_1200IST,airline_direct,IndiGo
DEL,BLR,6E,IndiGo,inf,2026-09-09,7,business,,,40536.0,False,15:30,ok,2026-09-02T12:00:14.836150+05:30,2026-09-02_1200IST,airline_direct,IndiGo
DEL,BLR,6E,IndiGo,inf,2026-09-09,7,economy,,,8491.0,False,15:30,ok,2026-09-02T12:00:14.836150+05:30,2026-09-02_1200IST,airline_direct,IndiGo
DEL,BLR,6E,IndiGo,inf,2026-09-09,7,business,,,27386.0,False,16:25,ok,2026-09-02T12:00:14.836150+05:30,2026-09-02_1200IST,airline_direct,IndiGo
DEL,BLR,6E,IndiGo,inf,2026-09-09,7,economy,,,8491.0,False,16:25,ok,2026-09-02T12:00:14.836150+05:30,2026-09-02_1200IST,airline_direct,IndiGo
DEL,BLR,6E,IndiGo,inf,2026-09-09,7,economy,,,8491.0,False,17:20,ok,2026-09-02T12:00:14.836150+05:30,2026-09-02_1200IST,airline_direct,IndiGo
DEL,BLR,6E,IndiGo,inf,2026-09-09,7,business,,,47911.0,False,18:00,ok,2026-09-02T12:00:14.836150+05:30,2026-09-02_1200IST,airline_direct,IndiGo
DEL,BLR,6E,IndiGo,inf,2026-09-09,7,economy,,,8491.0,False,18:00,ok,2026-09-02T12:00:14.836150+05:30,2026-09-02_1200IST,airline_direct,IndiGo
DEL,BLR,6E,IndiGo,inf,2026-09-09,7,business,,,40536.0,False,20:45,ok,2026-09-02T12:00:14.836150+05:30,2026-09-02_1200IST,airline_direct,IndiGo
DEL,BLR,6E,IndiGo,inf,2026-09-09,7,economy,,,8491.0,False,20:45,ok,2026-09-02T12:00:14.836150+05:30,2026-09-02_1200IST,airline_direct,IndiGo
DEL,BLR,6E,IndiGo,inf,2026-09-09,7,economy,,,8491.0,False,21:15,ok,2026-09-02T12:00:14.836150+05:30,2026-09-02_1200IST,airline_direct,IndiGo
DEL,BLR,6E,IndiGo,inf,2026-09-09,7,business,,,26999.0,False,23:00,ok,2026-09-02T12:00:14.836150+05:30,2026-09-02_1200IST,airline_direct,IndiGo
DEL,BLR,6E,IndiGo,inf,2026-09-09,7,economy,,,8491.0,False,23:00,ok,2026-09-02T12:00:14.836150+05:30,2026-09-02_1200IST,airline_direct,IndiGo
DEL,BLR,6E,IndiGo,inf,2026-09-09,7,economy,,,8570.0,False,07:40,ok,2026-09-02T12:00:14.836150+05:30,2026-09-02_1200IST,airline_direct,IndiGo
DEL,BLR,6E,IndiGo,inf,2026-09-09,7,economy,,,8570.0,False,09:15,ok,2026-09-02T12:00:14.836150+05:30,2026-09-02_1200IST,airline_direct,IndiGo
DEL,BLR,6E,IndiGo,inf,2026-09-09,7,economy,,,8570.0,False,11:00,ok,2026-09-02T12:00:14.836150+05:30,2026-09-02_1200IST,airline_direct,IndiGo
DEL,BLR,6E,IndiGo,inf,2026-09-09,7,economy,,,8570.0,False,14:00,ok,2026-09-02T12:00:14.836150+05:30,2026-09-02_1200IST,airline_direct,IndiGo
DEL,BLR,6E,IndiGo,inf,2026-09-09,7,economy,,,8570.0,False,15:15,ok,2026-09-02T12:00:14.836150+05:30,2026-09-02_1200IST,airline_direct,IndiGo
DEL,BLR,6E,IndiGo,inf,2026-09-09,7,economy,,,8570.0,False,16:40,ok,2026-09-02T12:00:14.836150+05:30,2026-09-02_1200IST,airline_direct,IndiGo
DEL,BLR,6E,IndiGo,inf,2026-09-09,7,economy,,,8570.0,False,17:50,ok,2026-09-02T12:00:14.836150+05:30,2026-09-02_1200IST,airline_direct,IndiGo
DEL,BLR,6E,IndiGo,inf,2026-09-09,7,economy,,,8570.0,False,19:45,ok,2026-09-02T12:00:14.836150+05:30,2026-09-02_1200IST,airline_direct,IndiGo
DEL,BLR,6E,IndiGo,inf,2026-09-09,7,economy,,,8701.0,False,18:40,ok,2026-09-02T12:00:14.836150+05:30,2026-09-02_1200IST,airline_direct,IndiGo
DEL,BLR,6E,IndiGo,inf,2026-09-09,7,economy,,,8727.0,False,17:10,ok,2026-09-02T12:00:14.836150+05:30,2026-09-02_1200IST,airline_direct,IndiGo
DEL,BLR,6E,IndiGo,inf,2026-09-09,7,business,,,36296.0,False,05:00,ok,2026-09-02T12:00:14.836150+05:30,2026-09-02_1200IST,airline_direct,IndiGo
DEL,BLR,6E,IndiGo,inf,2026-09-09,7,economy,,,8911.0,False,05:00,ok,2026-09-02T12:00:14.836150+05:30,2026-09-02_1200IST,airline_direct,IndiGo
DEL,BLR,6E,IndiGo,inf,2026-09-09,7,business,,,31793.0,False,13:30,ok,2026-09-02T12:00:14.836150+05:30,2026-09-02_1200IST,airline_direct,IndiGo
DEL,BLR,6E,IndiGo,inf,2026-09-09,7,economy,,,9029.0,False,13:30,ok,2026-09-02T12:00:14.836150+05:30,2026-09-02_1200IST,airline_direct,IndiGo
DEL,BLR,6E,IndiGo,inf,2026-09-09,7,business,,,33488.0,False,14:45,ok,2026-09-02T12:00:14.836150+05:30,2026-09-02_1200IST,airline_direct,IndiGo
DEL,BLR,6E,IndiGo,inf,2026-09-09,7,economy,,,9029.0,False,14:45,ok,2026-09-02T12:00:14.836150+05:30,2026-09-02_1200IST,airline_direct,IndiGo
DEL,BLR,6E,IndiGo,inf,2026-09-09,7,economy,,,9161.0,False,05:10,ok,2026-09-02T12:00:14.836150+05:30,2026-09-02_1200IST,airline_direct,IndiGo
DEL,BLR,6E,IndiGo,inf,2026-09-09,7,economy,,,9239.0,False,15:45,ok,2026-09-02T12:00:14.836150+05:30,2026-09-02_1200IST,airline_direct,IndiGo
DEL,BLR,6E,IndiGo,inf,2026-09-09,7,economy,,,9239.0,False,15:50,ok,2026-09-02T12:00:14.836150+05:30,2026-09-02_1200IST,airline_direct,IndiGo
DEL,BLR,6E,IndiGo,inf,2026-09-09,7,economy,,,9898.0,False,19:35,ok,2026-09-02T12:00:14.836150+05:30,2026-09-02_1200IST,airline_direct,IndiGo
DEL,BLR,6E,IndiGo,inf,2026-09-09,7,economy,,,9977.0,False,10:25,ok,2026-09-02T12:00:14.836150+05:30,2026-09-02_1200IST,airline_direct,IndiGo
DEL,BLR,6E,IndiGo,inf,2026-09-09,7,business,,,36296.0,False,08:30,ok,2026-09-02T12:00:14.836150+05:30,2026-09-02_1200IST,airline_direct,IndiGo
DEL,BLR,6E,IndiGo,inf,2026-09-09,7,economy,,,10318.0,False,08:30,ok,2026-09-02T12:00:14.836150+05:30,2026-09-02_1200IST,airline_direct,IndiGo
DEL,BLR,6E,IndiGo,inf,2026-09-09,7,business,,,40536.0,False,17:00,ok,2026-09-02T12:00:14.836150+05:30,2026-09-02_1200IST,airline_direct,IndiGo
DEL,BLR,6E,IndiGo,inf,2026-09-09,7,economy,,,11225.0,False,17:00,ok,2026-09-02T12:00:14.836150+05:30,2026-09-02_1200IST,airline_direct,IndiGo
DEL,BLR,6E,IndiGo,inf,2026-09-09,7,business,,,47911.0,False,18:00,ok,2026-09-02T12:00:14.836150+05:30,2026-09-02_1200IST,airline_direct,IndiGo
DEL,BLR,6E,IndiGo,inf,2026-09-09,7,economy,,,11488.0,False,18:00,ok,2026-09-02T12:00:14.836150+05:30,2026-09-02_1200IST,airline_direct,IndiGo
DEL,BLR,6E,IndiGo,inf,2026-09-09,7,business,,,27917.0,False,17:55,ok,2026-09-02T12:00:14.836150+05:30,2026-09-02_1200IST,airline_direct,IndiGo
DEL,BLR,6E,IndiGo,inf,2026-09-09,7,economy,,,11542.0,False,17:55,ok,2026-09-02T12:00:14.836150+05:30,2026-09-02_1200IST,airline_direct,IndiGo
DEL,BLR,6E,IndiGo,inf,2026-09-09,7,economy,,,11834.0,False,04:50,ok,2026-09-02T12:00:14.836150+05:30,2026-09-02_1200IST,airline_direct,IndiGo
DEL,BLR,6E,IndiGo,inf,2026-09-09,7,economy,,,15129.0,False,18:15,ok,2026-09-02T12:00:14.836150+05:30,2026-09-02_1200IST,airline_direct,IndiGo
DEL,BLR,6E,IndiGo,inf,2026-09-09,7,economy,,,15185.0,False,12:15,ok,2026-09-02T12:00:14.836150+05:30,2026-09-02_1200IST,airline_direct,IndiGo
DEL,BLR,6E,IndiGo,inf,2026-09-09,7,economy,,,19134.0,False,17:05,ok,2026-09-02T12:00:14.836150+05:30,2026-09-02_1200IST,airline_direct,IndiGo
BOM,BLR,6E,IndiGo,inf,2026-09-09,7,business,,,22488.0,False,01:10,ok,2026-09-02T12:01:24.856916+05:30,2026-09-02_1201IST,airline_direct,IndiGo
BOM,BLR,6E,IndiGo,inf,2026-09-09,7,economy,,,5091.0,False,01:10,ok,2026-09-02T12:01:24.856916+05:30,2026-09-02_1201IST,airline_direct,IndiGo
BOM,BLR,6E,IndiGo,inf,2026-09-09,7,business,,,22488.0,False,04:30,ok,2026-09-02T12:01:24.856916+05:30,2026-09-02_1201IST,airline_direct,IndiGo
BOM,BLR,6E,IndiGo,inf,2026-09-09,7,economy,,,5091.0,False,04:30,ok,2026-09-02T12:01:24.856916+05:30,2026-09-02_1201IST,airline_direct,IndiGo
BOM,BLR,6E,IndiGo,inf,2026-09-09,7,business,,,22488.0,False,06:30,ok,2026-09-02T12:01:24.856916+05:30,2026-09-02_1201IST,airline_direct,IndiGo
BOM,BLR,6E,IndiGo,inf,2026-09-09,7,economy,,,6747.0,False,06:30,ok,2026-09-02T12:01:24.856916+05:30,2026-09-02_1201IST,airline_direct,IndiGo
BOM,BLR,6E,IndiGo,inf,2026-09-09,7,economy,,,6747.0,False,08:05,ok,2026-09-02T12:01:24.856916+05:30,2026-09-02_1201IST,airline_direct,IndiGo
BOM,BLR,6E,IndiGo,inf,2026-09-09,7,business,,,22488.0,False,09:50,ok,2026-09-02T12:01:24.856916+05:30,2026-09-02_1201IST,airline_direct,IndiGo
BOM,BLR,6E,IndiGo,inf,2026-09-09,7,economy,,,6747.0,False,09:50,ok,2026-09-02T12:01:24.856916+05:30,2026-09-02_1201IST,airline_direct,IndiGo
BOM,BLR,6E,IndiGo,inf,2026-09-09,7,business,,,22488.0,False,11:00,ok,2026-09-02T12:01:24.856916+05:30,2026-09-02_1201IST,airline_direct,IndiGo
BOM,BLR,6E,IndiGo,inf,2026-09-09,7,economy,,,6747.0,False,11:00,ok,2026-09-02T12:01:24.856916+05:30,2026-09-02_1201IST,airline_direct,IndiGo
BOM,BLR,6E,IndiGo,inf,2026-09-09,7,business,,,22488.0,False,12:30,ok,2026-09-02T12:01:24.856916+05:30,2026-09-02_1201IST,airline_direct,IndiGo
BOM,BLR,6E,IndiGo,inf,2026-09-09,7,economy,,,6747.0,False,12:30,ok,2026-09-02T12:01:24.856916+05:30,2026-09-02_1201IST,airline_direct,IndiGo
BOM,BLR,6E,IndiGo,inf,2026-09-09,7,business,,,22488.0,False,14:30,ok,2026-09-02T12:01:24.856916+05:30,2026-09-02_1201IST,airline_direct,IndiGo
BOM,BLR,6E,IndiGo,inf,2026-09-09,7,economy,,,6747.0,False,14:30,ok,2026-09-02T12:01:24.856916+05:30,2026-09-02_1201IST,airline_direct,IndiGo
BOM,BLR,6E,IndiGo,inf,2026-09-09,7,business,,,22488.0,False,15:35,ok,2026-09-02T12:01:24.856916+05:30,2026-09-02_1201IST,airline_direct,IndiGo
BOM,BLR,6E,IndiGo,inf,2026-09-09,7,economy,,,6747.0,False,15:35,ok,2026-09-02T12:01:24.856916+05:30,2026-09-02_1201IST,airline_direct,IndiGo
BOM,BLR,6E,IndiGo,inf,2026-09-09,7,business,,,22488.0,False,17:00,ok,2026-09-02T12:01:24.856916+05:30,2026-09-02_1201IST,airline_direct,IndiGo
BOM,BLR,6E,IndiGo,inf,2026-09-09,7,economy,,,6747.0,False,17:00,ok,2026-09-02T12:01:24.856916+05:30,2026-09-02_1201IST,airline_direct,IndiGo
BOM,BLR,6E,IndiGo,inf,2026-09-09,7,business,,,22488.0,False,18:30,ok,2026-09-02T12:01:24.856916+05:30,2026-09-02_1201IST,airline_direct,IndiGo
BOM,BLR,6E,IndiGo,inf,2026-09-09,7,economy,,,6747.0,False,18:30,ok,2026-09-02T12:01:24.856916+05:30,2026-09-02_1201IST,airline_direct,IndiGo
BOM,BLR,6E,IndiGo,inf,2026-09-09,7,business,,,22488.0,False,21:30,ok,2026-09-02T12:01:24.856916+05:30,2026-09-02_1201IST,airline_direct,IndiGo
BOM,BLR,6E,IndiGo,inf,2026-09-09,7,economy,,,6747.0,False,21:30,ok,2026-09-02T12:01:24.856916+05:30,2026-09-02_1201IST,airline_direct,IndiGo
BOM,BLR,6E,IndiGo,inf,2026-09-09,7,business,,,22488.0,False,22:20,ok,2026-09-02T12:01:24.856916+05:30,2026-09-02_1201IST,airline_direct,IndiGo
BOM,BLR,6E,IndiGo,inf,2026-09-09,7,economy,,,6747.0,False,22:20,ok,2026-09-02T12:01:24.856916+05:30,2026-09-02_1201IST,airline_direct,IndiGo
BOM,BLR,6E,IndiGo,inf,2026-09-09,7,business,,,22488.0,False,19:55,ok,2026-09-02T12:01:24.856916+05:30,2026-09-02_1201IST,airline_direct,IndiGo
BOM,BLR,6E,IndiGo,inf,2026-09-09,7,economy,,,8742.0,False,19:55,ok,2026-09-02T12:01:24.856916+05:30,2026-09-02_1201IST,airline_direct,IndiGo
BOM,BLR,6E,IndiGo,inf,2026-09-09,7,economy,,,5122.0,False,05:00,ok,2026-09-02T12:01:24.856916+05:30,2026-09-02_1201IST,airline_direct,IndiGo
BOM,BLR,6E,IndiGo,inf,2026-09-09,7,economy,,,5122.0,False,16:40,ok,2026-09-02T12:01:24.856916+05:30,2026-09-02_1201IST,airline_direct,IndiGo
BOM,BLR,6E,IndiGo,inf,2026-09-09,7,business,,,23576.0,False,16:45,ok,2026-09-02T12:01:24.856916+05:30,2026-09-02_1201IST,airline_direct,IndiGo
BOM,BLR,6E,IndiGo,inf,2026-09-09,7,economy,,,5253.0,False,16:45,ok,2026-09-02T12:01:24.856916+05:30,2026-09-02_1201IST,airline_direct,IndiGo
BOM,BLR,6E,IndiGo,inf,2026-09-09,7,economy,,,5384.0,False,16:55,ok,2026-09-02T12:01:24.856916+05:30,2026-09-02_1201IST,airline_direct,IndiGo
BOM,BLR,6E,IndiGo,inf,2026-09-09,7,economy,,,5463.0,False,04:00,ok,2026-09-02T12:01:24.856916+05:30,2026-09-02_1201IST,airline_direct,IndiGo
BOM,BLR,6E,IndiGo,inf,2026-09-09,7,economy,,,5463.0,False,05:35,ok,2026-09-02T12:01:24.856916+05:30,2026-09-02_1201IST,airline_direct,IndiGo
BOM,BLR,6E,IndiGo,inf,2026-09-09,7,economy,,,5463.0,False,05:35,ok,2026-09-02T12:01:24.856916+05:30,2026-09-02_1201IST,airline_direct,IndiGo
BOM,BLR,6E,IndiGo,inf,2026-09-09,7,economy,,,5463.0,False,06:15,ok,2026-09-02T12:01:24.856916+05:30,2026-09-02_1201IST,airline_direct,IndiGo
BOM,BLR,6E,IndiGo,inf,2026-09-09,7,economy,,,5463.0,False,09:50,ok,2026-09-02T12:01:24.856916+05:30,2026-09-02_1201IST,airline_direct,IndiGo
BOM,BLR,6E,IndiGo,inf,2026-09-09,7,economy,,,5463.0,False,09:50,ok,2026-09-02T12:01:24.856916+05:30,2026-09-02_1201IST,airline_direct,IndiGo
BOM,BLR,6E,IndiGo,inf,2026-09-09,7,economy,,,5463.0,False,11:40,ok,2026-09-02T12:01:24.856916+05:30,2026-09-02_1201IST,airline_direct,IndiGo
BOM,BLR,6E,IndiGo,inf,2026-09-09,7,economy,,,5463.0,False,12:30,ok,2026-09-02T12:01:24.856916+05:30,2026-09-02_1201IST,airline_direct,IndiGo
BOM,BLR,6E,IndiGo,inf,2026-09-09,7,economy,,,5463.0,False,12:30,ok,2026-09-02T12:01:24.856916+05:30,2026-09-02_1201IST,airline_direct,IndiGo
BOM,BLR,6E,IndiGo,inf,2026-09-09,7,economy,,,5463.0,False,15:25,ok,2026-09-02T12:01:24.856916+05:30,2026-09-02_1201IST,airline_direct,IndiGo
BOM,BLR,6E,IndiGo,inf,2026-09-09,7,economy,,,5463.0,False,17:10,ok,2026-09-02T12:01:24.856916+05:30,2026-09-02_1201IST,airline_direct,IndiGo
BOM,BLR,6E,IndiGo,inf,2026-09-09,7,economy,,,5463.0,False,18:40,ok,2026-09-02T12:01:24.856916+05:30,2026-09-02_1201IST,airline_direct,IndiGo
BOM,BLR,6E,IndiGo,inf,2026-09-09,7,economy,,,5463.0,False,20:00,ok,2026-09-02T12:01:24.856916+05:30,2026-09-02_1201IST,airline_direct,IndiGo
BOM,BLR,6E,IndiGo,6.000000000000001e+230,2026-09-09,7,economy,,,5499.0,False,13:55,ok,2026-09-02T12:01:24.856916+05:30,2026-09-02_1201IST,airline_direct,IndiGo
BOM,BLR,6E,IndiGo,inf,2026-09-09,7,business,,,23576.0,False,15:10,ok,2026-09-02T12:01:24.856916+05:30,2026-09-02_1201IST,airline_direct,IndiGo
BOM,BLR,6E,IndiGo,inf,2026-09-09,7,economy,,,5630.0,False,15:10,ok,2026-09-02T12:01:24.856916+05:30,2026-09-02_1201IST,airline_direct,IndiGo
BOM,BLR,6E,IndiGo,inf,2026-09-09,7,economy,,,5913.0,False,18:05,ok,2026-09-02T12:01:24.856916+05:30,2026-09-02_1201IST,airline_direct,IndiGo
BOM,BLR,6E,IndiGo,inf,2026-09-09,7,economy,,,6176.0,False,14:40,ok,2026-09-02T12:01:24.856916+05:30,2026-09-02_1201IST,airline_direct,IndiGo
BOM,BLR,6E,IndiGo,6e+240,2026-09-09,7,economy,,,6255.0,False,15:45,ok,2026-09-02T12:01:24.856916+05:30,2026-09-02_1201IST,airline_direct,IndiGo
BOM,BLR,6E,IndiGo,inf,2026-09-09,7,business,,,24919.0,False,16:45,ok,2026-09-02T12:01:24.856916+05:30,2026-09-02_1201IST,airline_direct,IndiGo
BOM,BLR,6E,IndiGo,inf,2026-09-09,7,economy,,,6500.0,False,16:45,ok,2026-09-02T12:01:24.856916+05:30,2026-09-02_1201IST,airline_direct,IndiGo
BOM,BLR,6E,IndiGo,inf,2026-09-09,7,economy,,,6842.0,False,16:50,ok,2026-09-02T12:01:24.856916+05:30,2026-09-02_1201IST,airline_direct,IndiGo
BOM,BLR,6E,IndiGo,inf,2026-09-09,7,business,,,24919.0,False,15:10,ok,2026-09-02T12:01:24.856916+05:30,2026-09-02_1201IST,airline_direct,IndiGo
BOM,BLR,6E,IndiGo,inf,2026-09-09,7,economy,,,7000.0,False,15:10,ok,2026-09-02T12:01:24.856916+05:30,2026-09-02_1201IST,airline_direct,IndiGo
BOM,BLR,6E,IndiGo,inf,2026-09-09,7,economy,,,7210.0,False,11:40,ok,2026-09-02T12:01:24.856916+05:30,2026-09-02_1201IST,airline_direct,IndiGo
BOM,BLR,6E,IndiGo,inf,2026-09-09,7,economy,,,7210.0,False,13:45,ok,2026-09-02T12:01:24.856916+05:30,2026-09-02_1201IST,airline_direct,IndiGo
BOM,BLR,6E,IndiGo,inf,2026-09-09,7,economy,,,7210.0,False,15:25,ok,2026-09-02T12:01:24.856916+05:30,2026-09-02_1201IST,airline_direct,IndiGo
BOM,BLR,6E,IndiGo,inf,2026-09-09,7,economy,,,7210.0,False,18:15,ok,2026-09-02T12:01:24.856916+05:30,2026-09-02_1201IST,airline_direct,IndiGo
BOM,BLR,6E,IndiGo,inf,2026-09-09,7,business,,,27453.0,False,15:10,ok,2026-09-02T12:01:24.856916+05:30,2026-09-02_1201IST,airline_direct,IndiGo
BOM,BLR,6E,IndiGo,inf,2026-09-09,7,economy,,,8156.0,False,15:10,ok,2026-09-02T12:01:24.856916+05:30,2026-09-02_1201IST,airline_direct,IndiGo
BOM,BLR,6E,IndiGo,inf,2026-09-09,7,economy,,,8366.0,False,09:35,ok,2026-09-02T12:01:24.856916+05:30,2026-09-02_1201IST,airline_direct,IndiGo
BOM,BLR,6E,IndiGo,inf,2026-09-09,7,economy,,,8610.0,False,13:35,ok,2026-09-02T12:01:24.856916+05:30,2026-09-02_1201IST,airline_direct,IndiGo
BOM,BLR,6E,IndiGo,inf,2026-09-09,7,business,,,29147.0,False,15:10,ok,2026-09-02T12:01:24.856916+05:30,2026-09-02_1201IST,airline_direct,IndiGo
BOM,BLR,6E,IndiGo,inf,2026-09-09,7,economy,,,8821.0,False,15:10,ok,2026-09-02T12:01:24.856916+05:30,2026-09-02_1201IST,airline_direct,IndiGo
BOM,BLR,6E,IndiGo,6.000000000000001e+230,2026-09-09,7,economy,,,9787.0,False,13:55,ok,2026-09-02T12:01:24.856916+05:30,2026-09-02_1201IST,airline_direct,IndiGo
BOM,BLR,6E,IndiGo,6.000000000000001e+230,2026-09-09,7,economy,,,10055.0,False,13:55,ok,2026-09-02T12:01:24.856916+05:30,2026-09-02_1201IST,airline_direct,IndiGo
BOM,BLR,6E,IndiGo,inf,2026-09-09,7,economy,,,10057.0,False,17:25,ok,2026-09-02T12:01:24.856916+05:30,2026-09-02_1201IST,airline_direct,IndiGo
BOM,BLR,6E,IndiGo,inf,2026-09-09,7,business,,,24919.0,False,05:45,ok,2026-09-02T12:01:24.856916+05:30,2026-09-02_1201IST,airline_direct,IndiGo
BOM,BLR,6E,IndiGo,inf,2026-09-09,7,economy,,,10352.0,False,05:45,ok,2026-09-02T12:01:24.856916+05:30,2026-09-02_1201IST,airline_direct,IndiGo
BOM,BLR,6E,IndiGo,inf,2026-09-09,7,business,,,23981.0,False,10:15,ok,2026-09-02T12:01:24.856916+05:30,2026-09-02_1201IST,airline_direct,IndiGo
BOM,BLR,6E,IndiGo,inf,2026-09-09,7,economy,,,10543.0,False,10:15,ok,2026-09-02T12:01:24.856916+05:30,2026-09-02_1201IST,airline_direct,IndiGo
BOM,BLR,6E,IndiGo,inf,2026-09-09,7,business,,,23981.0,False,10:15,ok,2026-09-02T12:01:24.856916+05:30,2026-09-02_1201IST,airline_direct,IndiGo
BOM,BLR,6E,IndiGo,inf,2026-09-09,7,economy,,,10543.0,False,10:15,ok,2026-09-02T12:01:24.856916+05:30,2026-09-02_1201IST,airline_direct,IndiGo
BOM,BLR,6E,IndiGo,inf,2026-09-09,7,business,,,23981.0,False,11:45,ok,2026-09-02T12:01:24.856916+05:30,2026-09-02_1201IST,airline_direct,IndiGo
BOM,BLR,6E,IndiGo,inf,2026-09-09,7,economy,,,10543.0,False,11:45,ok,2026-09-02T12:01:24.856916+05:30,2026-09-02_1201IST,airline_direct,IndiGo
BOM,BLR,6E,IndiGo,inf,2026-09-09,7,business,,,23981.0,False,11:45,ok,2026-09-02T12:01:24.856916+05:30,2026-09-02_1201IST,airline_direct,IndiGo
BOM,BLR,6E,IndiGo,inf,2026-09-09,7,economy,,,10543.0,False,11:45,ok,2026-09-02T12:01:24.856916+05:30,2026-09-02_1201IST,airline_direct,IndiGo
BOM,BLR,6E,IndiGo,inf,2026-09-09,7,economy,,,10857.0,False,16:40,ok,2026-09-02T12:01:24.856916+05:30,2026-09-02_1201IST,airline_direct,IndiGo
BOM,BLR,6E,IndiGo,inf,2026-09-09,7,economy,,,11858.0,False,09:05,ok,2026-09-02T12:01:24.856916+05:30,2026-09-02_1201IST,airline_direct,IndiGo
BOM,BLR,6E,IndiGo,6e+261,2026-09-09,7,economy,,,12080.0,False,11:20,ok,2026-09-02T12:01:24.856916+05:30,2026-09-02_1201IST,airline_direct,IndiGo
BOM,BLR,6E,IndiGo,inf,2026-09-09,7,economy,,,12211.0,False,09:15,ok,2026-09-02T12:01:24.856916+05:30,2026-09-02_1201IST,airline_direct,IndiGo
BOM,BLR,6E,IndiGo,inf,2026-09-09,7,business,,,27453.0,False,11:45,ok,2026-09-02T12:01:24.856916+05:30,2026-09-02_1201IST,airline_direct,IndiGo
BOM,BLR,6E,IndiGo,inf,2026-09-09,7,economy,,,13031.0,False,11:45,ok,2026-09-02T12:01:24.856916+05:30,2026-09-02_1201IST,airline_direct,IndiGo
BOM,BLR,6E,IndiGo,inf,2026-09-09,7,business,,,29147.0,False,11:45,ok,2026-09-02T12:01:24.856916+05:30,2026-09-02_1201IST,airline_direct,IndiGo
BOM,BLR,6E,IndiGo,inf,2026-09-09,7,economy,,,14228.0,False,11:45,ok,2026-09-02T12:01:24.856916+05:30,2026-09-02_1201IST,airline_direct,IndiGo
BOM,BLR,6E,IndiGo,inf,2026-09-09,7,economy,,,14663.0,False,14:55,ok,2026-09-02T12:01:24.856916+05:30,2026-09-02_1201IST,airline_direct,IndiGo
BOM,BLR,6E,IndiGo,6e+261,2026-09-09,7,economy,,,18148.0,False,11:20,ok,2026-09-02T12:01:24.856916+05:30,2026-09-02_1201IST,airline_direct,IndiGo
DEL,CCU,6E,IndiGo,inf,2026-09-09,7,business,,,26140.0,False,05:00,ok,2026-09-02T12:02:33.346501+05:30,2026-09-02_1202IST,airline_direct,IndiGo
DEL,CCU,6E,IndiGo,inf,2026-09-09,7,economy,,,8200.0,False,05:00,ok,2026-09-02T12:02:33.346501+05:30,2026-09-02_1202IST,airline_direct,IndiGo
DEL,CCU,6E,IndiGo,inf,2026-09-09,7,business,,,26140.0,False,07:20,ok,2026-09-02T12:02:33.346501+05:30,2026-09-02_1202IST,airline_direct,IndiGo
DEL,CCU,6E,IndiGo,inf,2026-09-09,7,economy,,,8200.0,False,07:20,ok,2026-09-02T12:02:33.346501+05:30,2026-09-02_1202IST,airline_direct,IndiGo
DEL,CCU,6E,IndiGo,inf,2026-09-09,7,business,,,26140.0,False,12:45,ok,2026-09-02T12:02:33.346501+05:30,2026-09-02_1202IST,airline_direct,IndiGo
DEL,CCU,6E,IndiGo,inf,2026-09-09,7,economy,,,8200.0,False,12:45,ok,2026-09-02T12:02:33.346501+05:30,2026-09-02_1202IST,airline_direct,IndiGo
DEL,CCU,6E,IndiGo,inf,2026-09-09,7,business,,,26140.0,False,14:25,ok,2026-09-02T12:02:33.346501+05:30,2026-09-02_1202IST,airline_direct,IndiGo
DEL,CCU,6E,IndiGo,inf,2026-09-09,7,economy,,,8200.0,False,14:25,ok,2026-09-02T12:02:33.346501+05:30,2026-09-02_1202IST,airline_direct,IndiGo
DEL,CCU,6E,IndiGo,inf,2026-09-09,7,business,,,26140.0,False,17:55,ok,2026-09-02T12:02:33.346501+05:30,2026-09-02_1202IST,airline_direct,IndiGo
DEL,CCU,6E,IndiGo,inf,2026-09-09,7,economy,,,8200.0,False,17:55,ok,2026-09-02T12:02:33.346501+05:30,2026-09-02_1202IST,airline_direct,IndiGo
DEL,CCU,6E,IndiGo,inf,2026-09-09,7,business,,,26140.0,False,19:30,ok,2026-09-02T12:02:33.346501+05:30,2026-09-02_1202IST,airline_direct,IndiGo
DEL,CCU,6E,IndiGo,inf,2026-09-09,7,economy,,,8200.0,False,19:30,ok,2026-09-02T12:02:33.346501+05:30,2026-09-02_1202IST,airline_direct,IndiGo
DEL,CCU,6E,IndiGo,inf,2026-09-09,7,business,,,26140.0,False,21:50,ok,2026-09-02T12:02:33.346501+05:30,2026-09-02_1202IST,airline_direct,IndiGo
DEL,CCU,6E,IndiGo,inf,2026-09-09,7,economy,,,8200.0,False,21:50,ok,2026-09-02T12:02:33.346501+05:30,2026-09-02_1202IST,airline_direct,IndiGo
DEL,CCU,6E,IndiGo,6e+247,2026-09-09,7,business,,,26140.0,False,23:30,ok,2026-09-02T12:02:33.346501+05:30,2026-09-02_1202IST,airline_direct,IndiGo
DEL,CCU,6E,IndiGo,6e+247,2026-09-09,7,economy,,,8200.0,False,23:30,ok,2026-09-02T12:02:33.346501+05:30,2026-09-02_1202IST,airline_direct,IndiGo
DEL,CCU,6E,IndiGo,inf,2026-09-09,7,business,,,26140.0,False,08:30,ok,2026-09-02T12:02:33.346501+05:30,2026-09-02_1202IST,airline_direct,IndiGo
DEL,CCU,6E,IndiGo,inf,2026-09-09,7,economy,,,8463.0,False,08:30,ok,2026-09-02T12:02:33.346501+05:30,2026-09-02_1202IST,airline_direct,IndiGo
DEL,CCU,6E,IndiGo,inf,2026-09-09,7,business,,,26140.0,False,10:15,ok,2026-09-02T12:02:33.346501+05:30,2026-09-02_1202IST,airline_direct,IndiGo
DEL,CCU,6E,IndiGo,inf,2026-09-09,7,economy,,,8463.0,False,10:15,ok,2026-09-02T12:02:33.346501+05:30,2026-09-02_1202IST,airline_direct,IndiGo
DEL,CCU,6E,IndiGo,inf,2026-09-09,7,business,,,26140.0,False,16:00,ok,2026-09-02T12:02:33.346501+05:30,2026-09-02_1202IST,airline_direct,IndiGo
DEL,CCU,6E,IndiGo,inf,2026-09-09,7,economy,,,11928.0,False,16:00,ok,2026-09-02T12:02:33.346501+05:30,2026-09-02_1202IST,airline_direct,IndiGo
DEL,CCU,6E,IndiGo,inf,2026-09-09,7,economy,,,7368.0,False,06:20,ok,2026-09-02T12:02:33.346501+05:30,2026-09-02_1202IST,airline_direct,IndiGo
DEL,CCU,6E,IndiGo,inf,2026-09-09,7,economy,,,7368.0,False,13:35,ok,2026-09-02T12:02:33.346501+05:30,2026-09-02_1202IST,airline_direct,IndiGo
DEL,CCU,6E,IndiGo,inf,2026-09-09,7,economy,,,7368.0,False,16:20,ok,2026-09-02T12:02:33.346501+05:30,2026-09-02_1202IST,airline_direct,IndiGo
DEL,CCU,6E,IndiGo,inf,2026-09-09,7,economy,,,7500.0,False,08:00,ok,2026-09-02T12:02:33.346501+05:30,2026-09-02_1202IST,airline_direct,IndiGo
DEL,CCU,6E,IndiGo,inf,2026-09-09,7,economy,,,7500.0,False,14:25,ok,2026-09-02T12:02:33.346501+05:30,2026-09-02_1202IST,airline_direct,IndiGo
DEL,CCU,6E,IndiGo,inf,2026-09-09,7,economy,,,7500.0,False,14:35,ok,2026-09-02T12:02:33.346501+05:30,2026-09-02_1202IST,airline_direct,IndiGo
DEL,CCU,6E,IndiGo,inf,2026-09-09,7,economy,,,7578.0,False,05:00,ok,2026-09-02T12:02:33.346501+05:30,2026-09-02_1202IST,airline_direct,IndiGo
DEL,CCU,6E,IndiGo,inf,2026-09-09,7,economy,,,7578.0,False,09:00,ok,2026-09-02T12:02:33.346501+05:30,2026-09-02_1202IST,airline_direct,IndiGo
DEL,CCU,6E,IndiGo,inf,2026-09-09,7,economy,,,7578.0,False,15:50,ok,2026-09-02T12:02:33.346501+05:30,2026-09-02_1202IST,airline_direct,IndiGo
DEL,CCU,6E,IndiGo,inf,2026-09-09,7,economy,,,7683.0,False,04:45,ok,2026-09-02T12:02:33.346501+05:30,2026-09-02_1202IST,airline_direct,IndiGo
DEL,CCU,6E,IndiGo,inf,2026-09-09,7,economy,,,7683.0,False,07:30,ok,2026-09-02T12:02:33.346501+05:30,2026-09-02_1202IST,airline_direct,IndiGo
DEL,CCU,6E,IndiGo,inf,2026-09-09,7,economy,,,7683.0,False,07:45,ok,2026-09-02T12:02:33.346501+05:30,2026-09-02_1202IST,airline_direct,IndiGo
DEL,CCU,6E,IndiGo,inf,2026-09-09,7,economy,,,7683.0,False,14:40,ok,2026-09-02T12:02:33.346501+05:30,2026-09-02_1202IST,airline_direct,IndiGo
DEL,CCU,6E,IndiGo,inf,2026-09-09,7,economy,,,7683.0,False,15:10,ok,2026-09-02T12:02:33.346501+05:30,2026-09-02_1202IST,airline_direct,IndiGo
DEL,CCU,6E,IndiGo,inf,2026-09-09,7,economy,,,7683.0,False,15:10,ok,2026-09-02T12:02:33.346501+05:30,2026-09-02_1202IST,airline_direct,IndiGo
DEL,CCU,6E,IndiGo,inf,2026-09-09,7,economy,,,7710.0,False,17:20,ok,2026-09-02T12:02:33.346501+05:30,2026-09-02_1202IST,airline_direct,IndiGo
DEL,CCU,6E,IndiGo,inf,2026-09-09,7,economy,,,7893.0,False,13:25,ok,2026-09-02T12:02:33.346501+05:30,2026-09-02_1202IST,airline_direct,IndiGo
DEL,CCU,6E,IndiGo,inf,2026-09-09,7,economy,,,7920.0,False,05:10,ok,2026-09-02T12:02:33.346501+05:30,2026-09-02_1202IST,airline_direct,IndiGo
DEL,CCU,6E,IndiGo,inf,2026-09-09,7,economy,,,7920.0,False,09:55,ok,2026-09-02T12:02:33.346501+05:30,2026-09-02_1202IST,airline_direct,IndiGo
DEL,CCU,6E,IndiGo,inf,2026-09-09,7,economy,,,7920.0,False,11:45,ok,2026-09-02T12:02:33.346501+05:30,2026-09-02_1202IST,airline_direct,IndiGo
DEL,CCU,6E,IndiGo,inf,2026-09-09,7,economy,,,7920.0,False,13:30,ok,2026-09-02T12:02:33.346501+05:30,2026-09-02_1202IST,airline_direct,IndiGo
DEL,CCU,6E,IndiGo,inf,2026-09-09,7,economy,,,7920.0,False,13:30,ok,2026-09-02T12:02:33.346501+05:30,2026-09-02_1202IST,airline_direct,IndiGo
DEL,CCU,6E,IndiGo,inf,2026-09-09,7,economy,,,7920.0,False,14:45,ok,2026-09-02T12:02:33.346501+05:30,2026-09-02_1202IST,airline_direct,IndiGo
DEL,CCU,6E,IndiGo,inf,2026-09-09,7,economy,,,7920.0,False,14:50,ok,2026-09-02T12:02:33.346501+05:30,2026-09-02_1202IST,airline_direct,IndiGo
DEL,CCU,6E,IndiGo,inf,2026-09-09,7,economy,,,7920.0,False,16:15,ok,2026-09-02T12:02:33.346501+05:30,2026-09-02_1202IST,airline_direct,IndiGo
DEL,CCU,6E,IndiGo,inf,2026-09-09,7,economy,,,7920.0,False,17:05,ok,2026-09-02T12:02:33.346501+05:30,2026-09-02_1202IST,airline_direct,IndiGo
DEL,CCU,6E,IndiGo,inf,2026-09-09,7,economy,,,7920.0,False,23:15,ok,2026-09-02T12:02:33.346501+05:30,2026-09-02_1202IST,airline_direct,IndiGo
DEL,CCU,6E,IndiGo,inf,2026-09-09,7,economy,,,8025.0,False,06:20,ok,2026-09-02T12:02:33.346501+05:30,2026-09-02_1202IST,airline_direct,IndiGo
DEL,CCU,6E,IndiGo,inf,2026-09-09,7,economy,,,8025.0,False,12:00,ok,2026-09-02T12:02:33.346501+05:30,2026-09-02_1202IST,airline_direct,IndiGo
DEL,CCU,6E,IndiGo,inf,2026-09-09,7,economy,,,8107.0,False,14:25,ok,2026-09-02T12:02:33.346501+05:30,2026-09-02_1202IST,airline_direct,IndiGo
DEL,CCU,6E,IndiGo,inf,2026-09-09,7,economy,,,8107.0,False,16:20,ok,2026-09-02T12:02:33.346501+05:30,2026-09-02_1202IST,airline_direct,IndiGo
DEL,CCU,6E,IndiGo,inf,2026-09-09,7,economy,,,8185.0,False,12:20,ok,2026-09-02T12:02:33.346501+05:30,2026-09-02_1202IST,airline_direct,IndiGo
DEL,CCU,6E,IndiGo,inf,2026-09-09,7,economy,,,8185.0,False,12:20,ok,2026-09-02T12:02:33.346501+05:30,2026-09-02_1202IST,airline_direct,IndiGo
DEL,CCU,6E,IndiGo,inf,2026-09-09,7,economy,,,8185.0,False,14:40,ok,2026-09-02T12:02:33.346501+05:30,2026-09-02_1202IST,airline_direct,IndiGo
DEL,CCU,6E,IndiGo,inf,2026-09-09,7,economy,,,8185.0,False,14:40,ok,2026-09-02T12:02:33.346501+05:30,2026-09-02_1202IST,airline_direct,IndiGo
DEL,CCU,6E,IndiGo,6e+203,2026-09-09,7,economy,,,8527.0,False,07:10,ok,2026-09-02T12:02:33.346501+05:30,2026-09-02_1202IST,airline_direct,IndiGo
DEL,CCU,6E,IndiGo,inf,2026-09-09,7,economy,,,8527.0,False,08:30,ok,2026-09-02T12:02:33.346501+05:30,2026-09-02_1202IST,airline_direct,IndiGo
DEL,CCU,6E,IndiGo,inf,2026-09-09,7,economy,,,8853.0,False,07:40,ok,2026-09-02T12:02:33.346501+05:30,2026-09-02_1202IST,airline_direct,IndiGo
DEL,CCU,6E,IndiGo,inf,2026-09-09,7,economy,,,8853.0,False,11:10,ok,2026-09-02T12:02:33.346501+05:30,2026-09-02_1202IST,airline_direct,IndiGo
DEL,CCU,6E,IndiGo,inf,2026-09-09,7,economy,,,9194.0,False,17:55,ok,2026-09-02T12:02:33.346501+05:30,2026-09-02_1202IST,airline_direct,IndiGo
DEL,CCU,6E,IndiGo,inf,2026-09-09,7,economy,,,9587.0,False,09:20,ok,2026-09-02T12:02:33.346501+05:30,2026-09-02_1202IST,airline_direct,IndiGo
DEL,CCU,6E,IndiGo,inf,2026-09-09,7,economy,,,10393.0,False,07:40,ok,2026-09-02T12:02:33.346501+05:30,2026-09-02_1202IST,airline_direct,IndiGo
DEL,CCU,6E,IndiGo,inf,2026-09-09,7,economy,,,10393.0,False,14:00,ok,2026-09-02T12:02:33.346501+05:30,2026-09-02_1202IST,airline_direct,IndiGo
DEL,CCU,6E,IndiGo,inf,2026-09-09,7,economy,,,12254.0,False,12:55,ok,2026-09-02T12:02:33.346501+05:30,2026-09-02_1202IST,airline_direct,IndiGo
DEL,CCU,6E,IndiGo,inf,2026-09-09,7,economy,,,13431.0,False,10:50,ok,2026-09-02T12:02:33.346501+05:30,2026-09-02_1202IST,airline_direct,IndiGo
DEL,CCU,6E,IndiGo,inf,2026-09-09,7,economy,,,15799.0,False,09:20,ok,2026-09-02T12:02:33.346501+05:30,2026-09-02_1202IST,airline_direct,IndiGo
DEL,CCU,6E,IndiGo,6e+203,2026-09-09,7,business,,,32036.0,False,07:10,ok,2026-09-02T12:02:33.346501+05:30,2026-09-02_1202IST,airline_direct,IndiGo
DEL,CCU,6E,IndiGo,6e+203,2026-09-09,7,economy,,,16184.0,False,07:10,ok,2026-09-02T12:02:33.346501+05:30,2026-09-02_1202IST,airline_direct,IndiGo
DEL,CCU,6E,IndiGo,inf,2026-09-09,7,business,,,32036.0,False,08:30,ok,2026-09-02T12:02:33.346501+05:30,2026-09-02_1202IST,airline_direct,IndiGo
DEL,CCU,6E,IndiGo,inf,2026-09-09,7,economy,,,16184.0,False,08:30,ok,2026-09-02T12:02:33.346501+05:30,2026-09-02_1202IST,airline_direct,IndiGo
DEL,CCU,6E,IndiGo,inf,2026-09-09,7,economy,,,20312.0,False,10:50,ok,2026-09-02T12:02:33.346501+05:30,2026-09-02_1202IST,airline_direct,IndiGo
BLR,HYD,6E,IndiGo,inf,2026-09-09,7,economy,,,4561.0,False,06:25,ok,2026-09-02T12:03:40.330122+05:30,2026-09-02_1203IST,airline_direct,IndiGo
BLR,HYD,6E,IndiGo,inf,2026-09-09,7,economy,,,4561.0,False,16:30,ok,2026-09-02T12:03:40.330122+05:30,2026-09-02_1203IST,airline_direct,IndiGo
BLR,HYD,6E,IndiGo,inf,2026-09-09,7,economy,,,4921.0,False,09:15,ok,2026-09-02T12:03:40.330122+05:30,2026-09-02_1203IST,airline_direct,IndiGo
BLR,HYD,6E,IndiGo,inf,2026-09-09,7,economy,,,4921.0,False,10:15,ok,2026-09-02T12:03:40.330122+05:30,2026-09-02_1203IST,airline_direct,IndiGo
BLR,HYD,6E,IndiGo,inf,2026-09-09,7,economy,,,4921.0,False,21:30,ok,2026-09-02T12:03:40.330122+05:30,2026-09-02_1203IST,airline_direct,IndiGo
BLR,HYD,6E,IndiGo,inf,2026-09-09,7,economy,,,5318.0,False,11:35,ok,2026-09-02T12:03:40.330122+05:30,2026-09-02_1203IST,airline_direct,IndiGo
BLR,HYD,6E,IndiGo,inf,2026-09-09,7,economy,,,5756.0,False,18:35,ok,2026-09-02T12:03:40.330122+05:30,2026-09-02_1203IST,airline_direct,IndiGo
BLR,HYD,6E,IndiGo,inf,2026-09-09,7,economy,,,6772.0,False,08:15,ok,2026-09-02T12:03:40.330122+05:30,2026-09-02_1203IST,airline_direct,IndiGo
BLR,HYD,6E,IndiGo,inf,2026-09-09,7,economy,,,7361.0,False,19:45,ok,2026-09-02T12:03:40.330122+05:30,2026-09-02_1203IST,airline_direct,IndiGo
BLR,HYD,6E,IndiGo,inf,2026-09-09,7,economy,,,4553.0,False,07:05,ok,2026-09-02T12:03:40.330122+05:30,2026-09-02_1203IST,airline_direct,IndiGo
BLR,HYD,6E,IndiGo,inf,2026-09-09,7,economy,,,4553.0,False,07:05,ok,2026-09-02T12:03:40.330122+05:30,2026-09-02_1203IST,airline_direct,IndiGo
BLR,HYD,6E,IndiGo,inf,2026-09-09,7,economy,,,4553.0,False,10:45,ok,2026-09-02T12:03:40.330122+05:30,2026-09-02_1203IST,airline_direct,IndiGo
BLR,HYD,6E,IndiGo,inf,2026-09-09,7,economy,,,4553.0,False,12:45,ok,2026-09-02T12:03:40.330122+05:30,2026-09-02_1203IST,airline_direct,IndiGo
BLR,HYD,6E,IndiGo,inf,2026-09-09,7,economy,,,4553.0,False,15:15,ok,2026-09-02T12:03:40.330122+05:30,2026-09-02_1203IST,airline_direct,IndiGo
BLR,HYD,6E,IndiGo,inf,2026-09-09,7,economy,,,4553.0,False,17:15,ok,2026-09-02T12:03:40.330122+05:30,2026-09-02_1203IST,airline_direct,IndiGo
BLR,HYD,6E,IndiGo,inf,2026-09-09,7,economy,,,4553.0,False,17:40,ok,2026-09-02T12:03:40.330122+05:30,2026-09-02_1203IST,airline_direct,IndiGo
BLR,HYD,6E,IndiGo,inf,2026-09-09,7,economy,,,4553.0,False,18:15,ok,2026-09-02T12:03:40.330122+05:30,2026-09-02_1203IST,airline_direct,IndiGo
BLR,HYD,6E,IndiGo,6e+105,2026-09-09,7,economy,,,4553.0,False,18:50,ok,2026-09-02T12:03:40.330122+05:30,2026-09-02_1203IST,airline_direct,IndiGo
BLR,HYD,6E,IndiGo,6e+105,2026-09-09,7,economy,,,4553.0,False,18:50,ok,2026-09-02T12:03:40.330122+05:30,2026-09-02_1203IST,airline_direct,IndiGo
BLR,HYD,6E,IndiGo,inf,2026-09-09,7,economy,,,4553.0,False,19:15,ok,2026-09-02T12:03:40.330122+05:30,2026-09-02_1203IST,airline_direct,IndiGo
BLR,HYD,6E,IndiGo,inf,2026-09-09,7,economy,,,5146.0,False,06:50,ok,2026-09-02T12:03:40.330122+05:30,2026-09-02_1203IST,airline_direct,IndiGo
BLR,HYD,6E,IndiGo,inf,2026-09-09,7,economy,,,5146.0,False,08:05,ok,2026-09-02T12:03:40.330122+05:30,2026-09-02_1203IST,airline_direct,IndiGo
BLR,HYD,6E,IndiGo,inf,2026-09-09,7,economy,,,5146.0,False,10:55,ok,2026-09-02T12:03:40.330122+05:30,2026-09-02_1203IST,airline_direct,IndiGo
BLR,HYD,6E,IndiGo,inf,2026-09-09,7,economy,,,5146.0,False,11:40,ok,2026-09-02T12:03:40.330122+05:30,2026-09-02_1203IST,airline_direct,IndiGo
BLR,HYD,6E,IndiGo,6e+173,2026-09-09,7,economy,,,5146.0,False,15:30,ok,2026-09-02T12:03:40.330122+05:30,2026-09-02_1203IST,airline_direct,IndiGo
BLR,HYD,6E,IndiGo,6e+173,2026-09-09,7,economy,,,5146.0,False,15:30,ok,2026-09-02T12:03:40.330122+05:30,2026-09-02_1203IST,airline_direct,IndiGo
BLR,HYD,6E,IndiGo,inf,2026-09-09,7,economy,,,5146.0,False,21:40,ok,2026-09-02T12:03:40.330122+05:30,2026-09-02_1203IST,airline_direct,IndiGo
BLR,HYD,6E,IndiGo,6e+116,2026-09-09,7,economy,,,5146.0,False,23:05,ok,2026-09-02T12:03:40.330122+05:30,2026-09-02_1203IST,airline_direct,IndiGo
BLR,HYD,6E,IndiGo,inf,2026-09-09,7,economy,,,5486.0,False,10:25,ok,2026-09-02T12:03:40.330122+05:30,2026-09-02_1203IST,airline_direct,IndiGo
BLR,HYD,6E,IndiGo,inf,2026-09-09,7,economy,,,5486.0,False,12:35,ok,2026-09-02T12:03:40.330122+05:30,2026-09-02_1203IST,airline_direct,IndiGo
BLR,HYD,6E,IndiGo,inf,2026-09-09,7,economy,,,5486.0,False,13:10,ok,2026-09-02T12:03:40.330122+05:30,2026-09-02_1203IST,airline_direct,IndiGo
BLR,HYD,6E,IndiGo,inf,2026-09-09,7,economy,,,5486.0,False,13:10,ok,2026-09-02T12:03:40.330122+05:30,2026-09-02_1203IST,airline_direct,IndiGo
BLR,HYD,6E,IndiGo,inf,2026-09-09,7,economy,,,5486.0,False,20:40,ok,2026-09-02T12:03:40.330122+05:30,2026-09-02_1203IST,airline_direct,IndiGo
BLR,HYD,6E,IndiGo,inf,2026-09-09,7,economy,,,5729.0,False,06:25,ok,2026-09-02T12:03:40.330122+05:30,2026-09-02_1203IST,airline_direct,IndiGo
BLR,HYD,6E,IndiGo,inf,2026-09-09,7,economy,,,5861.0,False,01:05,ok,2026-09-02T12:03:40.330122+05:30,2026-09-02_1203IST,airline_direct,IndiGo
BLR,HYD,6E,IndiGo,inf,2026-09-09,7,economy,,,5861.0,False,02:40,ok,2026-09-02T12:03:40.330122+05:30,2026-09-02_1203IST,airline_direct,IndiGo
BLR,HYD,6E,IndiGo,inf,2026-09-09,7,economy,,,5861.0,False,07:05,ok,2026-09-02T12:03:40.330122+05:30,2026-09-02_1203IST,airline_direct,IndiGo
BLR,HYD,6E,IndiGo,inf,2026-09-09,7,economy,,,5861.0,False,10:25,ok,2026-09-02T12:03:40.330122+05:30,2026-09-02_1203IST,airline_direct,IndiGo
BLR,HYD,6E,IndiGo,inf,2026-09-09,7,economy,,,5861.0,False,17:40,ok,2026-09-02T12:03:40.330122+05:30,2026-09-02_1203IST,airline_direct,IndiGo
BLR,HYD,6E,IndiGo,inf,2026-09-09,7,economy,,,6271.0,False,07:05,ok,2026-09-02T12:03:40.330122+05:30,2026-09-02_1203IST,airline_direct,IndiGo
BLR,HYD,6E,IndiGo,inf,2026-09-09,7,economy,,,6271.0,False,10:25,ok,2026-09-02T12:03:40.330122+05:30,2026-09-02_1203IST,airline_direct,IndiGo
BLR,HYD,6E,IndiGo,inf,2026-09-09,7,economy,,,6271.0,False,12:55,ok,2026-09-02T12:03:40.330122+05:30,2026-09-02_1203IST,airline_direct,IndiGo
BLR,HYD,6E,IndiGo,inf,2026-09-09,7,economy,,,6724.0,False,12:55,ok,2026-09-02T12:03:40.330122+05:30,2026-09-02_1203IST,airline_direct,IndiGo
BLR,HYD,6E,IndiGo,inf,2026-09-09,7,economy,,,7221.0,False,06:50,ok,2026-09-02T12:03:40.330122+05:30,2026-09-02_1203IST,airline_direct,IndiGo
BLR,HYD,6E,IndiGo,inf,2026-09-09,7,economy,,,7221.0,False,08:05,ok,2026-09-02T12:03:40.330122+05:30,2026-09-02_1203IST,airline_direct,IndiGo
BLR,HYD,6E,IndiGo,inf,2026-09-09,7,economy,,,7767.0,False,14:35,ok,2026-09-02T12:03:40.330122+05:30,2026-09-02_1203IST,airline_direct,IndiGo
BLR,HYD,6E,IndiGo,5.9999999999999995e+109,2026-09-09,7,economy,,,7767.0,False,17:00,ok,2026-09-02T12:03:40.330122+05:30,2026-09-02_1203IST,airline_direct,IndiGo
BLR,HYD,6E,IndiGo,inf,2026-09-09,7,economy,,,7767.0,False,18:50,ok,2026-09-02T12:03:40.330122+05:30,2026-09-02_1203IST,airline_direct,IndiGo
BLR,HYD,6E,IndiGo,inf,2026-09-09,7,economy,,,8374.0,False,07:15,ok,2026-09-02T12:03:40.330122+05:30,2026-09-02_1203IST,airline_direct,IndiGo
BLR,HYD,6E,IndiGo,inf,2026-09-09,7,economy,,,9247.0,False,06:50,ok,2026-09-02T12:03:40.330122+05:30,2026-09-02_1203IST,airline_direct,IndiGo
BLR,HYD,6E,IndiGo,inf,2026-09-09,7,economy,,,9713.0,False,17:15,ok,2026-09-02T12:03:40.330122+05:30,2026-09-02_1203IST,airline_direct,IndiGo
BLR,HYD,6E,IndiGo,inf,2026-09-09,7,economy,,,10251.0,False,12:45,ok,2026-09-02T12:03:40.330122+05:30,2026-09-02_1203IST,airline_direct,IndiGo
BLR,HYD,6E,IndiGo,inf,2026-09-09,7,economy,,,11432.0,False,11:40,ok,2026-09-02T12:03:40.330122+05:30,2026-09-02_1203IST,airline_direct,IndiGo
BLR,HYD,6E,IndiGo,inf,2026-09-09,7,economy,,,12207.0,False,07:15,ok,2026-09-02T12:03:40.330122+05:30,2026-09-02_1203IST,airline_direct,IndiGo
BLR,HYD,6E,IndiGo,inf,2026-09-09,7,economy,,,14168.0,False,12:35,ok,2026-09-02T12:03:40.330122+05:30,2026-09-02_1203IST,airline_direct,IndiGo
BLR,HYD,6E,IndiGo,inf,2026-09-09,7,economy,,,15104.0,False,07:05,ok,2026-09-02T12:03:40.330122+05:30,2026-09-02_1203IST,airline_direct,IndiGo
BLR,HYD,6E,IndiGo,inf,2026-09-09,7,economy,,,18658.0,False,10:40,ok,2026-09-02T12:03:40.330122+05:30,2026-09-02_1203IST,airline_direct,IndiGo
BLR,HYD,6E,IndiGo,inf,2026-09-09,7,economy,,,22666.0,False,10:50,ok,2026-09-02T12:03:40.330122+05:30,2026-09-02_1203IST,airline_direct,IndiGo
BLR,HYD,6E,IndiGo,inf,2026-09-09,7,economy,,,29015.0,False,10:50,ok,2026-09-02T12:03:40.330122+05:30,2026-09-02_1203IST,airline_direct,IndiGo
MAA,DEL,6E,IndiGo,inf,2026-09-09,7,business,,,28240.0,False,13:00,ok,2026-09-02T12:04:36.074236+05:30,2026-09-02_1204IST,airline_direct,IndiGo
MAA,DEL,6E,IndiGo,inf,2026-09-09,7,economy,,,9830.0,False,13:00,ok,2026-09-02T12:04:36.074236+05:30,2026-09-02_1204IST,airline_direct,IndiGo
MAA,DEL,6E,IndiGo,inf,2026-09-09,7,business,,,28240.0,False,14:30,ok,2026-09-02T12:04:36.074236+05:30,2026-09-02_1204IST,airline_direct,IndiGo
MAA,DEL,6E,IndiGo,inf,2026-09-09,7,economy,,,9830.0,False,14:30,ok,2026-09-02T12:04:36.074236+05:30,2026-09-02_1204IST,airline_direct,IndiGo
MAA,DEL,6E,IndiGo,inf,2026-09-09,7,business,,,28240.0,False,21:50,ok,2026-09-02T12:04:36.074236+05:30,2026-09-02_1204IST,airline_direct,IndiGo
MAA,DEL,6E,IndiGo,inf,2026-09-09,7,economy,,,9830.0,False,21:50,ok,2026-09-02T12:04:36.074236+05:30,2026-09-02_1204IST,airline_direct,IndiGo
MAA,DEL,6E,IndiGo,inf,2026-09-09,7,business,,,28240.0,False,23:45,ok,2026-09-02T12:04:36.074236+05:30,2026-09-02_1204IST,airline_direct,IndiGo
MAA,DEL,6E,IndiGo,inf,2026-09-09,7,economy,,,9830.0,False,23:45,ok,2026-09-02T12:04:36.074236+05:30,2026-09-02_1204IST,airline_direct,IndiGo
MAA,DEL,6E,IndiGo,inf,2026-09-09,7,business,,,28240.0,False,11:10,ok,2026-09-02T12:04:36.074236+05:30,2026-09-02_1204IST,airline_direct,IndiGo
MAA,DEL,6E,IndiGo,inf,2026-09-09,7,economy,,,10295.0,False,11:10,ok,2026-09-02T12:04:36.074236+05:30,2026-09-02_1204IST,airline_direct,IndiGo
MAA,DEL,6E,IndiGo,inf,2026-09-09,7,business,,,28240.0,False,09:15,ok,2026-09-02T12:04:36.074236+05:30,2026-09-02_1204IST,airline_direct,IndiGo
MAA,DEL,6E,IndiGo,inf,2026-09-09,7,economy,,,10785.0,False,09:15,ok,2026-09-02T12:04:36.074236+05:30,2026-09-02_1204IST,airline_direct,IndiGo
MAA,DEL,6E,IndiGo,inf,2026-09-09,7,business,,,28240.0,False,19:00,ok,2026-09-02T12:04:36.074236+05:30,2026-09-02_1204IST,airline_direct,IndiGo
MAA,DEL,6E,IndiGo,inf,2026-09-09,7,economy,,,10785.0,False,19:00,ok,2026-09-02T12:04:36.074236+05:30,2026-09-02_1204IST,airline_direct,IndiGo
MAA,DEL,6E,IndiGo,inf,2026-09-09,7,business,,,28240.0,False,16:45,ok,2026-09-02T12:04:36.074236+05:30,2026-09-02_1204IST,airline_direct,IndiGo
MAA,DEL,6E,IndiGo,inf,2026-09-09,7,economy,,,11303.0,False,16:45,ok,2026-09-02T12:04:36.074236+05:30,2026-09-02_1204IST,airline_direct,IndiGo
MAA,DEL,6E,IndiGo,inf,2026-09-09,7,business,,,28240.0,False,06:30,ok,2026-09-02T12:04:36.074236+05:30,2026-09-02_1204IST,airline_direct,IndiGo
MAA,DEL,6E,IndiGo,inf,2026-09-09,7,economy,,,14354.0,False,06:30,ok,2026-09-02T12:04:36.074236+05:30,2026-09-02_1204IST,airline_direct,IndiGo
MAA,DEL,6E,IndiGo,6e+253,2026-09-09,7,economy,,,8930.0,False,03:10,ok,2026-09-02T12:04:36.074236+05:30,2026-09-02_1204IST,airline_direct,IndiGo
MAA,DEL,6E,IndiGo,inf,2026-09-09,7,business,,,28413.0,False,05:40,ok,2026-09-02T12:04:36.074236+05:30,2026-09-02_1204IST,airline_direct,IndiGo
MAA,DEL,6E,IndiGo,inf,2026-09-09,7,economy,,,8930.0,False,05:40,ok,2026-09-02T12:04:36.074236+05:30,2026-09-02_1204IST,airline_direct,IndiGo
MAA,DEL,6E,IndiGo,inf,2026-09-09,7,economy,,,8930.0,False,07:10,ok,2026-09-02T12:04:36.074236+05:30,2026-09-02_1204IST,airline_direct,IndiGo
MAA,DEL,6E,IndiGo,inf,2026-09-09,7,economy,,,8930.0,False,07:10,ok,2026-09-02T12:04:36.074236+05:30,2026-09-02_1204IST,airline_direct,IndiGo
MAA,DEL,6E,IndiGo,inf,2026-09-09,7,economy,,,8930.0,False,09:05,ok,2026-09-02T12:04:36.074236+05:30,2026-09-02_1204IST,airline_direct,IndiGo
MAA,DEL,6E,IndiGo,inf,2026-09-09,7,economy,,,8930.0,False,09:05,ok,2026-09-02T12:04:36.074236+05:30,2026-09-02_1204IST,airline_direct,IndiGo
MAA,DEL,6E,IndiGo,inf,2026-09-09,7,economy,,,8930.0,False,09:55,ok,2026-09-02T12:04:36.074236+05:30,2026-09-02_1204IST,airline_direct,IndiGo
MAA,DEL,6E,IndiGo,inf,2026-09-09,7,economy,,,8930.0,False,09:55,ok,2026-09-02T12:04:36.074236+05:30,2026-09-02_1204IST,airline_direct,IndiGo
MAA,DEL,6E,IndiGo,inf,2026-09-09,7,economy,,,8930.0,False,16:10,ok,2026-09-02T12:04:36.074236+05:30,2026-09-02_1204IST,airline_direct,IndiGo
MAA,DEL,6E,IndiGo,inf,2026-09-09,7,economy,,,8930.0,False,18:15,ok,2026-09-02T12:04:36.074236+05:30,2026-09-02_1204IST,airline_direct,IndiGo
MAA,DEL,6E,IndiGo,6e+193,2026-09-09,7,economy,,,8930.0,False,20:00,ok,2026-09-02T12:04:36.074236+05:30,2026-09-02_1204IST,airline_direct,IndiGo
MAA,DEL,6E,IndiGo,inf,2026-09-09,7,economy,,,8930.0,False,21:25,ok,2026-09-02T12:04:36.074236+05:30,2026-09-02_1204IST,airline_direct,IndiGo
MAA,DEL,6E,IndiGo,inf,2026-09-09,7,economy,,,9009.0,False,08:55,ok,2026-09-02T12:04:36.074236+05:30,2026-09-02_1204IST,airline_direct,IndiGo
MAA,DEL,6E,IndiGo,inf,2026-09-09,7,economy,,,9009.0,False,08:55,ok,2026-09-02T12:04:36.074236+05:30,2026-09-02_1204IST,airline_direct,IndiGo
MAA,DEL,6E,IndiGo,inf,2026-09-09,7,economy,,,9009.0,False,10:55,ok,2026-09-02T12:04:36.074236+05:30,2026-09-02_1204IST,airline_direct,IndiGo
MAA,DEL,6E,IndiGo,inf,2026-09-09,7,economy,,,9009.0,False,10:55,ok,2026-09-02T12:04:36.074236+05:30,2026-09-02_1204IST,airline_direct,IndiGo
MAA,DEL,6E,IndiGo,inf,2026-09-09,7,economy,,,9009.0,False,14:35,ok,2026-09-02T12:04:36.074236+05:30,2026-09-02_1204IST,airline_direct,IndiGo
MAA,DEL,6E,IndiGo,inf,2026-09-09,7,economy,,,9009.0,False,14:35,ok,2026-09-02T12:04:36.074236+05:30,2026-09-02_1204IST,airline_direct,IndiGo
MAA,DEL,6E,IndiGo,inf,2026-09-09,7,economy,,,9009.0,False,15:45,ok,2026-09-02T12:04:36.074236+05:30,2026-09-02_1204IST,airline_direct,IndiGo
MAA,DEL,6E,IndiGo,inf,2026-09-09,7,economy,,,9009.0,False,18:20,ok,2026-09-02T12:04:36.074236+05:30,2026-09-02_1204IST,airline_direct,IndiGo
MAA,DEL,6E,IndiGo,inf,2026-09-09,7,business,,,34167.0,False,18:05,ok,2026-09-02T12:04:36.074236+05:30,2026-09-02_1204IST,airline_direct,IndiGo
MAA,DEL,6E,IndiGo,inf,2026-09-09,7,economy,,,9140.0,False,18:05,ok,2026-09-02T12:04:36.074236+05:30,2026-09-02_1204IST,airline_direct,IndiGo
MAA,DEL,6E,IndiGo,inf,2026-09-09,7,economy,,,9297.0,False,17:45,ok,2026-09-02T12:04:36.074236+05:30,2026-09-02_1204IST,airline_direct,IndiGo
MAA,DEL,6E,IndiGo,6e+183,2026-09-09,7,business,,,33135.0,False,16:35,ok,2026-09-02T12:04:36.074236+05:30,2026-09-02_1204IST,airline_direct,IndiGo
MAA,DEL,6E,IndiGo,6e+183,2026-09-09,7,economy,,,9619.0,False,16:35,ok,2026-09-02T12:04:36.074236+05:30,2026-09-02_1204IST,airline_direct,IndiGo
MAA,DEL,6E,IndiGo,inf,2026-09-09,7,economy,,,9697.0,False,15:05,ok,2026-09-02T12:04:36.074236+05:30,2026-09-02_1204IST,airline_direct,IndiGo
MAA,DEL,6E,IndiGo,6.000000000000001e+244,2026-09-09,7,economy,,,10376.0,False,03:55,ok,2026-09-02T12:04:36.074236+05:30,2026-09-02_1204IST,airline_direct,IndiGo
MAA,DEL,6E,IndiGo,inf,2026-09-09,7,economy,,,10376.0,False,12:00,ok,2026-09-02T12:04:36.074236+05:30,2026-09-02_1204IST,airline_direct,IndiGo
MAA,DEL,6E,IndiGo,inf,2026-09-09,7,economy,,,10376.0,False,12:00,ok,2026-09-02T12:04:36.074236+05:30,2026-09-02_1204IST,airline_direct,IndiGo
MAA,DEL,6E,IndiGo,inf,2026-09-09,7,business,,,40966.0,False,11:00,ok,2026-09-02T12:04:36.074236+05:30,2026-09-02_1204IST,airline_direct,IndiGo
MAA,DEL,6E,IndiGo,inf,2026-09-09,7,economy,,,10586.0,False,11:00,ok,2026-09-02T12:04:36.074236+05:30,2026-09-02_1204IST,airline_direct,IndiGo
MAA,DEL,6E,IndiGo,inf,2026-09-09,7,economy,,,11208.0,False,08:10,ok,2026-09-02T12:04:36.074236+05:30,2026-09-02_1204IST,airline_direct,IndiGo
MAA,DEL,6E,IndiGo,inf,2026-09-09,7,business,,,33695.0,False,11:45,ok,2026-09-02T12:04:36.074236+05:30,2026-09-02_1204IST,airline_direct,IndiGo
MAA,DEL,6E,IndiGo,inf,2026-09-09,7,economy,,,11418.0,False,11:45,ok,2026-09-02T12:04:36.074236+05:30,2026-09-02_1204IST,airline_direct,IndiGo
MAA,DEL,6E,IndiGo,inf,2026-09-09,7,business,,,39741.0,False,12:45,ok,2026-09-02T12:04:36.074236+05:30,2026-09-02_1204IST,airline_direct,IndiGo
MAA,DEL,6E,IndiGo,inf,2026-09-09,7,economy,,,11418.0,False,12:45,ok,2026-09-02T12:04:36.074236+05:30,2026-09-02_1204IST,airline_direct,IndiGo
MAA,DEL,6E,IndiGo,inf,2026-09-09,7,business,,,39741.0,False,12:45,ok,2026-09-02T12:04:36.074236+05:30,2026-09-02_1204IST,airline_direct,IndiGo
MAA,DEL,6E,IndiGo,inf,2026-09-09,7,economy,,,11418.0,False,12:45,ok,2026-09-02T12:04:36.074236+05:30,2026-09-02_1204IST,airline_direct,IndiGo
MAA,DEL,6E,IndiGo,inf,2026-09-09,7,business,,,33223.0,False,08:20,ok,2026-09-02T12:04:36.074236+05:30,2026-09-02_1204IST,airline_direct,IndiGo
MAA,DEL,6E,IndiGo,inf,2026-09-09,7,economy,,,12333.0,False,08:20,ok,2026-09-02T12:04:36.074236+05:30,2026-09-02_1204IST,airline_direct,IndiGo
MAA,DEL,6E,IndiGo,inf,2026-09-09,7,economy,,,12417.0,False,07:05,ok,2026-09-02T12:04:36.074236+05:30,2026-09-02_1204IST,airline_direct,IndiGo
MAA,DEL,6E,IndiGo,inf,2026-09-09,7,economy,,,12927.0,False,16:15,ok,2026-09-02T12:04:36.074236+05:30,2026-09-02_1204IST,airline_direct,IndiGo
MAA,DEL,6E,IndiGo,inf,2026-09-09,7,economy,,,12958.0,False,07:05,ok,2026-09-02T12:04:36.074236+05:30,2026-09-02_1204IST,airline_direct,IndiGo
MAA,DEL,6E,IndiGo,inf,2026-09-09,7,business,,,39741.0,False,09:00,ok,2026-09-02T12:04:36.074236+05:30,2026-09-02_1204IST,airline_direct,IndiGo
MAA,DEL,6E,IndiGo,inf,2026-09-09,7,economy,,,13339.0,False,09:00,ok,2026-09-02T12:04:36.074236+05:30,2026-09-02_1204IST,airline_direct,IndiGo
MAA,DEL,6E,IndiGo,inf,2026-09-09,7,business,,,39741.0,False,09:00,ok,2026-09-02T12:04:36.074236+05:30,2026-09-02_1204IST,airline_direct,IndiGo
MAA,DEL,6E,IndiGo,inf,2026-09-09,7,economy,,,13339.0,False,09:00,ok,2026-09-02T12:04:36.074236+05:30,2026-09-02_1204IST,airline_direct,IndiGo
MAA,DEL,6E,IndiGo,inf,2026-09-09,7,economy,,,13839.0,False,18:20,ok,2026-09-02T12:04:36.074236+05:30,2026-09-02_1204IST,airline_direct,IndiGo
MAA,DEL,6E,IndiGo,inf,2026-09-09,7,business,,,39741.0,False,06:45,ok,2026-09-02T12:04:36.074236+05:30,2026-09-02_1204IST,airline_direct,IndiGo
MAA,DEL,6E,IndiGo,inf,2026-09-09,7,economy,,,14444.0,False,06:45,ok,2026-09-02T12:04:36.074236+05:30,2026-09-02_1204IST,airline_direct,IndiGo
MAA,DEL,6E,IndiGo,inf,2026-09-09,7,business,,,39741.0,False,18:15,ok,2026-09-02T12:04:36.074236+05:30,2026-09-02_1204IST,airline_direct,IndiGo
MAA,DEL,6E,IndiGo,inf,2026-09-09,7,economy,,,15660.0,False,18:15,ok,2026-09-02T12:04:36.074236+05:30,2026-09-02_1204IST,airline_direct,IndiGo
MAA,DEL,6E,IndiGo,inf,2026-09-09,7,business,,,36377.0,False,02:30,ok,2026-09-02T12:04:36.074236+05:30,2026-09-02_1204IST,airline_direct,IndiGo
MAA,DEL,6E,IndiGo,inf,2026-09-09,7,economy,,,16297.0,False,02:30,ok,2026-09-02T12:04:36.074236+05:30,2026-09-02_1204IST,airline_direct,IndiGo
MAA,DEL,6E,IndiGo,inf,2026-09-09,7,business,,,36377.0,False,02:30,ok,2026-09-02T12:04:36.074236+05:30,2026-09-02_1204IST,airline_direct,IndiGo
MAA,DEL,6E,IndiGo,inf,2026-09-09,7,economy,,,16297.0,False,02:30,ok,2026-09-02T12:04:36.074236+05:30,2026-09-02_1204IST,airline_direct,IndiGo
MAA,DEL,6E,IndiGo,inf,2026-09-09,7,business,,,33369.0,False,22:20,ok,2026-09-02T12:04:36.074236+05:30,2026-09-02_1204IST,airline_direct,IndiGo
MAA,DEL,6E,IndiGo,inf,2026-09-09,7,economy,,,17093.0,False,22:20,ok,2026-09-02T12:04:36.074236+05:30,2026-09-02_1204IST,airline_direct,IndiGo
MAA,DEL,6E,IndiGo,inf,2026-09-09,7,business,,,39741.0,False,16:40,ok,2026-09-02T12:04:36.074236+05:30,2026-09-02_1204IST,airline_direct,IndiGo
MAA,DEL,6E,IndiGo,inf,2026-09-09,7,economy,,,17230.0,False,16:40,ok,2026-09-02T12:04:36.074236+05:30,2026-09-02_1204IST,airline_direct,IndiGo
MAA,DEL,6E,IndiGo,inf,2026-09-09,7,business,,,39741.0,False,14:45,ok,2026-09-02T12:04:36.074236+05:30,2026-09-02_1204IST,airline_direct,IndiGo
MAA,DEL,6E,IndiGo,inf,2026-09-09,7,economy,,,17414.0,False,14:45,ok,2026-09-02T12:04:36.074236+05:30,2026-09-02_1204IST,airline_direct,IndiGo
MAA,DEL,6E,IndiGo,inf,2026-09-09,7,business,,,43340.0,False,14:45,ok,2026-09-02T12:04:36.074236+05:30,2026-09-02_1204IST,airline_direct,IndiGo
MAA,DEL,6E,IndiGo,inf,2026-09-09,7,economy,,,18439.0,False,14:45,ok,2026-09-02T12:04:36.074236+05:30,2026-09-02_1204IST,airline_direct,IndiGo
MAA,DEL,6E,IndiGo,inf,2026-09-09,7,business,,,36321.0,False,11:10,ok,2026-09-02T12:04:36.074236+05:30,2026-09-02_1204IST,airline_direct,IndiGo
MAA,DEL,6E,IndiGo,inf,2026-09-09,7,economy,,,18896.0,False,11:10,ok,2026-09-02T12:04:36.074236+05:30,2026-09-02_1204IST,airline_direct,IndiGo
MAA,DEL,6E,IndiGo,inf,2026-09-09,7,economy,,,25121.0,False,17:50,ok,2026-09-02T12:04:36.074236+05:30,2026-09-02_1204IST,airline_direct,IndiGo
DEL,BOM,6E,IndiGo,inf,2026-09-17,15,business,,,21900.0,False,05:00,ok,2026-09-02T12:05:44.910896+05:30,2026-09-02_1205IST,airline_direct,IndiGo
DEL,BOM,6E,IndiGo,inf,2026-09-17,15,economy,,,6305.0,False,05:00,ok,2026-09-02T12:05:44.910896+05:30,2026-09-02_1205IST,airline_direct,IndiGo
DEL,BOM,6E,IndiGo,inf,2026-09-17,15,business,,,21900.0,False,08:45,ok,2026-09-02T12:05:44.910896+05:30,2026-09-02_1205IST,airline_direct,IndiGo
DEL,BOM,6E,IndiGo,inf,2026-09-17,15,economy,,,6305.0,False,08:45,ok,2026-09-02T12:05:44.910896+05:30,2026-09-02_1205IST,airline_direct,IndiGo
DEL,BOM,6E,IndiGo,inf,2026-09-17,15,business,,,21900.0,False,09:30,ok,2026-09-02T12:05:44.910896+05:30,2026-09-02_1205IST,airline_direct,IndiGo
DEL,BOM,6E,IndiGo,inf,2026-09-17,15,economy,,,6305.0,False,09:30,ok,2026-09-02T12:05:44.910896+05:30,2026-09-02_1205IST,airline_direct,IndiGo
DEL,BOM,6E,IndiGo,inf,2026-09-17,15,business,,,21900.0,False,10:15,ok,2026-09-02T12:05:44.910896+05:30,2026-09-02_1205IST,airline_direct,IndiGo
DEL,BOM,6E,IndiGo,inf,2026-09-17,15,economy,,,6305.0,False,10:15,ok,2026-09-02T12:05:44.910896+05:30,2026-09-02_1205IST,airline_direct,IndiGo
DEL,BOM,6E,IndiGo,inf,2026-09-17,15,business,,,21900.0,False,11:00,ok,2026-09-02T12:05:44.910896+05:30,2026-09-02_1205IST,airline_direct,IndiGo
DEL,BOM,6E,IndiGo,inf,2026-09-17,15,economy,,,6305.0,False,11:00,ok,2026-09-02T12:05:44.910896+05:30,2026-09-02_1205IST,airline_direct,IndiGo
DEL,BOM,6E,IndiGo,inf,2026-09-17,15,business,,,21900.0,False,12:00,ok,2026-09-02T12:05:44.910896+05:30,2026-09-02_1205IST,airline_direct,IndiGo
DEL,BOM,6E,IndiGo,inf,2026-09-17,15,economy,,,6305.0,False,12:00,ok,2026-09-02T12:05:44.910896+05:30,2026-09-02_1205IST,airline_direct,IndiGo
DEL,BOM,6E,IndiGo,inf,2026-09-17,15,business,,,21900.0,False,13:00,ok,2026-09-02T12:05:44.910896+05:30,2026-09-02_1205IST,airline_direct,IndiGo
DEL,BOM,6E,IndiGo,inf,2026-09-17,15,economy,,,6305.0,False,13:00,ok,2026-09-02T12:05:44.910896+05:30,2026-09-02_1205IST,airline_direct,IndiGo
DEL,BOM,6E,IndiGo,inf,2026-09-17,15,business,,,21900.0,False,14:00,ok,2026-09-02T12:05:44.910896+05:30,2026-09-02_1205IST,airline_direct,IndiGo
DEL,BOM,6E,IndiGo,inf,2026-09-17,15,economy,,,6305.0,False,14:00,ok,2026-09-02T12:05:44.910896+05:30,2026-09-02_1205IST,airline_direct,IndiGo
DEL,BOM,6E,IndiGo,inf,2026-09-17,15,business,,,21900.0,False,14:45,ok,2026-09-02T12:05:44.910896+05:30,2026-09-02_1205IST,airline_direct,IndiGo
DEL,BOM,6E,IndiGo,inf,2026-09-17,15,economy,,,6305.0,False,14:45,ok,2026-09-02T12:05:44.910896+05:30,2026-09-02_1205IST,airline_direct,IndiGo
DEL,BOM,6E,IndiGo,inf,2026-09-17,15,business,,,21900.0,False,15:30,ok,2026-09-02T12:05:44.910896+05:30,2026-09-02_1205IST,airline_direct,IndiGo
DEL,BOM,6E,IndiGo,inf,2026-09-17,15,economy,,,6305.0,False,15:30,ok,2026-09-02T12:05:44.910896+05:30,2026-09-02_1205IST,airline_direct,IndiGo
DEL,BOM,6E,IndiGo,inf,2026-09-17,15,business,,,21900.0,False,16:15,ok,2026-09-02T12:05:44.910896+05:30,2026-09-02_1205IST,airline_direct,IndiGo
DEL,BOM,6E,IndiGo,inf,2026-09-17,15,economy,,,6305.0,False,16:15,ok,2026-09-02T12:05:44.910896+05:30,2026-09-02_1205IST,airline_direct,IndiGo
DEL,BOM,6E,IndiGo,inf,2026-09-17,15,business,,,21900.0,False,17:00,ok,2026-09-02T12:05:44.910896+05:30,2026-09-02_1205IST,airline_direct,IndiGo
DEL,BOM,6E,IndiGo,inf,2026-09-17,15,economy,,,6305.0,False,17:00,ok,2026-09-02T12:05:44.910896+05:30,2026-09-02_1205IST,airline_direct,IndiGo
DEL,BOM,6E,IndiGo,inf,2026-09-17,15,business,,,21900.0,False,22:45,ok,2026-09-02T12:05:44.910896+05:30,2026-09-02_1205IST,airline_direct,IndiGo
DEL,BOM,6E,IndiGo,inf,2026-09-17,15,economy,,,6305.0,False,22:45,ok,2026-09-02T12:05:44.910896+05:30,2026-09-02_1205IST,airline_direct,IndiGo
DEL,BOM,6E,IndiGo,inf,2026-09-17,15,business,,,21900.0,False,23:30,ok,2026-09-02T12:05:44.910896+05:30,2026-09-02_1205IST,airline_direct,IndiGo
DEL,BOM,6E,IndiGo,inf,2026-09-17,15,economy,,,6305.0,False,23:30,ok,2026-09-02T12:05:44.910896+05:30,2026-09-02_1205IST,airline_direct,IndiGo
DEL,BOM,6E,IndiGo,inf,2026-09-17,15,business,,,21900.0,False,06:05,ok,2026-09-02T12:05:44.910896+05:30,2026-09-02_1205IST,airline_direct,IndiGo
DEL,BOM,6E,IndiGo,inf,2026-09-17,15,economy,,,6357.0,False,06:05,ok,2026-09-02T12:05:44.910896+05:30,2026-09-02_1205IST,airline_direct,IndiGo
DEL,BOM,6E,IndiGo,inf,2026-09-17,15,business,,,21900.0,False,07:15,ok,2026-09-02T12:05:44.910896+05:30,2026-09-02_1205IST,airline_direct,IndiGo
DEL,BOM,6E,IndiGo,inf,2026-09-17,15,economy,,,6431.0,False,07:15,ok,2026-09-02T12:05:44.910896+05:30,2026-09-02_1205IST,airline_direct,IndiGo
DEL,BOM,6E,IndiGo,inf,2026-09-17,15,business,,,21900.0,False,08:00,ok,2026-09-02T12:05:44.910896+05:30,2026-09-02_1205IST,airline_direct,IndiGo
DEL,BOM,6E,IndiGo,inf,2026-09-17,15,economy,,,6431.0,False,08:00,ok,2026-09-02T12:05:44.910896+05:30,2026-09-02_1205IST,airline_direct,IndiGo
DEL,BOM,6E,IndiGo,inf,2026-09-17,15,business,,,21900.0,False,18:00,ok,2026-09-02T12:05:44.910896+05:30,2026-09-02_1205IST,airline_direct,IndiGo
DEL,BOM,6E,IndiGo,inf,2026-09-17,15,economy,,,6431.0,False,18:00,ok,2026-09-02T12:05:44.910896+05:30,2026-09-02_1205IST,airline_direct,IndiGo
DEL,BOM,6E,IndiGo,inf,2026-09-17,15,business,,,21900.0,False,19:00,ok,2026-09-02T12:05:44.910896+05:30,2026-09-02_1205IST,airline_direct,IndiGo
DEL,BOM,6E,IndiGo,inf,2026-09-17,15,economy,,,6431.0,False,19:00,ok,2026-09-02T12:05:44.910896+05:30,2026-09-02_1205IST,airline_direct,IndiGo
DEL,BOM,6E,IndiGo,inf,2026-09-17,15,business,,,21900.0,False,21:45,ok,2026-09-02T12:05:44.910896+05:30,2026-09-02_1205IST,airline_direct,IndiGo
DEL,BOM,6E,IndiGo,inf,2026-09-17,15,economy,,,6431.0,False,21:45,ok,2026-09-02T12:05:44.910896+05:30,2026-09-02_1205IST,airline_direct,IndiGo
DEL,BOM,6E,IndiGo,6.000000000000001e+303,2026-09-17,15,business,,,26083.0,False,20:00,ok,2026-09-02T12:05:44.910896+05:30,2026-09-02_1205IST,airline_direct,IndiGo
DEL,BOM,6E,IndiGo,6.000000000000001e+303,2026-09-17,15,economy,,,6688.0,False,20:00,ok,2026-09-02T12:05:44.910896+05:30,2026-09-02_1205IST,airline_direct,IndiGo
DEL,BOM,6E,IndiGo,inf,2026-09-17,15,business,,,21900.0,False,20:45,ok,2026-09-02T12:05:44.910896+05:30,2026-09-02_1205IST,airline_direct,IndiGo
DEL,BOM,6E,IndiGo,inf,2026-09-17,15,economy,,,6688.0,False,20:45,ok,2026-09-02T12:05:44.910896+05:30,2026-09-02_1205IST,airline_direct,IndiGo
DEL,BOM,6E,IndiGo,inf,2026-09-17,15,economy,,,6618.0,False,00:15,ok,2026-09-02T12:05:44.910896+05:30,2026-09-02_1205IST,airline_direct,IndiGo
DEL,BOM,6E,IndiGo,inf,2026-09-17,15,economy,,,6618.0,False,05:10,ok,2026-09-02T12:05:44.910896+05:30,2026-09-02_1205IST,airline_direct,IndiGo
DEL,BOM,6E,IndiGo,inf,2026-09-17,15,economy,,,6618.0,False,05:10,ok,2026-09-02T12:05:44.910896+05:30,2026-09-02_1205IST,airline_direct,IndiGo
DEL,BOM,6E,IndiGo,inf,2026-09-17,15,economy,,,6618.0,False,07:30,ok,2026-09-02T12:05:44.910896+05:30,2026-09-02_1205IST,airline_direct,IndiGo
DEL,BOM,6E,IndiGo,inf,2026-09-17,15,economy,,,6618.0,False,09:45,ok,2026-09-02T12:05:44.910896+05:30,2026-09-02_1205IST,airline_direct,IndiGo
DEL,BOM,6E,IndiGo,inf,2026-09-17,15,economy,,,6618.0,False,12:20,ok,2026-09-02T12:05:44.910896+05:30,2026-09-02_1205IST,airline_direct,IndiGo
DEL,BOM,6E,IndiGo,inf,2026-09-17,15,economy,,,6618.0,False,14:50,ok,2026-09-02T12:05:44.910896+05:30,2026-09-02_1205IST,airline_direct,IndiGo
DEL,BOM,6E,IndiGo,inf,2026-09-17,15,economy,,,6618.0,False,15:50,ok,2026-09-02T12:05:44.910896+05:30,2026-09-02_1205IST,airline_direct,IndiGo
DEL,BOM,6E,IndiGo,inf,2026-09-17,15,economy,,,6618.0,False,17:05,ok,2026-09-02T12:05:44.910896+05:30,2026-09-02_1205IST,airline_direct,IndiGo
DEL,BOM,6E,IndiGo,inf,2026-09-17,15,economy,,,6618.0,False,17:05,ok,2026-09-02T12:05:44.910896+05:30,2026-09-02_1205IST,airline_direct,IndiGo
DEL,BOM,6E,IndiGo,inf,2026-09-17,15,economy,,,6618.0,False,21:50,ok,2026-09-02T12:05:44.910896+05:30,2026-09-02_1205IST,airline_direct,IndiGo
DEL,BOM,6E,IndiGo,inf,2026-09-17,15,economy,,,6750.0,False,05:55,ok,2026-09-02T12:05:44.910896+05:30,2026-09-02_1205IST,airline_direct,IndiGo
DEL,BOM,6E,IndiGo,inf,2026-09-17,15,economy,,,6750.0,False,09:00,ok,2026-09-02T12:05:44.910896+05:30,2026-09-02_1205IST,airline_direct,IndiGo
DEL,BOM,6E,IndiGo,inf,2026-09-17,15,economy,,,6750.0,False,11:20,ok,2026-09-02T12:05:44.910896+05:30,2026-09-02_1205IST,airline_direct,IndiGo
DEL,BOM,6E,IndiGo,inf,2026-09-17,15,economy,,,6750.0,False,15:00,ok,2026-09-02T12:05:44.910896+05:30,2026-09-02_1205IST,airline_direct,IndiGo
DEL,BOM,6E,IndiGo,inf,2026-09-17,15,economy,,,6750.0,False,16:30,ok,2026-09-02T12:05:44.910896+05:30,2026-09-02_1205IST,airline_direct,IndiGo
DEL,BOM,6E,IndiGo,inf,2026-09-17,15,economy,,,6750.0,False,17:20,ok,2026-09-02T12:05:44.910896+05:30,2026-09-02_1205IST,airline_direct,IndiGo
DEL,BOM,6E,IndiGo,inf,2026-09-17,15,economy,,,6750.0,False,17:20,ok,2026-09-02T12:05:44.910896+05:30,2026-09-02_1205IST,airline_direct,IndiGo
DEL,BOM,6E,IndiGo,inf,2026-09-17,15,economy,,,6750.0,False,19:10,ok,2026-09-02T12:05:44.910896+05:30,2026-09-02_1205IST,airline_direct,IndiGo
DEL,BOM,6E,IndiGo,inf,2026-09-17,15,economy,,,6750.0,False,19:40,ok,2026-09-02T12:05:44.910896+05:30,2026-09-02_1205IST,airline_direct,IndiGo
DEL,BOM,6E,IndiGo,inf,2026-09-17,15,economy,,,6828.0,False,08:15,ok,2026-09-02T12:05:44.910896+05:30,2026-09-02_1205IST,airline_direct,IndiGo
DEL,BOM,6E,IndiGo,inf,2026-09-17,15,economy,,,6828.0,False,09:00,ok,2026-09-02T12:05:44.910896+05:30,2026-09-02_1205IST,airline_direct,IndiGo
DEL,BOM,6E,IndiGo,inf,2026-09-17,15,economy,,,6828.0,False,13:20,ok,2026-09-02T12:05:44.910896+05:30,2026-09-02_1205IST,airline_direct,IndiGo
DEL,BOM,6E,IndiGo,inf,2026-09-17,15,economy,,,6828.0,False,14:00,ok,2026-09-02T12:05:44.910896+05:30,2026-09-02_1205IST,airline_direct,IndiGo
DEL,BOM,6E,IndiGo,inf,2026-09-17,15,economy,,,6828.0,False,16:30,ok,2026-09-02T12:05:44.910896+05:30,2026-09-02_1205IST,airline_direct,IndiGo
DEL,BOM,6E,IndiGo,inf,2026-09-17,15,economy,,,6828.0,False,19:45,ok,2026-09-02T12:05:44.910896+05:30,2026-09-02_1205IST,airline_direct,IndiGo
DEL,BOM,6E,IndiGo,inf,2026-09-17,15,economy,,,6828.0,False,21:25,ok,2026-09-02T12:05:44.910896+05:30,2026-09-02_1205IST,airline_direct,IndiGo
DEL,BOM,6E,IndiGo,inf,2026-09-17,15,business,,,29617.0,False,02:25,ok,2026-09-02T12:05:44.910896+05:30,2026-09-02_1205IST,airline_direct,IndiGo
DEL,BOM,6E,IndiGo,inf,2026-09-17,15,economy,,,6960.0,False,02:25,ok,2026-09-02T12:05:44.910896+05:30,2026-09-02_1205IST,airline_direct,IndiGo
DEL,BOM,6E,IndiGo,inf,2026-09-17,15,business,,,29617.0,False,09:55,ok,2026-09-02T12:05:44.910896+05:30,2026-09-02_1205IST,airline_direct,IndiGo
DEL,BOM,6E,IndiGo,inf,2026-09-17,15,economy,,,6960.0,False,09:55,ok,2026-09-02T12:05:44.910896+05:30,2026-09-02_1205IST,airline_direct,IndiGo
DEL,BOM,6E,IndiGo,inf,2026-09-17,15,business,,,29617.0,False,13:30,ok,2026-09-02T12:05:44.910896+05:30,2026-09-02_1205IST,airline_direct,IndiGo
DEL,BOM,6E,IndiGo,inf,2026-09-17,15,economy,,,6960.0,False,13:30,ok,2026-09-02T12:05:44.910896+05:30,2026-09-02_1205IST,airline_direct,IndiGo
DEL,BOM,6E,IndiGo,inf,2026-09-17,15,business,,,29617.0,False,13:30,ok,2026-09-02T12:05:44.910896+05:30,2026-09-02_1205IST,airline_direct,IndiGo
DEL,BOM,6E,IndiGo,inf,2026-09-17,15,economy,,,6960.0,False,13:30,ok,2026-09-02T12:05:44.910896+05:30,2026-09-02_1205IST,airline_direct,IndiGo
DEL,BOM,6E,IndiGo,inf,2026-09-17,15,business,,,29617.0,False,17:55,ok,2026-09-02T12:05:44.910896+05:30,2026-09-02_1205IST,airline_direct,IndiGo
DEL,BOM,6E,IndiGo,inf,2026-09-17,15,economy,,,6960.0,False,17:55,ok,2026-09-02T12:05:44.910896+05:30,2026-09-02_1205IST,airline_direct,IndiGo
DEL,BOM,6E,IndiGo,inf,2026-09-17,15,economy,,,6960.0,False,18:40,ok,2026-09-02T12:05:44.910896+05:30,2026-09-02_1205IST,airline_direct,IndiGo
DEL,BOM,6E,IndiGo,inf,2026-09-17,15,business,,,29617.0,False,19:45,ok,2026-09-02T12:05:44.910896+05:30,2026-09-02_1205IST,airline_direct,IndiGo
DEL,BOM,6E,IndiGo,inf,2026-09-17,15,economy,,,6960.0,False,19:45,ok,2026-09-02T12:05:44.910896+05:30,2026-09-02_1205IST,airline_direct,IndiGo
DEL,BOM,6E,IndiGo,inf,2026-09-17,15,business,,,26583.0,False,23:15,ok,2026-09-02T12:05:44.910896+05:30,2026-09-02_1205IST,airline_direct,IndiGo
DEL,BOM,6E,IndiGo,inf,2026-09-17,15,economy,,,6960.0,False,23:15,ok,2026-09-02T12:05:44.910896+05:30,2026-09-02_1205IST,airline_direct,IndiGo
DEL,BOM,6E,IndiGo,inf,2026-09-17,15,economy,,,7038.0,False,12:15,ok,2026-09-02T12:05:44.910896+05:30,2026-09-02_1205IST,airline_direct,IndiGo
DEL,BOM,6E,IndiGo,inf,2026-09-17,15,economy,,,7038.0,False,19:30,ok,2026-09-02T12:05:44.910896+05:30,2026-09-02_1205IST,airline_direct,IndiGo
DEL,BOM,6E,IndiGo,inf,2026-09-17,15,economy,,,7142.0,False,15:35,ok,2026-09-02T12:05:44.910896+05:30,2026-09-02_1205IST,airline_direct,IndiGo
DEL,BOM,6E,IndiGo,inf,2026-09-17,15,economy,,,8059.0,False,13:45,ok,2026-09-02T12:05:44.910896+05:30,2026-09-02_1205IST,airline_direct,IndiGo
DEL,BOM,6E,IndiGo,inf,2026-09-17,15,economy,,,8374.0,False,12:40,ok,2026-09-02T12:05:44.910896+05:30,2026-09-02_1205IST,airline_direct,IndiGo
DEL,BOM,6E,IndiGo,inf,2026-09-17,15,economy,,,9047.0,False,19:35,ok,2026-09-02T12:05:44.910896+05:30,2026-09-02_1205IST,airline_direct,IndiGo
DEL,BOM,6E,IndiGo,inf,2026-09-17,15,economy,,,9713.0,False,10:55,ok,2026-09-02T12:05:44.910896+05:30,2026-09-02_1205IST,airline_direct,IndiGo
DEL,BOM,6E,IndiGo,inf,2026-09-17,15,economy,,,9812.0,False,05:40,ok,2026-09-02T12:05:44.910896+05:30,2026-09-02_1205IST,airline_direct,IndiGo
DEL,BOM,6E,IndiGo,inf,2026-09-17,15,economy,,,14687.0,False,18:30,ok,2026-09-02T12:05:44.910896+05:30,2026-09-02_1205IST,airline_direct,IndiGo
DEL,BOM,6E,IndiGo,inf,2026-09-17,15,business,,,29617.0,False,08:30,ok,2026-09-02T12:05:44.910896+05:30,2026-09-02_1205IST,airline_direct,IndiGo
DEL,BOM,6E,IndiGo,inf,2026-09-17,15,economy,,,15280.0,False,08:30,ok,2026-09-02T12:05:44.910896+05:30,2026-09-02_1205IST,airline_direct,IndiGo
DEL,BLR,6E,IndiGo,inf,2026-09-17,15,business,,,26048.0,False,03:00,ok,2026-09-02T12:06:58.856215+05:30,2026-09-02_1206IST,airline_direct,IndiGo
DEL,BLR,6E,IndiGo,inf,2026-09-17,15,economy,,,8671.0,False,03:00,ok,2026-09-02T12:06:58.856215+05:30,2026-09-02_1206IST,airline_direct,IndiGo
DEL,BLR,6E,IndiGo,inf,2026-09-17,15,business,,,26048.0,False,05:45,ok,2026-09-02T12:06:58.856215+05:30,2026-09-02_1206IST,airline_direct,IndiGo
DEL,BLR,6E,IndiGo,inf,2026-09-17,15,economy,,,8671.0,False,05:45,ok,2026-09-02T12:06:58.856215+05:30,2026-09-02_1206IST,airline_direct,IndiGo
DEL,BLR,6E,IndiGo,inf,2026-09-17,15,business,,,26048.0,False,12:20,ok,2026-09-02T12:06:58.856215+05:30,2026-09-02_1206IST,airline_direct,IndiGo
DEL,BLR,6E,IndiGo,inf,2026-09-17,15,economy,,,8671.0,False,12:20,ok,2026-09-02T12:06:58.856215+05:30,2026-09-02_1206IST,airline_direct,IndiGo
DEL,BLR,6E,IndiGo,6e+176,2026-09-17,15,business,,,26048.0,False,13:15,ok,2026-09-02T12:06:58.856215+05:30,2026-09-02_1206IST,airline_direct,IndiGo
DEL,BLR,6E,IndiGo,6e+176,2026-09-17,15,economy,,,8671.0,False,13:15,ok,2026-09-02T12:06:58.856215+05:30,2026-09-02_1206IST,airline_direct,IndiGo
DEL,BLR,6E,IndiGo,inf,2026-09-17,15,business,,,26048.0,False,14:30,ok,2026-09-02T12:06:58.856215+05:30,2026-09-02_1206IST,airline_direct,IndiGo
DEL,BLR,6E,IndiGo,inf,2026-09-17,15,economy,,,8671.0,False,14:30,ok,2026-09-02T12:06:58.856215+05:30,2026-09-02_1206IST,airline_direct,IndiGo
DEL,BLR,6E,IndiGo,inf,2026-09-17,15,business,,,26048.0,False,15:45,ok,2026-09-02T12:06:58.856215+05:30,2026-09-02_1206IST,airline_direct,IndiGo
DEL,BLR,6E,IndiGo,inf,2026-09-17,15,economy,,,8671.0,False,15:45,ok,2026-09-02T12:06:58.856215+05:30,2026-09-02_1206IST,airline_direct,IndiGo
DEL,BLR,6E,IndiGo,inf,2026-09-17,15,business,,,26048.0,False,20:45,ok,2026-09-02T12:06:58.856215+05:30,2026-09-02_1206IST,airline_direct,IndiGo
DEL,BLR,6E,IndiGo,inf,2026-09-17,15,economy,,,8671.0,False,20:45,ok,2026-09-02T12:06:58.856215+05:30,2026-09-02_1206IST,airline_direct,IndiGo
DEL,BLR,6E,IndiGo,inf,2026-09-17,15,business,,,26048.0,False,22:00,ok,2026-09-02T12:06:58.856215+05:30,2026-09-02_1206IST,airline_direct,IndiGo
DEL,BLR,6E,IndiGo,inf,2026-09-17,15,economy,,,8671.0,False,22:00,ok,2026-09-02T12:06:58.856215+05:30,2026-09-02_1206IST,airline_direct,IndiGo
DEL,BLR,6E,IndiGo,inf,2026-09-17,15,business,,,26048.0,False,23:30,ok,2026-09-02T12:06:58.856215+05:30,2026-09-02_1206IST,airline_direct,IndiGo
DEL,BLR,6E,IndiGo,inf,2026-09-17,15,economy,,,8671.0,False,23:30,ok,2026-09-02T12:06:58.856215+05:30,2026-09-02_1206IST,airline_direct,IndiGo
DEL,BLR,6E,IndiGo,inf,2026-09-17,15,business,,,26048.0,False,10:45,ok,2026-09-02T12:06:58.856215+05:30,2026-09-02_1206IST,airline_direct,IndiGo
DEL,BLR,6E,IndiGo,inf,2026-09-17,15,economy,,,9128.0,False,10:45,ok,2026-09-02T12:06:58.856215+05:30,2026-09-02_1206IST,airline_direct,IndiGo
DEL,BLR,6E,IndiGo,inf,2026-09-17,15,business,,,26048.0,False,19:30,ok,2026-09-02T12:06:58.856215+05:30,2026-09-02_1206IST,airline_direct,IndiGo
DEL,BLR,6E,IndiGo,inf,2026-09-17,15,economy,,,9128.0,False,19:30,ok,2026-09-02T12:06:58.856215+05:30,2026-09-02_1206IST,airline_direct,IndiGo
DEL,BLR,6E,IndiGo,inf,2026-09-17,15,business,,,26048.0,False,07:05,ok,2026-09-02T12:06:58.856215+05:30,2026-09-02_1206IST,airline_direct,IndiGo
DEL,BLR,6E,IndiGo,inf,2026-09-17,15,economy,,,9613.0,False,07:05,ok,2026-09-02T12:06:58.856215+05:30,2026-09-02_1206IST,airline_direct,IndiGo
DEL,BLR,6E,IndiGo,inf,2026-09-17,15,business,,,26048.0,False,08:20,ok,2026-09-02T12:06:58.856215+05:30,2026-09-02_1206IST,airline_direct,IndiGo
DEL,BLR,6E,IndiGo,inf,2026-09-17,15,economy,,,9613.0,False,08:20,ok,2026-09-02T12:06:58.856215+05:30,2026-09-02_1206IST,airline_direct,IndiGo
DEL,BLR,6E,IndiGo,inf,2026-09-17,15,business,,,26048.0,False,09:30,ok,2026-09-02T12:06:58.856215+05:30,2026-09-02_1206IST,airline_direct,IndiGo
DEL,BLR,6E,IndiGo,inf,2026-09-17,15,economy,,,9613.0,False,09:30,ok,2026-09-02T12:06:58.856215+05:30,2026-09-02_1206IST,airline_direct,IndiGo
DEL,BLR,6E,IndiGo,inf,2026-09-17,15,business,,,26048.0,False,17:00,ok,2026-09-02T12:06:58.856215+05:30,2026-09-02_1206IST,airline_direct,IndiGo
DEL,BLR,6E,IndiGo,inf,2026-09-17,15,economy,,,9613.0,False,17:00,ok,2026-09-02T12:06:58.856215+05:30,2026-09-02_1206IST,airline_direct,IndiGo
DEL,BLR,6E,IndiGo,inf,2026-09-17,15,business,,,26048.0,False,18:20,ok,2026-09-02T12:06:58.856215+05:30,2026-09-02_1206IST,airline_direct,IndiGo
DEL,BLR,6E,IndiGo,inf,2026-09-17,15,economy,,,9613.0,False,18:20,ok,2026-09-02T12:06:58.856215+05:30,2026-09-02_1206IST,airline_direct,IndiGo
DEL,BLR,6E,IndiGo,inf,2026-09-17,15,economy,,,9790.0,False,07:05,ok,2026-09-02T12:06:58.856215+05:30,2026-09-02_1206IST,airline_direct,IndiGo
DEL,BLR,6E,IndiGo,inf,2026-09-17,15,economy,,,9790.0,False,09:55,ok,2026-09-02T12:06:58.856215+05:30,2026-09-02_1206IST,airline_direct,IndiGo
DEL,BLR,6E,IndiGo,inf,2026-09-17,15,economy,,,9867.0,False,16:30,ok,2026-09-02T12:06:58.856215+05:30,2026-09-02_1206IST,airline_direct,IndiGo
DEL,BLR,6E,IndiGo,inf,2026-09-17,15,business,,,24542.0,False,02:25,ok,2026-09-02T12:06:58.856215+05:30,2026-09-02_1206IST,airline_direct,IndiGo
DEL,BLR,6E,IndiGo,inf,2026-09-17,15,economy,,,9946.0,False,02:25,ok,2026-09-02T12:06:58.856215+05:30,2026-09-02_1206IST,airline_direct,IndiGo
DEL,BLR,6E,IndiGo,inf,2026-09-17,15,business,,,25759.0,False,09:55,ok,2026-09-02T12:06:58.856215+05:30,2026-09-02_1206IST,airline_direct,IndiGo
DEL,BLR,6E,IndiGo,inf,2026-09-17,15,economy,,,9946.0,False,09:55,ok,2026-09-02T12:06:58.856215+05:30,2026-09-02_1206IST,airline_direct,IndiGo
DEL,BLR,6E,IndiGo,inf,2026-09-17,15,business,,,24908.0,False,11:45,ok,2026-09-02T12:06:58.856215+05:30,2026-09-02_1206IST,airline_direct,IndiGo
DEL,BLR,6E,IndiGo,inf,2026-09-17,15,economy,,,9946.0,False,11:45,ok,2026-09-02T12:06:58.856215+05:30,2026-09-02_1206IST,airline_direct,IndiGo
DEL,BLR,6E,IndiGo,inf,2026-09-17,15,business,,,25759.0,False,13:30,ok,2026-09-02T12:06:58.856215+05:30,2026-09-02_1206IST,airline_direct,IndiGo
DEL,BLR,6E,IndiGo,inf,2026-09-17,15,economy,,,9946.0,False,13:30,ok,2026-09-02T12:06:58.856215+05:30,2026-09-02_1206IST,airline_direct,IndiGo
DEL,BLR,6E,IndiGo,inf,2026-09-17,15,business,,,24908.0,False,16:15,ok,2026-09-02T12:06:58.856215+05:30,2026-09-02_1206IST,airline_direct,IndiGo
DEL,BLR,6E,IndiGo,inf,2026-09-17,15,economy,,,9946.0,False,16:15,ok,2026-09-02T12:06:58.856215+05:30,2026-09-02_1206IST,airline_direct,IndiGo
DEL,BLR,6E,IndiGo,inf,2026-09-17,15,business,,,24542.0,False,17:55,ok,2026-09-02T12:06:58.856215+05:30,2026-09-02_1206IST,airline_direct,IndiGo
DEL,BLR,6E,IndiGo,inf,2026-09-17,15,economy,,,9946.0,False,17:55,ok,2026-09-02T12:06:58.856215+05:30,2026-09-02_1206IST,airline_direct,IndiGo
DEL,BLR,6E,IndiGo,inf,2026-09-17,15,economy,,,10000.0,False,19:45,ok,2026-09-02T12:06:58.856215+05:30,2026-09-02_1206IST,airline_direct,IndiGo
DEL,BLR,6E,IndiGo,inf,2026-09-17,15,business,,,26999.0,False,02:20,ok,2026-09-02T12:06:58.856215+05:30,2026-09-02_1206IST,airline_direct,IndiGo
DEL,BLR,6E,IndiGo,inf,2026-09-17,15,economy,,,10077.0,False,02:20,ok,2026-09-02T12:06:58.856215+05:30,2026-09-02_1206IST,airline_direct,IndiGo
DEL,BLR,6E,IndiGo,inf,2026-09-17,15,economy,,,10077.0,False,05:10,ok,2026-09-02T12:06:58.856215+05:30,2026-09-02_1206IST,airline_direct,IndiGo
DEL,BLR,6E,IndiGo,inf,2026-09-17,15,economy,,,10077.0,False,05:55,ok,2026-09-02T12:06:58.856215+05:30,2026-09-02_1206IST,airline_direct,IndiGo
DEL,BLR,6E,IndiGo,inf,2026-09-17,15,economy,,,10077.0,False,06:55,ok,2026-09-02T12:06:58.856215+05:30,2026-09-02_1206IST,airline_direct,IndiGo
DEL,BLR,6E,IndiGo,inf,2026-09-17,15,business,,,34636.0,False,08:00,ok,2026-09-02T12:06:58.856215+05:30,2026-09-02_1206IST,airline_direct,IndiGo
DEL,BLR,6E,IndiGo,inf,2026-09-17,15,economy,,,10077.0,False,08:00,ok,2026-09-02T12:06:58.856215+05:30,2026-09-02_1206IST,airline_direct,IndiGo
DEL,BLR,6E,IndiGo,inf,2026-09-17,15,business,,,34636.0,False,11:00,ok,2026-09-02T12:06:58.856215+05:30,2026-09-02_1206IST,airline_direct,IndiGo
DEL,BLR,6E,IndiGo,inf,2026-09-17,15,economy,,,10077.0,False,11:00,ok,2026-09-02T12:06:58.856215+05:30,2026-09-02_1206IST,airline_direct,IndiGo
DEL,BLR,6E,IndiGo,inf,2026-09-17,15,economy,,,10077.0,False,11:20,ok,2026-09-02T12:06:58.856215+05:30,2026-09-02_1206IST,airline_direct,IndiGo
DEL,BLR,6E,IndiGo,inf,2026-09-17,15,economy,,,10077.0,False,15:20,ok,2026-09-02T12:06:58.856215+05:30,2026-09-02_1206IST,airline_direct,IndiGo
DEL,BLR,6E,IndiGo,inf,2026-09-17,15,business,,,34636.0,False,15:30,ok,2026-09-02T12:06:58.856215+05:30,2026-09-02_1206IST,airline_direct,IndiGo
DEL,BLR,6E,IndiGo,inf,2026-09-17,15,economy,,,10077.0,False,15:30,ok,2026-09-02T12:06:58.856215+05:30,2026-09-02_1206IST,airline_direct,IndiGo
DEL,BLR,6E,IndiGo,inf,2026-09-17,15,economy,,,10077.0,False,16:20,ok,2026-09-02T12:06:58.856215+05:30,2026-09-02_1206IST,airline_direct,IndiGo
DEL,BLR,6E,IndiGo,inf,2026-09-17,15,business,,,27189.0,False,16:25,ok,2026-09-02T12:06:58.856215+05:30,2026-09-02_1206IST,airline_direct,IndiGo
DEL,BLR,6E,IndiGo,inf,2026-09-17,15,economy,,,10077.0,False,16:25,ok,2026-09-02T12:06:58.856215+05:30,2026-09-02_1206IST,airline_direct,IndiGo
DEL,BLR,6E,IndiGo,inf,2026-09-17,15,business,,,34636.0,False,17:00,ok,2026-09-02T12:06:58.856215+05:30,2026-09-02_1206IST,airline_direct,IndiGo
DEL,BLR,6E,IndiGo,inf,2026-09-17,15,economy,,,10077.0,False,17:00,ok,2026-09-02T12:06:58.856215+05:30,2026-09-02_1206IST,airline_direct,IndiGo
DEL,BLR,6E,IndiGo,inf,2026-09-17,15,economy,,,10077.0,False,17:05,ok,2026-09-02T12:06:58.856215+05:30,2026-09-02_1206IST,airline_direct,IndiGo
DEL,BLR,6E,IndiGo,inf,2026-09-17,15,business,,,34636.0,False,18:00,ok,2026-09-02T12:06:58.856215+05:30,2026-09-02_1206IST,airline_direct,IndiGo
DEL,BLR,6E,IndiGo,inf,2026-09-17,15,economy,,,10077.0,False,18:00,ok,2026-09-02T12:06:58.856215+05:30,2026-09-02_1206IST,airline_direct,IndiGo
DEL,BLR,6E,IndiGo,inf,2026-09-17,15,business,,,34636.0,False,18:00,ok,2026-09-02T12:06:58.856215+05:30,2026-09-02_1206IST,airline_direct,IndiGo
DEL,BLR,6E,IndiGo,inf,2026-09-17,15,economy,,,10077.0,False,18:00,ok,2026-09-02T12:06:58.856215+05:30,2026-09-02_1206IST,airline_direct,IndiGo
DEL,BLR,6E,IndiGo,inf,2026-09-17,15,economy,,,10077.0,False,19:35,ok,2026-09-02T12:06:58.856215+05:30,2026-09-02_1206IST,airline_direct,IndiGo
DEL,BLR,6E,IndiGo,inf,2026-09-17,15,business,,,34636.0,False,20:45,ok,2026-09-02T12:06:58.856215+05:30,2026-09-02_1206IST,airline_direct,IndiGo
DEL,BLR,6E,IndiGo,inf,2026-09-17,15,economy,,,10077.0,False,20:45,ok,2026-09-02T12:06:58.856215+05:30,2026-09-02_1206IST,airline_direct,IndiGo
DEL,BLR,6E,IndiGo,inf,2026-09-17,15,business,,,26816.0,False,21:15,ok,2026-09-02T12:06:58.856215+05:30,2026-09-02_1206IST,airline_direct,IndiGo
DEL,BLR,6E,IndiGo,inf,2026-09-17,15,economy,,,10077.0,False,21:15,ok,2026-09-02T12:06:58.856215+05:30,2026-09-02_1206IST,airline_direct,IndiGo
DEL,BLR,6E,IndiGo,inf,2026-09-17,15,business,,,26816.0,False,23:00,ok,2026-09-02T12:06:58.856215+05:30,2026-09-02_1206IST,airline_direct,IndiGo
DEL,BLR,6E,IndiGo,inf,2026-09-17,15,economy,,,10077.0,False,23:00,ok,2026-09-02T12:06:58.856215+05:30,2026-09-02_1206IST,airline_direct,IndiGo
DEL,BLR,6E,IndiGo,inf,2026-09-17,15,business,,,29451.0,False,09:15,ok,2026-09-02T12:06:58.856215+05:30,2026-09-02_1206IST,airline_direct,IndiGo
DEL,BLR,6E,IndiGo,inf,2026-09-17,15,economy,,,10156.0,False,09:15,ok,2026-09-02T12:06:58.856215+05:30,2026-09-02_1206IST,airline_direct,IndiGo
DEL,BLR,6E,IndiGo,inf,2026-09-17,15,business,,,33047.0,False,10:25,ok,2026-09-02T12:06:58.856215+05:30,2026-09-02_1206IST,airline_direct,IndiGo
DEL,BLR,6E,IndiGo,inf,2026-09-17,15,economy,,,10156.0,False,10:25,ok,2026-09-02T12:06:58.856215+05:30,2026-09-02_1206IST,airline_direct,IndiGo
DEL,BLR,6E,IndiGo,inf,2026-09-17,15,business,,,29038.0,False,11:00,ok,2026-09-02T12:06:58.856215+05:30,2026-09-02_1206IST,airline_direct,IndiGo
DEL,BLR,6E,IndiGo,inf,2026-09-17,15,economy,,,10156.0,False,11:00,ok,2026-09-02T12:06:58.856215+05:30,2026-09-02_1206IST,airline_direct,IndiGo
DEL,BLR,6E,IndiGo,inf,2026-09-17,15,economy,,,10156.0,False,12:15,ok,2026-09-02T12:06:58.856215+05:30,2026-09-02_1206IST,airline_direct,IndiGo
DEL,BLR,6E,IndiGo,inf,2026-09-17,15,business,,,28661.0,False,13:10,ok,2026-09-02T12:06:58.856215+05:30,2026-09-02_1206IST,airline_direct,IndiGo
DEL,BLR,6E,IndiGo,inf,2026-09-17,15,economy,,,10156.0,False,13:10,ok,2026-09-02T12:06:58.856215+05:30,2026-09-02_1206IST,airline_direct,IndiGo
DEL,BLR,6E,IndiGo,inf,2026-09-17,15,economy,,,10156.0,False,14:00,ok,2026-09-02T12:06:58.856215+05:30,2026-09-02_1206IST,airline_direct,IndiGo
DEL,BLR,6E,IndiGo,inf,2026-09-17,15,business,,,28318.0,False,15:15,ok,2026-09-02T12:06:58.856215+05:30,2026-09-02_1206IST,airline_direct,IndiGo
DEL,BLR,6E,IndiGo,inf,2026-09-17,15,economy,,,10156.0,False,15:15,ok,2026-09-02T12:06:58.856215+05:30,2026-09-02_1206IST,airline_direct,IndiGo
DEL,BLR,6E,IndiGo,inf,2026-09-17,15,economy,,,10156.0,False,15:50,ok,2026-09-02T12:06:58.856215+05:30,2026-09-02_1206IST,airline_direct,IndiGo
DEL,BLR,6E,IndiGo,inf,2026-09-17,15,business,,,28318.0,False,16:40,ok,2026-09-02T12:06:58.856215+05:30,2026-09-02_1206IST,airline_direct,IndiGo
DEL,BLR,6E,IndiGo,inf,2026-09-17,15,economy,,,10156.0,False,16:40,ok,2026-09-02T12:06:58.856215+05:30,2026-09-02_1206IST,airline_direct,IndiGo
DEL,BLR,6E,IndiGo,inf,2026-09-17,15,economy,,,10156.0,False,17:50,ok,2026-09-02T12:06:58.856215+05:30,2026-09-02_1206IST,airline_direct,IndiGo
DEL,BLR,6E,IndiGo,inf,2026-09-17,15,business,,,28318.0,False,18:15,ok,2026-09-02T12:06:58.856215+05:30,2026-09-02_1206IST,airline_direct,IndiGo
DEL,BLR,6E,IndiGo,inf,2026-09-17,15,economy,,,10156.0,False,18:15,ok,2026-09-02T12:06:58.856215+05:30,2026-09-02_1206IST,airline_direct,IndiGo
DEL,BLR,6E,IndiGo,inf,2026-09-17,15,economy,,,10287.0,False,18:40,ok,2026-09-02T12:06:58.856215+05:30,2026-09-02_1206IST,airline_direct,IndiGo
DEL,BLR,6E,IndiGo,inf,2026-09-17,15,economy,,,10314.0,False,17:10,ok,2026-09-02T12:06:58.856215+05:30,2026-09-02_1206IST,airline_direct,IndiGo
DEL,BLR,6E,IndiGo,inf,2026-09-17,15,business,,,30337.0,False,05:00,ok,2026-09-02T12:06:58.856215+05:30,2026-09-02_1206IST,airline_direct,IndiGo
DEL,BLR,6E,IndiGo,inf,2026-09-17,15,economy,,,10497.0,False,05:00,ok,2026-09-02T12:06:58.856215+05:30,2026-09-02_1206IST,airline_direct,IndiGo
DEL,BLR,6E,IndiGo,inf,2026-09-17,15,business,,,30337.0,False,08:30,ok,2026-09-02T12:06:58.856215+05:30,2026-09-02_1206IST,airline_direct,IndiGo
DEL,BLR,6E,IndiGo,inf,2026-09-17,15,economy,,,10497.0,False,08:30,ok,2026-09-02T12:06:58.856215+05:30,2026-09-02_1206IST,airline_direct,IndiGo
DEL,BLR,6E,IndiGo,inf,2026-09-17,15,economy,,,10720.0,False,16:30,ok,2026-09-02T12:06:58.856215+05:30,2026-09-02_1206IST,airline_direct,IndiGo
BOM,BLR,6E,IndiGo,inf,2026-09-17,15,business,,,18948.0,False,01:10,ok,2026-09-02T12:08:10.913029+05:30,2026-09-02_1208IST,airline_direct,IndiGo
BOM,BLR,6E,IndiGo,inf,2026-09-17,15,economy,,,5091.0,False,01:10,ok,2026-09-02T12:08:10.913029+05:30,2026-09-02_1208IST,airline_direct,IndiGo
BOM,BLR,6E,IndiGo,inf,2026-09-17,15,business,,,18948.0,False,04:30,ok,2026-09-02T12:08:10.913029+05:30,2026-09-02_1208IST,airline_direct,IndiGo
BOM,BLR,6E,IndiGo,inf,2026-09-17,15,economy,,,5091.0,False,04:30,ok,2026-09-02T12:08:10.913029+05:30,2026-09-02_1208IST,airline_direct,IndiGo
BOM,BLR,6E,IndiGo,inf,2026-09-17,15,business,,,18948.0,False,06:30,ok,2026-09-02T12:08:10.913029+05:30,2026-09-02_1208IST,airline_direct,IndiGo
BOM,BLR,6E,IndiGo,inf,2026-09-17,15,economy,,,6747.0,False,06:30,ok,2026-09-02T12:08:10.913029+05:30,2026-09-02_1208IST,airline_direct,IndiGo
BOM,BLR,6E,IndiGo,inf,2026-09-17,15,economy,,,6747.0,False,08:05,ok,2026-09-02T12:08:10.913029+05:30,2026-09-02_1208IST,airline_direct,IndiGo
BOM,BLR,6E,IndiGo,inf,2026-09-17,15,business,,,18948.0,False,11:00,ok,2026-09-02T12:08:10.913029+05:30,2026-09-02_1208IST,airline_direct,IndiGo
BOM,BLR,6E,IndiGo,inf,2026-09-17,15,economy,,,6747.0,False,11:00,ok,2026-09-02T12:08:10.913029+05:30,2026-09-02_1208IST,airline_direct,IndiGo
BOM,BLR,6E,IndiGo,inf,2026-09-17,15,business,,,18948.0,False,12:30,ok,2026-09-02T12:08:10.913029+05:30,2026-09-02_1208IST,airline_direct,IndiGo
BOM,BLR,6E,IndiGo,inf,2026-09-17,15,economy,,,6747.0,False,12:30,ok,2026-09-02T12:08:10.913029+05:30,2026-09-02_1208IST,airline_direct,IndiGo
BOM,BLR,6E,IndiGo,inf,2026-09-17,15,business,,,18948.0,False,14:30,ok,2026-09-02T12:08:10.913029+05:30,2026-09-02_1208IST,airline_direct,IndiGo
BOM,BLR,6E,IndiGo,inf,2026-09-17,15,economy,,,6747.0,False,14:30,ok,2026-09-02T12:08:10.913029+05:30,2026-09-02_1208IST,airline_direct,IndiGo
BOM,BLR,6E,IndiGo,inf,2026-09-17,15,business,,,18948.0,False,15:35,ok,2026-09-02T12:08:10.913029+05:30,2026-09-02_1208IST,airline_direct,IndiGo
BOM,BLR,6E,IndiGo,inf,2026-09-17,15,economy,,,6747.0,False,15:35,ok,2026-09-02T12:08:10.913029+05:30,2026-09-02_1208IST,airline_direct,IndiGo
BOM,BLR,6E,IndiGo,inf,2026-09-17,15,business,,,18948.0,False,17:00,ok,2026-09-02T12:08:10.913029+05:30,2026-09-02_1208IST,airline_direct,IndiGo
BOM,BLR,6E,IndiGo,inf,2026-09-17,15,economy,,,6747.0,False,17:00,ok,2026-09-02T12:08:10.913029+05:30,2026-09-02_1208IST,airline_direct,IndiGo
BOM,BLR,6E,IndiGo,inf,2026-09-17,15,business,,,18948.0,False,18:30,ok,2026-09-02T12:08:10.913029+05:30,2026-09-02_1208IST,airline_direct,IndiGo
BOM,BLR,6E,IndiGo,inf,2026-09-17,15,economy,,,6747.0,False,18:30,ok,2026-09-02T12:08:10.913029+05:30,2026-09-02_1208IST,airline_direct,IndiGo
BOM,BLR,6E,IndiGo,inf,2026-09-17,15,business,,,18948.0,False,19:55,ok,2026-09-02T12:08:10.913029+05:30,2026-09-02_1208IST,airline_direct,IndiGo
BOM,BLR,6E,IndiGo,inf,2026-09-17,15,economy,,,6747.0,False,19:55,ok,2026-09-02T12:08:10.913029+05:30,2026-09-02_1208IST,airline_direct,IndiGo
BOM,BLR,6E,IndiGo,inf,2026-09-17,15,business,,,18948.0,False,22:20,ok,2026-09-02T12:08:10.913029+05:30,2026-09-02_1208IST,airline_direct,IndiGo
BOM,BLR,6E,IndiGo,inf,2026-09-17,15,economy,,,6747.0,False,22:20,ok,2026-09-02T12:08:10.913029+05:30,2026-09-02_1208IST,airline_direct,IndiGo
BOM,BLR,6E,IndiGo,inf,2026-09-17,15,business,,,18948.0,False,09:50,ok,2026-09-02T12:08:10.913029+05:30,2026-09-02_1208IST,airline_direct,IndiGo
BOM,BLR,6E,IndiGo,inf,2026-09-17,15,economy,,,7062.0,False,09:50,ok,2026-09-02T12:08:10.913029+05:30,2026-09-02_1208IST,airline_direct,IndiGo
BOM,BLR,6E,IndiGo,inf,2026-09-17,15,business,,,18948.0,False,21:30,ok,2026-09-02T12:08:10.913029+05:30,2026-09-02_1208IST,airline_direct,IndiGo
BOM,BLR,6E,IndiGo,inf,2026-09-17,15,economy,,,7062.0,False,21:30,ok,2026-09-02T12:08:10.913029+05:30,2026-09-02_1208IST,airline_direct,IndiGo
BOM,BLR,6E,IndiGo,inf,2026-09-17,15,economy,,,7243.0,False,05:00,ok,2026-09-02T12:08:10.913029+05:30,2026-09-02_1208IST,airline_direct,IndiGo
BOM,BLR,6E,IndiGo,6e+261,2026-09-17,15,economy,,,7243.0,False,11:20,ok,2026-09-02T12:08:10.913029+05:30,2026-09-02_1208IST,airline_direct,IndiGo
BOM,BLR,6E,IndiGo,6e+261,2026-09-17,15,economy,,,7243.0,False,11:20,ok,2026-09-02T12:08:10.913029+05:30,2026-09-02_1208IST,airline_direct,IndiGo
BOM,BLR,6E,IndiGo,6.000000000000001e+230,2026-09-17,15,economy,,,7243.0,False,13:55,ok,2026-09-02T12:08:10.913029+05:30,2026-09-02_1208IST,airline_direct,IndiGo
BOM,BLR,6E,IndiGo,6.000000000000001e+230,2026-09-17,15,economy,,,7243.0,False,13:55,ok,2026-09-02T12:08:10.913029+05:30,2026-09-02_1208IST,airline_direct,IndiGo
BOM,BLR,6E,IndiGo,inf,2026-09-17,15,economy,,,7243.0,False,16:40,ok,2026-09-02T12:08:10.913029+05:30,2026-09-02_1208IST,airline_direct,IndiGo
BOM,BLR,6E,IndiGo,inf,2026-09-17,15,economy,,,7243.0,False,16:40,ok,2026-09-02T12:08:10.913029+05:30,2026-09-02_1208IST,airline_direct,IndiGo
BOM,BLR,6E,IndiGo,inf,2026-09-17,15,business,,,22501.0,False,10:15,ok,2026-09-02T12:08:10.913029+05:30,2026-09-02_1208IST,airline_direct,IndiGo
BOM,BLR,6E,IndiGo,inf,2026-09-17,15,economy,,,7374.0,False,10:15,ok,2026-09-02T12:08:10.913029+05:30,2026-09-02_1208IST,airline_direct,IndiGo
BOM,BLR,6E,IndiGo,inf,2026-09-17,15,business,,,20036.0,False,11:45,ok,2026-09-02T12:08:10.913029+05:30,2026-09-02_1208IST,airline_direct,IndiGo
BOM,BLR,6E,IndiGo,inf,2026-09-17,15,economy,,,7374.0,False,11:45,ok,2026-09-02T12:08:10.913029+05:30,2026-09-02_1208IST,airline_direct,IndiGo
BOM,BLR,6E,IndiGo,inf,2026-09-17,15,business,,,20036.0,False,15:10,ok,2026-09-02T12:08:10.913029+05:30,2026-09-02_1208IST,airline_direct,IndiGo
BOM,BLR,6E,IndiGo,inf,2026-09-17,15,economy,,,7374.0,False,15:10,ok,2026-09-02T12:08:10.913029+05:30,2026-09-02_1208IST,airline_direct,IndiGo
BOM,BLR,6E,IndiGo,inf,2026-09-17,15,business,,,19670.0,False,15:10,ok,2026-09-02T12:08:10.913029+05:30,2026-09-02_1208IST,airline_direct,IndiGo
BOM,BLR,6E,IndiGo,inf,2026-09-17,15,economy,,,7374.0,False,15:10,ok,2026-09-02T12:08:10.913029+05:30,2026-09-02_1208IST,airline_direct,IndiGo
BOM,BLR,6E,IndiGo,inf,2026-09-17,15,business,,,20036.0,False,16:45,ok,2026-09-02T12:08:10.913029+05:30,2026-09-02_1208IST,airline_direct,IndiGo
BOM,BLR,6E,IndiGo,inf,2026-09-17,15,economy,,,7374.0,False,16:45,ok,2026-09-02T12:08:10.913029+05:30,2026-09-02_1208IST,airline_direct,IndiGo
BOM,BLR,6E,IndiGo,inf,2026-09-17,15,business,,,19670.0,False,16:45,ok,2026-09-02T12:08:10.913029+05:30,2026-09-02_1208IST,airline_direct,IndiGo
BOM,BLR,6E,IndiGo,inf,2026-09-17,15,economy,,,7374.0,False,16:45,ok,2026-09-02T12:08:10.913029+05:30,2026-09-02_1208IST,airline_direct,IndiGo
BOM,BLR,6E,IndiGo,inf,2026-09-17,15,economy,,,7505.0,False,16:55,ok,2026-09-02T12:08:10.913029+05:30,2026-09-02_1208IST,airline_direct,IndiGo
BOM,BLR,6E,IndiGo,inf,2026-09-17,15,economy,,,7584.0,False,04:00,ok,2026-09-02T12:08:10.913029+05:30,2026-09-02_1208IST,airline_direct,IndiGo
BOM,BLR,6E,IndiGo,6.000000000000001e+136,2026-09-17,15,business,,,25173.0,False,04:05,ok,2026-09-02T12:08:10.913029+05:30,2026-09-02_1208IST,airline_direct,IndiGo
BOM,BLR,6E,IndiGo,6.000000000000001e+136,2026-09-17,15,economy,,,7584.0,False,04:05,ok,2026-09-02T12:08:10.913029+05:30,2026-09-02_1208IST,airline_direct,IndiGo
BOM,BLR,6E,IndiGo,6.000000000000001e+136,2026-09-17,15,business,,,24040.0,False,04:05,ok,2026-09-02T12:08:10.913029+05:30,2026-09-02_1208IST,airline_direct,IndiGo
BOM,BLR,6E,IndiGo,6.000000000000001e+136,2026-09-17,15,economy,,,7584.0,False,04:05,ok,2026-09-02T12:08:10.913029+05:30,2026-09-02_1208IST,airline_direct,IndiGo
BOM,BLR,6E,IndiGo,6.000000000000001e+136,2026-09-17,15,business,,,24040.0,False,04:05,ok,2026-09-02T12:08:10.913029+05:30,2026-09-02_1208IST,airline_direct,IndiGo
BOM,BLR,6E,IndiGo,6.000000000000001e+136,2026-09-17,15,economy,,,7584.0,False,04:05,ok,2026-09-02T12:08:10.913029+05:30,2026-09-02_1208IST,airline_direct,IndiGo
BOM,BLR,6E,IndiGo,inf,2026-09-17,15,economy,,,7584.0,False,05:35,ok,2026-09-02T12:08:10.913029+05:30,2026-09-02_1208IST,airline_direct,IndiGo
BOM,BLR,6E,IndiGo,inf,2026-09-17,15,economy,,,7584.0,False,05:35,ok,2026-09-02T12:08:10.913029+05:30,2026-09-02_1208IST,airline_direct,IndiGo
BOM,BLR,6E,IndiGo,inf,2026-09-17,15,business,,,24040.0,False,06:15,ok,2026-09-02T12:08:10.913029+05:30,2026-09-02_1208IST,airline_direct,IndiGo
BOM,BLR,6E,IndiGo,inf,2026-09-17,15,economy,,,7584.0,False,06:15,ok,2026-09-02T12:08:10.913029+05:30,2026-09-02_1208IST,airline_direct,IndiGo
BOM,BLR,6E,IndiGo,inf,2026-09-17,15,economy,,,7584.0,False,09:35,ok,2026-09-02T12:08:10.913029+05:30,2026-09-02_1208IST,airline_direct,IndiGo
BOM,BLR,6E,IndiGo,inf,2026-09-17,15,business,,,25173.0,False,09:50,ok,2026-09-02T12:08:10.913029+05:30,2026-09-02_1208IST,airline_direct,IndiGo
BOM,BLR,6E,IndiGo,inf,2026-09-17,15,economy,,,7584.0,False,09:50,ok,2026-09-02T12:08:10.913029+05:30,2026-09-02_1208IST,airline_direct,IndiGo
BOM,BLR,6E,IndiGo,inf,2026-09-17,15,business,,,24760.0,False,09:50,ok,2026-09-02T12:08:10.913029+05:30,2026-09-02_1208IST,airline_direct,IndiGo
BOM,BLR,6E,IndiGo,inf,2026-09-17,15,economy,,,7584.0,False,09:50,ok,2026-09-02T12:08:10.913029+05:30,2026-09-02_1208IST,airline_direct,IndiGo
BOM,BLR,6E,IndiGo,inf,2026-09-17,15,business,,,24760.0,False,11:40,ok,2026-09-02T12:08:10.913029+05:30,2026-09-02_1208IST,airline_direct,IndiGo
BOM,BLR,6E,IndiGo,inf,2026-09-17,15,economy,,,7584.0,False,11:40,ok,2026-09-02T12:08:10.913029+05:30,2026-09-02_1208IST,airline_direct,IndiGo
BOM,BLR,6E,IndiGo,inf,2026-09-17,15,business,,,24383.0,False,11:40,ok,2026-09-02T12:08:10.913029+05:30,2026-09-02_1208IST,airline_direct,IndiGo
BOM,BLR,6E,IndiGo,inf,2026-09-17,15,economy,,,7584.0,False,11:40,ok,2026-09-02T12:08:10.913029+05:30,2026-09-02_1208IST,airline_direct,IndiGo
BOM,BLR,6E,IndiGo,inf,2026-09-17,15,economy,,,7584.0,False,12:05,ok,2026-09-02T12:08:10.913029+05:30,2026-09-02_1208IST,airline_direct,IndiGo
BOM,BLR,6E,IndiGo,inf,2026-09-17,15,economy,,,7584.0,False,12:30,ok,2026-09-02T12:08:10.913029+05:30,2026-09-02_1208IST,airline_direct,IndiGo
BOM,BLR,6E,IndiGo,inf,2026-09-17,15,business,,,24383.0,False,13:45,ok,2026-09-02T12:08:10.913029+05:30,2026-09-02_1208IST,airline_direct,IndiGo
BOM,BLR,6E,IndiGo,inf,2026-09-17,15,economy,,,7584.0,False,13:45,ok,2026-09-02T12:08:10.913029+05:30,2026-09-02_1208IST,airline_direct,IndiGo
BOM,BLR,6E,IndiGo,inf,2026-09-17,15,business,,,24040.0,False,13:45,ok,2026-09-02T12:08:10.913029+05:30,2026-09-02_1208IST,airline_direct,IndiGo
BOM,BLR,6E,IndiGo,inf,2026-09-17,15,economy,,,7584.0,False,13:45,ok,2026-09-02T12:08:10.913029+05:30,2026-09-02_1208IST,airline_direct,IndiGo
BOM,BLR,6E,IndiGo,inf,2026-09-17,15,business,,,24040.0,False,15:25,ok,2026-09-02T12:08:10.913029+05:30,2026-09-02_1208IST,airline_direct,IndiGo
BOM,BLR,6E,IndiGo,inf,2026-09-17,15,economy,,,7584.0,False,15:25,ok,2026-09-02T12:08:10.913029+05:30,2026-09-02_1208IST,airline_direct,IndiGo
BOM,BLR,6E,IndiGo,inf,2026-09-17,15,business,,,24040.0,False,15:25,ok,2026-09-02T12:08:10.913029+05:30,2026-09-02_1208IST,airline_direct,IndiGo
BOM,BLR,6E,IndiGo,inf,2026-09-17,15,economy,,,7584.0,False,15:25,ok,2026-09-02T12:08:10.913029+05:30,2026-09-02_1208IST,airline_direct,IndiGo
BOM,BLR,6E,IndiGo,6e+240,2026-09-17,15,economy,,,7584.0,False,15:45,ok,2026-09-02T12:08:10.913029+05:30,2026-09-02_1208IST,airline_direct,IndiGo
BOM,BLR,6E,IndiGo,inf,2026-09-17,15,economy,,,7584.0,False,17:10,ok,2026-09-02T12:08:10.913029+05:30,2026-09-02_1208IST,airline_direct,IndiGo
BOM,BLR,6E,IndiGo,inf,2026-09-17,15,business,,,24040.0,False,17:25,ok,2026-09-02T12:08:10.913029+05:30,2026-09-02_1208IST,airline_direct,IndiGo
BOM,BLR,6E,IndiGo,inf,2026-09-17,15,economy,,,7584.0,False,17:25,ok,2026-09-02T12:08:10.913029+05:30,2026-09-02_1208IST,airline_direct,IndiGo
BOM,BLR,6E,IndiGo,inf,2026-09-17,15,economy,,,7584.0,False,18:15,ok,2026-09-02T12:08:10.913029+05:30,2026-09-02_1208IST,airline_direct,IndiGo
BOM,BLR,6E,IndiGo,inf,2026-09-17,15,economy,,,7584.0,False,18:40,ok,2026-09-02T12:08:10.913029+05:30,2026-09-02_1208IST,airline_direct,IndiGo
BOM,BLR,6E,IndiGo,inf,2026-09-17,15,economy,,,7584.0,False,20:00,ok,2026-09-02T12:08:10.913029+05:30,2026-09-02_1208IST,airline_direct,IndiGo
BOM,BLR,6E,IndiGo,inf,2026-09-17,15,economy,,,7715.0,False,10:25,ok,2026-09-02T12:08:10.913029+05:30,2026-09-02_1208IST,airline_direct,IndiGo
BOM,BLR,6E,IndiGo,inf,2026-09-17,15,economy,,,7715.0,False,16:50,ok,2026-09-02T12:08:10.913029+05:30,2026-09-02_1208IST,airline_direct,IndiGo
BOM,BLR,6E,IndiGo,inf,2026-09-17,15,economy,,,7785.0,False,18:05,ok,2026-09-02T12:08:10.913029+05:30,2026-09-02_1208IST,airline_direct,IndiGo
BOM,BLR,6E,IndiGo,inf,2026-09-17,15,economy,,,8047.0,False,14:40,ok,2026-09-02T12:08:10.913029+05:30,2026-09-02_1208IST,airline_direct,IndiGo
BOM,BLR,6E,IndiGo,inf,2026-09-17,15,economy,,,8126.0,False,13:35,ok,2026-09-02T12:08:10.913029+05:30,2026-09-02_1208IST,airline_direct,IndiGo
BOM,BLR,6E,IndiGo,inf,2026-09-17,15,economy,,,8508.0,False,09:15,ok,2026-09-02T12:08:10.913029+05:30,2026-09-02_1208IST,airline_direct,IndiGo
BOM,BLR,6E,IndiGo,inf,2026-09-17,15,business,,,20887.0,False,15:10,ok,2026-09-02T12:08:10.913029+05:30,2026-09-02_1208IST,airline_direct,IndiGo
BOM,BLR,6E,IndiGo,inf,2026-09-17,15,economy,,,10628.0,False,15:10,ok,2026-09-02T12:08:10.913029+05:30,2026-09-02_1208IST,airline_direct,IndiGo
BOM,BLR,6E,IndiGo,inf,2026-09-17,15,business,,,20887.0,False,11:45,ok,2026-09-02T12:08:10.913029+05:30,2026-09-02_1208IST,airline_direct,IndiGo
BOM,BLR,6E,IndiGo,inf,2026-09-17,15,economy,,,11100.0,False,11:45,ok,2026-09-02T12:08:10.913029+05:30,2026-09-02_1208IST,airline_direct,IndiGo
BOM,BLR,6E,IndiGo,inf,2026-09-17,15,business,,,23352.0,False,10:15,ok,2026-09-02T12:08:10.913029+05:30,2026-09-02_1208IST,airline_direct,IndiGo
BOM,BLR,6E,IndiGo,inf,2026-09-17,15,economy,,,11468.0,False,10:15,ok,2026-09-02T12:08:10.913029+05:30,2026-09-02_1208IST,airline_direct,IndiGo
BOM,BLR,6E,IndiGo,inf,2026-09-17,15,economy,,,15671.0,False,09:05,ok,2026-09-02T12:08:10.913029+05:30,2026-09-02_1208IST,airline_direct,IndiGo
DEL,CCU,6E,IndiGo,inf,2026-09-17,15,business,,,22600.0,False,07:20,ok,2026-09-02T12:09:13.002538+05:30,2026-09-02_1209IST,airline_direct,IndiGo
DEL,CCU,6E,IndiGo,inf,2026-09-17,15,economy,,,8200.0,False,07:20,ok,2026-09-02T12:09:13.002538+05:30,2026-09-02_1209IST,airline_direct,IndiGo
DEL,CCU,6E,IndiGo,inf,2026-09-17,15,business,,,22600.0,False,12:45,ok,2026-09-02T12:09:13.002538+05:30,2026-09-02_1209IST,airline_direct,IndiGo
DEL,CCU,6E,IndiGo,inf,2026-09-17,15,economy,,,8200.0,False,12:45,ok,2026-09-02T12:09:13.002538+05:30,2026-09-02_1209IST,airline_direct,IndiGo
DEL,CCU,6E,IndiGo,inf,2026-09-17,15,business,,,22600.0,False,14:25,ok,2026-09-02T12:09:13.002538+05:30,2026-09-02_1209IST,airline_direct,IndiGo
DEL,CCU,6E,IndiGo,inf,2026-09-17,15,economy,,,8200.0,False,14:25,ok,2026-09-02T12:09:13.002538+05:30,2026-09-02_1209IST,airline_direct,IndiGo
DEL,CCU,6E,IndiGo,inf,2026-09-17,15,business,,,22600.0,False,16:00,ok,2026-09-02T12:09:13.002538+05:30,2026-09-02_1209IST,airline_direct,IndiGo
DEL,CCU,6E,IndiGo,inf,2026-09-17,15,economy,,,8200.0,False,16:00,ok,2026-09-02T12:09:13.002538+05:30,2026-09-02_1209IST,airline_direct,IndiGo
DEL,CCU,6E,IndiGo,inf,2026-09-17,15,business,,,22600.0,False,17:55,ok,2026-09-02T12:09:13.002538+05:30,2026-09-02_1209IST,airline_direct,IndiGo
DEL,CCU,6E,IndiGo,inf,2026-09-17,15,economy,,,8200.0,False,17:55,ok,2026-09-02T12:09:13.002538+05:30,2026-09-02_1209IST,airline_direct,IndiGo
DEL,CCU,6E,IndiGo,inf,2026-09-17,15,business,,,22600.0,False,21:50,ok,2026-09-02T12:09:13.002538+05:30,2026-09-02_1209IST,airline_direct,IndiGo
DEL,CCU,6E,IndiGo,inf,2026-09-17,15,economy,,,8200.0,False,21:50,ok,2026-09-02T12:09:13.002538+05:30,2026-09-02_1209IST,airline_direct,IndiGo
DEL,CCU,6E,IndiGo,6e+247,2026-09-17,15,business,,,22600.0,False,23:30,ok,2026-09-02T12:09:13.002538+05:30,2026-09-02_1209IST,airline_direct,IndiGo
DEL,CCU,6E,IndiGo,6e+247,2026-09-17,15,economy,,,8200.0,False,23:30,ok,2026-09-02T12:09:13.002538+05:30,2026-09-02_1209IST,airline_direct,IndiGo
DEL,CCU,6E,IndiGo,inf,2026-09-17,15,business,,,22600.0,False,05:00,ok,2026-09-02T12:09:13.002538+05:30,2026-09-02_1209IST,airline_direct,IndiGo
DEL,CCU,6E,IndiGo,inf,2026-09-17,15,economy,,,8463.0,False,05:00,ok,2026-09-02T12:09:13.002538+05:30,2026-09-02_1209IST,airline_direct,IndiGo
DEL,CCU,6E,IndiGo,inf,2026-09-17,15,business,,,22600.0,False,08:30,ok,2026-09-02T12:09:13.002538+05:30,2026-09-02_1209IST,airline_direct,IndiGo
DEL,CCU,6E,IndiGo,inf,2026-09-17,15,economy,,,8463.0,False,08:30,ok,2026-09-02T12:09:13.002538+05:30,2026-09-02_1209IST,airline_direct,IndiGo
DEL,CCU,6E,IndiGo,inf,2026-09-17,15,business,,,22600.0,False,19:30,ok,2026-09-02T12:09:13.002538+05:30,2026-09-02_1209IST,airline_direct,IndiGo
DEL,CCU,6E,IndiGo,inf,2026-09-17,15,economy,,,9250.0,False,19:30,ok,2026-09-02T12:09:13.002538+05:30,2026-09-02_1209IST,airline_direct,IndiGo
DEL,CCU,6E,IndiGo,inf,2026-09-17,15,business,,,22600.0,False,10:15,ok,2026-09-02T12:09:13.002538+05:30,2026-09-02_1209IST,airline_direct,IndiGo
DEL,CCU,6E,IndiGo,inf,2026-09-17,15,economy,,,11928.0,False,10:15,ok,2026-09-02T12:09:13.002538+05:30,2026-09-02_1209IST,airline_direct,IndiGo
DEL,CCU,6E,IndiGo,inf,2026-09-17,15,economy,,,7376.0,False,06:20,ok,2026-09-02T12:09:13.002538+05:30,2026-09-02_1209IST,airline_direct,IndiGo
DEL,CCU,6E,IndiGo,inf,2026-09-17,15,economy,,,7376.0,False,13:20,ok,2026-09-02T12:09:13.002538+05:30,2026-09-02_1209IST,airline_direct,IndiGo
DEL,CCU,6E,IndiGo,inf,2026-09-17,15,economy,,,7376.0,False,13:35,ok,2026-09-02T12:09:13.002538+05:30,2026-09-02_1209IST,airline_direct,IndiGo
DEL,CCU,6E,IndiGo,inf,2026-09-17,15,economy,,,7376.0,False,16:20,ok,2026-09-02T12:09:13.002538+05:30,2026-09-02_1209IST,airline_direct,IndiGo
DEL,CCU,6E,IndiGo,inf,2026-09-17,15,economy,,,7376.0,False,16:40,ok,2026-09-02T12:09:13.002538+05:30,2026-09-02_1209IST,airline_direct,IndiGo
DEL,CCU,6E,IndiGo,inf,2026-09-17,15,economy,,,7507.0,False,05:55,ok,2026-09-02T12:09:13.002538+05:30,2026-09-02_1209IST,airline_direct,IndiGo
DEL,CCU,6E,IndiGo,inf,2026-09-17,15,economy,,,7507.0,False,14:35,ok,2026-09-02T12:09:13.002538+05:30,2026-09-02_1209IST,airline_direct,IndiGo
DEL,CCU,6E,IndiGo,inf,2026-09-17,15,economy,,,7586.0,False,05:00,ok,2026-09-02T12:09:13.002538+05:30,2026-09-02_1209IST,airline_direct,IndiGo
DEL,CCU,6E,IndiGo,inf,2026-09-17,15,economy,,,7586.0,False,07:40,ok,2026-09-02T12:09:13.002538+05:30,2026-09-02_1209IST,airline_direct,IndiGo
DEL,CCU,6E,IndiGo,inf,2026-09-17,15,economy,,,7586.0,False,09:20,ok,2026-09-02T12:09:13.002538+05:30,2026-09-02_1209IST,airline_direct,IndiGo
DEL,CCU,6E,IndiGo,inf,2026-09-17,15,economy,,,7586.0,False,14:00,ok,2026-09-02T12:09:13.002538+05:30,2026-09-02_1209IST,airline_direct,IndiGo
DEL,CCU,6E,IndiGo,inf,2026-09-17,15,economy,,,7691.0,False,04:45,ok,2026-09-02T12:09:13.002538+05:30,2026-09-02_1209IST,airline_direct,IndiGo
DEL,CCU,6E,IndiGo,inf,2026-09-17,15,economy,,,7691.0,False,07:30,ok,2026-09-02T12:09:13.002538+05:30,2026-09-02_1209IST,airline_direct,IndiGo
DEL,CCU,6E,IndiGo,inf,2026-09-17,15,economy,,,7691.0,False,07:45,ok,2026-09-02T12:09:13.002538+05:30,2026-09-02_1209IST,airline_direct,IndiGo
DEL,CCU,6E,IndiGo,inf,2026-09-17,15,economy,,,7691.0,False,10:50,ok,2026-09-02T12:09:13.002538+05:30,2026-09-02_1209IST,airline_direct,IndiGo
DEL,CCU,6E,IndiGo,inf,2026-09-17,15,economy,,,7691.0,False,10:50,ok,2026-09-02T12:09:13.002538+05:30,2026-09-02_1209IST,airline_direct,IndiGo
DEL,CCU,6E,IndiGo,inf,2026-09-17,15,economy,,,7691.0,False,14:40,ok,2026-09-02T12:09:13.002538+05:30,2026-09-02_1209IST,airline_direct,IndiGo
DEL,CCU,6E,IndiGo,inf,2026-09-17,15,economy,,,7691.0,False,15:10,ok,2026-09-02T12:09:13.002538+05:30,2026-09-02_1209IST,airline_direct,IndiGo
DEL,CCU,6E,IndiGo,inf,2026-09-17,15,economy,,,7691.0,False,15:10,ok,2026-09-02T12:09:13.002538+05:30,2026-09-02_1209IST,airline_direct,IndiGo
DEL,CCU,6E,IndiGo,inf,2026-09-17,15,economy,,,7717.0,False,17:20,ok,2026-09-02T12:09:13.002538+05:30,2026-09-02_1209IST,airline_direct,IndiGo
DEL,CCU,6E,IndiGo,inf,2026-09-17,15,economy,,,7901.0,False,13:25,ok,2026-09-02T12:09:13.002538+05:30,2026-09-02_1209IST,airline_direct,IndiGo
DEL,CCU,6E,IndiGo,inf,2026-09-17,15,economy,,,7901.0,False,13:25,ok,2026-09-02T12:09:13.002538+05:30,2026-09-02_1209IST,airline_direct,IndiGo
DEL,CCU,6E,IndiGo,inf,2026-09-17,15,business,,,27965.0,False,02:25,ok,2026-09-02T12:09:13.002538+05:30,2026-09-02_1209IST,airline_direct,IndiGo
DEL,CCU,6E,IndiGo,inf,2026-09-17,15,economy,,,7927.0,False,02:25,ok,2026-09-02T12:09:13.002538+05:30,2026-09-02_1209IST,airline_direct,IndiGo
DEL,CCU,6E,IndiGo,inf,2026-09-17,15,business,,,28437.0,False,02:25,ok,2026-09-02T12:09:13.002538+05:30,2026-09-02_1209IST,airline_direct,IndiGo
DEL,CCU,6E,IndiGo,inf,2026-09-17,15,economy,,,7927.0,False,02:25,ok,2026-09-02T12:09:13.002538+05:30,2026-09-02_1209IST,airline_direct,IndiGo
DEL,CCU,6E,IndiGo,inf,2026-09-17,15,economy,,,7927.0,False,05:10,ok,2026-09-02T12:09:13.002538+05:30,2026-09-02_1209IST,airline_direct,IndiGo
DEL,CCU,6E,IndiGo,6e+203,2026-09-17,15,business,,,28437.0,False,07:10,ok,2026-09-02T12:09:13.002538+05:30,2026-09-02_1209IST,airline_direct,IndiGo
DEL,CCU,6E,IndiGo,6e+203,2026-09-17,15,economy,,,7927.0,False,07:10,ok,2026-09-02T12:09:13.002538+05:30,2026-09-02_1209IST,airline_direct,IndiGo
DEL,CCU,6E,IndiGo,6e+203,2026-09-17,15,business,,,28437.0,False,07:10,ok,2026-09-02T12:09:13.002538+05:30,2026-09-02_1209IST,airline_direct,IndiGo
DEL,CCU,6E,IndiGo,6e+203,2026-09-17,15,economy,,,7927.0,False,07:10,ok,2026-09-02T12:09:13.002538+05:30,2026-09-02_1209IST,airline_direct,IndiGo
DEL,CCU,6E,IndiGo,inf,2026-09-17,15,business,,,28437.0,False,09:55,ok,2026-09-02T12:09:13.002538+05:30,2026-09-02_1209IST,airline_direct,IndiGo
DEL,CCU,6E,IndiGo,inf,2026-09-17,15,economy,,,7927.0,False,09:55,ok,2026-09-02T12:09:13.002538+05:30,2026-09-02_1209IST,airline_direct,IndiGo
DEL,CCU,6E,IndiGo,inf,2026-09-17,15,economy,,,7927.0,False,10:00,ok,2026-09-02T12:09:13.002538+05:30,2026-09-02_1209IST,airline_direct,IndiGo
DEL,CCU,6E,IndiGo,inf,2026-09-17,15,economy,,,7927.0,False,12:20,ok,2026-09-02T12:09:13.002538+05:30,2026-09-02_1209IST,airline_direct,IndiGo
DEL,CCU,6E,IndiGo,inf,2026-09-17,15,business,,,28437.0,False,13:30,ok,2026-09-02T12:09:13.002538+05:30,2026-09-02_1209IST,airline_direct,IndiGo
DEL,CCU,6E,IndiGo,inf,2026-09-17,15,economy,,,7927.0,False,13:30,ok,2026-09-02T12:09:13.002538+05:30,2026-09-02_1209IST,airline_direct,IndiGo
DEL,CCU,6E,IndiGo,inf,2026-09-17,15,business,,,27965.0,False,16:15,ok,2026-09-02T12:09:13.002538+05:30,2026-09-02_1209IST,airline_direct,IndiGo
DEL,CCU,6E,IndiGo,inf,2026-09-17,15,economy,,,7927.0,False,16:15,ok,2026-09-02T12:09:13.002538+05:30,2026-09-02_1209IST,airline_direct,IndiGo
DEL,CCU,6E,IndiGo,inf,2026-09-17,15,economy,,,7927.0,False,17:05,ok,2026-09-02T12:09:13.002538+05:30,2026-09-02_1209IST,airline_direct,IndiGo
DEL,CCU,6E,IndiGo,inf,2026-09-17,15,business,,,27965.0,False,17:55,ok,2026-09-02T12:09:13.002538+05:30,2026-09-02_1209IST,airline_direct,IndiGo
DEL,CCU,6E,IndiGo,inf,2026-09-17,15,economy,,,7927.0,False,17:55,ok,2026-09-02T12:09:13.002538+05:30,2026-09-02_1209IST,airline_direct,IndiGo
DEL,CCU,6E,IndiGo,inf,2026-09-17,15,business,,,27965.0,False,23:15,ok,2026-09-02T12:09:13.002538+05:30,2026-09-02_1209IST,airline_direct,IndiGo
DEL,CCU,6E,IndiGo,inf,2026-09-17,15,economy,,,7927.0,False,23:15,ok,2026-09-02T12:09:13.002538+05:30,2026-09-02_1209IST,airline_direct,IndiGo
DEL,CCU,6E,IndiGo,inf,2026-09-17,15,economy,,,8032.0,False,06:20,ok,2026-09-02T12:09:13.002538+05:30,2026-09-02_1209IST,airline_direct,IndiGo
DEL,CCU,6E,IndiGo,inf,2026-09-17,15,economy,,,8115.0,False,14:25,ok,2026-09-02T12:09:13.002538+05:30,2026-09-02_1209IST,airline_direct,IndiGo
DEL,CCU,6E,IndiGo,inf,2026-09-17,15,economy,,,8115.0,False,16:20,ok,2026-09-02T12:09:13.002538+05:30,2026-09-02_1209IST,airline_direct,IndiGo
DEL,CCU,6E,IndiGo,inf,2026-09-17,15,economy,,,8194.0,False,12:20,ok,2026-09-02T12:09:13.002538+05:30,2026-09-02_1209IST,airline_direct,IndiGo
DEL,CCU,6E,IndiGo,inf,2026-09-17,15,economy,,,8194.0,False,13:05,ok,2026-09-02T12:09:13.002538+05:30,2026-09-02_1209IST,airline_direct,IndiGo
DEL,CCU,6E,IndiGo,inf,2026-09-17,15,economy,,,8194.0,False,14:40,ok,2026-09-02T12:09:13.002538+05:30,2026-09-02_1209IST,airline_direct,IndiGo
DEL,CCU,6E,IndiGo,inf,2026-09-17,15,economy,,,8194.0,False,14:40,ok,2026-09-02T12:09:13.002538+05:30,2026-09-02_1209IST,airline_direct,IndiGo
DEL,CCU,6E,IndiGo,inf,2026-09-17,15,business,,,28437.0,False,08:30,ok,2026-09-02T12:09:13.002538+05:30,2026-09-02_1209IST,airline_direct,IndiGo
DEL,CCU,6E,IndiGo,inf,2026-09-17,15,economy,,,8535.0,False,08:30,ok,2026-09-02T12:09:13.002538+05:30,2026-09-02_1209IST,airline_direct,IndiGo
DEL,CCU,6E,IndiGo,inf,2026-09-17,15,business,,,28437.0,False,11:45,ok,2026-09-02T12:09:13.002538+05:30,2026-09-02_1209IST,airline_direct,IndiGo
DEL,CCU,6E,IndiGo,inf,2026-09-17,15,economy,,,8535.0,False,11:45,ok,2026-09-02T12:09:13.002538+05:30,2026-09-02_1209IST,airline_direct,IndiGo
DEL,CCU,6E,IndiGo,inf,2026-09-17,15,economy,,,8862.0,False,07:40,ok,2026-09-02T12:09:13.002538+05:30,2026-09-02_1209IST,airline_direct,IndiGo
DEL,CCU,6E,IndiGo,inf,2026-09-17,15,business,,,28437.0,False,08:30,ok,2026-09-02T12:09:13.002538+05:30,2026-09-02_1209IST,airline_direct,IndiGo
DEL,CCU,6E,IndiGo,inf,2026-09-17,15,economy,,,9203.0,False,08:30,ok,2026-09-02T12:09:13.002538+05:30,2026-09-02_1209IST,airline_direct,IndiGo
DEL,CCU,6E,IndiGo,inf,2026-09-17,15,economy,,,12268.0,False,09:20,ok,2026-09-02T12:09:13.002538+05:30,2026-09-02_1209IST,airline_direct,IndiGo
DEL,CCU,6E,IndiGo,inf,2026-09-17,15,economy,,,12268.0,False,12:55,ok,2026-09-02T12:09:13.002538+05:30,2026-09-02_1209IST,airline_direct,IndiGo
BLR,HYD,6E,IndiGo,inf,2026-09-17,15,economy,,,4235.0,False,16:30,ok,2026-09-02T12:10:16.978178+05:30,2026-09-02_1210IST,airline_direct,IndiGo
BLR,HYD,6E,IndiGo,inf,2026-09-17,15,economy,,,4235.0,False,18:35,ok,2026-09-02T12:10:16.978178+05:30,2026-09-02_1210IST,airline_direct,IndiGo
BLR,HYD,6E,IndiGo,inf,2026-09-17,15,economy,,,4561.0,False,10:15,ok,2026-09-02T12:10:16.978178+05:30,2026-09-02_1210IST,airline_direct,IndiGo
BLR,HYD,6E,IndiGo,inf,2026-09-17,15,economy,,,4561.0,False,11:35,ok,2026-09-02T12:10:16.978178+05:30,2026-09-02_1210IST,airline_direct,IndiGo
BLR,HYD,6E,IndiGo,inf,2026-09-17,15,economy,,,4561.0,False,21:30,ok,2026-09-02T12:10:16.978178+05:30,2026-09-02_1210IST,airline_direct,IndiGo
BLR,HYD,6E,IndiGo,inf,2026-09-17,15,economy,,,4921.0,False,09:15,ok,2026-09-02T12:10:16.978178+05:30,2026-09-02_1210IST,airline_direct,IndiGo
BLR,HYD,6E,IndiGo,inf,2026-09-17,15,economy,,,4921.0,False,19:45,ok,2026-09-02T12:10:16.978178+05:30,2026-09-02_1210IST,airline_direct,IndiGo
BLR,HYD,6E,IndiGo,inf,2026-09-17,15,economy,,,7361.0,False,06:25,ok,2026-09-02T12:10:16.978178+05:30,2026-09-02_1210IST,airline_direct,IndiGo
BLR,HYD,6E,IndiGo,inf,2026-09-17,15,economy,,,7361.0,False,08:15,ok,2026-09-02T12:10:16.978178+05:30,2026-09-02_1210IST,airline_direct,IndiGo
BLR,HYD,6E,IndiGo,inf,2026-09-17,15,economy,,,5463.0,False,01:05,ok,2026-09-02T12:10:16.978178+05:30,2026-09-02_1210IST,airline_direct,IndiGo
BLR,HYD,6E,IndiGo,inf,2026-09-17,15,economy,,,5463.0,False,02:40,ok,2026-09-02T12:10:16.978178+05:30,2026-09-02_1210IST,airline_direct,IndiGo
BLR,HYD,6E,IndiGo,inf,2026-09-17,15,economy,,,5463.0,False,04:30,ok,2026-09-02T12:10:16.978178+05:30,2026-09-02_1210IST,airline_direct,IndiGo
BLR,HYD,6E,IndiGo,inf,2026-09-17,15,economy,,,5463.0,False,07:05,ok,2026-09-02T12:10:16.978178+05:30,2026-09-02_1210IST,airline_direct,IndiGo
BLR,HYD,6E,IndiGo,inf,2026-09-17,15,economy,,,5463.0,False,07:05,ok,2026-09-02T12:10:16.978178+05:30,2026-09-02_1210IST,airline_direct,IndiGo
BLR,HYD,6E,IndiGo,inf,2026-09-17,15,economy,,,5463.0,False,07:05,ok,2026-09-02T12:10:16.978178+05:30,2026-09-02_1210IST,airline_direct,IndiGo
BLR,HYD,6E,IndiGo,inf,2026-09-17,15,economy,,,5463.0,False,07:05,ok,2026-09-02T12:10:16.978178+05:30,2026-09-02_1210IST,airline_direct,IndiGo
BLR,HYD,6E,IndiGo,inf,2026-09-17,15,economy,,,5463.0,False,07:15,ok,2026-09-02T12:10:16.978178+05:30,2026-09-02_1210IST,airline_direct,IndiGo
BLR,HYD,6E,IndiGo,inf,2026-09-17,15,economy,,,5463.0,False,07:15,ok,2026-09-02T12:10:16.978178+05:30,2026-09-02_1210IST,airline_direct,IndiGo
BLR,HYD,6E,IndiGo,inf,2026-09-17,15,economy,,,5463.0,False,07:15,ok,2026-09-02T12:10:16.978178+05:30,2026-09-02_1210IST,airline_direct,IndiGo
BLR,HYD,6E,IndiGo,inf,2026-09-17,15,economy,,,5463.0,False,10:50,ok,2026-09-02T12:10:16.978178+05:30,2026-09-02_1210IST,airline_direct,IndiGo
BLR,HYD,6E,IndiGo,inf,2026-09-17,15,economy,,,5463.0,False,10:50,ok,2026-09-02T12:10:16.978178+05:30,2026-09-02_1210IST,airline_direct,IndiGo
BLR,HYD,6E,IndiGo,inf,2026-09-17,15,economy,,,5463.0,False,11:40,ok,2026-09-02T12:10:16.978178+05:30,2026-09-02_1210IST,airline_direct,IndiGo
BLR,HYD,6E,IndiGo,inf,2026-09-17,15,economy,,,5463.0,False,11:40,ok,2026-09-02T12:10:16.978178+05:30,2026-09-02_1210IST,airline_direct,IndiGo
BLR,HYD,6E,IndiGo,inf,2026-09-17,15,economy,,,5463.0,False,12:45,ok,2026-09-02T12:10:16.978178+05:30,2026-09-02_1210IST,airline_direct,IndiGo
BLR,HYD,6E,IndiGo,inf,2026-09-17,15,economy,,,5463.0,False,12:45,ok,2026-09-02T12:10:16.978178+05:30,2026-09-02_1210IST,airline_direct,IndiGo
BLR,HYD,6E,IndiGo,inf,2026-09-17,15,economy,,,5463.0,False,12:45,ok,2026-09-02T12:10:16.978178+05:30,2026-09-02_1210IST,airline_direct,IndiGo
BLR,HYD,6E,IndiGo,inf,2026-09-17,15,economy,,,5463.0,False,12:45,ok,2026-09-02T12:10:16.978178+05:30,2026-09-02_1210IST,airline_direct,IndiGo
BLR,HYD,6E,IndiGo,inf,2026-09-17,15,economy,,,5463.0,False,12:55,ok,2026-09-02T12:10:16.978178+05:30,2026-09-02_1210IST,airline_direct,IndiGo
BLR,HYD,6E,IndiGo,inf,2026-09-17,15,economy,,,5463.0,False,13:10,ok,2026-09-02T12:10:16.978178+05:30,2026-09-02_1210IST,airline_direct,IndiGo
BLR,HYD,6E,IndiGo,inf,2026-09-17,15,economy,,,5463.0,False,13:10,ok,2026-09-02T12:10:16.978178+05:30,2026-09-02_1210IST,airline_direct,IndiGo
BLR,HYD,6E,IndiGo,inf,2026-09-17,15,economy,,,5463.0,False,15:15,ok,2026-09-02T12:10:16.978178+05:30,2026-09-02_1210IST,airline_direct,IndiGo
BLR,HYD,6E,IndiGo,inf,2026-09-17,15,economy,,,5463.0,False,15:15,ok,2026-09-02T12:10:16.978178+05:30,2026-09-02_1210IST,airline_direct,IndiGo
BLR,HYD,6E,IndiGo,inf,2026-09-17,15,economy,,,5463.0,False,16:25,ok,2026-09-02T12:10:16.978178+05:30,2026-09-02_1210IST,airline_direct,IndiGo
BLR,HYD,6E,IndiGo,inf,2026-09-17,15,economy,,,5463.0,False,17:15,ok,2026-09-02T12:10:16.978178+05:30,2026-09-02_1210IST,airline_direct,IndiGo
BLR,HYD,6E,IndiGo,inf,2026-09-17,15,economy,,,5463.0,False,17:15,ok,2026-09-02T12:10:16.978178+05:30,2026-09-02_1210IST,airline_direct,IndiGo
BLR,HYD,6E,IndiGo,inf,2026-09-17,15,economy,,,5463.0,False,17:40,ok,2026-09-02T12:10:16.978178+05:30,2026-09-02_1210IST,airline_direct,IndiGo
BLR,HYD,6E,IndiGo,inf,2026-09-17,15,economy,,,5463.0,False,17:40,ok,2026-09-02T12:10:16.978178+05:30,2026-09-02_1210IST,airline_direct,IndiGo
BLR,HYD,6E,IndiGo,inf,2026-09-17,15,economy,,,5463.0,False,18:15,ok,2026-09-02T12:10:16.978178+05:30,2026-09-02_1210IST,airline_direct,IndiGo
BLR,HYD,6E,IndiGo,6e+105,2026-09-17,15,economy,,,5463.0,False,18:50,ok,2026-09-02T12:10:16.978178+05:30,2026-09-02_1210IST,airline_direct,IndiGo
BLR,HYD,6E,IndiGo,6e+105,2026-09-17,15,economy,,,5463.0,False,18:50,ok,2026-09-02T12:10:16.978178+05:30,2026-09-02_1210IST,airline_direct,IndiGo
BLR,HYD,6E,IndiGo,inf,2026-09-17,15,economy,,,5463.0,False,19:15,ok,2026-09-02T12:10:16.978178+05:30,2026-09-02_1210IST,airline_direct,IndiGo
BLR,HYD,6E,IndiGo,inf,2026-09-17,15,economy,,,5463.0,False,20:40,ok,2026-09-02T12:10:16.978178+05:30,2026-09-02_1210IST,airline_direct,IndiGo
BLR,HYD,6E,IndiGo,inf,2026-09-17,15,economy,,,5463.0,False,21:40,ok,2026-09-02T12:10:16.978178+05:30,2026-09-02_1210IST,airline_direct,IndiGo
BLR,HYD,6E,IndiGo,6e+116,2026-09-17,15,economy,,,5463.0,False,23:05,ok,2026-09-02T12:10:16.978178+05:30,2026-09-02_1210IST,airline_direct,IndiGo
BLR,HYD,6E,IndiGo,6e+116,2026-09-17,15,economy,,,5463.0,False,23:05,ok,2026-09-02T12:10:16.978178+05:30,2026-09-02_1210IST,airline_direct,IndiGo
BLR,HYD,6E,IndiGo,inf,2026-09-17,15,economy,,,5793.0,False,12:35,ok,2026-09-02T12:10:16.978178+05:30,2026-09-02_1210IST,airline_direct,IndiGo
BLR,HYD,6E,IndiGo,inf,2026-09-17,15,economy,,,5793.0,False,12:35,ok,2026-09-02T12:10:16.978178+05:30,2026-09-02_1210IST,airline_direct,IndiGo
BLR,HYD,6E,IndiGo,inf,2026-09-17,15,economy,,,5793.0,False,12:35,ok,2026-09-02T12:10:16.978178+05:30,2026-09-02_1210IST,airline_direct,IndiGo
BLR,HYD,6E,IndiGo,inf,2026-09-17,15,economy,,,6153.0,False,06:50,ok,2026-09-02T12:10:16.978178+05:30,2026-09-02_1210IST,airline_direct,IndiGo
BLR,HYD,6E,IndiGo,inf,2026-09-17,15,economy,,,6153.0,False,08:05,ok,2026-09-02T12:10:16.978178+05:30,2026-09-02_1210IST,airline_direct,IndiGo
BLR,HYD,6E,IndiGo,inf,2026-09-17,15,economy,,,6153.0,False,08:05,ok,2026-09-02T12:10:16.978178+05:30,2026-09-02_1210IST,airline_direct,IndiGo
BLR,HYD,6E,IndiGo,inf,2026-09-17,15,economy,,,6153.0,False,10:55,ok,2026-09-02T12:10:16.978178+05:30,2026-09-02_1210IST,airline_direct,IndiGo
BLR,HYD,6E,IndiGo,inf,2026-09-17,15,economy,,,6153.0,False,14:35,ok,2026-09-02T12:10:16.978178+05:30,2026-09-02_1210IST,airline_direct,IndiGo
BLR,HYD,6E,IndiGo,5.9999999999999995e+109,2026-09-17,15,economy,,,6153.0,False,17:00,ok,2026-09-02T12:10:16.978178+05:30,2026-09-02_1210IST,airline_direct,IndiGo
BLR,HYD,6E,IndiGo,inf,2026-09-17,15,economy,,,6153.0,False,18:50,ok,2026-09-02T12:10:16.978178+05:30,2026-09-02_1210IST,airline_direct,IndiGo
BLR,HYD,6E,IndiGo,inf,2026-09-17,15,economy,,,6412.0,False,06:25,ok,2026-09-02T12:10:16.978178+05:30,2026-09-02_1210IST,airline_direct,IndiGo
BLR,HYD,6E,IndiGo,inf,2026-09-17,15,economy,,,6543.0,False,06:50,ok,2026-09-02T12:10:16.978178+05:30,2026-09-02_1210IST,airline_direct,IndiGo
BLR,HYD,6E,IndiGo,inf,2026-09-17,15,economy,,,8067.0,False,10:40,ok,2026-09-02T12:10:16.978178+05:30,2026-09-02_1210IST,airline_direct,IndiGo
BLR,HYD,6E,IndiGo,inf,2026-09-17,15,economy,,,9730.0,False,10:25,ok,2026-09-02T12:10:16.978178+05:30,2026-09-02_1210IST,airline_direct,IndiGo
MAA,DEL,6E,IndiGo,inf,2026-09-17,15,business,,,24700.0,False,21:50,ok,2026-09-02T12:11:12.765427+05:30,2026-09-02_1211IST,airline_direct,IndiGo
MAA,DEL,6E,IndiGo,inf,2026-09-17,15,economy,,,9830.0,False,21:50,ok,2026-09-02T12:11:12.765427+05:30,2026-09-02_1211IST,airline_direct,IndiGo
MAA,DEL,6E,IndiGo,inf,2026-09-17,15,business,,,24700.0,False,14:30,ok,2026-09-02T12:11:12.765427+05:30,2026-09-02_1211IST,airline_direct,IndiGo
MAA,DEL,6E,IndiGo,inf,2026-09-17,15,economy,,,10295.0,False,14:30,ok,2026-09-02T12:11:12.765427+05:30,2026-09-02_1211IST,airline_direct,IndiGo
MAA,DEL,6E,IndiGo,inf,2026-09-17,15,business,,,24700.0,False,19:00,ok,2026-09-02T12:11:12.765427+05:30,2026-09-02_1211IST,airline_direct,IndiGo
MAA,DEL,6E,IndiGo,inf,2026-09-17,15,economy,,,10295.0,False,19:00,ok,2026-09-02T12:11:12.765427+05:30,2026-09-02_1211IST,airline_direct,IndiGo
MAA,DEL,6E,IndiGo,inf,2026-09-17,15,business,,,24700.0,False,13:00,ok,2026-09-02T12:11:12.765427+05:30,2026-09-02_1211IST,airline_direct,IndiGo
MAA,DEL,6E,IndiGo,inf,2026-09-17,15,economy,,,10785.0,False,13:00,ok,2026-09-02T12:11:12.765427+05:30,2026-09-02_1211IST,airline_direct,IndiGo
MAA,DEL,6E,IndiGo,inf,2026-09-17,15,business,,,24700.0,False,16:45,ok,2026-09-02T12:11:12.765427+05:30,2026-09-02_1211IST,airline_direct,IndiGo
MAA,DEL,6E,IndiGo,inf,2026-09-17,15,economy,,,10785.0,False,16:45,ok,2026-09-02T12:11:12.765427+05:30,2026-09-02_1211IST,airline_direct,IndiGo
MAA,DEL,6E,IndiGo,inf,2026-09-17,15,business,,,24700.0,False,23:45,ok,2026-09-02T12:11:12.765427+05:30,2026-09-02_1211IST,airline_direct,IndiGo
MAA,DEL,6E,IndiGo,inf,2026-09-17,15,economy,,,10785.0,False,23:45,ok,2026-09-02T12:11:12.765427+05:30,2026-09-02_1211IST,airline_direct,IndiGo
MAA,DEL,6E,IndiGo,inf,2026-09-17,15,business,,,24700.0,False,06:30,ok,2026-09-02T12:11:12.765427+05:30,2026-09-02_1211IST,airline_direct,IndiGo
MAA,DEL,6E,IndiGo,inf,2026-09-17,15,economy,,,12426.0,False,06:30,ok,2026-09-02T12:11:12.765427+05:30,2026-09-02_1211IST,airline_direct,IndiGo
MAA,DEL,6E,IndiGo,inf,2026-09-17,15,business,,,24700.0,False,09:15,ok,2026-09-02T12:11:12.765427+05:30,2026-09-02_1211IST,airline_direct,IndiGo
MAA,DEL,6E,IndiGo,inf,2026-09-17,15,economy,,,12426.0,False,09:15,ok,2026-09-02T12:11:12.765427+05:30,2026-09-02_1211IST,airline_direct,IndiGo
MAA,DEL,6E,IndiGo,inf,2026-09-17,15,business,,,24700.0,False,11:10,ok,2026-09-02T12:11:12.765427+05:30,2026-09-02_1211IST,airline_direct,IndiGo
MAA,DEL,6E,IndiGo,inf,2026-09-17,15,economy,,,12426.0,False,11:10,ok,2026-09-02T12:11:12.765427+05:30,2026-09-02_1211IST,airline_direct,IndiGo
MAA,DEL,6E,IndiGo,inf,2026-09-17,15,economy,,,9568.0,False,13:10,ok,2026-09-02T12:11:12.765427+05:30,2026-09-02_1211IST,airline_direct,IndiGo
MAA,DEL,6E,IndiGo,6e+253,2026-09-17,15,business,,,27587.0,False,03:10,ok,2026-09-02T12:11:12.765427+05:30,2026-09-02_1211IST,airline_direct,IndiGo
MAA,DEL,6E,IndiGo,6e+253,2026-09-17,15,economy,,,9778.0,False,03:10,ok,2026-09-02T12:11:12.765427+05:30,2026-09-02_1211IST,airline_direct,IndiGo
MAA,DEL,6E,IndiGo,6.000000000000001e+244,2026-09-17,15,economy,,,9778.0,False,03:55,ok,2026-09-02T12:11:12.765427+05:30,2026-09-02_1211IST,airline_direct,IndiGo
MAA,DEL,6E,IndiGo,inf,2026-09-17,15,business,,,27587.0,False,05:40,ok,2026-09-02T12:11:12.765427+05:30,2026-09-02_1211IST,airline_direct,IndiGo
MAA,DEL,6E,IndiGo,inf,2026-09-17,15,economy,,,9778.0,False,05:40,ok,2026-09-02T12:11:12.765427+05:30,2026-09-02_1211IST,airline_direct,IndiGo
MAA,DEL,6E,IndiGo,inf,2026-09-17,15,business,,,27420.0,False,07:10,ok,2026-09-02T12:11:12.765427+05:30,2026-09-02_1211IST,airline_direct,IndiGo
MAA,DEL,6E,IndiGo,inf,2026-09-17,15,economy,,,9778.0,False,07:10,ok,2026-09-02T12:11:12.765427+05:30,2026-09-02_1211IST,airline_direct,IndiGo
MAA,DEL,6E,IndiGo,inf,2026-09-17,15,business,,,27970.0,False,09:05,ok,2026-09-02T12:11:12.765427+05:30,2026-09-02_1211IST,airline_direct,IndiGo
MAA,DEL,6E,IndiGo,inf,2026-09-17,15,economy,,,9778.0,False,09:05,ok,2026-09-02T12:11:12.765427+05:30,2026-09-02_1211IST,airline_direct,IndiGo
MAA,DEL,6E,IndiGo,inf,2026-09-17,15,business,,,27970.0,False,09:05,ok,2026-09-02T12:11:12.765427+05:30,2026-09-02_1211IST,airline_direct,IndiGo
MAA,DEL,6E,IndiGo,inf,2026-09-17,15,economy,,,9778.0,False,09:05,ok,2026-09-02T12:11:12.765427+05:30,2026-09-02_1211IST,airline_direct,IndiGo
MAA,DEL,6E,IndiGo,inf,2026-09-17,15,economy,,,9778.0,False,09:30,ok,2026-09-02T12:11:12.765427+05:30,2026-09-02_1211IST,airline_direct,IndiGo
MAA,DEL,6E,IndiGo,inf,2026-09-17,15,business,,,26398.0,False,09:55,ok,2026-09-02T12:11:12.765427+05:30,2026-09-02_1211IST,airline_direct,IndiGo
MAA,DEL,6E,IndiGo,inf,2026-09-17,15,economy,,,9778.0,False,09:55,ok,2026-09-02T12:11:12.765427+05:30,2026-09-02_1211IST,airline_direct,IndiGo
MAA,DEL,6E,IndiGo,inf,2026-09-17,15,business,,,26398.0,False,09:55,ok,2026-09-02T12:11:12.765427+05:30,2026-09-02_1211IST,airline_direct,IndiGo
MAA,DEL,6E,IndiGo,inf,2026-09-17,15,economy,,,9778.0,False,09:55,ok,2026-09-02T12:11:12.765427+05:30,2026-09-02_1211IST,airline_direct,IndiGo
MAA,DEL,6E,IndiGo,inf,2026-09-17,15,business,,,28061.0,False,11:10,ok,2026-09-02T12:11:12.765427+05:30,2026-09-02_1211IST,airline_direct,IndiGo
MAA,DEL,6E,IndiGo,inf,2026-09-17,15,economy,,,9778.0,False,11:10,ok,2026-09-02T12:11:12.765427+05:30,2026-09-02_1211IST,airline_direct,IndiGo
MAA,DEL,6E,IndiGo,inf,2026-09-17,15,economy,,,9778.0,False,11:25,ok,2026-09-02T12:11:12.765427+05:30,2026-09-02_1211IST,airline_direct,IndiGo
MAA,DEL,6E,IndiGo,6e+183,2026-09-17,15,business,,,28061.0,False,16:35,ok,2026-09-02T12:11:12.765427+05:30,2026-09-02_1211IST,airline_direct,IndiGo
MAA,DEL,6E,IndiGo,6e+183,2026-09-17,15,economy,,,9778.0,False,16:35,ok,2026-09-02T12:11:12.765427+05:30,2026-09-02_1211IST,airline_direct,IndiGo
MAA,DEL,6E,IndiGo,inf,2026-09-17,15,economy,,,9778.0,False,17:50,ok,2026-09-02T12:11:12.765427+05:30,2026-09-02_1211IST,airline_direct,IndiGo
MAA,DEL,6E,IndiGo,6e+193,2026-09-17,15,business,,,27420.0,False,20:00,ok,2026-09-02T12:11:12.765427+05:30,2026-09-02_1211IST,airline_direct,IndiGo
MAA,DEL,6E,IndiGo,6e+193,2026-09-17,15,economy,,,9778.0,False,20:00,ok,2026-09-02T12:11:12.765427+05:30,2026-09-02_1211IST,airline_direct,IndiGo
MAA,DEL,6E,IndiGo,inf,2026-09-17,15,business,,,26857.0,False,21:25,ok,2026-09-02T12:11:12.765427+05:30,2026-09-02_1211IST,airline_direct,IndiGo
MAA,DEL,6E,IndiGo,inf,2026-09-17,15,economy,,,9778.0,False,21:25,ok,2026-09-02T12:11:12.765427+05:30,2026-09-02_1211IST,airline_direct,IndiGo
MAA,DEL,6E,IndiGo,inf,2026-09-17,15,business,,,27587.0,False,22:20,ok,2026-09-02T12:11:12.765427+05:30,2026-09-02_1211IST,airline_direct,IndiGo
MAA,DEL,6E,IndiGo,inf,2026-09-17,15,economy,,,9778.0,False,22:20,ok,2026-09-02T12:11:12.765427+05:30,2026-09-02_1211IST,airline_direct,IndiGo
MAA,DEL,6E,IndiGo,inf,2026-09-17,15,business,,,29704.0,False,08:55,ok,2026-09-02T12:11:12.765427+05:30,2026-09-02_1211IST,airline_direct,IndiGo
MAA,DEL,6E,IndiGo,inf,2026-09-17,15,economy,,,9857.0,False,08:55,ok,2026-09-02T12:11:12.765427+05:30,2026-09-02_1211IST,airline_direct,IndiGo
MAA,DEL,6E,IndiGo,inf,2026-09-17,15,business,,,29704.0,False,10:55,ok,2026-09-02T12:11:12.765427+05:30,2026-09-02_1211IST,airline_direct,IndiGo
MAA,DEL,6E,IndiGo,inf,2026-09-17,15,economy,,,9857.0,False,10:55,ok,2026-09-02T12:11:12.765427+05:30,2026-09-02_1211IST,airline_direct,IndiGo
MAA,DEL,6E,IndiGo,inf,2026-09-17,15,business,,,29704.0,False,10:55,ok,2026-09-02T12:11:12.765427+05:30,2026-09-02_1211IST,airline_direct,IndiGo
MAA,DEL,6E,IndiGo,inf,2026-09-17,15,economy,,,9857.0,False,10:55,ok,2026-09-02T12:11:12.765427+05:30,2026-09-02_1211IST,airline_direct,IndiGo
MAA,DEL,6E,IndiGo,inf,2026-09-17,15,business,,,30837.0,False,14:35,ok,2026-09-02T12:11:12.765427+05:30,2026-09-02_1211IST,airline_direct,IndiGo
MAA,DEL,6E,IndiGo,inf,2026-09-17,15,economy,,,9857.0,False,14:35,ok,2026-09-02T12:11:12.765427+05:30,2026-09-02_1211IST,airline_direct,IndiGo
MAA,DEL,6E,IndiGo,inf,2026-09-17,15,business,,,30424.0,False,16:15,ok,2026-09-02T12:11:12.765427+05:30,2026-09-02_1211IST,airline_direct,IndiGo
MAA,DEL,6E,IndiGo,inf,2026-09-17,15,economy,,,9857.0,False,16:15,ok,2026-09-02T12:11:12.765427+05:30,2026-09-02_1211IST,airline_direct,IndiGo
MAA,DEL,6E,IndiGo,inf,2026-09-17,15,business,,,30048.0,False,17:45,ok,2026-09-02T12:11:12.765427+05:30,2026-09-02_1211IST,airline_direct,IndiGo
MAA,DEL,6E,IndiGo,inf,2026-09-17,15,economy,,,9857.0,False,17:45,ok,2026-09-02T12:11:12.765427+05:30,2026-09-02_1211IST,airline_direct,IndiGo
MAA,DEL,6E,IndiGo,inf,2026-09-17,15,business,,,30048.0,False,17:45,ok,2026-09-02T12:11:12.765427+05:30,2026-09-02_1211IST,airline_direct,IndiGo
MAA,DEL,6E,IndiGo,inf,2026-09-17,15,economy,,,9857.0,False,17:45,ok,2026-09-02T12:11:12.765427+05:30,2026-09-02_1211IST,airline_direct,IndiGo
MAA,DEL,6E,IndiGo,inf,2026-09-17,15,economy,,,9857.0,False,18:20,ok,2026-09-02T12:11:12.765427+05:30,2026-09-02_1211IST,airline_direct,IndiGo
MAA,DEL,6E,IndiGo,inf,2026-09-17,15,business,,,29944.0,False,02:30,ok,2026-09-02T12:11:12.765427+05:30,2026-09-02_1211IST,airline_direct,IndiGo
MAA,DEL,6E,IndiGo,inf,2026-09-17,15,economy,,,9988.0,False,02:30,ok,2026-09-02T12:11:12.765427+05:30,2026-09-02_1211IST,airline_direct,IndiGo
MAA,DEL,6E,IndiGo,inf,2026-09-17,15,business,,,30686.0,False,08:20,ok,2026-09-02T12:11:12.765427+05:30,2026-09-02_1211IST,airline_direct,IndiGo
MAA,DEL,6E,IndiGo,inf,2026-09-17,15,economy,,,9988.0,False,08:20,ok,2026-09-02T12:11:12.765427+05:30,2026-09-02_1211IST,airline_direct,IndiGo
MAA,DEL,6E,IndiGo,inf,2026-09-17,15,business,,,31866.0,False,11:45,ok,2026-09-02T12:11:12.765427+05:30,2026-09-02_1211IST,airline_direct,IndiGo
MAA,DEL,6E,IndiGo,inf,2026-09-17,15,economy,,,9988.0,False,11:45,ok,2026-09-02T12:11:12.765427+05:30,2026-09-02_1211IST,airline_direct,IndiGo
MAA,DEL,6E,IndiGo,inf,2026-09-17,15,business,,,35375.0,False,12:45,ok,2026-09-02T12:11:12.765427+05:30,2026-09-02_1211IST,airline_direct,IndiGo
MAA,DEL,6E,IndiGo,inf,2026-09-17,15,economy,,,9988.0,False,12:45,ok,2026-09-02T12:11:12.765427+05:30,2026-09-02_1211IST,airline_direct,IndiGo
MAA,DEL,6E,IndiGo,inf,2026-09-17,15,economy,,,9988.0,False,17:00,ok,2026-09-02T12:11:12.765427+05:30,2026-09-02_1211IST,airline_direct,IndiGo
MAA,DEL,6E,IndiGo,inf,2026-09-17,15,economy,,,9988.0,False,18:05,ok,2026-09-02T12:11:12.765427+05:30,2026-09-02_1211IST,airline_direct,IndiGo
MAA,DEL,6E,IndiGo,inf,2026-09-17,15,business,,,35375.0,False,18:15,ok,2026-09-02T12:11:12.765427+05:30,2026-09-02_1211IST,airline_direct,IndiGo
MAA,DEL,6E,IndiGo,inf,2026-09-17,15,economy,,,9988.0,False,18:15,ok,2026-09-02T12:11:12.765427+05:30,2026-09-02_1211IST,airline_direct,IndiGo
MAA,DEL,6E,IndiGo,inf,2026-09-17,15,economy,,,10404.0,False,07:35,ok,2026-09-02T12:11:12.765427+05:30,2026-09-02_1211IST,airline_direct,IndiGo
MAA,DEL,6E,IndiGo,6e+189,2026-09-17,15,business,,,29704.0,False,19:05,ok,2026-09-02T12:11:12.765427+05:30,2026-09-02_1211IST,airline_direct,IndiGo
MAA,DEL,6E,IndiGo,6e+189,2026-09-17,15,economy,,,12914.0,False,19:05,ok,2026-09-02T12:11:12.765427+05:30,2026-09-02_1211IST,airline_direct,IndiGo
MAA,DEL,6E,IndiGo,inf,2026-09-17,15,business,,,30837.0,False,14:35,ok,2026-09-02T12:11:12.765427+05:30,2026-09-02_1211IST,airline_direct,IndiGo
MAA,DEL,6E,IndiGo,inf,2026-09-17,15,economy,,,12980.0,False,14:35,ok,2026-09-02T12:11:12.765427+05:30,2026-09-02_1211IST,airline_direct,IndiGo
MAA,DEL,6E,IndiGo,inf,2026-09-17,15,economy,,,13644.0,False,17:45,ok,2026-09-02T12:11:12.765427+05:30,2026-09-02_1211IST,airline_direct,IndiGo
MAA,DEL,6E,IndiGo,inf,2026-09-17,15,business,,,35375.0,False,16:40,ok,2026-09-02T12:11:12.765427+05:30,2026-09-02_1211IST,airline_direct,IndiGo
MAA,DEL,6E,IndiGo,inf,2026-09-17,15,economy,,,13885.0,False,16:40,ok,2026-09-02T12:11:12.765427+05:30,2026-09-02_1211IST,airline_direct,IndiGo
MAA,DEL,6E,IndiGo,inf,2026-09-17,15,business,,,35375.0,False,12:45,ok,2026-09-02T12:11:12.765427+05:30,2026-09-02_1211IST,airline_direct,IndiGo
MAA,DEL,6E,IndiGo,inf,2026-09-17,15,economy,,,13897.0,False,12:45,ok,2026-09-02T12:11:12.765427+05:30,2026-09-02_1211IST,airline_direct,IndiGo
MAA,DEL,6E,IndiGo,inf,2026-09-17,15,business,,,27420.0,False,07:10,ok,2026-09-02T12:11:12.765427+05:30,2026-09-02_1211IST,airline_direct,IndiGo
MAA,DEL,6E,IndiGo,inf,2026-09-17,15,economy,,,14101.0,False,07:10,ok,2026-09-02T12:11:12.765427+05:30,2026-09-02_1211IST,airline_direct,IndiGo
MAA,DEL,6E,IndiGo,inf,2026-09-17,15,business,,,27420.0,False,18:20,ok,2026-09-02T12:11:12.765427+05:30,2026-09-02_1211IST,airline_direct,IndiGo
MAA,DEL,6E,IndiGo,inf,2026-09-17,15,economy,,,14101.0,False,18:20,ok,2026-09-02T12:11:12.765427+05:30,2026-09-02_1211IST,airline_direct,IndiGo
MAA,DEL,6E,IndiGo,inf,2026-09-17,15,business,,,35375.0,False,11:00,ok,2026-09-02T12:11:12.765427+05:30,2026-09-02_1211IST,airline_direct,IndiGo
MAA,DEL,6E,IndiGo,inf,2026-09-17,15,economy,,,14346.0,False,11:00,ok,2026-09-02T12:11:12.765427+05:30,2026-09-02_1211IST,airline_direct,IndiGo
MAA,DEL,6E,IndiGo,inf,2026-09-17,15,business,,,27970.0,False,12:00,ok,2026-09-02T12:11:12.765427+05:30,2026-09-02_1211IST,airline_direct,IndiGo
MAA,DEL,6E,IndiGo,inf,2026-09-17,15,economy,,,14590.0,False,12:00,ok,2026-09-02T12:11:12.765427+05:30,2026-09-02_1211IST,airline_direct,IndiGo
MAA,DEL,6E,IndiGo,inf,2026-09-17,15,business,,,27420.0,False,16:10,ok,2026-09-02T12:11:12.765427+05:30,2026-09-02_1211IST,airline_direct,IndiGo
MAA,DEL,6E,IndiGo,inf,2026-09-17,15,economy,,,14780.0,False,16:10,ok,2026-09-02T12:11:12.765427+05:30,2026-09-02_1211IST,airline_direct,IndiGo
MAA,DEL,6E,IndiGo,inf,2026-09-17,15,business,,,35375.0,False,06:45,ok,2026-09-02T12:11:12.765427+05:30,2026-09-02_1211IST,airline_direct,IndiGo
MAA,DEL,6E,IndiGo,inf,2026-09-17,15,economy,,,14826.0,False,06:45,ok,2026-09-02T12:11:12.765427+05:30,2026-09-02_1211IST,airline_direct,IndiGo
MAA,DEL,6E,IndiGo,inf,2026-09-17,15,business,,,35375.0,False,09:00,ok,2026-09-02T12:11:12.765427+05:30,2026-09-02_1211IST,airline_direct,IndiGo
MAA,DEL,6E,IndiGo,inf,2026-09-17,15,economy,,,14826.0,False,09:00,ok,2026-09-02T12:11:12.765427+05:30,2026-09-02_1211IST,airline_direct,IndiGo
MAA,DEL,6E,IndiGo,inf,2026-09-17,15,business,,,35375.0,False,09:00,ok,2026-09-02T12:11:12.765427+05:30,2026-09-02_1211IST,airline_direct,IndiGo
MAA,DEL,6E,IndiGo,inf,2026-09-17,15,economy,,,14826.0,False,09:00,ok,2026-09-02T12:11:12.765427+05:30,2026-09-02_1211IST,airline_direct,IndiGo
MAA,DEL,6E,IndiGo,inf,2026-09-17,15,business,,,30837.0,False,07:05,ok,2026-09-02T12:11:12.765427+05:30,2026-09-02_1211IST,airline_direct,IndiGo
MAA,DEL,6E,IndiGo,inf,2026-09-17,15,economy,,,14994.0,False,07:05,ok,2026-09-02T12:11:12.765427+05:30,2026-09-02_1211IST,airline_direct,IndiGo
MAA,DEL,6E,IndiGo,inf,2026-09-17,15,business,,,30837.0,False,07:05,ok,2026-09-02T12:11:12.765427+05:30,2026-09-02_1211IST,airline_direct,IndiGo
MAA,DEL,6E,IndiGo,inf,2026-09-17,15,economy,,,15585.0,False,07:05,ok,2026-09-02T12:11:12.765427+05:30,2026-09-02_1211IST,airline_direct,IndiGo
MAA,DEL,6E,IndiGo,inf,2026-09-17,15,economy,,,19937.0,False,11:55,ok,2026-09-02T12:11:12.765427+05:30,2026-09-02_1211IST,airline_direct,IndiGo
DEL,BOM,6E,IndiGo,inf,2026-10-02,30,business,,,21900.0,False,03:00,ok,2026-09-02T12:12:22.714696+05:30,2026-09-02_1212IST,airline_direct,IndiGo
DEL,BOM,6E,IndiGo,inf,2026-10-02,30,economy,,,6305.0,False,03:00,ok,2026-09-02T12:12:22.714696+05:30,2026-09-02_1212IST,airline_direct,IndiGo
DEL,BOM,6E,IndiGo,inf,2026-10-02,30,business,,,21900.0,False,05:00,ok,2026-09-02T12:12:22.714696+05:30,2026-09-02_1212IST,airline_direct,IndiGo
DEL,BOM,6E,IndiGo,inf,2026-10-02,30,economy,,,6305.0,False,05:00,ok,2026-09-02T12:12:22.714696+05:30,2026-09-02_1212IST,airline_direct,IndiGo
DEL,BOM,6E,IndiGo,inf,2026-10-02,30,business,,,21900.0,False,08:45,ok,2026-09-02T12:12:22.714696+05:30,2026-09-02_1212IST,airline_direct,IndiGo
DEL,BOM,6E,IndiGo,inf,2026-10-02,30,economy,,,6305.0,False,08:45,ok,2026-09-02T12:12:22.714696+05:30,2026-09-02_1212IST,airline_direct,IndiGo
DEL,BOM,6E,IndiGo,inf,2026-10-02,30,business,,,21900.0,False,09:30,ok,2026-09-02T12:12:22.714696+05:30,2026-09-02_1212IST,airline_direct,IndiGo
DEL,BOM,6E,IndiGo,inf,2026-10-02,30,economy,,,6305.0,False,09:30,ok,2026-09-02T12:12:22.714696+05:30,2026-09-02_1212IST,airline_direct,IndiGo
DEL,BOM,6E,IndiGo,inf,2026-10-02,30,business,,,21900.0,False,10:15,ok,2026-09-02T12:12:22.714696+05:30,2026-09-02_1212IST,airline_direct,IndiGo
DEL,BOM,6E,IndiGo,inf,2026-10-02,30,economy,,,6305.0,False,10:15,ok,2026-09-02T12:12:22.714696+05:30,2026-09-02_1212IST,airline_direct,IndiGo
DEL,BOM,6E,IndiGo,inf,2026-10-02,30,business,,,21900.0,False,11:00,ok,2026-09-02T12:12:22.714696+05:30,2026-09-02_1212IST,airline_direct,IndiGo
DEL,BOM,6E,IndiGo,inf,2026-10-02,30,economy,,,6305.0,False,11:00,ok,2026-09-02T12:12:22.714696+05:30,2026-09-02_1212IST,airline_direct,IndiGo
DEL,BOM,6E,IndiGo,inf,2026-10-02,30,business,,,21900.0,False,12:00,ok,2026-09-02T12:12:22.714696+05:30,2026-09-02_1212IST,airline_direct,IndiGo
DEL,BOM,6E,IndiGo,inf,2026-10-02,30,economy,,,6305.0,False,12:00,ok,2026-09-02T12:12:22.714696+05:30,2026-09-02_1212IST,airline_direct,IndiGo
DEL,BOM,6E,IndiGo,inf,2026-10-02,30,business,,,21900.0,False,13:00,ok,2026-09-02T12:12:22.714696+05:30,2026-09-02_1212IST,airline_direct,IndiGo
DEL,BOM,6E,IndiGo,inf,2026-10-02,30,economy,,,6305.0,False,13:00,ok,2026-09-02T12:12:22.714696+05:30,2026-09-02_1212IST,airline_direct,IndiGo
DEL,BOM,6E,IndiGo,inf,2026-10-02,30,business,,,21900.0,False,14:00,ok,2026-09-02T12:12:22.714696+05:30,2026-09-02_1212IST,airline_direct,IndiGo
DEL,BOM,6E,IndiGo,inf,2026-10-02,30,economy,,,6305.0,False,14:00,ok,2026-09-02T12:12:22.714696+05:30,2026-09-02_1212IST,airline_direct,IndiGo
DEL,BOM,6E,IndiGo,inf,2026-10-02,30,business,,,21900.0,False,14:45,ok,2026-09-02T12:12:22.714696+05:30,2026-09-02_1212IST,airline_direct,IndiGo
DEL,BOM,6E,IndiGo,inf,2026-10-02,30,economy,,,6305.0,False,14:45,ok,2026-09-02T12:12:22.714696+05:30,2026-09-02_1212IST,airline_direct,IndiGo
DEL,BOM,6E,IndiGo,inf,2026-10-02,30,business,,,21900.0,False,15:30,ok,2026-09-02T12:12:22.714696+05:30,2026-09-02_1212IST,airline_direct,IndiGo
DEL,BOM,6E,IndiGo,inf,2026-10-02,30,economy,,,6305.0,False,15:30,ok,2026-09-02T12:12:22.714696+05:30,2026-09-02_1212IST,airline_direct,IndiGo
DEL,BOM,6E,IndiGo,inf,2026-10-02,30,business,,,21900.0,False,23:30,ok,2026-09-02T12:12:22.714696+05:30,2026-09-02_1212IST,airline_direct,IndiGo
DEL,BOM,6E,IndiGo,inf,2026-10-02,30,economy,,,6305.0,False,23:30,ok,2026-09-02T12:12:22.714696+05:30,2026-09-02_1212IST,airline_direct,IndiGo
DEL,BOM,6E,IndiGo,inf,2026-10-02,30,business,,,21900.0,False,06:05,ok,2026-09-02T12:12:22.714696+05:30,2026-09-02_1212IST,airline_direct,IndiGo
DEL,BOM,6E,IndiGo,inf,2026-10-02,30,economy,,,6357.0,False,06:05,ok,2026-09-02T12:12:22.714696+05:30,2026-09-02_1212IST,airline_direct,IndiGo
DEL,BOM,6E,IndiGo,inf,2026-10-02,30,business,,,21900.0,False,16:15,ok,2026-09-02T12:12:22.714696+05:30,2026-09-02_1212IST,airline_direct,IndiGo
DEL,BOM,6E,IndiGo,inf,2026-10-02,30,economy,,,6357.0,False,16:15,ok,2026-09-02T12:12:22.714696+05:30,2026-09-02_1212IST,airline_direct,IndiGo
DEL,BOM,6E,IndiGo,inf,2026-10-02,30,business,,,21900.0,False,17:00,ok,2026-09-02T12:12:22.714696+05:30,2026-09-02_1212IST,airline_direct,IndiGo
DEL,BOM,6E,IndiGo,inf,2026-10-02,30,economy,,,6431.0,False,17:00,ok,2026-09-02T12:12:22.714696+05:30,2026-09-02_1212IST,airline_direct,IndiGo
DEL,BOM,6E,IndiGo,inf,2026-10-02,30,business,,,21900.0,False,21:45,ok,2026-09-02T12:12:22.714696+05:30,2026-09-02_1212IST,airline_direct,IndiGo
DEL,BOM,6E,IndiGo,inf,2026-10-02,30,economy,,,6431.0,False,21:45,ok,2026-09-02T12:12:22.714696+05:30,2026-09-02_1212IST,airline_direct,IndiGo
DEL,BOM,6E,IndiGo,inf,2026-10-02,30,business,,,21900.0,False,22:45,ok,2026-09-02T12:12:22.714696+05:30,2026-09-02_1212IST,airline_direct,IndiGo
DEL,BOM,6E,IndiGo,inf,2026-10-02,30,economy,,,6431.0,False,22:45,ok,2026-09-02T12:12:22.714696+05:30,2026-09-02_1212IST,airline_direct,IndiGo
DEL,BOM,6E,IndiGo,inf,2026-10-02,30,business,,,21900.0,False,18:00,ok,2026-09-02T12:12:22.714696+05:30,2026-09-02_1212IST,airline_direct,IndiGo
DEL,BOM,6E,IndiGo,inf,2026-10-02,30,economy,,,6688.0,False,18:00,ok,2026-09-02T12:12:22.714696+05:30,2026-09-02_1212IST,airline_direct,IndiGo
DEL,BOM,6E,IndiGo,inf,2026-10-02,30,business,,,21900.0,False,19:00,ok,2026-09-02T12:12:22.714696+05:30,2026-09-02_1212IST,airline_direct,IndiGo
DEL,BOM,6E,IndiGo,inf,2026-10-02,30,economy,,,6688.0,False,19:00,ok,2026-09-02T12:12:22.714696+05:30,2026-09-02_1212IST,airline_direct,IndiGo
DEL,BOM,6E,IndiGo,6.000000000000001e+303,2026-10-02,30,business,,,21900.0,False,20:00,ok,2026-09-02T12:12:22.714696+05:30,2026-09-02_1212IST,airline_direct,IndiGo
DEL,BOM,6E,IndiGo,6.000000000000001e+303,2026-10-02,30,economy,,,6688.0,False,20:00,ok,2026-09-02T12:12:22.714696+05:30,2026-09-02_1212IST,airline_direct,IndiGo
DEL,BOM,6E,IndiGo,inf,2026-10-02,30,business,,,21900.0,False,20:45,ok,2026-09-02T12:12:22.714696+05:30,2026-09-02_1212IST,airline_direct,IndiGo
DEL,BOM,6E,IndiGo,inf,2026-10-02,30,economy,,,6688.0,False,20:45,ok,2026-09-02T12:12:22.714696+05:30,2026-09-02_1212IST,airline_direct,IndiGo
DEL,BOM,6E,IndiGo,inf,2026-10-02,30,business,,,21900.0,False,08:00,ok,2026-09-02T12:12:22.714696+05:30,2026-09-02_1212IST,airline_direct,IndiGo
DEL,BOM,6E,IndiGo,inf,2026-10-02,30,economy,,,7003.0,False,08:00,ok,2026-09-02T12:12:22.714696+05:30,2026-09-02_1212IST,airline_direct,IndiGo
DEL,BOM,6E,IndiGo,inf,2026-10-02,30,business,,,21900.0,False,07:15,ok,2026-09-02T12:12:22.714696+05:30,2026-09-02_1212IST,airline_direct,IndiGo
DEL,BOM,6E,IndiGo,inf,2026-10-02,30,economy,,,7685.0,False,07:15,ok,2026-09-02T12:12:22.714696+05:30,2026-09-02_1212IST,airline_direct,IndiGo
DEL,BOM,6E,IndiGo,inf,2026-10-02,30,economy,,,6618.0,False,00:15,ok,2026-09-02T12:12:22.714696+05:30,2026-09-02_1212IST,airline_direct,IndiGo
DEL,BOM,6E,IndiGo,inf,2026-10-02,30,economy,,,6618.0,False,05:10,ok,2026-09-02T12:12:22.714696+05:30,2026-09-02_1212IST,airline_direct,IndiGo
DEL,BOM,6E,IndiGo,inf,2026-10-02,30,economy,,,6618.0,False,05:10,ok,2026-09-02T12:12:22.714696+05:30,2026-09-02_1212IST,airline_direct,IndiGo
DEL,BOM,6E,IndiGo,inf,2026-10-02,30,economy,,,6618.0,False,05:40,ok,2026-09-02T12:12:22.714696+05:30,2026-09-02_1212IST,airline_direct,IndiGo
DEL,BOM,6E,IndiGo,inf,2026-10-02,30,economy,,,6618.0,False,07:30,ok,2026-09-02T12:12:22.714696+05:30,2026-09-02_1212IST,airline_direct,IndiGo
DEL,BOM,6E,IndiGo,inf,2026-10-02,30,economy,,,6618.0,False,12:20,ok,2026-09-02T12:12:22.714696+05:30,2026-09-02_1212IST,airline_direct,IndiGo
DEL,BOM,6E,IndiGo,inf,2026-10-02,30,economy,,,6618.0,False,14:50,ok,2026-09-02T12:12:22.714696+05:30,2026-09-02_1212IST,airline_direct,IndiGo
DEL,BOM,6E,IndiGo,inf,2026-10-02,30,economy,,,6618.0,False,15:35,ok,2026-09-02T12:12:22.714696+05:30,2026-09-02_1212IST,airline_direct,IndiGo
DEL,BOM,6E,IndiGo,inf,2026-10-02,30,economy,,,6618.0,False,17:05,ok,2026-09-02T12:12:22.714696+05:30,2026-09-02_1212IST,airline_direct,IndiGo
DEL,BOM,6E,IndiGo,inf,2026-10-02,30,economy,,,6618.0,False,17:05,ok,2026-09-02T12:12:22.714696+05:30,2026-09-02_1212IST,airline_direct,IndiGo
DEL,BOM,6E,IndiGo,inf,2026-10-02,30,economy,,,6618.0,False,18:30,ok,2026-09-02T12:12:22.714696+05:30,2026-09-02_1212IST,airline_direct,IndiGo
DEL,BOM,6E,IndiGo,inf,2026-10-02,30,economy,,,6618.0,False,19:30,ok,2026-09-02T12:12:22.714696+05:30,2026-09-02_1212IST,airline_direct,IndiGo
DEL,BOM,6E,IndiGo,inf,2026-10-02,30,economy,,,6750.0,False,05:00,ok,2026-09-02T12:12:22.714696+05:30,2026-09-02_1212IST,airline_direct,IndiGo
DEL,BOM,6E,IndiGo,inf,2026-10-02,30,economy,,,6750.0,False,05:55,ok,2026-09-02T12:12:22.714696+05:30,2026-09-02_1212IST,airline_direct,IndiGo
DEL,BOM,6E,IndiGo,inf,2026-10-02,30,economy,,,6750.0,False,09:00,ok,2026-09-02T12:12:22.714696+05:30,2026-09-02_1212IST,airline_direct,IndiGo
DEL,BOM,6E,IndiGo,inf,2026-10-02,30,economy,,,6750.0,False,11:20,ok,2026-09-02T12:12:22.714696+05:30,2026-09-02_1212IST,airline_direct,IndiGo
DEL,BOM,6E,IndiGo,inf,2026-10-02,30,economy,,,6750.0,False,15:00,ok,2026-09-02T12:12:22.714696+05:30,2026-09-02_1212IST,airline_direct,IndiGo
DEL,BOM,6E,IndiGo,inf,2026-10-02,30,economy,,,6750.0,False,16:30,ok,2026-09-02T12:12:22.714696+05:30,2026-09-02_1212IST,airline_direct,IndiGo
DEL,BOM,6E,IndiGo,inf,2026-10-02,30,economy,,,6750.0,False,17:20,ok,2026-09-02T12:12:22.714696+05:30,2026-09-02_1212IST,airline_direct,IndiGo
DEL,BOM,6E,IndiGo,inf,2026-10-02,30,economy,,,6750.0,False,19:10,ok,2026-09-02T12:12:22.714696+05:30,2026-09-02_1212IST,airline_direct,IndiGo
DEL,BOM,6E,IndiGo,inf,2026-10-02,30,economy,,,6750.0,False,19:40,ok,2026-09-02T12:12:22.714696+05:30,2026-09-02_1212IST,airline_direct,IndiGo
DEL,BOM,6E,IndiGo,inf,2026-10-02,30,economy,,,6828.0,False,08:15,ok,2026-09-02T12:12:22.714696+05:30,2026-09-02_1212IST,airline_direct,IndiGo
DEL,BOM,6E,IndiGo,inf,2026-10-02,30,economy,,,6828.0,False,13:20,ok,2026-09-02T12:12:22.714696+05:30,2026-09-02_1212IST,airline_direct,IndiGo
DEL,BOM,6E,IndiGo,inf,2026-10-02,30,economy,,,6828.0,False,14:00,ok,2026-09-02T12:12:22.714696+05:30,2026-09-02_1212IST,airline_direct,IndiGo
DEL,BOM,6E,IndiGo,inf,2026-10-02,30,economy,,,6828.0,False,16:30,ok,2026-09-02T12:12:22.714696+05:30,2026-09-02_1212IST,airline_direct,IndiGo
DEL,BOM,6E,IndiGo,inf,2026-10-02,30,economy,,,6828.0,False,21:25,ok,2026-09-02T12:12:22.714696+05:30,2026-09-02_1212IST,airline_direct,IndiGo
DEL,BOM,6E,IndiGo,inf,2026-10-02,30,business,,,29617.0,False,02:25,ok,2026-09-02T12:12:22.714696+05:30,2026-09-02_1212IST,airline_direct,IndiGo
DEL,BOM,6E,IndiGo,inf,2026-10-02,30,economy,,,6960.0,False,02:25,ok,2026-09-02T12:12:22.714696+05:30,2026-09-02_1212IST,airline_direct,IndiGo
DEL,BOM,6E,IndiGo,inf,2026-10-02,30,business,,,29617.0,False,05:30,ok,2026-09-02T12:12:22.714696+05:30,2026-09-02_1212IST,airline_direct,IndiGo
DEL,BOM,6E,IndiGo,inf,2026-10-02,30,economy,,,6960.0,False,05:30,ok,2026-09-02T12:12:22.714696+05:30,2026-09-02_1212IST,airline_direct,IndiGo
DEL,BOM,6E,IndiGo,inf,2026-10-02,30,business,,,29617.0,False,08:30,ok,2026-09-02T12:12:22.714696+05:30,2026-09-02_1212IST,airline_direct,IndiGo
DEL,BOM,6E,IndiGo,inf,2026-10-02,30,economy,,,6960.0,False,08:30,ok,2026-09-02T12:12:22.714696+05:30,2026-09-02_1212IST,airline_direct,IndiGo
DEL,BOM,6E,IndiGo,inf,2026-10-02,30,business,,,29617.0,False,09:55,ok,2026-09-02T12:12:22.714696+05:30,2026-09-02_1212IST,airline_direct,IndiGo
DEL,BOM,6E,IndiGo,inf,2026-10-02,30,economy,,,6960.0,False,09:55,ok,2026-09-02T12:12:22.714696+05:30,2026-09-02_1212IST,airline_direct,IndiGo
DEL,BOM,6E,IndiGo,inf,2026-10-02,30,business,,,29617.0,False,13:30,ok,2026-09-02T12:12:22.714696+05:30,2026-09-02_1212IST,airline_direct,IndiGo
DEL,BOM,6E,IndiGo,inf,2026-10-02,30,economy,,,6960.0,False,13:30,ok,2026-09-02T12:12:22.714696+05:30,2026-09-02_1212IST,airline_direct,IndiGo
DEL,BOM,6E,IndiGo,inf,2026-10-02,30,business,,,29617.0,False,14:45,ok,2026-09-02T12:12:22.714696+05:30,2026-09-02_1212IST,airline_direct,IndiGo
DEL,BOM,6E,IndiGo,inf,2026-10-02,30,economy,,,6960.0,False,14:45,ok,2026-09-02T12:12:22.714696+05:30,2026-09-02_1212IST,airline_direct,IndiGo
DEL,BOM,6E,IndiGo,inf,2026-10-02,30,business,,,29617.0,False,17:55,ok,2026-09-02T12:12:22.714696+05:30,2026-09-02_1212IST,airline_direct,IndiGo
DEL,BOM,6E,IndiGo,inf,2026-10-02,30,economy,,,6960.0,False,17:55,ok,2026-09-02T12:12:22.714696+05:30,2026-09-02_1212IST,airline_direct,IndiGo
DEL,BOM,6E,IndiGo,inf,2026-10-02,30,economy,,,6960.0,False,18:40,ok,2026-09-02T12:12:22.714696+05:30,2026-09-02_1212IST,airline_direct,IndiGo
DEL,BOM,6E,IndiGo,inf,2026-10-02,30,business,,,29617.0,False,19:45,ok,2026-09-02T12:12:22.714696+05:30,2026-09-02_1212IST,airline_direct,IndiGo
DEL,BOM,6E,IndiGo,inf,2026-10-02,30,economy,,,6960.0,False,19:45,ok,2026-09-02T12:12:22.714696+05:30,2026-09-02_1212IST,airline_direct,IndiGo
DEL,BOM,6E,IndiGo,inf,2026-10-02,30,economy,,,7352.0,False,09:00,ok,2026-09-02T12:12:22.714696+05:30,2026-09-02_1212IST,airline_direct,IndiGo
DEL,BOM,6E,IndiGo,inf,2026-10-02,30,economy,,,8692.0,False,13:45,ok,2026-09-02T12:12:22.714696+05:30,2026-09-02_1212IST,airline_direct,IndiGo
DEL,BOM,6E,IndiGo,inf,2026-10-02,30,economy,,,9120.0,False,21:50,ok,2026-09-02T12:12:22.714696+05:30,2026-09-02_1212IST,airline_direct,IndiGo
DEL,BOM,6E,IndiGo,inf,2026-10-02,30,economy,,,9374.0,False,10:55,ok,2026-09-02T12:12:22.714696+05:30,2026-09-02_1212IST,airline_direct,IndiGo
DEL,BOM,6E,IndiGo,inf,2026-10-02,30,economy,,,10468.0,False,12:40,ok,2026-09-02T12:12:22.714696+05:30,2026-09-02_1212IST,airline_direct,IndiGo
DEL,BOM,6E,IndiGo,inf,2026-10-02,30,business,,,35047.0,False,12:10,ok,2026-09-02T12:12:22.714696+05:30,2026-09-02_1212IST,airline_direct,IndiGo
DEL,BOM,6E,IndiGo,inf,2026-10-02,30,economy,,,11997.0,False,12:10,ok,2026-09-02T12:12:22.714696+05:30,2026-09-02_1212IST,airline_direct,IndiGo
DEL,BOM,6E,IndiGo,inf,2026-10-02,30,business,,,26583.0,False,23:15,ok,2026-09-02T12:12:22.714696+05:30,2026-09-02_1212IST,airline_direct,IndiGo
DEL,BOM,6E,IndiGo,inf,2026-10-02,30,economy,,,12484.0,False,23:15,ok,2026-09-02T12:12:22.714696+05:30,2026-09-02_1212IST,airline_direct,IndiGo
DEL,BOM,6E,IndiGo,inf,2026-10-02,30,business,,,36497.0,False,19:30,ok,2026-09-02T12:12:22.714696+05:30,2026-09-02_1212IST,airline_direct,IndiGo
DEL,BOM,6E,IndiGo,inf,2026-10-02,30,economy,,,13576.0,False,19:30,ok,2026-09-02T12:12:22.714696+05:30,2026-09-02_1212IST,airline_direct,IndiGo
DEL,BLR,6E,IndiGo,inf,2026-10-02,30,business,,,26048.0,False,01:05,ok,2026-09-02T12:13:27.876071+05:30,2026-09-02_1213IST,airline_direct,IndiGo
DEL,BLR,6E,IndiGo,inf,2026-10-02,30,economy,,,8671.0,False,01:05,ok,2026-09-02T12:13:27.876071+05:30,2026-09-02_1213IST,airline_direct,IndiGo
DEL,BLR,6E,IndiGo,inf,2026-10-02,30,business,,,26048.0,False,03:00,ok,2026-09-02T12:13:27.876071+05:30,2026-09-02_1213IST,airline_direct,IndiGo
DEL,BLR,6E,IndiGo,inf,2026-10-02,30,economy,,,8671.0,False,03:00,ok,2026-09-02T12:13:27.876071+05:30,2026-09-02_1213IST,airline_direct,IndiGo
DEL,BLR,6E,IndiGo,inf,2026-10-02,30,business,,,26048.0,False,05:45,ok,2026-09-02T12:13:27.876071+05:30,2026-09-02_1213IST,airline_direct,IndiGo
DEL,BLR,6E,IndiGo,inf,2026-10-02,30,economy,,,8671.0,False,05:45,ok,2026-09-02T12:13:27.876071+05:30,2026-09-02_1213IST,airline_direct,IndiGo
DEL,BLR,6E,IndiGo,inf,2026-10-02,30,business,,,26048.0,False,07:05,ok,2026-09-02T12:13:27.876071+05:30,2026-09-02_1213IST,airline_direct,IndiGo
DEL,BLR,6E,IndiGo,inf,2026-10-02,30,economy,,,8671.0,False,07:05,ok,2026-09-02T12:13:27.876071+05:30,2026-09-02_1213IST,airline_direct,IndiGo
DEL,BLR,6E,IndiGo,inf,2026-10-02,30,business,,,26048.0,False,08:20,ok,2026-09-02T12:13:27.876071+05:30,2026-09-02_1213IST,airline_direct,IndiGo
DEL,BLR,6E,IndiGo,inf,2026-10-02,30,economy,,,8671.0,False,08:20,ok,2026-09-02T12:13:27.876071+05:30,2026-09-02_1213IST,airline_direct,IndiGo
DEL,BLR,6E,IndiGo,inf,2026-10-02,30,business,,,26048.0,False,09:30,ok,2026-09-02T12:13:27.876071+05:30,2026-09-02_1213IST,airline_direct,IndiGo
DEL,BLR,6E,IndiGo,inf,2026-10-02,30,economy,,,8671.0,False,09:30,ok,2026-09-02T12:13:27.876071+05:30,2026-09-02_1213IST,airline_direct,IndiGo
DEL,BLR,6E,IndiGo,inf,2026-10-02,30,business,,,26048.0,False,10:45,ok,2026-09-02T12:13:27.876071+05:30,2026-09-02_1213IST,airline_direct,IndiGo
DEL,BLR,6E,IndiGo,inf,2026-10-02,30,economy,,,8671.0,False,10:45,ok,2026-09-02T12:13:27.876071+05:30,2026-09-02_1213IST,airline_direct,IndiGo
DEL,BLR,6E,IndiGo,inf,2026-10-02,30,business,,,26048.0,False,12:15,ok,2026-09-02T12:13:27.876071+05:30,2026-09-02_1213IST,airline_direct,IndiGo
DEL,BLR,6E,IndiGo,inf,2026-10-02,30,economy,,,8671.0,False,12:15,ok,2026-09-02T12:13:27.876071+05:30,2026-09-02_1213IST,airline_direct,IndiGo
DEL,BLR,6E,IndiGo,6e+176,2026-10-02,30,business,,,26048.0,False,13:15,ok,2026-09-02T12:13:27.876071+05:30,2026-09-02_1213IST,airline_direct,IndiGo
DEL,BLR,6E,IndiGo,6e+176,2026-10-02,30,economy,,,8671.0,False,13:15,ok,2026-09-02T12:13:27.876071+05:30,2026-09-02_1213IST,airline_direct,IndiGo
DEL,BLR,6E,IndiGo,inf,2026-10-02,30,business,,,26048.0,False,14:30,ok,2026-09-02T12:13:27.876071+05:30,2026-09-02_1213IST,airline_direct,IndiGo
DEL,BLR,6E,IndiGo,inf,2026-10-02,30,economy,,,8671.0,False,14:30,ok,2026-09-02T12:13:27.876071+05:30,2026-09-02_1213IST,airline_direct,IndiGo
DEL,BLR,6E,IndiGo,inf,2026-10-02,30,business,,,26048.0,False,15:45,ok,2026-09-02T12:13:27.876071+05:30,2026-09-02_1213IST,airline_direct,IndiGo
DEL,BLR,6E,IndiGo,inf,2026-10-02,30,economy,,,8671.0,False,15:45,ok,2026-09-02T12:13:27.876071+05:30,2026-09-02_1213IST,airline_direct,IndiGo
DEL,BLR,6E,IndiGo,inf,2026-10-02,30,business,,,26048.0,False,17:00,ok,2026-09-02T12:13:27.876071+05:30,2026-09-02_1213IST,airline_direct,IndiGo
DEL,BLR,6E,IndiGo,inf,2026-10-02,30,economy,,,8671.0,False,17:00,ok,2026-09-02T12:13:27.876071+05:30,2026-09-02_1213IST,airline_direct,IndiGo
DEL,BLR,6E,IndiGo,inf,2026-10-02,30,business,,,26048.0,False,18:20,ok,2026-09-02T12:13:27.876071+05:30,2026-09-02_1213IST,airline_direct,IndiGo
DEL,BLR,6E,IndiGo,inf,2026-10-02,30,economy,,,8671.0,False,18:20,ok,2026-09-02T12:13:27.876071+05:30,2026-09-02_1213IST,airline_direct,IndiGo
DEL,BLR,6E,IndiGo,inf,2026-10-02,30,business,,,26048.0,False,19:30,ok,2026-09-02T12:13:27.876071+05:30,2026-09-02_1213IST,airline_direct,IndiGo
DEL,BLR,6E,IndiGo,inf,2026-10-02,30,economy,,,8671.0,False,19:30,ok,2026-09-02T12:13:27.876071+05:30,2026-09-02_1213IST,airline_direct,IndiGo
DEL,BLR,6E,IndiGo,inf,2026-10-02,30,business,,,26048.0,False,20:45,ok,2026-09-02T12:13:27.876071+05:30,2026-09-02_1213IST,airline_direct,IndiGo
DEL,BLR,6E,IndiGo,inf,2026-10-02,30,economy,,,8671.0,False,20:45,ok,2026-09-02T12:13:27.876071+05:30,2026-09-02_1213IST,airline_direct,IndiGo
DEL,BLR,6E,IndiGo,inf,2026-10-02,30,business,,,26048.0,False,22:00,ok,2026-09-02T12:13:27.876071+05:30,2026-09-02_1213IST,airline_direct,IndiGo
DEL,BLR,6E,IndiGo,inf,2026-10-02,30,economy,,,8671.0,False,22:00,ok,2026-09-02T12:13:27.876071+05:30,2026-09-02_1213IST,airline_direct,IndiGo
DEL,BLR,6E,IndiGo,inf,2026-10-02,30,business,,,26048.0,False,23:30,ok,2026-09-02T12:13:27.876071+05:30,2026-09-02_1213IST,airline_direct,IndiGo
DEL,BLR,6E,IndiGo,inf,2026-10-02,30,economy,,,8671.0,False,23:30,ok,2026-09-02T12:13:27.876071+05:30,2026-09-02_1213IST,airline_direct,IndiGo
DEL,BLR,6E,IndiGo,inf,2026-10-02,30,economy,,,9510.0,False,11:10,ok,2026-09-02T12:13:27.876071+05:30,2026-09-02_1213IST,airline_direct,IndiGo
DEL,BLR,6E,IndiGo,inf,2026-10-02,30,economy,,,9685.0,False,07:05,ok,2026-09-02T12:13:27.876071+05:30,2026-09-02_1213IST,airline_direct,IndiGo
DEL,BLR,6E,IndiGo,inf,2026-10-02,30,business,,,24908.0,False,02:25,ok,2026-09-02T12:13:27.876071+05:30,2026-09-02_1213IST,airline_direct,IndiGo
DEL,BLR,6E,IndiGo,inf,2026-10-02,30,economy,,,9946.0,False,02:25,ok,2026-09-02T12:13:27.876071+05:30,2026-09-02_1213IST,airline_direct,IndiGo
DEL,BLR,6E,IndiGo,inf,2026-10-02,30,business,,,24908.0,False,02:25,ok,2026-09-02T12:13:27.876071+05:30,2026-09-02_1213IST,airline_direct,IndiGo
DEL,BLR,6E,IndiGo,inf,2026-10-02,30,economy,,,9946.0,False,02:25,ok,2026-09-02T12:13:27.876071+05:30,2026-09-02_1213IST,airline_direct,IndiGo
DEL,BLR,6E,IndiGo,inf,2026-10-02,30,business,,,26251.0,False,05:30,ok,2026-09-02T12:13:27.876071+05:30,2026-09-02_1213IST,airline_direct,IndiGo
DEL,BLR,6E,IndiGo,inf,2026-10-02,30,economy,,,9946.0,False,05:30,ok,2026-09-02T12:13:27.876071+05:30,2026-09-02_1213IST,airline_direct,IndiGo
DEL,BLR,6E,IndiGo,inf,2026-10-02,30,business,,,25312.0,False,09:55,ok,2026-09-02T12:13:27.876071+05:30,2026-09-02_1213IST,airline_direct,IndiGo
DEL,BLR,6E,IndiGo,inf,2026-10-02,30,economy,,,9946.0,False,09:55,ok,2026-09-02T12:13:27.876071+05:30,2026-09-02_1213IST,airline_direct,IndiGo
DEL,BLR,6E,IndiGo,inf,2026-10-02,30,business,,,25312.0,False,11:45,ok,2026-09-02T12:13:27.876071+05:30,2026-09-02_1213IST,airline_direct,IndiGo
DEL,BLR,6E,IndiGo,inf,2026-10-02,30,economy,,,9946.0,False,11:45,ok,2026-09-02T12:13:27.876071+05:30,2026-09-02_1213IST,airline_direct,IndiGo
DEL,BLR,6E,IndiGo,inf,2026-10-02,30,business,,,24542.0,False,13:30,ok,2026-09-02T12:13:27.876071+05:30,2026-09-02_1213IST,airline_direct,IndiGo
DEL,BLR,6E,IndiGo,inf,2026-10-02,30,economy,,,9946.0,False,13:30,ok,2026-09-02T12:13:27.876071+05:30,2026-09-02_1213IST,airline_direct,IndiGo
DEL,BLR,6E,IndiGo,inf,2026-10-02,30,business,,,25312.0,False,14:45,ok,2026-09-02T12:13:27.876071+05:30,2026-09-02_1213IST,airline_direct,IndiGo
DEL,BLR,6E,IndiGo,inf,2026-10-02,30,economy,,,9946.0,False,14:45,ok,2026-09-02T12:13:27.876071+05:30,2026-09-02_1213IST,airline_direct,IndiGo
DEL,BLR,6E,IndiGo,inf,2026-10-02,30,business,,,24542.0,False,16:15,ok,2026-09-02T12:13:27.876071+05:30,2026-09-02_1213IST,airline_direct,IndiGo
DEL,BLR,6E,IndiGo,inf,2026-10-02,30,economy,,,9946.0,False,16:15,ok,2026-09-02T12:13:27.876071+05:30,2026-09-02_1213IST,airline_direct,IndiGo
DEL,BLR,6E,IndiGo,inf,2026-10-02,30,business,,,24542.0,False,17:55,ok,2026-09-02T12:13:27.876071+05:30,2026-09-02_1213IST,airline_direct,IndiGo
DEL,BLR,6E,IndiGo,inf,2026-10-02,30,economy,,,9946.0,False,17:55,ok,2026-09-02T12:13:27.876071+05:30,2026-09-02_1213IST,airline_direct,IndiGo
DEL,BLR,6E,IndiGo,inf,2026-10-02,30,business,,,24908.0,False,19:45,ok,2026-09-02T12:13:27.876071+05:30,2026-09-02_1213IST,airline_direct,IndiGo
DEL,BLR,6E,IndiGo,inf,2026-10-02,30,economy,,,9946.0,False,19:45,ok,2026-09-02T12:13:27.876071+05:30,2026-09-02_1213IST,airline_direct,IndiGo
DEL,BLR,6E,IndiGo,inf,2026-10-02,30,business,,,27189.0,False,02:20,ok,2026-09-02T12:13:27.876071+05:30,2026-09-02_1213IST,airline_direct,IndiGo
DEL,BLR,6E,IndiGo,inf,2026-10-02,30,economy,,,10077.0,False,02:20,ok,2026-09-02T12:13:27.876071+05:30,2026-09-02_1213IST,airline_direct,IndiGo
DEL,BLR,6E,IndiGo,inf,2026-10-02,30,economy,,,10077.0,False,05:00,ok,2026-09-02T12:13:27.876071+05:30,2026-09-02_1213IST,airline_direct,IndiGo
DEL,BLR,6E,IndiGo,inf,2026-10-02,30,economy,,,10077.0,False,05:10,ok,2026-09-02T12:13:27.876071+05:30,2026-09-02_1213IST,airline_direct,IndiGo
DEL,BLR,6E,IndiGo,inf,2026-10-02,30,economy,,,10077.0,False,05:55,ok,2026-09-02T12:13:27.876071+05:30,2026-09-02_1213IST,airline_direct,IndiGo
DEL,BLR,6E,IndiGo,inf,2026-10-02,30,economy,,,10077.0,False,11:20,ok,2026-09-02T12:13:27.876071+05:30,2026-09-02_1213IST,airline_direct,IndiGo
DEL,BLR,6E,IndiGo,inf,2026-10-02,30,economy,,,10077.0,False,14:35,ok,2026-09-02T12:13:27.876071+05:30,2026-09-02_1213IST,airline_direct,IndiGo
DEL,BLR,6E,IndiGo,inf,2026-10-02,30,economy,,,10077.0,False,14:50,ok,2026-09-02T12:13:27.876071+05:30,2026-09-02_1213IST,airline_direct,IndiGo
DEL,BLR,6E,IndiGo,inf,2026-10-02,30,economy,,,10077.0,False,15:20,ok,2026-09-02T12:13:27.876071+05:30,2026-09-02_1213IST,airline_direct,IndiGo
DEL,BLR,6E,IndiGo,inf,2026-10-02,30,business,,,34636.0,False,15:30,ok,2026-09-02T12:13:27.876071+05:30,2026-09-02_1213IST,airline_direct,IndiGo
DEL,BLR,6E,IndiGo,inf,2026-10-02,30,economy,,,10077.0,False,15:30,ok,2026-09-02T12:13:27.876071+05:30,2026-09-02_1213IST,airline_direct,IndiGo
DEL,BLR,6E,IndiGo,inf,2026-10-02,30,economy,,,10077.0,False,16:20,ok,2026-09-02T12:13:27.876071+05:30,2026-09-02_1213IST,airline_direct,IndiGo
DEL,BLR,6E,IndiGo,inf,2026-10-02,30,business,,,26999.0,False,16:25,ok,2026-09-02T12:13:27.876071+05:30,2026-09-02_1213IST,airline_direct,IndiGo
DEL,BLR,6E,IndiGo,inf,2026-10-02,30,economy,,,10077.0,False,16:25,ok,2026-09-02T12:13:27.876071+05:30,2026-09-02_1213IST,airline_direct,IndiGo
DEL,BLR,6E,IndiGo,inf,2026-10-02,30,economy,,,10077.0,False,17:05,ok,2026-09-02T12:13:27.876071+05:30,2026-09-02_1213IST,airline_direct,IndiGo
DEL,BLR,6E,IndiGo,inf,2026-10-02,30,business,,,34636.0,False,18:00,ok,2026-09-02T12:13:27.876071+05:30,2026-09-02_1213IST,airline_direct,IndiGo
DEL,BLR,6E,IndiGo,inf,2026-10-02,30,economy,,,10077.0,False,18:00,ok,2026-09-02T12:13:27.876071+05:30,2026-09-02_1213IST,airline_direct,IndiGo
DEL,BLR,6E,IndiGo,inf,2026-10-02,30,economy,,,10077.0,False,18:30,ok,2026-09-02T12:13:27.876071+05:30,2026-09-02_1213IST,airline_direct,IndiGo
DEL,BLR,6E,IndiGo,inf,2026-10-02,30,economy,,,10077.0,False,19:30,ok,2026-09-02T12:13:27.876071+05:30,2026-09-02_1213IST,airline_direct,IndiGo
DEL,BLR,6E,IndiGo,inf,2026-10-02,30,economy,,,10077.0,False,20:20,ok,2026-09-02T12:13:27.876071+05:30,2026-09-02_1213IST,airline_direct,IndiGo
DEL,BLR,6E,IndiGo,inf,2026-10-02,30,business,,,28318.0,False,02:55,ok,2026-09-02T12:13:27.876071+05:30,2026-09-02_1213IST,airline_direct,IndiGo
DEL,BLR,6E,IndiGo,inf,2026-10-02,30,economy,,,10156.0,False,02:55,ok,2026-09-02T12:13:27.876071+05:30,2026-09-02_1213IST,airline_direct,IndiGo
DEL,BLR,6E,IndiGo,inf,2026-10-02,30,economy,,,10156.0,False,14:00,ok,2026-09-02T12:13:27.876071+05:30,2026-09-02_1213IST,airline_direct,IndiGo
DEL,BLR,6E,IndiGo,inf,2026-10-02,30,business,,,28318.0,False,15:15,ok,2026-09-02T12:13:27.876071+05:30,2026-09-02_1213IST,airline_direct,IndiGo
DEL,BLR,6E,IndiGo,inf,2026-10-02,30,economy,,,10156.0,False,15:15,ok,2026-09-02T12:13:27.876071+05:30,2026-09-02_1213IST,airline_direct,IndiGo
DEL,BLR,6E,IndiGo,inf,2026-10-02,30,economy,,,10156.0,False,15:50,ok,2026-09-02T12:13:27.876071+05:30,2026-09-02_1213IST,airline_direct,IndiGo
DEL,BLR,6E,IndiGo,inf,2026-10-02,30,economy,,,10156.0,False,17:50,ok,2026-09-02T12:13:27.876071+05:30,2026-09-02_1213IST,airline_direct,IndiGo
DEL,BLR,6E,IndiGo,inf,2026-10-02,30,business,,,28318.0,False,18:15,ok,2026-09-02T12:13:27.876071+05:30,2026-09-02_1213IST,airline_direct,IndiGo
DEL,BLR,6E,IndiGo,inf,2026-10-02,30,economy,,,10156.0,False,18:15,ok,2026-09-02T12:13:27.876071+05:30,2026-09-02_1213IST,airline_direct,IndiGo
DEL,BLR,6E,IndiGo,inf,2026-10-02,30,business,,,33047.0,False,19:30,ok,2026-09-02T12:13:27.876071+05:30,2026-09-02_1213IST,airline_direct,IndiGo
DEL,BLR,6E,IndiGo,inf,2026-10-02,30,economy,,,10156.0,False,19:30,ok,2026-09-02T12:13:27.876071+05:30,2026-09-02_1213IST,airline_direct,IndiGo
DEL,BLR,6E,IndiGo,inf,2026-10-02,30,economy,,,10287.0,False,08:10,ok,2026-09-02T12:13:27.876071+05:30,2026-09-02_1213IST,airline_direct,IndiGo
DEL,BLR,6E,IndiGo,inf,2026-10-02,30,economy,,,10287.0,False,18:40,ok,2026-09-02T12:13:27.876071+05:30,2026-09-02_1213IST,airline_direct,IndiGo
DEL,BLR,6E,IndiGo,inf,2026-10-02,30,economy,,,10287.0,False,19:55,ok,2026-09-02T12:13:27.876071+05:30,2026-09-02_1213IST,airline_direct,IndiGo
DEL,BLR,6E,IndiGo,inf,2026-10-02,30,economy,,,10314.0,False,17:10,ok,2026-09-02T12:13:27.876071+05:30,2026-09-02_1213IST,airline_direct,IndiGo
DEL,BLR,6E,IndiGo,inf,2026-10-02,30,business,,,29157.0,False,08:30,ok,2026-09-02T12:13:27.876071+05:30,2026-09-02_1213IST,airline_direct,IndiGo
DEL,BLR,6E,IndiGo,inf,2026-10-02,30,economy,,,10497.0,False,08:30,ok,2026-09-02T12:13:27.876071+05:30,2026-09-02_1213IST,airline_direct,IndiGo
DEL,BLR,6E,IndiGo,inf,2026-10-02,30,economy,,,10720.0,False,16:30,ok,2026-09-02T12:13:27.876071+05:30,2026-09-02_1213IST,airline_direct,IndiGo
DEL,BLR,6E,IndiGo,inf,2026-10-02,30,business,,,26816.0,False,21:15,ok,2026-09-02T12:13:27.876071+05:30,2026-09-02_1213IST,airline_direct,IndiGo
DEL,BLR,6E,IndiGo,inf,2026-10-02,30,economy,,,11150.0,False,21:15,ok,2026-09-02T12:13:27.876071+05:30,2026-09-02_1213IST,airline_direct,IndiGo
DEL,BLR,6E,IndiGo,inf,2026-10-02,30,business,,,26816.0,False,23:00,ok,2026-09-02T12:13:27.876071+05:30,2026-09-02_1213IST,airline_direct,IndiGo
DEL,BLR,6E,IndiGo,inf,2026-10-02,30,economy,,,11150.0,False,23:00,ok,2026-09-02T12:13:27.876071+05:30,2026-09-02_1213IST,airline_direct,IndiGo
DEL,BLR,6E,IndiGo,inf,2026-10-02,30,economy,,,11722.0,False,10:55,ok,2026-09-02T12:13:27.876071+05:30,2026-09-02_1213IST,airline_direct,IndiGo
DEL,BLR,6E,IndiGo,inf,2026-10-02,30,business,,,33047.0,False,16:55,ok,2026-09-02T12:13:27.876071+05:30,2026-09-02_1213IST,airline_direct,IndiGo
DEL,BLR,6E,IndiGo,inf,2026-10-02,30,economy,,,11775.0,False,16:55,ok,2026-09-02T12:13:27.876071+05:30,2026-09-02_1213IST,airline_direct,IndiGo
DEL,BLR,6E,IndiGo,inf,2026-10-02,30,business,,,29157.0,False,05:00,ok,2026-09-02T12:13:27.876071+05:30,2026-09-02_1213IST,airline_direct,IndiGo
DEL,BLR,6E,IndiGo,inf,2026-10-02,30,economy,,,12116.0,False,05:00,ok,2026-09-02T12:13:27.876071+05:30,2026-09-02_1213IST,airline_direct,IndiGo
DEL,BLR,6E,IndiGo,inf,2026-10-02,30,business,,,33047.0,False,12:10,ok,2026-09-02T12:13:27.876071+05:30,2026-09-02_1213IST,airline_direct,IndiGo
DEL,BLR,6E,IndiGo,inf,2026-10-02,30,economy,,,14813.0,False,12:10,ok,2026-09-02T12:13:27.876071+05:30,2026-09-02_1213IST,airline_direct,IndiGo
DEL,BLR,6E,IndiGo,inf,2026-10-02,30,business,,,33401.0,False,10:25,ok,2026-09-02T12:13:27.876071+05:30,2026-09-02_1213IST,airline_direct,IndiGo
DEL,BLR,6E,IndiGo,inf,2026-10-02,30,economy,,,18778.0,False,10:25,ok,2026-09-02T12:13:27.876071+05:30,2026-09-02_1213IST,airline_direct,IndiGo
BOM,BLR,6E,IndiGo,inf,2026-10-02,30,business,,,18948.0,False,01:10,ok,2026-09-02T12:14:32.001363+05:30,2026-09-02_1214IST,airline_direct,IndiGo
BOM,BLR,6E,IndiGo,inf,2026-10-02,30,economy,,,6561.0,False,01:10,ok,2026-09-02T12:14:32.001363+05:30,2026-09-02_1214IST,airline_direct,IndiGo
BOM,BLR,6E,IndiGo,inf,2026-10-02,30,business,,,18948.0,False,12:30,ok,2026-09-02T12:14:32.001363+05:30,2026-09-02_1214IST,airline_direct,IndiGo
BOM,BLR,6E,IndiGo,inf,2026-10-02,30,economy,,,6747.0,False,12:30,ok,2026-09-02T12:14:32.001363+05:30,2026-09-02_1214IST,airline_direct,IndiGo
BOM,BLR,6E,IndiGo,inf,2026-10-02,30,business,,,18948.0,False,15:35,ok,2026-09-02T12:14:32.001363+05:30,2026-09-02_1214IST,airline_direct,IndiGo
BOM,BLR,6E,IndiGo,inf,2026-10-02,30,economy,,,6747.0,False,15:35,ok,2026-09-02T12:14:32.001363+05:30,2026-09-02_1214IST,airline_direct,IndiGo
BOM,BLR,6E,IndiGo,inf,2026-10-02,30,business,,,18948.0,False,17:00,ok,2026-09-02T12:14:32.001363+05:30,2026-09-02_1214IST,airline_direct,IndiGo
BOM,BLR,6E,IndiGo,inf,2026-10-02,30,economy,,,6747.0,False,17:00,ok,2026-09-02T12:14:32.001363+05:30,2026-09-02_1214IST,airline_direct,IndiGo
BOM,BLR,6E,IndiGo,inf,2026-10-02,30,business,,,18948.0,False,18:30,ok,2026-09-02T12:14:32.001363+05:30,2026-09-02_1214IST,airline_direct,IndiGo
BOM,BLR,6E,IndiGo,inf,2026-10-02,30,economy,,,6747.0,False,18:30,ok,2026-09-02T12:14:32.001363+05:30,2026-09-02_1214IST,airline_direct,IndiGo
BOM,BLR,6E,IndiGo,inf,2026-10-02,30,business,,,18948.0,False,22:20,ok,2026-09-02T12:14:32.001363+05:30,2026-09-02_1214IST,airline_direct,IndiGo
BOM,BLR,6E,IndiGo,inf,2026-10-02,30,economy,,,6747.0,False,22:20,ok,2026-09-02T12:14:32.001363+05:30,2026-09-02_1214IST,airline_direct,IndiGo
BOM,BLR,6E,IndiGo,inf,2026-10-02,30,business,,,18948.0,False,06:15,ok,2026-09-02T12:14:32.001363+05:30,2026-09-02_1214IST,airline_direct,IndiGo
BOM,BLR,6E,IndiGo,inf,2026-10-02,30,economy,,,7062.0,False,06:15,ok,2026-09-02T12:14:32.001363+05:30,2026-09-02_1214IST,airline_direct,IndiGo
BOM,BLR,6E,IndiGo,inf,2026-10-02,30,business,,,18948.0,False,07:45,ok,2026-09-02T12:14:32.001363+05:30,2026-09-02_1214IST,airline_direct,IndiGo
BOM,BLR,6E,IndiGo,inf,2026-10-02,30,economy,,,7062.0,False,07:45,ok,2026-09-02T12:14:32.001363+05:30,2026-09-02_1214IST,airline_direct,IndiGo
BOM,BLR,6E,IndiGo,inf,2026-10-02,30,business,,,18948.0,False,14:30,ok,2026-09-02T12:14:32.001363+05:30,2026-09-02_1214IST,airline_direct,IndiGo
BOM,BLR,6E,IndiGo,inf,2026-10-02,30,economy,,,7062.0,False,14:30,ok,2026-09-02T12:14:32.001363+05:30,2026-09-02_1214IST,airline_direct,IndiGo
BOM,BLR,6E,IndiGo,inf,2026-10-02,30,business,,,18948.0,False,19:50,ok,2026-09-02T12:14:32.001363+05:30,2026-09-02_1214IST,airline_direct,IndiGo
BOM,BLR,6E,IndiGo,inf,2026-10-02,30,economy,,,7062.0,False,19:50,ok,2026-09-02T12:14:32.001363+05:30,2026-09-02_1214IST,airline_direct,IndiGo
BOM,BLR,6E,IndiGo,inf,2026-10-02,30,business,,,18948.0,False,21:30,ok,2026-09-02T12:14:32.001363+05:30,2026-09-02_1214IST,airline_direct,IndiGo
BOM,BLR,6E,IndiGo,inf,2026-10-02,30,economy,,,7062.0,False,21:30,ok,2026-09-02T12:14:32.001363+05:30,2026-09-02_1214IST,airline_direct,IndiGo
BOM,BLR,6E,IndiGo,inf,2026-10-02,30,business,,,18948.0,False,04:30,ok,2026-09-02T12:14:32.001363+05:30,2026-09-02_1214IST,airline_direct,IndiGo
BOM,BLR,6E,IndiGo,inf,2026-10-02,30,economy,,,7086.0,False,04:30,ok,2026-09-02T12:14:32.001363+05:30,2026-09-02_1214IST,airline_direct,IndiGo
BOM,BLR,6E,IndiGo,inf,2026-10-02,30,business,,,18948.0,False,09:50,ok,2026-09-02T12:14:32.001363+05:30,2026-09-02_1214IST,airline_direct,IndiGo
BOM,BLR,6E,IndiGo,inf,2026-10-02,30,economy,,,7377.0,False,09:50,ok,2026-09-02T12:14:32.001363+05:30,2026-09-02_1214IST,airline_direct,IndiGo
BOM,BLR,6E,IndiGo,inf,2026-10-02,30,business,,,18948.0,False,11:00,ok,2026-09-02T12:14:32.001363+05:30,2026-09-02_1214IST,airline_direct,IndiGo
BOM,BLR,6E,IndiGo,inf,2026-10-02,30,economy,,,7377.0,False,11:00,ok,2026-09-02T12:14:32.001363+05:30,2026-09-02_1214IST,airline_direct,IndiGo
BOM,BLR,6E,IndiGo,inf,2026-10-02,30,economy,,,7243.0,False,05:00,ok,2026-09-02T12:14:32.001363+05:30,2026-09-02_1214IST,airline_direct,IndiGo
BOM,BLR,6E,IndiGo,6e+261,2026-10-02,30,economy,,,7243.0,False,11:20,ok,2026-09-02T12:14:32.001363+05:30,2026-09-02_1214IST,airline_direct,IndiGo
BOM,BLR,6E,IndiGo,6e+261,2026-10-02,30,economy,,,7243.0,False,11:20,ok,2026-09-02T12:14:32.001363+05:30,2026-09-02_1214IST,airline_direct,IndiGo
BOM,BLR,6E,IndiGo,6.000000000000001e+230,2026-10-02,30,economy,,,7243.0,False,13:55,ok,2026-09-02T12:14:32.001363+05:30,2026-09-02_1214IST,airline_direct,IndiGo
BOM,BLR,6E,IndiGo,6.000000000000001e+230,2026-10-02,30,economy,,,7243.0,False,13:55,ok,2026-09-02T12:14:32.001363+05:30,2026-09-02_1214IST,airline_direct,IndiGo
BOM,BLR,6E,IndiGo,inf,2026-10-02,30,economy,,,7243.0,False,16:40,ok,2026-09-02T12:14:32.001363+05:30,2026-09-02_1214IST,airline_direct,IndiGo
BOM,BLR,6E,IndiGo,inf,2026-10-02,30,economy,,,7243.0,False,16:40,ok,2026-09-02T12:14:32.001363+05:30,2026-09-02_1214IST,airline_direct,IndiGo
BOM,BLR,6E,IndiGo,inf,2026-10-02,30,economy,,,7374.0,False,00:30,ok,2026-09-02T12:14:32.001363+05:30,2026-09-02_1214IST,airline_direct,IndiGo
BOM,BLR,6E,IndiGo,inf,2026-10-02,30,business,,,20036.0,False,02:45,ok,2026-09-02T12:14:32.001363+05:30,2026-09-02_1214IST,airline_direct,IndiGo
BOM,BLR,6E,IndiGo,inf,2026-10-02,30,economy,,,7374.0,False,02:45,ok,2026-09-02T12:14:32.001363+05:30,2026-09-02_1214IST,airline_direct,IndiGo
BOM,BLR,6E,IndiGo,inf,2026-10-02,30,business,,,20036.0,False,02:45,ok,2026-09-02T12:14:32.001363+05:30,2026-09-02_1214IST,airline_direct,IndiGo
BOM,BLR,6E,IndiGo,inf,2026-10-02,30,economy,,,7374.0,False,02:45,ok,2026-09-02T12:14:32.001363+05:30,2026-09-02_1214IST,airline_direct,IndiGo
BOM,BLR,6E,IndiGo,inf,2026-10-02,30,economy,,,7374.0,False,09:15,ok,2026-09-02T12:14:32.001363+05:30,2026-09-02_1214IST,airline_direct,IndiGo
BOM,BLR,6E,IndiGo,inf,2026-10-02,30,business,,,20441.0,False,10:15,ok,2026-09-02T12:14:32.001363+05:30,2026-09-02_1214IST,airline_direct,IndiGo
BOM,BLR,6E,IndiGo,inf,2026-10-02,30,economy,,,7374.0,False,10:15,ok,2026-09-02T12:14:32.001363+05:30,2026-09-02_1214IST,airline_direct,IndiGo
BOM,BLR,6E,IndiGo,inf,2026-10-02,30,business,,,22906.0,False,11:45,ok,2026-09-02T12:14:32.001363+05:30,2026-09-02_1214IST,airline_direct,IndiGo
BOM,BLR,6E,IndiGo,inf,2026-10-02,30,economy,,,7374.0,False,11:45,ok,2026-09-02T12:14:32.001363+05:30,2026-09-02_1214IST,airline_direct,IndiGo
BOM,BLR,6E,IndiGo,inf,2026-10-02,30,business,,,22906.0,False,11:45,ok,2026-09-02T12:14:32.001363+05:30,2026-09-02_1214IST,airline_direct,IndiGo
BOM,BLR,6E,IndiGo,inf,2026-10-02,30,economy,,,7374.0,False,11:45,ok,2026-09-02T12:14:32.001363+05:30,2026-09-02_1214IST,airline_direct,IndiGo
BOM,BLR,6E,IndiGo,inf,2026-10-02,30,business,,,20441.0,False,15:10,ok,2026-09-02T12:14:32.001363+05:30,2026-09-02_1214IST,airline_direct,IndiGo
BOM,BLR,6E,IndiGo,inf,2026-10-02,30,economy,,,7374.0,False,15:10,ok,2026-09-02T12:14:32.001363+05:30,2026-09-02_1214IST,airline_direct,IndiGo
BOM,BLR,6E,IndiGo,inf,2026-10-02,30,business,,,19670.0,False,15:10,ok,2026-09-02T12:14:32.001363+05:30,2026-09-02_1214IST,airline_direct,IndiGo
BOM,BLR,6E,IndiGo,inf,2026-10-02,30,economy,,,7374.0,False,15:10,ok,2026-09-02T12:14:32.001363+05:30,2026-09-02_1214IST,airline_direct,IndiGo
BOM,BLR,6E,IndiGo,inf,2026-10-02,30,business,,,19670.0,False,16:45,ok,2026-09-02T12:14:32.001363+05:30,2026-09-02_1214IST,airline_direct,IndiGo
BOM,BLR,6E,IndiGo,inf,2026-10-02,30,economy,,,7374.0,False,16:45,ok,2026-09-02T12:14:32.001363+05:30,2026-09-02_1214IST,airline_direct,IndiGo
BOM,BLR,6E,IndiGo,inf,2026-10-02,30,business,,,19670.0,False,16:45,ok,2026-09-02T12:14:32.001363+05:30,2026-09-02_1214IST,airline_direct,IndiGo
BOM,BLR,6E,IndiGo,inf,2026-10-02,30,economy,,,7374.0,False,16:45,ok,2026-09-02T12:14:32.001363+05:30,2026-09-02_1214IST,airline_direct,IndiGo
BOM,BLR,6E,IndiGo,inf,2026-10-02,30,economy,,,7374.0,False,18:50,ok,2026-09-02T12:14:32.001363+05:30,2026-09-02_1214IST,airline_direct,IndiGo
BOM,BLR,6E,IndiGo,inf,2026-10-02,30,business,,,20036.0,False,19:40,ok,2026-09-02T12:14:32.001363+05:30,2026-09-02_1214IST,airline_direct,IndiGo
BOM,BLR,6E,IndiGo,inf,2026-10-02,30,economy,,,7374.0,False,19:40,ok,2026-09-02T12:14:32.001363+05:30,2026-09-02_1214IST,airline_direct,IndiGo
BOM,BLR,6E,IndiGo,inf,2026-10-02,30,economy,,,7505.0,False,18:35,ok,2026-09-02T12:14:32.001363+05:30,2026-09-02_1214IST,airline_direct,IndiGo
BOM,BLR,6E,IndiGo,inf,2026-10-02,30,economy,,,7584.0,False,01:30,ok,2026-09-02T12:14:32.001363+05:30,2026-09-02_1214IST,airline_direct,IndiGo
BOM,BLR,6E,IndiGo,inf,2026-10-02,30,business,,,24383.0,False,06:15,ok,2026-09-02T12:14:32.001363+05:30,2026-09-02_1214IST,airline_direct,IndiGo
BOM,BLR,6E,IndiGo,inf,2026-10-02,30,economy,,,7584.0,False,06:15,ok,2026-09-02T12:14:32.001363+05:30,2026-09-02_1214IST,airline_direct,IndiGo
BOM,BLR,6E,IndiGo,inf,2026-10-02,30,economy,,,7584.0,False,09:35,ok,2026-09-02T12:14:32.001363+05:30,2026-09-02_1214IST,airline_direct,IndiGo
BOM,BLR,6E,IndiGo,inf,2026-10-02,30,business,,,24040.0,False,09:50,ok,2026-09-02T12:14:32.001363+05:30,2026-09-02_1214IST,airline_direct,IndiGo
BOM,BLR,6E,IndiGo,inf,2026-10-02,30,economy,,,7584.0,False,09:50,ok,2026-09-02T12:14:32.001363+05:30,2026-09-02_1214IST,airline_direct,IndiGo
BOM,BLR,6E,IndiGo,inf,2026-10-02,30,business,,,24040.0,False,09:50,ok,2026-09-02T12:14:32.001363+05:30,2026-09-02_1214IST,airline_direct,IndiGo
BOM,BLR,6E,IndiGo,inf,2026-10-02,30,economy,,,7584.0,False,09:50,ok,2026-09-02T12:14:32.001363+05:30,2026-09-02_1214IST,airline_direct,IndiGo
BOM,BLR,6E,IndiGo,inf,2026-10-02,30,business,,,24040.0,False,11:40,ok,2026-09-02T12:14:32.001363+05:30,2026-09-02_1214IST,airline_direct,IndiGo
BOM,BLR,6E,IndiGo,inf,2026-10-02,30,economy,,,7584.0,False,11:40,ok,2026-09-02T12:14:32.001363+05:30,2026-09-02_1214IST,airline_direct,IndiGo
BOM,BLR,6E,IndiGo,inf,2026-10-02,30,economy,,,7584.0,False,12:05,ok,2026-09-02T12:14:32.001363+05:30,2026-09-02_1214IST,airline_direct,IndiGo
BOM,BLR,6E,IndiGo,inf,2026-10-02,30,economy,,,7584.0,False,12:30,ok,2026-09-02T12:14:32.001363+05:30,2026-09-02_1214IST,airline_direct,IndiGo
BOM,BLR,6E,IndiGo,inf,2026-10-02,30,business,,,24040.0,False,13:45,ok,2026-09-02T12:14:32.001363+05:30,2026-09-02_1214IST,airline_direct,IndiGo
BOM,BLR,6E,IndiGo,inf,2026-10-02,30,economy,,,7584.0,False,13:45,ok,2026-09-02T12:14:32.001363+05:30,2026-09-02_1214IST,airline_direct,IndiGo
BOM,BLR,6E,IndiGo,inf,2026-10-02,30,economy,,,7584.0,False,14:55,ok,2026-09-02T12:14:32.001363+05:30,2026-09-02_1214IST,airline_direct,IndiGo
BOM,BLR,6E,IndiGo,inf,2026-10-02,30,business,,,24040.0,False,15:25,ok,2026-09-02T12:14:32.001363+05:30,2026-09-02_1214IST,airline_direct,IndiGo
BOM,BLR,6E,IndiGo,inf,2026-10-02,30,economy,,,7584.0,False,15:25,ok,2026-09-02T12:14:32.001363+05:30,2026-09-02_1214IST,airline_direct,IndiGo
BOM,BLR,6E,IndiGo,6e+240,2026-10-02,30,economy,,,7584.0,False,15:45,ok,2026-09-02T12:14:32.001363+05:30,2026-09-02_1214IST,airline_direct,IndiGo
BOM,BLR,6E,IndiGo,inf,2026-10-02,30,economy,,,7584.0,False,17:10,ok,2026-09-02T12:14:32.001363+05:30,2026-09-02_1214IST,airline_direct,IndiGo
BOM,BLR,6E,IndiGo,inf,2026-10-02,30,business,,,24040.0,False,17:25,ok,2026-09-02T12:14:32.001363+05:30,2026-09-02_1214IST,airline_direct,IndiGo
BOM,BLR,6E,IndiGo,inf,2026-10-02,30,economy,,,7584.0,False,17:25,ok,2026-09-02T12:14:32.001363+05:30,2026-09-02_1214IST,airline_direct,IndiGo
BOM,BLR,6E,IndiGo,inf,2026-10-02,30,economy,,,7584.0,False,18:15,ok,2026-09-02T12:14:32.001363+05:30,2026-09-02_1214IST,airline_direct,IndiGo
BOM,BLR,6E,IndiGo,inf,2026-10-02,30,economy,,,7584.0,False,18:40,ok,2026-09-02T12:14:32.001363+05:30,2026-09-02_1214IST,airline_direct,IndiGo
BOM,BLR,6E,IndiGo,inf,2026-10-02,30,economy,,,7584.0,False,20:00,ok,2026-09-02T12:14:32.001363+05:30,2026-09-02_1214IST,airline_direct,IndiGo
BOM,BLR,6E,IndiGo,inf,2026-10-02,30,economy,,,7715.0,False,16:50,ok,2026-09-02T12:14:32.001363+05:30,2026-09-02_1214IST,airline_direct,IndiGo
BOM,BLR,6E,IndiGo,inf,2026-10-02,30,economy,,,7715.0,False,18:35,ok,2026-09-02T12:14:32.001363+05:30,2026-09-02_1214IST,airline_direct,IndiGo
BOM,BLR,6E,IndiGo,inf,2026-10-02,30,economy,,,7785.0,False,17:55,ok,2026-09-02T12:14:32.001363+05:30,2026-09-02_1214IST,airline_direct,IndiGo
BOM,BLR,6E,IndiGo,inf,2026-10-02,30,economy,,,8718.0,False,04:00,ok,2026-09-02T12:14:32.001363+05:30,2026-09-02_1214IST,airline_direct,IndiGo
BOM,BLR,6E,IndiGo,inf,2026-10-02,30,economy,,,8718.0,False,05:35,ok,2026-09-02T12:14:32.001363+05:30,2026-09-02_1214IST,airline_direct,IndiGo
BOM,BLR,6E,IndiGo,inf,2026-10-02,30,economy,,,8849.0,False,10:25,ok,2026-09-02T12:14:32.001363+05:30,2026-09-02_1214IST,airline_direct,IndiGo
BOM,BLR,6E,IndiGo,inf,2026-10-02,30,economy,,,10663.0,False,23:10,ok,2026-09-02T12:14:32.001363+05:30,2026-09-02_1214IST,airline_direct,IndiGo
BOM,BLR,6E,IndiGo,inf,2026-10-02,30,business,,,24040.0,False,08:15,ok,2026-09-02T12:14:32.001363+05:30,2026-09-02_1214IST,airline_direct,IndiGo
BOM,BLR,6E,IndiGo,inf,2026-10-02,30,economy,,,10838.0,False,08:15,ok,2026-09-02T12:14:32.001363+05:30,2026-09-02_1214IST,airline_direct,IndiGo
DEL,CCU,6E,IndiGo,inf,2026-10-02,30,business,,,22600.0,False,21:50,ok,2026-09-02T12:15:35.667719+05:30,2026-09-02_1215IST,airline_direct,IndiGo
DEL,CCU,6E,IndiGo,inf,2026-10-02,30,economy,,,8200.0,False,21:50,ok,2026-09-02T12:15:35.667719+05:30,2026-09-02_1215IST,airline_direct,IndiGo
DEL,CCU,6E,IndiGo,6e+247,2026-10-02,30,business,,,22600.0,False,23:30,ok,2026-09-02T12:15:35.667719+05:30,2026-09-02_1215IST,airline_direct,IndiGo
DEL,CCU,6E,IndiGo,6e+247,2026-10-02,30,economy,,,8200.0,False,23:30,ok,2026-09-02T12:15:35.667719+05:30,2026-09-02_1215IST,airline_direct,IndiGo
DEL,CCU,6E,IndiGo,inf,2026-10-02,30,business,,,22600.0,False,17:55,ok,2026-09-02T12:15:35.667719+05:30,2026-09-02_1215IST,airline_direct,IndiGo
DEL,CCU,6E,IndiGo,inf,2026-10-02,30,economy,,,8463.0,False,17:55,ok,2026-09-02T12:15:35.667719+05:30,2026-09-02_1215IST,airline_direct,IndiGo
DEL,CCU,6E,IndiGo,inf,2026-10-02,30,business,,,22600.0,False,02:45,ok,2026-09-02T12:15:35.667719+05:30,2026-09-02_1215IST,airline_direct,IndiGo
DEL,CCU,6E,IndiGo,inf,2026-10-02,30,economy,,,8778.0,False,02:45,ok,2026-09-02T12:15:35.667719+05:30,2026-09-02_1215IST,airline_direct,IndiGo
DEL,CCU,6E,IndiGo,inf,2026-10-02,30,business,,,22600.0,False,16:00,ok,2026-09-02T12:15:35.667719+05:30,2026-09-02_1215IST,airline_direct,IndiGo
DEL,CCU,6E,IndiGo,inf,2026-10-02,30,economy,,,8778.0,False,16:00,ok,2026-09-02T12:15:35.667719+05:30,2026-09-02_1215IST,airline_direct,IndiGo
DEL,CCU,6E,IndiGo,inf,2026-10-02,30,business,,,22600.0,False,19:30,ok,2026-09-02T12:15:35.667719+05:30,2026-09-02_1215IST,airline_direct,IndiGo
DEL,CCU,6E,IndiGo,inf,2026-10-02,30,economy,,,8778.0,False,19:30,ok,2026-09-02T12:15:35.667719+05:30,2026-09-02_1215IST,airline_direct,IndiGo
DEL,CCU,6E,IndiGo,inf,2026-10-02,30,business,,,22600.0,False,12:45,ok,2026-09-02T12:15:35.667719+05:30,2026-09-02_1215IST,airline_direct,IndiGo
DEL,CCU,6E,IndiGo,inf,2026-10-02,30,economy,,,9250.0,False,12:45,ok,2026-09-02T12:15:35.667719+05:30,2026-09-02_1215IST,airline_direct,IndiGo
DEL,CCU,6E,IndiGo,inf,2026-10-02,30,business,,,22600.0,False,07:20,ok,2026-09-02T12:15:35.667719+05:30,2026-09-02_1215IST,airline_direct,IndiGo
DEL,CCU,6E,IndiGo,inf,2026-10-02,30,economy,,,9775.0,False,07:20,ok,2026-09-02T12:15:35.667719+05:30,2026-09-02_1215IST,airline_direct,IndiGo
DEL,CCU,6E,IndiGo,inf,2026-10-02,30,business,,,22600.0,False,14:25,ok,2026-09-02T12:15:35.667719+05:30,2026-09-02_1215IST,airline_direct,IndiGo
DEL,CCU,6E,IndiGo,inf,2026-10-02,30,economy,,,9775.0,False,14:25,ok,2026-09-02T12:15:35.667719+05:30,2026-09-02_1215IST,airline_direct,IndiGo
DEL,CCU,6E,IndiGo,inf,2026-10-02,30,business,,,22600.0,False,05:00,ok,2026-09-02T12:15:35.667719+05:30,2026-09-02_1215IST,airline_direct,IndiGo
DEL,CCU,6E,IndiGo,inf,2026-10-02,30,economy,,,11140.0,False,05:00,ok,2026-09-02T12:15:35.667719+05:30,2026-09-02_1215IST,airline_direct,IndiGo
DEL,CCU,6E,IndiGo,inf,2026-10-02,30,business,,,22600.0,False,08:30,ok,2026-09-02T12:15:35.667719+05:30,2026-09-02_1215IST,airline_direct,IndiGo
DEL,CCU,6E,IndiGo,inf,2026-10-02,30,economy,,,11140.0,False,08:30,ok,2026-09-02T12:15:35.667719+05:30,2026-09-02_1215IST,airline_direct,IndiGo
DEL,CCU,6E,IndiGo,inf,2026-10-02,30,business,,,27001.0,False,10:15,ok,2026-09-02T12:15:35.667719+05:30,2026-09-02_1215IST,airline_direct,IndiGo
DEL,CCU,6E,IndiGo,inf,2026-10-02,30,economy,,,13555.0,False,10:15,ok,2026-09-02T12:15:35.667719+05:30,2026-09-02_1215IST,airline_direct,IndiGo
DEL,CCU,6E,IndiGo,inf,2026-10-02,30,economy,,,7376.0,False,06:20,ok,2026-09-02T12:15:35.667719+05:30,2026-09-02_1215IST,airline_direct,IndiGo
DEL,CCU,6E,IndiGo,inf,2026-10-02,30,economy,,,7376.0,False,08:10,ok,2026-09-02T12:15:35.667719+05:30,2026-09-02_1215IST,airline_direct,IndiGo
DEL,CCU,6E,IndiGo,inf,2026-10-02,30,economy,,,7376.0,False,13:35,ok,2026-09-02T12:15:35.667719+05:30,2026-09-02_1215IST,airline_direct,IndiGo
DEL,CCU,6E,IndiGo,inf,2026-10-02,30,economy,,,7376.0,False,13:35,ok,2026-09-02T12:15:35.667719+05:30,2026-09-02_1215IST,airline_direct,IndiGo
DEL,CCU,6E,IndiGo,inf,2026-10-02,30,economy,,,7376.0,False,16:20,ok,2026-09-02T12:15:35.667719+05:30,2026-09-02_1215IST,airline_direct,IndiGo
DEL,CCU,6E,IndiGo,inf,2026-10-02,30,economy,,,7376.0,False,16:40,ok,2026-09-02T12:15:35.667719+05:30,2026-09-02_1215IST,airline_direct,IndiGo
DEL,CCU,6E,IndiGo,inf,2026-10-02,30,economy,,,7507.0,False,05:25,ok,2026-09-02T12:15:35.667719+05:30,2026-09-02_1215IST,airline_direct,IndiGo
DEL,CCU,6E,IndiGo,inf,2026-10-02,30,economy,,,7507.0,False,05:55,ok,2026-09-02T12:15:35.667719+05:30,2026-09-02_1215IST,airline_direct,IndiGo
DEL,CCU,6E,IndiGo,inf,2026-10-02,30,economy,,,7507.0,False,08:00,ok,2026-09-02T12:15:35.667719+05:30,2026-09-02_1215IST,airline_direct,IndiGo
DEL,CCU,6E,IndiGo,inf,2026-10-02,30,economy,,,7507.0,False,14:25,ok,2026-09-02T12:15:35.667719+05:30,2026-09-02_1215IST,airline_direct,IndiGo
DEL,CCU,6E,IndiGo,inf,2026-10-02,30,economy,,,7507.0,False,14:35,ok,2026-09-02T12:15:35.667719+05:30,2026-09-02_1215IST,airline_direct,IndiGo
DEL,CCU,6E,IndiGo,inf,2026-10-02,30,economy,,,7586.0,False,15:50,ok,2026-09-02T12:15:35.667719+05:30,2026-09-02_1215IST,airline_direct,IndiGo
DEL,CCU,6E,IndiGo,inf,2026-10-02,30,economy,,,7691.0,False,15:10,ok,2026-09-02T12:15:35.667719+05:30,2026-09-02_1215IST,airline_direct,IndiGo
DEL,CCU,6E,IndiGo,inf,2026-10-02,30,economy,,,7691.0,False,15:10,ok,2026-09-02T12:15:35.667719+05:30,2026-09-02_1215IST,airline_direct,IndiGo
DEL,CCU,6E,IndiGo,inf,2026-10-02,30,economy,,,7691.0,False,17:30,ok,2026-09-02T12:15:35.667719+05:30,2026-09-02_1215IST,airline_direct,IndiGo
DEL,CCU,6E,IndiGo,inf,2026-10-02,30,economy,,,7717.0,False,17:20,ok,2026-09-02T12:15:35.667719+05:30,2026-09-02_1215IST,airline_direct,IndiGo
DEL,CCU,6E,IndiGo,inf,2026-10-02,30,economy,,,7901.0,False,13:25,ok,2026-09-02T12:15:35.667719+05:30,2026-09-02_1215IST,airline_direct,IndiGo
DEL,CCU,6E,IndiGo,inf,2026-10-02,30,economy,,,7901.0,False,13:25,ok,2026-09-02T12:15:35.667719+05:30,2026-09-02_1215IST,airline_direct,IndiGo
DEL,CCU,6E,IndiGo,inf,2026-10-02,30,business,,,28673.0,False,02:25,ok,2026-09-02T12:15:35.667719+05:30,2026-09-02_1215IST,airline_direct,IndiGo
DEL,CCU,6E,IndiGo,inf,2026-10-02,30,economy,,,7927.0,False,02:25,ok,2026-09-02T12:15:35.667719+05:30,2026-09-02_1215IST,airline_direct,IndiGo
DEL,CCU,6E,IndiGo,inf,2026-10-02,30,economy,,,7927.0,False,05:10,ok,2026-09-02T12:15:35.667719+05:30,2026-09-02_1215IST,airline_direct,IndiGo
DEL,CCU,6E,IndiGo,6e+203,2026-10-02,30,business,,,29027.0,False,07:10,ok,2026-09-02T12:15:35.667719+05:30,2026-09-02_1215IST,airline_direct,IndiGo
DEL,CCU,6E,IndiGo,6e+203,2026-10-02,30,economy,,,7927.0,False,07:10,ok,2026-09-02T12:15:35.667719+05:30,2026-09-02_1215IST,airline_direct,IndiGo
DEL,CCU,6E,IndiGo,inf,2026-10-02,30,business,,,29027.0,False,08:30,ok,2026-09-02T12:15:35.667719+05:30,2026-09-02_1215IST,airline_direct,IndiGo
DEL,CCU,6E,IndiGo,inf,2026-10-02,30,economy,,,7927.0,False,08:30,ok,2026-09-02T12:15:35.667719+05:30,2026-09-02_1215IST,airline_direct,IndiGo
DEL,CCU,6E,IndiGo,inf,2026-10-02,30,economy,,,7927.0,False,12:20,ok,2026-09-02T12:15:35.667719+05:30,2026-09-02_1215IST,airline_direct,IndiGo
DEL,CCU,6E,IndiGo,inf,2026-10-02,30,business,,,27611.0,False,13:30,ok,2026-09-02T12:15:35.667719+05:30,2026-09-02_1215IST,airline_direct,IndiGo
DEL,CCU,6E,IndiGo,inf,2026-10-02,30,economy,,,7927.0,False,13:30,ok,2026-09-02T12:15:35.667719+05:30,2026-09-02_1215IST,airline_direct,IndiGo
DEL,CCU,6E,IndiGo,inf,2026-10-02,30,business,,,27257.0,False,16:15,ok,2026-09-02T12:15:35.667719+05:30,2026-09-02_1215IST,airline_direct,IndiGo
DEL,CCU,6E,IndiGo,inf,2026-10-02,30,economy,,,7927.0,False,16:15,ok,2026-09-02T12:15:35.667719+05:30,2026-09-02_1215IST,airline_direct,IndiGo
DEL,CCU,6E,IndiGo,inf,2026-10-02,30,economy,,,7927.0,False,17:05,ok,2026-09-02T12:15:35.667719+05:30,2026-09-02_1215IST,airline_direct,IndiGo
DEL,CCU,6E,IndiGo,inf,2026-10-02,30,business,,,27257.0,False,17:55,ok,2026-09-02T12:15:35.667719+05:30,2026-09-02_1215IST,airline_direct,IndiGo
DEL,CCU,6E,IndiGo,inf,2026-10-02,30,economy,,,7927.0,False,17:55,ok,2026-09-02T12:15:35.667719+05:30,2026-09-02_1215IST,airline_direct,IndiGo
DEL,CCU,6E,IndiGo,inf,2026-10-02,30,business,,,27257.0,False,17:55,ok,2026-09-02T12:15:35.667719+05:30,2026-09-02_1215IST,airline_direct,IndiGo
DEL,CCU,6E,IndiGo,inf,2026-10-02,30,economy,,,7927.0,False,17:55,ok,2026-09-02T12:15:35.667719+05:30,2026-09-02_1215IST,airline_direct,IndiGo
DEL,CCU,6E,IndiGo,inf,2026-10-02,30,economy,,,8032.0,False,12:00,ok,2026-09-02T12:15:35.667719+05:30,2026-09-02_1215IST,airline_direct,IndiGo
DEL,CCU,6E,IndiGo,inf,2026-10-02,30,economy,,,8115.0,False,16:20,ok,2026-09-02T12:15:35.667719+05:30,2026-09-02_1215IST,airline_direct,IndiGo
DEL,CCU,6E,IndiGo,inf,2026-10-02,30,economy,,,8194.0,False,07:40,ok,2026-09-02T12:15:35.667719+05:30,2026-09-02_1215IST,airline_direct,IndiGo
DEL,CCU,6E,IndiGo,inf,2026-10-02,30,economy,,,8194.0,False,12:20,ok,2026-09-02T12:15:35.667719+05:30,2026-09-02_1215IST,airline_direct,IndiGo
DEL,CCU,6E,IndiGo,inf,2026-10-02,30,economy,,,8194.0,False,13:05,ok,2026-09-02T12:15:35.667719+05:30,2026-09-02_1215IST,airline_direct,IndiGo
DEL,CCU,6E,IndiGo,inf,2026-10-02,30,economy,,,8194.0,False,14:40,ok,2026-09-02T12:15:35.667719+05:30,2026-09-02_1215IST,airline_direct,IndiGo
DEL,CCU,6E,IndiGo,inf,2026-10-02,30,economy,,,8652.0,False,11:10,ok,2026-09-02T12:15:35.667719+05:30,2026-09-02_1215IST,airline_direct,IndiGo
DEL,CCU,6E,IndiGo,inf,2026-10-02,30,economy,,,8862.0,False,07:40,ok,2026-09-02T12:15:35.667719+05:30,2026-09-02_1215IST,airline_direct,IndiGo
DEL,CCU,6E,IndiGo,inf,2026-10-02,30,economy,,,9597.0,False,14:00,ok,2026-09-02T12:15:35.667719+05:30,2026-09-02_1215IST,airline_direct,IndiGo
DEL,CCU,6E,IndiGo,inf,2026-10-02,30,economy,,,10043.0,False,06:20,ok,2026-09-02T12:15:35.667719+05:30,2026-09-02_1215IST,airline_direct,IndiGo
DEL,CCU,6E,IndiGo,inf,2026-10-02,30,business,,,28437.0,False,08:30,ok,2026-09-02T12:15:35.667719+05:30,2026-09-02_1215IST,airline_direct,IndiGo
DEL,CCU,6E,IndiGo,inf,2026-10-02,30,economy,,,11632.0,False,08:30,ok,2026-09-02T12:15:35.667719+05:30,2026-09-02_1215IST,airline_direct,IndiGo
DEL,CCU,6E,IndiGo,inf,2026-10-02,30,business,,,28437.0,False,09:55,ok,2026-09-02T12:15:35.667719+05:30,2026-09-02_1215IST,airline_direct,IndiGo
DEL,CCU,6E,IndiGo,inf,2026-10-02,30,economy,,,12609.0,False,09:55,ok,2026-09-02T12:15:35.667719+05:30,2026-09-02_1215IST,airline_direct,IndiGo
DEL,CCU,6E,IndiGo,inf,2026-10-02,30,economy,,,13275.0,False,07:40,ok,2026-09-02T12:15:35.667719+05:30,2026-09-02_1215IST,airline_direct,IndiGo
DEL,CCU,6E,IndiGo,inf,2026-10-02,30,economy,,,13445.0,False,14:40,ok,2026-09-02T12:15:35.667719+05:30,2026-09-02_1215IST,airline_direct,IndiGo
DEL,CCU,6E,IndiGo,inf,2026-10-02,30,economy,,,17241.0,False,09:00,ok,2026-09-02T12:15:35.667719+05:30,2026-09-02_1215IST,airline_direct,IndiGo
DEL,CCU,6E,IndiGo,inf,2026-10-02,30,economy,,,18674.0,False,09:20,ok,2026-09-02T12:15:35.667719+05:30,2026-09-02_1215IST,airline_direct,IndiGo
DEL,CCU,6E,IndiGo,inf,2026-10-02,30,economy,,,18912.0,False,07:30,ok,2026-09-02T12:15:35.667719+05:30,2026-09-02_1215IST,airline_direct,IndiGo
DEL,CCU,6E,IndiGo,inf,2026-10-02,30,economy,,,18912.0,False,10:50,ok,2026-09-02T12:15:35.667719+05:30,2026-09-02_1215IST,airline_direct,IndiGo
DEL,CCU,6E,IndiGo,inf,2026-10-02,30,economy,,,19619.0,False,05:00,ok,2026-09-02T12:15:35.667719+05:30,2026-09-02_1215IST,airline_direct,IndiGo
DEL,CCU,6E,IndiGo,inf,2026-10-02,30,economy,,,20635.0,False,10:50,ok,2026-09-02T12:15:35.667719+05:30,2026-09-02_1215IST,airline_direct,IndiGo
BLR,HYD,6E,IndiGo,inf,2026-10-02,30,economy,,,4561.0,False,06:10,ok,2026-09-02T12:16:32.602780+05:30,2026-09-02_1216IST,airline_direct,IndiGo
BLR,HYD,6E,IndiGo,inf,2026-10-02,30,economy,,,4561.0,False,16:30,ok,2026-09-02T12:16:32.602780+05:30,2026-09-02_1216IST,airline_direct,IndiGo
BLR,HYD,6E,IndiGo,inf,2026-10-02,30,economy,,,4561.0,False,21:25,ok,2026-09-02T12:16:32.602780+05:30,2026-09-02_1216IST,airline_direct,IndiGo
BLR,HYD,6E,IndiGo,inf,2026-10-02,30,economy,,,4561.0,False,22:30,ok,2026-09-02T12:16:32.602780+05:30,2026-09-02_1216IST,airline_direct,IndiGo
BLR,HYD,6E,IndiGo,inf,2026-10-02,30,economy,,,4921.0,False,09:15,ok,2026-09-02T12:16:32.602780+05:30,2026-09-02_1216IST,airline_direct,IndiGo
BLR,HYD,6E,IndiGo,inf,2026-10-02,30,economy,,,4921.0,False,11:35,ok,2026-09-02T12:16:32.602780+05:30,2026-09-02_1216IST,airline_direct,IndiGo
BLR,HYD,6E,IndiGo,inf,2026-10-02,30,economy,,,4921.0,False,18:35,ok,2026-09-02T12:16:32.602780+05:30,2026-09-02_1216IST,airline_direct,IndiGo
BLR,HYD,6E,IndiGo,inf,2026-10-02,30,economy,,,4921.0,False,19:45,ok,2026-09-02T12:16:32.602780+05:30,2026-09-02_1216IST,airline_direct,IndiGo
BLR,HYD,6E,IndiGo,inf,2026-10-02,30,economy,,,5318.0,False,08:15,ok,2026-09-02T12:16:32.602780+05:30,2026-09-02_1216IST,airline_direct,IndiGo
BLR,HYD,6E,IndiGo,inf,2026-10-02,30,economy,,,5318.0,False,10:15,ok,2026-09-02T12:16:32.602780+05:30,2026-09-02_1216IST,airline_direct,IndiGo
BLR,HYD,6E,IndiGo,inf,2026-10-02,30,economy,,,5463.0,False,01:05,ok,2026-09-02T12:16:32.602780+05:30,2026-09-02_1216IST,airline_direct,IndiGo
BLR,HYD,6E,IndiGo,inf,2026-10-02,30,economy,,,5463.0,False,02:40,ok,2026-09-02T12:16:32.602780+05:30,2026-09-02_1216IST,airline_direct,IndiGo
BLR,HYD,6E,IndiGo,inf,2026-10-02,30,economy,,,5463.0,False,07:05,ok,2026-09-02T12:16:32.602780+05:30,2026-09-02_1216IST,airline_direct,IndiGo
BLR,HYD,6E,IndiGo,inf,2026-10-02,30,economy,,,5463.0,False,07:15,ok,2026-09-02T12:16:32.602780+05:30,2026-09-02_1216IST,airline_direct,IndiGo
BLR,HYD,6E,IndiGo,inf,2026-10-02,30,economy,,,5463.0,False,07:15,ok,2026-09-02T12:16:32.602780+05:30,2026-09-02_1216IST,airline_direct,IndiGo
BLR,HYD,6E,IndiGo,inf,2026-10-02,30,economy,,,5463.0,False,10:45,ok,2026-09-02T12:16:32.602780+05:30,2026-09-02_1216IST,airline_direct,IndiGo
BLR,HYD,6E,IndiGo,inf,2026-10-02,30,economy,,,5463.0,False,11:40,ok,2026-09-02T12:16:32.602780+05:30,2026-09-02_1216IST,airline_direct,IndiGo
BLR,HYD,6E,IndiGo,inf,2026-10-02,30,economy,,,5463.0,False,12:45,ok,2026-09-02T12:16:32.602780+05:30,2026-09-02_1216IST,airline_direct,IndiGo
BLR,HYD,6E,IndiGo,inf,2026-10-02,30,economy,,,5463.0,False,12:45,ok,2026-09-02T12:16:32.602780+05:30,2026-09-02_1216IST,airline_direct,IndiGo
BLR,HYD,6E,IndiGo,inf,2026-10-02,30,economy,,,5463.0,False,13:10,ok,2026-09-02T12:16:32.602780+05:30,2026-09-02_1216IST,airline_direct,IndiGo
BLR,HYD,6E,IndiGo,inf,2026-10-02,30,economy,,,5463.0,False,15:15,ok,2026-09-02T12:16:32.602780+05:30,2026-09-02_1216IST,airline_direct,IndiGo
BLR,HYD,6E,IndiGo,inf,2026-10-02,30,economy,,,5463.0,False,17:15,ok,2026-09-02T12:16:32.602780+05:30,2026-09-02_1216IST,airline_direct,IndiGo
BLR,HYD,6E,IndiGo,inf,2026-10-02,30,economy,,,5463.0,False,17:15,ok,2026-09-02T12:16:32.602780+05:30,2026-09-02_1216IST,airline_direct,IndiGo
BLR,HYD,6E,IndiGo,inf,2026-10-02,30,economy,,,5463.0,False,17:15,ok,2026-09-02T12:16:32.602780+05:30,2026-09-02_1216IST,airline_direct,IndiGo
BLR,HYD,6E,IndiGo,inf,2026-10-02,30,economy,,,5463.0,False,17:40,ok,2026-09-02T12:16:32.602780+05:30,2026-09-02_1216IST,airline_direct,IndiGo
BLR,HYD,6E,IndiGo,inf,2026-10-02,30,economy,,,5463.0,False,17:40,ok,2026-09-02T12:16:32.602780+05:30,2026-09-02_1216IST,airline_direct,IndiGo
BLR,HYD,6E,IndiGo,inf,2026-10-02,30,economy,,,5463.0,False,18:15,ok,2026-09-02T12:16:32.602780+05:30,2026-09-02_1216IST,airline_direct,IndiGo
BLR,HYD,6E,IndiGo,inf,2026-10-02,30,economy,,,5463.0,False,18:15,ok,2026-09-02T12:16:32.602780+05:30,2026-09-02_1216IST,airline_direct,IndiGo
BLR,HYD,6E,IndiGo,6e+105,2026-10-02,30,economy,,,5463.0,False,18:50,ok,2026-09-02T12:16:32.602780+05:30,2026-09-02_1216IST,airline_direct,IndiGo
BLR,HYD,6E,IndiGo,inf,2026-10-02,30,economy,,,5463.0,False,19:15,ok,2026-09-02T12:16:32.602780+05:30,2026-09-02_1216IST,airline_direct,IndiGo
BLR,HYD,6E,IndiGo,inf,2026-10-02,30,economy,,,5463.0,False,19:55,ok,2026-09-02T12:16:32.602780+05:30,2026-09-02_1216IST,airline_direct,IndiGo
BLR,HYD,6E,IndiGo,inf,2026-10-02,30,economy,,,5463.0,False,20:20,ok,2026-09-02T12:16:32.602780+05:30,2026-09-02_1216IST,airline_direct,IndiGo
BLR,HYD,6E,IndiGo,inf,2026-10-02,30,economy,,,6153.0,False,07:05,ok,2026-09-02T12:16:32.602780+05:30,2026-09-02_1216IST,airline_direct,IndiGo
BLR,HYD,6E,IndiGo,inf,2026-10-02,30,economy,,,6153.0,False,07:10,ok,2026-09-02T12:16:32.602780+05:30,2026-09-02_1216IST,airline_direct,IndiGo
BLR,HYD,6E,IndiGo,inf,2026-10-02,30,economy,,,6153.0,False,07:10,ok,2026-09-02T12:16:32.602780+05:30,2026-09-02_1216IST,airline_direct,IndiGo
BLR,HYD,6E,IndiGo,inf,2026-10-02,30,economy,,,6153.0,False,10:25,ok,2026-09-02T12:16:32.602780+05:30,2026-09-02_1216IST,airline_direct,IndiGo
BLR,HYD,6E,IndiGo,inf,2026-10-02,30,economy,,,6153.0,False,10:25,ok,2026-09-02T12:16:32.602780+05:30,2026-09-02_1216IST,airline_direct,IndiGo
BLR,HYD,6E,IndiGo,inf,2026-10-02,30,economy,,,6153.0,False,12:35,ok,2026-09-02T12:16:32.602780+05:30,2026-09-02_1216IST,airline_direct,IndiGo
BLR,HYD,6E,IndiGo,inf,2026-10-02,30,economy,,,6153.0,False,15:15,ok,2026-09-02T12:16:32.602780+05:30,2026-09-02_1216IST,airline_direct,IndiGo
BLR,HYD,6E,IndiGo,5.9999999999999995e+109,2026-10-02,30,economy,,,6153.0,False,17:00,ok,2026-09-02T12:16:32.602780+05:30,2026-09-02_1216IST,airline_direct,IndiGo
BLR,HYD,6E,IndiGo,inf,2026-10-02,30,economy,,,6153.0,False,18:50,ok,2026-09-02T12:16:32.602780+05:30,2026-09-02_1216IST,airline_direct,IndiGo
BLR,HYD,6E,IndiGo,inf,2026-10-02,30,economy,,,6284.0,False,10:40,ok,2026-09-02T12:16:32.602780+05:30,2026-09-02_1216IST,airline_direct,IndiGo
BLR,HYD,6E,IndiGo,inf,2026-10-02,30,economy,,,6412.0,False,06:25,ok,2026-09-02T12:16:32.602780+05:30,2026-09-02_1216IST,airline_direct,IndiGo
BLR,HYD,6E,IndiGo,inf,2026-10-02,30,economy,,,7301.0,False,10:50,ok,2026-09-02T12:16:32.602780+05:30,2026-09-02_1216IST,airline_direct,IndiGo
BLR,HYD,6E,IndiGo,inf,2026-10-02,30,economy,,,7804.0,False,10:50,ok,2026-09-02T12:16:32.602780+05:30,2026-09-02_1216IST,airline_direct,IndiGo
BLR,HYD,6E,IndiGo,inf,2026-10-02,30,economy,,,7804.0,False,10:50,ok,2026-09-02T12:16:32.602780+05:30,2026-09-02_1216IST,airline_direct,IndiGo
BLR,HYD,6E,IndiGo,inf,2026-10-02,30,economy,,,7935.0,False,06:50,ok,2026-09-02T12:16:32.602780+05:30,2026-09-02_1216IST,airline_direct,IndiGo
BLR,HYD,6E,IndiGo,inf,2026-10-02,30,economy,,,7935.0,False,08:05,ok,2026-09-02T12:16:32.602780+05:30,2026-09-02_1216IST,airline_direct,IndiGo
BLR,HYD,6E,IndiGo,inf,2026-10-02,30,economy,,,7935.0,False,08:05,ok,2026-09-02T12:16:32.602780+05:30,2026-09-02_1216IST,airline_direct,IndiGo
BLR,HYD,6E,IndiGo,inf,2026-10-02,30,economy,,,8484.0,False,15:30,ok,2026-09-02T12:16:32.602780+05:30,2026-09-02_1216IST,airline_direct,IndiGo
BLR,HYD,6E,IndiGo,inf,2026-10-02,30,economy,,,9081.0,False,12:55,ok,2026-09-02T12:16:32.602780+05:30,2026-09-02_1216IST,airline_direct,IndiGo
BLR,HYD,6E,IndiGo,inf,2026-10-02,30,economy,,,9475.0,False,06:50,ok,2026-09-02T12:16:32.602780+05:30,2026-09-02_1216IST,airline_direct,IndiGo
BLR,HYD,6E,IndiGo,inf,2026-10-02,30,economy,,,10176.0,False,06:50,ok,2026-09-02T12:16:32.602780+05:30,2026-09-02_1216IST,airline_direct,IndiGo
BLR,HYD,6E,IndiGo,6e+116,2026-10-02,30,economy,,,10304.0,False,23:05,ok,2026-09-02T12:16:32.602780+05:30,2026-09-02_1216IST,airline_direct,IndiGo
BLR,HYD,6E,IndiGo,6e+116,2026-10-02,30,economy,,,10304.0,False,23:05,ok,2026-09-02T12:16:32.602780+05:30,2026-09-02_1216IST,airline_direct,IndiGo
BLR,HYD,6E,IndiGo,inf,2026-10-02,30,economy,,,10467.0,False,21:40,ok,2026-09-02T12:16:32.602780+05:30,2026-09-02_1216IST,airline_direct,IndiGo
BLR,HYD,6E,IndiGo,inf,2026-10-02,30,economy,,,10636.0,False,20:40,ok,2026-09-02T12:16:32.602780+05:30,2026-09-02_1216IST,airline_direct,IndiGo
BLR,HYD,6E,IndiGo,6e+105,2026-10-02,30,economy,,,10996.0,False,18:50,ok,2026-09-02T12:16:32.602780+05:30,2026-09-02_1216IST,airline_direct,IndiGo
BLR,HYD,6E,IndiGo,inf,2026-10-02,30,economy,,,15018.0,False,12:35,ok,2026-09-02T12:16:32.602780+05:30,2026-09-02_1216IST,airline_direct,IndiGo
BLR,HYD,6E,IndiGo,inf,2026-10-02,30,economy,,,17540.0,False,07:10,ok,2026-09-02T12:16:32.602780+05:30,2026-09-02_1216IST,airline_direct,IndiGo
MAA,DEL,6E,IndiGo,inf,2026-10-02,30,business,,,24700.0,False,02:45,ok,2026-09-02T12:17:36.046675+05:30,2026-09-02_1217IST,airline_direct,IndiGo
MAA,DEL,6E,IndiGo,inf,2026-10-02,30,economy,,,9830.0,False,02:45,ok,2026-09-02T12:17:36.046675+05:30,2026-09-02_1217IST,airline_direct,IndiGo
MAA,DEL,6E,IndiGo,inf,2026-10-02,30,business,,,24700.0,False,13:00,ok,2026-09-02T12:17:36.046675+05:30,2026-09-02_1217IST,airline_direct,IndiGo
MAA,DEL,6E,IndiGo,inf,2026-10-02,30,economy,,,9830.0,False,13:00,ok,2026-09-02T12:17:36.046675+05:30,2026-09-02_1217IST,airline_direct,IndiGo
MAA,DEL,6E,IndiGo,inf,2026-10-02,30,business,,,24700.0,False,14:30,ok,2026-09-02T12:17:36.046675+05:30,2026-09-02_1217IST,airline_direct,IndiGo
MAA,DEL,6E,IndiGo,inf,2026-10-02,30,economy,,,9830.0,False,14:30,ok,2026-09-02T12:17:36.046675+05:30,2026-09-02_1217IST,airline_direct,IndiGo
MAA,DEL,6E,IndiGo,inf,2026-10-02,30,business,,,24700.0,False,16:45,ok,2026-09-02T12:17:36.046675+05:30,2026-09-02_1217IST,airline_direct,IndiGo
MAA,DEL,6E,IndiGo,inf,2026-10-02,30,economy,,,9830.0,False,16:45,ok,2026-09-02T12:17:36.046675+05:30,2026-09-02_1217IST,airline_direct,IndiGo
MAA,DEL,6E,IndiGo,inf,2026-10-02,30,business,,,24700.0,False,19:00,ok,2026-09-02T12:17:36.046675+05:30,2026-09-02_1217IST,airline_direct,IndiGo
MAA,DEL,6E,IndiGo,inf,2026-10-02,30,economy,,,9830.0,False,19:00,ok,2026-09-02T12:17:36.046675+05:30,2026-09-02_1217IST,airline_direct,IndiGo
MAA,DEL,6E,IndiGo,inf,2026-10-02,30,business,,,24700.0,False,21:50,ok,2026-09-02T12:17:36.046675+05:30,2026-09-02_1217IST,airline_direct,IndiGo
MAA,DEL,6E,IndiGo,inf,2026-10-02,30,economy,,,9830.0,False,21:50,ok,2026-09-02T12:17:36.046675+05:30,2026-09-02_1217IST,airline_direct,IndiGo
MAA,DEL,6E,IndiGo,inf,2026-10-02,30,business,,,24700.0,False,23:45,ok,2026-09-02T12:17:36.046675+05:30,2026-09-02_1217IST,airline_direct,IndiGo
MAA,DEL,6E,IndiGo,inf,2026-10-02,30,economy,,,9830.0,False,23:45,ok,2026-09-02T12:17:36.046675+05:30,2026-09-02_1217IST,airline_direct,IndiGo
MAA,DEL,6E,IndiGo,inf,2026-10-02,30,business,,,24700.0,False,11:10,ok,2026-09-02T12:17:36.046675+05:30,2026-09-02_1217IST,airline_direct,IndiGo
MAA,DEL,6E,IndiGo,inf,2026-10-02,30,economy,,,10295.0,False,11:10,ok,2026-09-02T12:17:36.046675+05:30,2026-09-02_1217IST,airline_direct,IndiGo
MAA,DEL,6E,IndiGo,inf,2026-10-02,30,business,,,24700.0,False,06:30,ok,2026-09-02T12:17:36.046675+05:30,2026-09-02_1217IST,airline_direct,IndiGo
MAA,DEL,6E,IndiGo,inf,2026-10-02,30,economy,,,10785.0,False,06:30,ok,2026-09-02T12:17:36.046675+05:30,2026-09-02_1217IST,airline_direct,IndiGo
MAA,DEL,6E,IndiGo,inf,2026-10-02,30,business,,,24700.0,False,09:15,ok,2026-09-02T12:17:36.046675+05:30,2026-09-02_1217IST,airline_direct,IndiGo
MAA,DEL,6E,IndiGo,inf,2026-10-02,30,economy,,,10785.0,False,09:15,ok,2026-09-02T12:17:36.046675+05:30,2026-09-02_1217IST,airline_direct,IndiGo
MAA,DEL,6E,IndiGo,inf,2026-10-02,30,economy,,,9568.0,False,13:10,ok,2026-09-02T12:17:36.046675+05:30,2026-09-02_1217IST,airline_direct,IndiGo
MAA,DEL,6E,IndiGo,inf,2026-10-02,30,business,,,28061.0,False,01:10,ok,2026-09-02T12:17:36.046675+05:30,2026-09-02_1217IST,airline_direct,IndiGo
MAA,DEL,6E,IndiGo,inf,2026-10-02,30,economy,,,9778.0,False,01:10,ok,2026-09-02T12:17:36.046675+05:30,2026-09-02_1217IST,airline_direct,IndiGo
MAA,DEL,6E,IndiGo,6e+253,2026-10-02,30,business,,,28061.0,False,03:10,ok,2026-09-02T12:17:36.046675+05:30,2026-09-02_1217IST,airline_direct,IndiGo
MAA,DEL,6E,IndiGo,6e+253,2026-10-02,30,economy,,,9778.0,False,03:10,ok,2026-09-02T12:17:36.046675+05:30,2026-09-02_1217IST,airline_direct,IndiGo
MAA,DEL,6E,IndiGo,6.000000000000001e+244,2026-10-02,30,economy,,,9778.0,False,03:55,ok,2026-09-02T12:17:36.046675+05:30,2026-09-02_1217IST,airline_direct,IndiGo
MAA,DEL,6E,IndiGo,inf,2026-10-02,30,business,,,26917.0,False,07:10,ok,2026-09-02T12:17:36.046675+05:30,2026-09-02_1217IST,airline_direct,IndiGo
MAA,DEL,6E,IndiGo,inf,2026-10-02,30,economy,,,9778.0,False,07:10,ok,2026-09-02T12:17:36.046675+05:30,2026-09-02_1217IST,airline_direct,IndiGo
MAA,DEL,6E,IndiGo,inf,2026-10-02,30,economy,,,9778.0,False,08:10,ok,2026-09-02T12:17:36.046675+05:30,2026-09-02_1217IST,airline_direct,IndiGo
MAA,DEL,6E,IndiGo,inf,2026-10-02,30,business,,,26457.0,False,09:05,ok,2026-09-02T12:17:36.046675+05:30,2026-09-02_1217IST,airline_direct,IndiGo
MAA,DEL,6E,IndiGo,inf,2026-10-02,30,economy,,,9778.0,False,09:05,ok,2026-09-02T12:17:36.046675+05:30,2026-09-02_1217IST,airline_direct,IndiGo
MAA,DEL,6E,IndiGo,inf,2026-10-02,30,business,,,26457.0,False,09:05,ok,2026-09-02T12:17:36.046675+05:30,2026-09-02_1217IST,airline_direct,IndiGo
MAA,DEL,6E,IndiGo,inf,2026-10-02,30,economy,,,9778.0,False,09:05,ok,2026-09-02T12:17:36.046675+05:30,2026-09-02_1217IST,airline_direct,IndiGo
MAA,DEL,6E,IndiGo,inf,2026-10-02,30,business,,,26398.0,False,09:55,ok,2026-09-02T12:17:36.046675+05:30,2026-09-02_1217IST,airline_direct,IndiGo
MAA,DEL,6E,IndiGo,inf,2026-10-02,30,economy,,,9778.0,False,09:55,ok,2026-09-02T12:17:36.046675+05:30,2026-09-02_1217IST,airline_direct,IndiGo
MAA,DEL,6E,IndiGo,inf,2026-10-02,30,economy,,,9778.0,False,10:15,ok,2026-09-02T12:17:36.046675+05:30,2026-09-02_1217IST,airline_direct,IndiGo
MAA,DEL,6E,IndiGo,inf,2026-10-02,30,economy,,,9778.0,False,11:25,ok,2026-09-02T12:17:36.046675+05:30,2026-09-02_1217IST,airline_direct,IndiGo
MAA,DEL,6E,IndiGo,inf,2026-10-02,30,business,,,26917.0,False,12:00,ok,2026-09-02T12:17:36.046675+05:30,2026-09-02_1217IST,airline_direct,IndiGo
MAA,DEL,6E,IndiGo,inf,2026-10-02,30,economy,,,9778.0,False,12:00,ok,2026-09-02T12:17:36.046675+05:30,2026-09-02_1217IST,airline_direct,IndiGo
MAA,DEL,6E,IndiGo,inf,2026-10-02,30,business,,,26457.0,False,16:10,ok,2026-09-02T12:17:36.046675+05:30,2026-09-02_1217IST,airline_direct,IndiGo
MAA,DEL,6E,IndiGo,inf,2026-10-02,30,economy,,,9778.0,False,16:10,ok,2026-09-02T12:17:36.046675+05:30,2026-09-02_1217IST,airline_direct,IndiGo
MAA,DEL,6E,IndiGo,inf,2026-10-02,30,economy,,,9778.0,False,17:50,ok,2026-09-02T12:17:36.046675+05:30,2026-09-02_1217IST,airline_direct,IndiGo
MAA,DEL,6E,IndiGo,inf,2026-10-02,30,economy,,,9778.0,False,18:15,ok,2026-09-02T12:17:36.046675+05:30,2026-09-02_1217IST,airline_direct,IndiGo
MAA,DEL,6E,IndiGo,inf,2026-10-02,30,business,,,26457.0,False,18:20,ok,2026-09-02T12:17:36.046675+05:30,2026-09-02_1217IST,airline_direct,IndiGo
MAA,DEL,6E,IndiGo,inf,2026-10-02,30,economy,,,9778.0,False,18:20,ok,2026-09-02T12:17:36.046675+05:30,2026-09-02_1217IST,airline_direct,IndiGo
MAA,DEL,6E,IndiGo,6e+193,2026-10-02,30,business,,,26457.0,False,20:00,ok,2026-09-02T12:17:36.046675+05:30,2026-09-02_1217IST,airline_direct,IndiGo
MAA,DEL,6E,IndiGo,6e+193,2026-10-02,30,economy,,,9778.0,False,20:00,ok,2026-09-02T12:17:36.046675+05:30,2026-09-02_1217IST,airline_direct,IndiGo
MAA,DEL,6E,IndiGo,inf,2026-10-02,30,business,,,26398.0,False,21:25,ok,2026-09-02T12:17:36.046675+05:30,2026-09-02_1217IST,airline_direct,IndiGo
MAA,DEL,6E,IndiGo,inf,2026-10-02,30,economy,,,9778.0,False,21:25,ok,2026-09-02T12:17:36.046675+05:30,2026-09-02_1217IST,airline_direct,IndiGo
MAA,DEL,6E,IndiGo,inf,2026-10-02,30,business,,,29704.0,False,07:05,ok,2026-09-02T12:17:36.046675+05:30,2026-09-02_1217IST,airline_direct,IndiGo
MAA,DEL,6E,IndiGo,inf,2026-10-02,30,economy,,,9857.0,False,07:05,ok,2026-09-02T12:17:36.046675+05:30,2026-09-02_1217IST,airline_direct,IndiGo
MAA,DEL,6E,IndiGo,inf,2026-10-02,30,business,,,29704.0,False,07:05,ok,2026-09-02T12:17:36.046675+05:30,2026-09-02_1217IST,airline_direct,IndiGo
MAA,DEL,6E,IndiGo,inf,2026-10-02,30,economy,,,9857.0,False,07:05,ok,2026-09-02T12:17:36.046675+05:30,2026-09-02_1217IST,airline_direct,IndiGo
MAA,DEL,6E,IndiGo,inf,2026-10-02,30,business,,,29704.0,False,08:55,ok,2026-09-02T12:17:36.046675+05:30,2026-09-02_1217IST,airline_direct,IndiGo
MAA,DEL,6E,IndiGo,inf,2026-10-02,30,economy,,,9857.0,False,08:55,ok,2026-09-02T12:17:36.046675+05:30,2026-09-02_1217IST,airline_direct,IndiGo
MAA,DEL,6E,IndiGo,inf,2026-10-02,30,business,,,30048.0,False,10:55,ok,2026-09-02T12:17:36.046675+05:30,2026-09-02_1217IST,airline_direct,IndiGo
MAA,DEL,6E,IndiGo,inf,2026-10-02,30,economy,,,9857.0,False,10:55,ok,2026-09-02T12:17:36.046675+05:30,2026-09-02_1217IST,airline_direct,IndiGo
MAA,DEL,6E,IndiGo,inf,2026-10-02,30,business,,,30048.0,False,10:55,ok,2026-09-02T12:17:36.046675+05:30,2026-09-02_1217IST,airline_direct,IndiGo
MAA,DEL,6E,IndiGo,inf,2026-10-02,30,economy,,,9857.0,False,10:55,ok,2026-09-02T12:17:36.046675+05:30,2026-09-02_1217IST,airline_direct,IndiGo
MAA,DEL,6E,IndiGo,inf,2026-10-02,30,business,,,29704.0,False,14:35,ok,2026-09-02T12:17:36.046675+05:30,2026-09-02_1217IST,airline_direct,IndiGo
MAA,DEL,6E,IndiGo,inf,2026-10-02,30,economy,,,9857.0,False,14:35,ok,2026-09-02T12:17:36.046675+05:30,2026-09-02_1217IST,airline_direct,IndiGo
MAA,DEL,6E,IndiGo,inf,2026-10-02,30,business,,,29704.0,False,14:35,ok,2026-09-02T12:17:36.046675+05:30,2026-09-02_1217IST,airline_direct,IndiGo
MAA,DEL,6E,IndiGo,inf,2026-10-02,30,economy,,,9857.0,False,14:35,ok,2026-09-02T12:17:36.046675+05:30,2026-09-02_1217IST,airline_direct,IndiGo
MAA,DEL,6E,IndiGo,inf,2026-10-02,30,business,,,29704.0,False,16:15,ok,2026-09-02T12:17:36.046675+05:30,2026-09-02_1217IST,airline_direct,IndiGo
MAA,DEL,6E,IndiGo,inf,2026-10-02,30,economy,,,9857.0,False,16:15,ok,2026-09-02T12:17:36.046675+05:30,2026-09-02_1217IST,airline_direct,IndiGo
MAA,DEL,6E,IndiGo,6e+189,2026-10-02,30,business,,,29704.0,False,19:05,ok,2026-09-02T12:17:36.046675+05:30,2026-09-02_1217IST,airline_direct,IndiGo
MAA,DEL,6E,IndiGo,6e+189,2026-10-02,30,economy,,,9857.0,False,19:05,ok,2026-09-02T12:17:36.046675+05:30,2026-09-02_1217IST,airline_direct,IndiGo
MAA,DEL,6E,IndiGo,inf,2026-10-02,30,economy,,,9857.0,False,20:00,ok,2026-09-02T12:17:36.046675+05:30,2026-09-02_1217IST,airline_direct,IndiGo
MAA,DEL,6E,IndiGo,inf,2026-10-02,30,business,,,29944.0,False,02:30,ok,2026-09-02T12:17:36.046675+05:30,2026-09-02_1217IST,airline_direct,IndiGo
MAA,DEL,6E,IndiGo,inf,2026-10-02,30,economy,,,9988.0,False,02:30,ok,2026-09-02T12:17:36.046675+05:30,2026-09-02_1217IST,airline_direct,IndiGo
MAA,DEL,6E,IndiGo,inf,2026-10-02,30,business,,,35375.0,False,05:00,ok,2026-09-02T12:17:36.046675+05:30,2026-09-02_1217IST,airline_direct,IndiGo
MAA,DEL,6E,IndiGo,inf,2026-10-02,30,economy,,,9988.0,False,05:00,ok,2026-09-02T12:17:36.046675+05:30,2026-09-02_1217IST,airline_direct,IndiGo
MAA,DEL,6E,IndiGo,inf,2026-10-02,30,business,,,30214.0,False,08:20,ok,2026-09-02T12:17:36.046675+05:30,2026-09-02_1217IST,airline_direct,IndiGo
MAA,DEL,6E,IndiGo,inf,2026-10-02,30,economy,,,9988.0,False,08:20,ok,2026-09-02T12:17:36.046675+05:30,2026-09-02_1217IST,airline_direct,IndiGo
MAA,DEL,6E,IndiGo,inf,2026-10-02,30,business,,,35375.0,False,09:00,ok,2026-09-02T12:17:36.046675+05:30,2026-09-02_1217IST,airline_direct,IndiGo
MAA,DEL,6E,IndiGo,inf,2026-10-02,30,economy,,,9988.0,False,09:00,ok,2026-09-02T12:17:36.046675+05:30,2026-09-02_1217IST,airline_direct,IndiGo
MAA,DEL,6E,IndiGo,inf,2026-10-02,30,business,,,35375.0,False,09:00,ok,2026-09-02T12:17:36.046675+05:30,2026-09-02_1217IST,airline_direct,IndiGo
MAA,DEL,6E,IndiGo,inf,2026-10-02,30,economy,,,9988.0,False,09:00,ok,2026-09-02T12:17:36.046675+05:30,2026-09-02_1217IST,airline_direct,IndiGo
MAA,DEL,6E,IndiGo,inf,2026-10-02,30,business,,,35375.0,False,11:00,ok,2026-09-02T12:17:36.046675+05:30,2026-09-02_1217IST,airline_direct,IndiGo
MAA,DEL,6E,IndiGo,inf,2026-10-02,30,economy,,,9988.0,False,11:00,ok,2026-09-02T12:17:36.046675+05:30,2026-09-02_1217IST,airline_direct,IndiGo
MAA,DEL,6E,IndiGo,inf,2026-10-02,30,business,,,35375.0,False,12:45,ok,2026-09-02T12:17:36.046675+05:30,2026-09-02_1217IST,airline_direct,IndiGo
MAA,DEL,6E,IndiGo,inf,2026-10-02,30,economy,,,9988.0,False,12:45,ok,2026-09-02T12:17:36.046675+05:30,2026-09-02_1217IST,airline_direct,IndiGo
MAA,DEL,6E,IndiGo,inf,2026-10-02,30,business,,,29742.0,False,15:05,ok,2026-09-02T12:17:36.046675+05:30,2026-09-02_1217IST,airline_direct,IndiGo
MAA,DEL,6E,IndiGo,inf,2026-10-02,30,economy,,,9988.0,False,15:05,ok,2026-09-02T12:17:36.046675+05:30,2026-09-02_1217IST,airline_direct,IndiGo
MAA,DEL,6E,IndiGo,inf,2026-10-02,30,economy,,,9988.0,False,17:00,ok,2026-09-02T12:17:36.046675+05:30,2026-09-02_1217IST,airline_direct,IndiGo
MAA,DEL,6E,IndiGo,inf,2026-10-02,30,business,,,35375.0,False,18:15,ok,2026-09-02T12:17:36.046675+05:30,2026-09-02_1217IST,airline_direct,IndiGo
MAA,DEL,6E,IndiGo,inf,2026-10-02,30,economy,,,9988.0,False,18:15,ok,2026-09-02T12:17:36.046675+05:30,2026-09-02_1217IST,airline_direct,IndiGo
MAA,DEL,6E,IndiGo,inf,2026-10-02,30,economy,,,10146.0,False,17:45,ok,2026-09-02T12:17:36.046675+05:30,2026-09-02_1217IST,airline_direct,IndiGo
MAA,DEL,6E,IndiGo,inf,2026-10-02,30,business,,,26398.0,False,22:35,ok,2026-09-02T12:17:36.046675+05:30,2026-09-02_1217IST,airline_direct,IndiGo
MAA,DEL,6E,IndiGo,inf,2026-10-02,30,economy,,,11711.0,False,22:35,ok,2026-09-02T12:17:36.046675+05:30,2026-09-02_1217IST,airline_direct,IndiGo
MAA,DEL,6E,IndiGo,inf,2026-10-02,30,business,,,29704.0,False,22:00,ok,2026-09-02T12:17:36.046675+05:30,2026-09-02_1217IST,airline_direct,IndiGo
MAA,DEL,6E,IndiGo,inf,2026-10-02,30,economy,,,11725.0,False,22:00,ok,2026-09-02T12:17:36.046675+05:30,2026-09-02_1217IST,airline_direct,IndiGo
MAA,DEL,6E,IndiGo,6e+264,2026-10-02,30,economy,,,12174.0,False,23:20,ok,2026-09-02T12:17:36.046675+05:30,2026-09-02_1217IST,airline_direct,IndiGo
MAA,DEL,6E,IndiGo,inf,2026-10-02,30,business,,,28061.0,False,22:20,ok,2026-09-02T12:17:36.046675+05:30,2026-09-02_1217IST,airline_direct,IndiGo
MAA,DEL,6E,IndiGo,inf,2026-10-02,30,economy,,,12614.0,False,22:20,ok,2026-09-02T12:17:36.046675+05:30,2026-09-02_1217IST,airline_direct,IndiGo
MAA,DEL,6E,IndiGo,inf,2026-10-02,30,business,,,35375.0,False,22:30,ok,2026-09-02T12:17:36.046675+05:30,2026-09-02_1217IST,airline_direct,IndiGo
MAA,DEL,6E,IndiGo,inf,2026-10-02,30,economy,,,12672.0,False,22:30,ok,2026-09-02T12:17:36.046675+05:30,2026-09-02_1217IST,airline_direct,IndiGo
MAA,DEL,6E,IndiGo,inf,2026-10-02,30,business,,,37661.0,False,17:40,ok,2026-09-02T12:17:36.046675+05:30,2026-09-02_1217IST,airline_direct,IndiGo
MAA,DEL,6E,IndiGo,inf,2026-10-02,30,economy,,,13487.0,False,17:40,ok,2026-09-02T12:17:36.046675+05:30,2026-09-02_1217IST,airline_direct,IndiGo
MAA,DEL,6E,IndiGo,inf,2026-10-02,30,economy,,,14452.0,False,06:15,ok,2026-09-02T12:17:36.046675+05:30,2026-09-02_1217IST,airline_direct,IndiGo
MAA,DEL,6E,IndiGo,inf,2026-10-02,30,business,,,38959.0,False,11:55,ok,2026-09-02T12:17:36.046675+05:30,2026-09-02_1217IST,airline_direct,IndiGo
MAA,DEL,6E,IndiGo,inf,2026-10-02,30,economy,,,15577.0,False,11:55,ok,2026-09-02T12:17:36.046675+05:30,2026-09-02_1217IST,airline_direct,IndiGo
MAA,DEL,6E,IndiGo,inf,2026-10-02,30,business,,,30775.0,False,11:10,ok,2026-09-02T12:17:36.046675+05:30,2026-09-02_1217IST,airline_direct,IndiGo
MAA,DEL,6E,IndiGo,inf,2026-10-02,30,economy,,,15692.0,False,11:10,ok,2026-09-02T12:17:36.046675+05:30,2026-09-02_1217IST,airline_direct,IndiGo
MAA,DEL,6E,IndiGo,inf,2026-10-02,30,business,,,28415.0,False,05:40,ok,2026-09-02T12:17:36.046675+05:30,2026-09-02_1217IST,airline_direct,IndiGo
MAA,DEL,6E,IndiGo,inf,2026-10-02,30,economy,,,15763.0,False,05:40,ok,2026-09-02T12:17:36.046675+05:30,2026-09-02_1217IST,airline_direct,IndiGo
DEL,BOM,6E,IndiGo,inf,2026-10-17,45,business,,,21900.0,False,03:00,ok,2026-09-02T12:18:34.402959+05:30,2026-09-02_1218IST,airline_direct,IndiGo
DEL,BOM,6E,IndiGo,inf,2026-10-17,45,economy,,,6546.0,False,03:00,ok,2026-09-02T12:18:34.402959+05:30,2026-09-02_1218IST,airline_direct,IndiGo
DEL,BOM,6E,IndiGo,inf,2026-10-17,45,business,,,21900.0,False,05:00,ok,2026-09-02T12:18:34.402959+05:30,2026-09-02_1218IST,airline_direct,IndiGo
DEL,BOM,6E,IndiGo,inf,2026-10-17,45,economy,,,6546.0,False,05:00,ok,2026-09-02T12:18:34.402959+05:30,2026-09-02_1218IST,airline_direct,IndiGo
DEL,BOM,6E,IndiGo,inf,2026-10-17,45,business,,,21900.0,False,06:05,ok,2026-09-02T12:18:34.402959+05:30,2026-09-02_1218IST,airline_direct,IndiGo
DEL,BOM,6E,IndiGo,inf,2026-10-17,45,economy,,,6546.0,False,06:05,ok,2026-09-02T12:18:34.402959+05:30,2026-09-02_1218IST,airline_direct,IndiGo
DEL,BOM,6E,IndiGo,inf,2026-10-17,45,business,,,21900.0,False,07:15,ok,2026-09-02T12:18:34.402959+05:30,2026-09-02_1218IST,airline_direct,IndiGo
DEL,BOM,6E,IndiGo,inf,2026-10-17,45,economy,,,6546.0,False,07:15,ok,2026-09-02T12:18:34.402959+05:30,2026-09-02_1218IST,airline_direct,IndiGo
DEL,BOM,6E,IndiGo,inf,2026-10-17,45,business,,,21900.0,False,08:00,ok,2026-09-02T12:18:34.402959+05:30,2026-09-02_1218IST,airline_direct,IndiGo
DEL,BOM,6E,IndiGo,inf,2026-10-17,45,economy,,,6546.0,False,08:00,ok,2026-09-02T12:18:34.402959+05:30,2026-09-02_1218IST,airline_direct,IndiGo
DEL,BOM,6E,IndiGo,inf,2026-10-17,45,business,,,21900.0,False,08:45,ok,2026-09-02T12:18:34.402959+05:30,2026-09-02_1218IST,airline_direct,IndiGo
DEL,BOM,6E,IndiGo,inf,2026-10-17,45,economy,,,6546.0,False,08:45,ok,2026-09-02T12:18:34.402959+05:30,2026-09-02_1218IST,airline_direct,IndiGo
DEL,BOM,6E,IndiGo,inf,2026-10-17,45,business,,,21900.0,False,09:30,ok,2026-09-02T12:18:34.402959+05:30,2026-09-02_1218IST,airline_direct,IndiGo
DEL,BOM,6E,IndiGo,inf,2026-10-17,45,economy,,,6546.0,False,09:30,ok,2026-09-02T12:18:34.402959+05:30,2026-09-02_1218IST,airline_direct,IndiGo
DEL,BOM,6E,IndiGo,inf,2026-10-17,45,business,,,21900.0,False,10:15,ok,2026-09-02T12:18:34.402959+05:30,2026-09-02_1218IST,airline_direct,IndiGo
DEL,BOM,6E,IndiGo,inf,2026-10-17,45,economy,,,6546.0,False,10:15,ok,2026-09-02T12:18:34.402959+05:30,2026-09-02_1218IST,airline_direct,IndiGo
DEL,BOM,6E,IndiGo,inf,2026-10-17,45,business,,,21900.0,False,11:00,ok,2026-09-02T12:18:34.402959+05:30,2026-09-02_1218IST,airline_direct,IndiGo
DEL,BOM,6E,IndiGo,inf,2026-10-17,45,economy,,,6546.0,False,11:00,ok,2026-09-02T12:18:34.402959+05:30,2026-09-02_1218IST,airline_direct,IndiGo
DEL,BOM,6E,IndiGo,inf,2026-10-17,45,business,,,21900.0,False,13:00,ok,2026-09-02T12:18:34.402959+05:30,2026-09-02_1218IST,airline_direct,IndiGo
DEL,BOM,6E,IndiGo,inf,2026-10-17,45,economy,,,6546.0,False,13:00,ok,2026-09-02T12:18:34.402959+05:30,2026-09-02_1218IST,airline_direct,IndiGo
DEL,BOM,6E,IndiGo,inf,2026-10-17,45,business,,,21900.0,False,14:00,ok,2026-09-02T12:18:34.402959+05:30,2026-09-02_1218IST,airline_direct,IndiGo
DEL,BOM,6E,IndiGo,inf,2026-10-17,45,economy,,,6546.0,False,14:00,ok,2026-09-02T12:18:34.402959+05:30,2026-09-02_1218IST,airline_direct,IndiGo
DEL,BOM,6E,IndiGo,inf,2026-10-17,45,business,,,21900.0,False,14:45,ok,2026-09-02T12:18:34.402959+05:30,2026-09-02_1218IST,airline_direct,IndiGo
DEL,BOM,6E,IndiGo,inf,2026-10-17,45,economy,,,6546.0,False,14:45,ok,2026-09-02T12:18:34.402959+05:30,2026-09-02_1218IST,airline_direct,IndiGo
DEL,BOM,6E,IndiGo,inf,2026-10-17,45,business,,,21900.0,False,15:30,ok,2026-09-02T12:18:34.402959+05:30,2026-09-02_1218IST,airline_direct,IndiGo
DEL,BOM,6E,IndiGo,inf,2026-10-17,45,economy,,,6546.0,False,15:30,ok,2026-09-02T12:18:34.402959+05:30,2026-09-02_1218IST,airline_direct,IndiGo
DEL,BOM,6E,IndiGo,inf,2026-10-17,45,business,,,21900.0,False,16:15,ok,2026-09-02T12:18:34.402959+05:30,2026-09-02_1218IST,airline_direct,IndiGo
DEL,BOM,6E,IndiGo,inf,2026-10-17,45,economy,,,6546.0,False,16:15,ok,2026-09-02T12:18:34.402959+05:30,2026-09-02_1218IST,airline_direct,IndiGo
DEL,BOM,6E,IndiGo,inf,2026-10-17,45,business,,,21900.0,False,18:00,ok,2026-09-02T12:18:34.402959+05:30,2026-09-02_1218IST,airline_direct,IndiGo
DEL,BOM,6E,IndiGo,inf,2026-10-17,45,economy,,,6546.0,False,18:00,ok,2026-09-02T12:18:34.402959+05:30,2026-09-02_1218IST,airline_direct,IndiGo
DEL,BOM,6E,IndiGo,inf,2026-10-17,45,business,,,21900.0,False,19:00,ok,2026-09-02T12:18:34.402959+05:30,2026-09-02_1218IST,airline_direct,IndiGo
DEL,BOM,6E,IndiGo,inf,2026-10-17,45,economy,,,6546.0,False,19:00,ok,2026-09-02T12:18:34.402959+05:30,2026-09-02_1218IST,airline_direct,IndiGo
DEL,BOM,6E,IndiGo,6.000000000000001e+303,2026-10-17,45,business,,,21900.0,False,20:00,ok,2026-09-02T12:18:34.402959+05:30,2026-09-02_1218IST,airline_direct,IndiGo
DEL,BOM,6E,IndiGo,6.000000000000001e+303,2026-10-17,45,economy,,,6546.0,False,20:00,ok,2026-09-02T12:18:34.402959+05:30,2026-09-02_1218IST,airline_direct,IndiGo
DEL,BOM,6E,IndiGo,inf,2026-10-17,45,business,,,21900.0,False,20:45,ok,2026-09-02T12:18:34.402959+05:30,2026-09-02_1218IST,airline_direct,IndiGo
DEL,BOM,6E,IndiGo,inf,2026-10-17,45,economy,,,6546.0,False,20:45,ok,2026-09-02T12:18:34.402959+05:30,2026-09-02_1218IST,airline_direct,IndiGo
DEL,BOM,6E,IndiGo,inf,2026-10-17,45,business,,,21900.0,False,21:45,ok,2026-09-02T12:18:34.402959+05:30,2026-09-02_1218IST,airline_direct,IndiGo
DEL,BOM,6E,IndiGo,inf,2026-10-17,45,economy,,,6546.0,False,21:45,ok,2026-09-02T12:18:34.402959+05:30,2026-09-02_1218IST,airline_direct,IndiGo
DEL,BOM,6E,IndiGo,inf,2026-10-17,45,business,,,21900.0,False,22:45,ok,2026-09-02T12:18:34.402959+05:30,2026-09-02_1218IST,airline_direct,IndiGo
DEL,BOM,6E,IndiGo,inf,2026-10-17,45,economy,,,6546.0,False,22:45,ok,2026-09-02T12:18:34.402959+05:30,2026-09-02_1218IST,airline_direct,IndiGo
DEL,BOM,6E,IndiGo,inf,2026-10-17,45,business,,,21900.0,False,23:30,ok,2026-09-02T12:18:34.402959+05:30,2026-09-02_1218IST,airline_direct,IndiGo
DEL,BOM,6E,IndiGo,inf,2026-10-17,45,economy,,,6546.0,False,23:30,ok,2026-09-02T12:18:34.402959+05:30,2026-09-02_1218IST,airline_direct,IndiGo
DEL,BOM,6E,IndiGo,inf,2026-10-17,45,business,,,21900.0,False,12:00,ok,2026-09-02T12:18:34.402959+05:30,2026-09-02_1218IST,airline_direct,IndiGo
DEL,BOM,6E,IndiGo,inf,2026-10-17,45,economy,,,6696.0,False,12:00,ok,2026-09-02T12:18:34.402959+05:30,2026-09-02_1218IST,airline_direct,IndiGo
DEL,BOM,6E,IndiGo,inf,2026-10-17,45,business,,,21900.0,False,17:00,ok,2026-09-02T12:18:34.402959+05:30,2026-09-02_1218IST,airline_direct,IndiGo
DEL,BOM,6E,IndiGo,inf,2026-10-17,45,economy,,,6696.0,False,17:00,ok,2026-09-02T12:18:34.402959+05:30,2026-09-02_1218IST,airline_direct,IndiGo
DEL,BOM,6E,IndiGo,inf,2026-10-17,45,economy,,,7120.0,False,00:15,ok,2026-09-02T12:18:34.402959+05:30,2026-09-02_1218IST,airline_direct,IndiGo
DEL,BOM,6E,IndiGo,inf,2026-10-17,45,economy,,,7120.0,False,05:10,ok,2026-09-02T12:18:34.402959+05:30,2026-09-02_1218IST,airline_direct,IndiGo
DEL,BOM,6E,IndiGo,inf,2026-10-17,45,economy,,,7120.0,False,05:10,ok,2026-09-02T12:18:34.402959+05:30,2026-09-02_1218IST,airline_direct,IndiGo
DEL,BOM,6E,IndiGo,inf,2026-10-17,45,economy,,,7120.0,False,05:40,ok,2026-09-02T12:18:34.402959+05:30,2026-09-02_1218IST,airline_direct,IndiGo
DEL,BOM,6E,IndiGo,inf,2026-10-17,45,economy,,,7120.0,False,07:30,ok,2026-09-02T12:18:34.402959+05:30,2026-09-02_1218IST,airline_direct,IndiGo
DEL,BOM,6E,IndiGo,inf,2026-10-17,45,economy,,,7120.0,False,12:20,ok,2026-09-02T12:18:34.402959+05:30,2026-09-02_1218IST,airline_direct,IndiGo
DEL,BOM,6E,IndiGo,inf,2026-10-17,45,economy,,,7120.0,False,13:50,ok,2026-09-02T12:18:34.402959+05:30,2026-09-02_1218IST,airline_direct,IndiGo
DEL,BOM,6E,IndiGo,inf,2026-10-17,45,economy,,,7120.0,False,14:50,ok,2026-09-02T12:18:34.402959+05:30,2026-09-02_1218IST,airline_direct,IndiGo
DEL,BOM,6E,IndiGo,inf,2026-10-17,45,economy,,,7120.0,False,15:35,ok,2026-09-02T12:18:34.402959+05:30,2026-09-02_1218IST,airline_direct,IndiGo
DEL,BOM,6E,IndiGo,inf,2026-10-17,45,economy,,,7120.0,False,17:05,ok,2026-09-02T12:18:34.402959+05:30,2026-09-02_1218IST,airline_direct,IndiGo
DEL,BOM,6E,IndiGo,inf,2026-10-17,45,economy,,,7120.0,False,17:05,ok,2026-09-02T12:18:34.402959+05:30,2026-09-02_1218IST,airline_direct,IndiGo
DEL,BOM,6E,IndiGo,inf,2026-10-17,45,economy,,,7120.0,False,18:30,ok,2026-09-02T12:18:34.402959+05:30,2026-09-02_1218IST,airline_direct,IndiGo
DEL,BOM,6E,IndiGo,inf,2026-10-17,45,economy,,,7120.0,False,19:30,ok,2026-09-02T12:18:34.402959+05:30,2026-09-02_1218IST,airline_direct,IndiGo
DEL,BOM,6E,IndiGo,inf,2026-10-17,45,economy,,,7120.0,False,21:50,ok,2026-09-02T12:18:34.402959+05:30,2026-09-02_1218IST,airline_direct,IndiGo
DEL,BOM,6E,IndiGo,inf,2026-10-17,45,economy,,,7252.0,False,05:00,ok,2026-09-02T12:18:34.402959+05:30,2026-09-02_1218IST,airline_direct,IndiGo
DEL,BOM,6E,IndiGo,inf,2026-10-17,45,economy,,,7252.0,False,05:55,ok,2026-09-02T12:18:34.402959+05:30,2026-09-02_1218IST,airline_direct,IndiGo
DEL,BOM,6E,IndiGo,inf,2026-10-17,45,economy,,,7252.0,False,09:00,ok,2026-09-02T12:18:34.402959+05:30,2026-09-02_1218IST,airline_direct,IndiGo
DEL,BOM,6E,IndiGo,inf,2026-10-17,45,economy,,,7252.0,False,15:00,ok,2026-09-02T12:18:34.402959+05:30,2026-09-02_1218IST,airline_direct,IndiGo
DEL,BOM,6E,IndiGo,inf,2026-10-17,45,economy,,,7252.0,False,16:30,ok,2026-09-02T12:18:34.402959+05:30,2026-09-02_1218IST,airline_direct,IndiGo
DEL,BOM,6E,IndiGo,inf,2026-10-17,45,economy,,,7252.0,False,17:20,ok,2026-09-02T12:18:34.402959+05:30,2026-09-02_1218IST,airline_direct,IndiGo
DEL,BOM,6E,IndiGo,inf,2026-10-17,45,economy,,,7252.0,False,19:40,ok,2026-09-02T12:18:34.402959+05:30,2026-09-02_1218IST,airline_direct,IndiGo
DEL,BOM,6E,IndiGo,inf,2026-10-17,45,economy,,,7330.0,False,11:10,ok,2026-09-02T12:18:34.402959+05:30,2026-09-02_1218IST,airline_direct,IndiGo
DEL,BOM,6E,IndiGo,inf,2026-10-17,45,economy,,,7330.0,False,13:20,ok,2026-09-02T12:18:34.402959+05:30,2026-09-02_1218IST,airline_direct,IndiGo
DEL,BOM,6E,IndiGo,inf,2026-10-17,45,economy,,,7330.0,False,16:30,ok,2026-09-02T12:18:34.402959+05:30,2026-09-02_1218IST,airline_direct,IndiGo
DEL,BOM,6E,IndiGo,inf,2026-10-17,45,economy,,,7330.0,False,21:25,ok,2026-09-02T12:18:34.402959+05:30,2026-09-02_1218IST,airline_direct,IndiGo
DEL,BOM,6E,IndiGo,inf,2026-10-17,45,business,,,29617.0,False,05:30,ok,2026-09-02T12:18:34.402959+05:30,2026-09-02_1218IST,airline_direct,IndiGo
DEL,BOM,6E,IndiGo,inf,2026-10-17,45,economy,,,7462.0,False,05:30,ok,2026-09-02T12:18:34.402959+05:30,2026-09-02_1218IST,airline_direct,IndiGo
DEL,BOM,6E,IndiGo,inf,2026-10-17,45,business,,,29617.0,False,08:30,ok,2026-09-02T12:18:34.402959+05:30,2026-09-02_1218IST,airline_direct,IndiGo
DEL,BOM,6E,IndiGo,inf,2026-10-17,45,economy,,,7462.0,False,08:30,ok,2026-09-02T12:18:34.402959+05:30,2026-09-02_1218IST,airline_direct,IndiGo
DEL,BOM,6E,IndiGo,inf,2026-10-17,45,business,,,29617.0,False,09:55,ok,2026-09-02T12:18:34.402959+05:30,2026-09-02_1218IST,airline_direct,IndiGo
DEL,BOM,6E,IndiGo,inf,2026-10-17,45,economy,,,7462.0,False,09:55,ok,2026-09-02T12:18:34.402959+05:30,2026-09-02_1218IST,airline_direct,IndiGo
DEL,BOM,6E,IndiGo,inf,2026-10-17,45,economy,,,7905.0,False,08:15,ok,2026-09-02T12:18:34.402959+05:30,2026-09-02_1218IST,airline_direct,IndiGo
DEL,BOM,6E,IndiGo,inf,2026-10-17,45,business,,,29617.0,False,13:30,ok,2026-09-02T12:18:34.402959+05:30,2026-09-02_1218IST,airline_direct,IndiGo
DEL,BOM,6E,IndiGo,inf,2026-10-17,45,economy,,,8036.0,False,13:30,ok,2026-09-02T12:18:34.402959+05:30,2026-09-02_1218IST,airline_direct,IndiGo
DEL,BOM,6E,IndiGo,inf,2026-10-17,45,economy,,,8456.0,False,19:10,ok,2026-09-02T12:18:34.402959+05:30,2026-09-02_1218IST,airline_direct,IndiGo
DEL,BOM,6E,IndiGo,inf,2026-10-17,45,economy,,,8535.0,False,14:00,ok,2026-09-02T12:18:34.402959+05:30,2026-09-02_1218IST,airline_direct,IndiGo
DEL,BOM,6E,IndiGo,inf,2026-10-17,45,business,,,29617.0,False,02:25,ok,2026-09-02T12:18:34.402959+05:30,2026-09-02_1218IST,airline_direct,IndiGo
DEL,BOM,6E,IndiGo,inf,2026-10-17,45,economy,,,8666.0,False,02:25,ok,2026-09-02T12:18:34.402959+05:30,2026-09-02_1218IST,airline_direct,IndiGo
DEL,BOM,6E,IndiGo,inf,2026-10-17,45,business,,,29617.0,False,14:45,ok,2026-09-02T12:18:34.402959+05:30,2026-09-02_1218IST,airline_direct,IndiGo
DEL,BOM,6E,IndiGo,inf,2026-10-17,45,economy,,,8666.0,False,14:45,ok,2026-09-02T12:18:34.402959+05:30,2026-09-02_1218IST,airline_direct,IndiGo
DEL,BOM,6E,IndiGo,inf,2026-10-17,45,economy,,,8666.0,False,18:40,ok,2026-09-02T12:18:34.402959+05:30,2026-09-02_1218IST,airline_direct,IndiGo
DEL,BOM,6E,IndiGo,inf,2026-10-17,45,business,,,29617.0,False,19:45,ok,2026-09-02T12:18:34.402959+05:30,2026-09-02_1218IST,airline_direct,IndiGo
DEL,BOM,6E,IndiGo,inf,2026-10-17,45,economy,,,9360.0,False,19:45,ok,2026-09-02T12:18:34.402959+05:30,2026-09-02_1218IST,airline_direct,IndiGo
DEL,BOM,6E,IndiGo,inf,2026-10-17,45,economy,,,9675.0,False,12:40,ok,2026-09-02T12:18:34.402959+05:30,2026-09-02_1218IST,airline_direct,IndiGo
DEL,BOM,6E,IndiGo,inf,2026-10-17,45,economy,,,9990.0,False,09:00,ok,2026-09-02T12:18:34.402959+05:30,2026-09-02_1218IST,airline_direct,IndiGo
DEL,BOM,6E,IndiGo,inf,2026-10-17,45,business,,,35047.0,False,19:30,ok,2026-09-02T12:18:34.402959+05:30,2026-09-02_1218IST,airline_direct,IndiGo
DEL,BOM,6E,IndiGo,inf,2026-10-17,45,economy,,,10260.0,False,19:30,ok,2026-09-02T12:18:34.402959+05:30,2026-09-02_1218IST,airline_direct,IndiGo
DEL,BOM,6E,IndiGo,inf,2026-10-17,45,business,,,29617.0,False,17:55,ok,2026-09-02T12:18:34.402959+05:30,2026-09-02_1218IST,airline_direct,IndiGo
DEL,BOM,6E,IndiGo,inf,2026-10-17,45,economy,,,10959.0,False,17:55,ok,2026-09-02T12:18:34.402959+05:30,2026-09-02_1218IST,airline_direct,IndiGo
DEL,BOM,6E,IndiGo,inf,2026-10-17,45,economy,,,13035.0,False,13:45,ok,2026-09-02T12:18:34.402959+05:30,2026-09-02_1218IST,airline_direct,IndiGo
DEL,BOM,6E,IndiGo,inf,2026-10-17,45,business,,,26937.0,False,23:15,ok,2026-09-02T12:18:34.402959+05:30,2026-09-02_1218IST,airline_direct,IndiGo
DEL,BOM,6E,IndiGo,inf,2026-10-17,45,economy,,,14006.0,False,23:15,ok,2026-09-02T12:18:34.402959+05:30,2026-09-02_1218IST,airline_direct,IndiGo
DEL,BOM,6E,IndiGo,inf,2026-10-17,45,business,,,35047.0,False,12:10,ok,2026-09-02T12:18:34.402959+05:30,2026-09-02_1218IST,airline_direct,IndiGo
DEL,BOM,6E,IndiGo,inf,2026-10-17,45,economy,,,16668.0,False,12:10,ok,2026-09-02T12:18:34.402959+05:30,2026-09-02_1218IST,airline_direct,IndiGo
DEL,BLR,6E,IndiGo,inf,2026-10-17,45,business,,,26048.0,False,01:05,ok,2026-09-02T12:19:46.780835+05:30,2026-09-02_1219IST,airline_direct,IndiGo
DEL,BLR,6E,IndiGo,inf,2026-10-17,45,economy,,,9890.0,False,01:05,ok,2026-09-02T12:19:46.780835+05:30,2026-09-02_1219IST,airline_direct,IndiGo
DEL,BLR,6E,IndiGo,inf,2026-10-17,45,business,,,26048.0,False,03:00,ok,2026-09-02T12:19:46.780835+05:30,2026-09-02_1219IST,airline_direct,IndiGo
DEL,BLR,6E,IndiGo,inf,2026-10-17,45,economy,,,9890.0,False,03:00,ok,2026-09-02T12:19:46.780835+05:30,2026-09-02_1219IST,airline_direct,IndiGo
DEL,BLR,6E,IndiGo,inf,2026-10-17,45,business,,,26048.0,False,05:45,ok,2026-09-02T12:19:46.780835+05:30,2026-09-02_1219IST,airline_direct,IndiGo
DEL,BLR,6E,IndiGo,inf,2026-10-17,45,economy,,,9890.0,False,05:45,ok,2026-09-02T12:19:46.780835+05:30,2026-09-02_1219IST,airline_direct,IndiGo
DEL,BLR,6E,IndiGo,inf,2026-10-17,45,business,,,26048.0,False,07:05,ok,2026-09-02T12:19:46.780835+05:30,2026-09-02_1219IST,airline_direct,IndiGo
DEL,BLR,6E,IndiGo,inf,2026-10-17,45,economy,,,9890.0,False,07:05,ok,2026-09-02T12:19:46.780835+05:30,2026-09-02_1219IST,airline_direct,IndiGo
DEL,BLR,6E,IndiGo,inf,2026-10-17,45,business,,,26048.0,False,08:20,ok,2026-09-02T12:19:46.780835+05:30,2026-09-02_1219IST,airline_direct,IndiGo
DEL,BLR,6E,IndiGo,inf,2026-10-17,45,economy,,,9890.0,False,08:20,ok,2026-09-02T12:19:46.780835+05:30,2026-09-02_1219IST,airline_direct,IndiGo
DEL,BLR,6E,IndiGo,inf,2026-10-17,45,business,,,26048.0,False,09:30,ok,2026-09-02T12:19:46.780835+05:30,2026-09-02_1219IST,airline_direct,IndiGo
DEL,BLR,6E,IndiGo,inf,2026-10-17,45,economy,,,9890.0,False,09:30,ok,2026-09-02T12:19:46.780835+05:30,2026-09-02_1219IST,airline_direct,IndiGo
DEL,BLR,6E,IndiGo,inf,2026-10-17,45,business,,,26048.0,False,10:45,ok,2026-09-02T12:19:46.780835+05:30,2026-09-02_1219IST,airline_direct,IndiGo
DEL,BLR,6E,IndiGo,inf,2026-10-17,45,economy,,,9890.0,False,10:45,ok,2026-09-02T12:19:46.780835+05:30,2026-09-02_1219IST,airline_direct,IndiGo
DEL,BLR,6E,IndiGo,inf,2026-10-17,45,business,,,26048.0,False,12:15,ok,2026-09-02T12:19:46.780835+05:30,2026-09-02_1219IST,airline_direct,IndiGo
DEL,BLR,6E,IndiGo,inf,2026-10-17,45,economy,,,9890.0,False,12:15,ok,2026-09-02T12:19:46.780835+05:30,2026-09-02_1219IST,airline_direct,IndiGo
DEL,BLR,6E,IndiGo,6e+176,2026-10-17,45,business,,,26048.0,False,13:15,ok,2026-09-02T12:19:46.780835+05:30,2026-09-02_1219IST,airline_direct,IndiGo
DEL,BLR,6E,IndiGo,6e+176,2026-10-17,45,economy,,,9890.0,False,13:15,ok,2026-09-02T12:19:46.780835+05:30,2026-09-02_1219IST,airline_direct,IndiGo
DEL,BLR,6E,IndiGo,inf,2026-10-17,45,business,,,26048.0,False,14:30,ok,2026-09-02T12:19:46.780835+05:30,2026-09-02_1219IST,airline_direct,IndiGo
DEL,BLR,6E,IndiGo,inf,2026-10-17,45,economy,,,9890.0,False,14:30,ok,2026-09-02T12:19:46.780835+05:30,2026-09-02_1219IST,airline_direct,IndiGo
DEL,BLR,6E,IndiGo,inf,2026-10-17,45,business,,,26048.0,False,15:45,ok,2026-09-02T12:19:46.780835+05:30,2026-09-02_1219IST,airline_direct,IndiGo
DEL,BLR,6E,IndiGo,inf,2026-10-17,45,economy,,,9890.0,False,15:45,ok,2026-09-02T12:19:46.780835+05:30,2026-09-02_1219IST,airline_direct,IndiGo
DEL,BLR,6E,IndiGo,inf,2026-10-17,45,business,,,26048.0,False,17:00,ok,2026-09-02T12:19:46.780835+05:30,2026-09-02_1219IST,airline_direct,IndiGo
DEL,BLR,6E,IndiGo,inf,2026-10-17,45,economy,,,9890.0,False,17:00,ok,2026-09-02T12:19:46.780835+05:30,2026-09-02_1219IST,airline_direct,IndiGo
DEL,BLR,6E,IndiGo,inf,2026-10-17,45,business,,,26048.0,False,18:20,ok,2026-09-02T12:19:46.780835+05:30,2026-09-02_1219IST,airline_direct,IndiGo
DEL,BLR,6E,IndiGo,inf,2026-10-17,45,economy,,,9890.0,False,18:20,ok,2026-09-02T12:19:46.780835+05:30,2026-09-02_1219IST,airline_direct,IndiGo
DEL,BLR,6E,IndiGo,inf,2026-10-17,45,business,,,26048.0,False,19:30,ok,2026-09-02T12:19:46.780835+05:30,2026-09-02_1219IST,airline_direct,IndiGo
DEL,BLR,6E,IndiGo,inf,2026-10-17,45,economy,,,9890.0,False,19:30,ok,2026-09-02T12:19:46.780835+05:30,2026-09-02_1219IST,airline_direct,IndiGo
DEL,BLR,6E,IndiGo,inf,2026-10-17,45,business,,,26048.0,False,20:45,ok,2026-09-02T12:19:46.780835+05:30,2026-09-02_1219IST,airline_direct,IndiGo
DEL,BLR,6E,IndiGo,inf,2026-10-17,45,economy,,,9890.0,False,20:45,ok,2026-09-02T12:19:46.780835+05:30,2026-09-02_1219IST,airline_direct,IndiGo
DEL,BLR,6E,IndiGo,inf,2026-10-17,45,business,,,26048.0,False,22:00,ok,2026-09-02T12:19:46.780835+05:30,2026-09-02_1219IST,airline_direct,IndiGo
DEL,BLR,6E,IndiGo,inf,2026-10-17,45,economy,,,9890.0,False,22:00,ok,2026-09-02T12:19:46.780835+05:30,2026-09-02_1219IST,airline_direct,IndiGo
DEL,BLR,6E,IndiGo,inf,2026-10-17,45,business,,,26048.0,False,23:30,ok,2026-09-02T12:19:46.780835+05:30,2026-09-02_1219IST,airline_direct,IndiGo
DEL,BLR,6E,IndiGo,inf,2026-10-17,45,economy,,,9890.0,False,23:30,ok,2026-09-02T12:19:46.780835+05:30,2026-09-02_1219IST,airline_direct,IndiGo
DEL,BLR,6E,IndiGo,inf,2026-10-17,45,economy,,,9370.0,False,07:05,ok,2026-09-02T12:19:46.780835+05:30,2026-09-02_1219IST,airline_direct,IndiGo
DEL,BLR,6E,IndiGo,inf,2026-10-17,45,business,,,24908.0,False,02:25,ok,2026-09-02T12:19:46.780835+05:30,2026-09-02_1219IST,airline_direct,IndiGo
DEL,BLR,6E,IndiGo,inf,2026-10-17,45,economy,,,9946.0,False,02:25,ok,2026-09-02T12:19:46.780835+05:30,2026-09-02_1219IST,airline_direct,IndiGo
DEL,BLR,6E,IndiGo,inf,2026-10-17,45,business,,,24908.0,False,02:25,ok,2026-09-02T12:19:46.780835+05:30,2026-09-02_1219IST,airline_direct,IndiGo
DEL,BLR,6E,IndiGo,inf,2026-10-17,45,economy,,,9946.0,False,02:25,ok,2026-09-02T12:19:46.780835+05:30,2026-09-02_1219IST,airline_direct,IndiGo
DEL,BLR,6E,IndiGo,inf,2026-10-17,45,business,,,25312.0,False,05:30,ok,2026-09-02T12:19:46.780835+05:30,2026-09-02_1219IST,airline_direct,IndiGo
DEL,BLR,6E,IndiGo,inf,2026-10-17,45,economy,,,9946.0,False,05:30,ok,2026-09-02T12:19:46.780835+05:30,2026-09-02_1219IST,airline_direct,IndiGo
DEL,BLR,6E,IndiGo,inf,2026-10-17,45,business,,,24908.0,False,08:30,ok,2026-09-02T12:19:46.780835+05:30,2026-09-02_1219IST,airline_direct,IndiGo
DEL,BLR,6E,IndiGo,inf,2026-10-17,45,economy,,,9946.0,False,08:30,ok,2026-09-02T12:19:46.780835+05:30,2026-09-02_1219IST,airline_direct,IndiGo
DEL,BLR,6E,IndiGo,inf,2026-10-17,45,business,,,24908.0,False,09:55,ok,2026-09-02T12:19:46.780835+05:30,2026-09-02_1219IST,airline_direct,IndiGo
DEL,BLR,6E,IndiGo,inf,2026-10-17,45,economy,,,9946.0,False,09:55,ok,2026-09-02T12:19:46.780835+05:30,2026-09-02_1219IST,airline_direct,IndiGo
DEL,BLR,6E,IndiGo,inf,2026-10-17,45,business,,,25312.0,False,11:45,ok,2026-09-02T12:19:46.780835+05:30,2026-09-02_1219IST,airline_direct,IndiGo
DEL,BLR,6E,IndiGo,inf,2026-10-17,45,economy,,,9946.0,False,11:45,ok,2026-09-02T12:19:46.780835+05:30,2026-09-02_1219IST,airline_direct,IndiGo
DEL,BLR,6E,IndiGo,inf,2026-10-17,45,business,,,25312.0,False,13:30,ok,2026-09-02T12:19:46.780835+05:30,2026-09-02_1219IST,airline_direct,IndiGo
DEL,BLR,6E,IndiGo,inf,2026-10-17,45,economy,,,9946.0,False,13:30,ok,2026-09-02T12:19:46.780835+05:30,2026-09-02_1219IST,airline_direct,IndiGo
DEL,BLR,6E,IndiGo,inf,2026-10-17,45,business,,,25312.0,False,14:45,ok,2026-09-02T12:19:46.780835+05:30,2026-09-02_1219IST,airline_direct,IndiGo
DEL,BLR,6E,IndiGo,inf,2026-10-17,45,economy,,,9946.0,False,14:45,ok,2026-09-02T12:19:46.780835+05:30,2026-09-02_1219IST,airline_direct,IndiGo
DEL,BLR,6E,IndiGo,inf,2026-10-17,45,business,,,24908.0,False,16:15,ok,2026-09-02T12:19:46.780835+05:30,2026-09-02_1219IST,airline_direct,IndiGo
DEL,BLR,6E,IndiGo,inf,2026-10-17,45,economy,,,9946.0,False,16:15,ok,2026-09-02T12:19:46.780835+05:30,2026-09-02_1219IST,airline_direct,IndiGo
DEL,BLR,6E,IndiGo,inf,2026-10-17,45,economy,,,9946.0,False,16:30,ok,2026-09-02T12:19:46.780835+05:30,2026-09-02_1219IST,airline_direct,IndiGo
DEL,BLR,6E,IndiGo,inf,2026-10-17,45,business,,,24542.0,False,17:55,ok,2026-09-02T12:19:46.780835+05:30,2026-09-02_1219IST,airline_direct,IndiGo
DEL,BLR,6E,IndiGo,inf,2026-10-17,45,economy,,,9946.0,False,17:55,ok,2026-09-02T12:19:46.780835+05:30,2026-09-02_1219IST,airline_direct,IndiGo
DEL,BLR,6E,IndiGo,inf,2026-10-17,45,business,,,24908.0,False,19:45,ok,2026-09-02T12:19:46.780835+05:30,2026-09-02_1219IST,airline_direct,IndiGo
DEL,BLR,6E,IndiGo,inf,2026-10-17,45,economy,,,9946.0,False,19:45,ok,2026-09-02T12:19:46.780835+05:30,2026-09-02_1219IST,airline_direct,IndiGo
DEL,BLR,6E,IndiGo,inf,2026-10-17,45,business,,,27768.0,False,02:20,ok,2026-09-02T12:19:46.780835+05:30,2026-09-02_1219IST,airline_direct,IndiGo
DEL,BLR,6E,IndiGo,inf,2026-10-17,45,economy,,,10077.0,False,02:20,ok,2026-09-02T12:19:46.780835+05:30,2026-09-02_1219IST,airline_direct,IndiGo
DEL,BLR,6E,IndiGo,inf,2026-10-17,45,economy,,,10077.0,False,05:00,ok,2026-09-02T12:19:46.780835+05:30,2026-09-02_1219IST,airline_direct,IndiGo
DEL,BLR,6E,IndiGo,inf,2026-10-17,45,economy,,,10077.0,False,05:10,ok,2026-09-02T12:19:46.780835+05:30,2026-09-02_1219IST,airline_direct,IndiGo
DEL,BLR,6E,IndiGo,inf,2026-10-17,45,economy,,,10077.0,False,05:55,ok,2026-09-02T12:19:46.780835+05:30,2026-09-02_1219IST,airline_direct,IndiGo
DEL,BLR,6E,IndiGo,inf,2026-10-17,45,economy,,,10077.0,False,11:20,ok,2026-09-02T12:19:46.780835+05:30,2026-09-02_1219IST,airline_direct,IndiGo
DEL,BLR,6E,IndiGo,inf,2026-10-17,45,economy,,,10077.0,False,14:35,ok,2026-09-02T12:19:46.780835+05:30,2026-09-02_1219IST,airline_direct,IndiGo
DEL,BLR,6E,IndiGo,inf,2026-10-17,45,economy,,,10077.0,False,14:50,ok,2026-09-02T12:19:46.780835+05:30,2026-09-02_1219IST,airline_direct,IndiGo
DEL,BLR,6E,IndiGo,inf,2026-10-17,45,economy,,,10077.0,False,15:20,ok,2026-09-02T12:19:46.780835+05:30,2026-09-02_1219IST,airline_direct,IndiGo
DEL,BLR,6E,IndiGo,inf,2026-10-17,45,economy,,,10077.0,False,16:20,ok,2026-09-02T12:19:46.780835+05:30,2026-09-02_1219IST,airline_direct,IndiGo
DEL,BLR,6E,IndiGo,inf,2026-10-17,45,business,,,27768.0,False,16:25,ok,2026-09-02T12:19:46.780835+05:30,2026-09-02_1219IST,airline_direct,IndiGo
DEL,BLR,6E,IndiGo,inf,2026-10-17,45,economy,,,10077.0,False,16:25,ok,2026-09-02T12:19:46.780835+05:30,2026-09-02_1219IST,airline_direct,IndiGo
DEL,BLR,6E,IndiGo,inf,2026-10-17,45,economy,,,10077.0,False,17:05,ok,2026-09-02T12:19:46.780835+05:30,2026-09-02_1219IST,airline_direct,IndiGo
DEL,BLR,6E,IndiGo,inf,2026-10-17,45,business,,,34636.0,False,18:00,ok,2026-09-02T12:19:46.780835+05:30,2026-09-02_1219IST,airline_direct,IndiGo
DEL,BLR,6E,IndiGo,inf,2026-10-17,45,economy,,,10077.0,False,18:00,ok,2026-09-02T12:19:46.780835+05:30,2026-09-02_1219IST,airline_direct,IndiGo
DEL,BLR,6E,IndiGo,inf,2026-10-17,45,economy,,,10077.0,False,18:30,ok,2026-09-02T12:19:46.780835+05:30,2026-09-02_1219IST,airline_direct,IndiGo
DEL,BLR,6E,IndiGo,inf,2026-10-17,45,economy,,,10077.0,False,19:30,ok,2026-09-02T12:19:46.780835+05:30,2026-09-02_1219IST,airline_direct,IndiGo
DEL,BLR,6E,IndiGo,inf,2026-10-17,45,business,,,27768.0,False,21:15,ok,2026-09-02T12:19:46.780835+05:30,2026-09-02_1219IST,airline_direct,IndiGo
DEL,BLR,6E,IndiGo,inf,2026-10-17,45,economy,,,10077.0,False,21:15,ok,2026-09-02T12:19:46.780835+05:30,2026-09-02_1219IST,airline_direct,IndiGo
DEL,BLR,6E,IndiGo,inf,2026-10-17,45,business,,,27768.0,False,23:00,ok,2026-09-02T12:19:46.780835+05:30,2026-09-02_1219IST,airline_direct,IndiGo
DEL,BLR,6E,IndiGo,inf,2026-10-17,45,economy,,,10077.0,False,23:00,ok,2026-09-02T12:19:46.780835+05:30,2026-09-02_1219IST,airline_direct,IndiGo
DEL,BLR,6E,IndiGo,inf,2026-10-17,45,business,,,28318.0,False,02:55,ok,2026-09-02T12:19:46.780835+05:30,2026-09-02_1219IST,airline_direct,IndiGo
DEL,BLR,6E,IndiGo,inf,2026-10-17,45,economy,,,10156.0,False,02:55,ok,2026-09-02T12:19:46.780835+05:30,2026-09-02_1219IST,airline_direct,IndiGo
DEL,BLR,6E,IndiGo,inf,2026-10-17,45,business,,,28318.0,False,13:10,ok,2026-09-02T12:19:46.780835+05:30,2026-09-02_1219IST,airline_direct,IndiGo
DEL,BLR,6E,IndiGo,inf,2026-10-17,45,economy,,,10156.0,False,13:10,ok,2026-09-02T12:19:46.780835+05:30,2026-09-02_1219IST,airline_direct,IndiGo
DEL,BLR,6E,IndiGo,inf,2026-10-17,45,business,,,28661.0,False,15:15,ok,2026-09-02T12:19:46.780835+05:30,2026-09-02_1219IST,airline_direct,IndiGo
DEL,BLR,6E,IndiGo,inf,2026-10-17,45,economy,,,10156.0,False,15:15,ok,2026-09-02T12:19:46.780835+05:30,2026-09-02_1219IST,airline_direct,IndiGo
DEL,BLR,6E,IndiGo,inf,2026-10-17,45,economy,,,10156.0,False,15:50,ok,2026-09-02T12:19:46.780835+05:30,2026-09-02_1219IST,airline_direct,IndiGo
DEL,BLR,6E,IndiGo,inf,2026-10-17,45,economy,,,10156.0,False,17:30,ok,2026-09-02T12:19:46.780835+05:30,2026-09-02_1219IST,airline_direct,IndiGo
DEL,BLR,6E,IndiGo,inf,2026-10-17,45,economy,,,10156.0,False,17:50,ok,2026-09-02T12:19:46.780835+05:30,2026-09-02_1219IST,airline_direct,IndiGo
DEL,BLR,6E,IndiGo,inf,2026-10-17,45,business,,,28661.0,False,18:15,ok,2026-09-02T12:19:46.780835+05:30,2026-09-02_1219IST,airline_direct,IndiGo
DEL,BLR,6E,IndiGo,inf,2026-10-17,45,economy,,,10156.0,False,18:15,ok,2026-09-02T12:19:46.780835+05:30,2026-09-02_1219IST,airline_direct,IndiGo
DEL,BLR,6E,IndiGo,inf,2026-10-17,45,economy,,,10287.0,False,08:10,ok,2026-09-02T12:19:46.780835+05:30,2026-09-02_1219IST,airline_direct,IndiGo
DEL,BLR,6E,IndiGo,inf,2026-10-17,45,economy,,,10287.0,False,18:40,ok,2026-09-02T12:19:46.780835+05:30,2026-09-02_1219IST,airline_direct,IndiGo
DEL,BLR,6E,IndiGo,inf,2026-10-17,45,economy,,,10287.0,False,19:55,ok,2026-09-02T12:19:46.780835+05:30,2026-09-02_1219IST,airline_direct,IndiGo
DEL,BLR,6E,IndiGo,inf,2026-10-17,45,economy,,,10314.0,False,17:10,ok,2026-09-02T12:19:46.780835+05:30,2026-09-02_1219IST,airline_direct,IndiGo
DEL,BLR,6E,IndiGo,inf,2026-10-17,45,business,,,34227.0,False,19:30,ok,2026-09-02T12:19:46.780835+05:30,2026-09-02_1219IST,airline_direct,IndiGo
DEL,BLR,6E,IndiGo,inf,2026-10-17,45,economy,,,11039.0,False,19:30,ok,2026-09-02T12:19:46.780835+05:30,2026-09-02_1219IST,airline_direct,IndiGo
DEL,BLR,6E,IndiGo,inf,2026-10-17,45,business,,,34227.0,False,16:55,ok,2026-09-02T12:19:46.780835+05:30,2026-09-02_1219IST,airline_direct,IndiGo
DEL,BLR,6E,IndiGo,inf,2026-10-17,45,economy,,,12512.0,False,16:55,ok,2026-09-02T12:19:46.780835+05:30,2026-09-02_1219IST,airline_direct,IndiGo
DEL,BLR,6E,IndiGo,inf,2026-10-17,45,economy,,,13145.0,False,14:00,ok,2026-09-02T12:19:46.780835+05:30,2026-09-02_1219IST,airline_direct,IndiGo
DEL,BLR,6E,IndiGo,inf,2026-10-17,45,business,,,36469.0,False,12:10,ok,2026-09-02T12:19:46.780835+05:30,2026-09-02_1219IST,airline_direct,IndiGo
DEL,BLR,6E,IndiGo,inf,2026-10-17,45,economy,,,19243.0,False,12:10,ok,2026-09-02T12:19:46.780835+05:30,2026-09-02_1219IST,airline_direct,IndiGo
DEL,BLR,6E,IndiGo,inf,2026-10-17,45,business,,,34463.0,False,10:25,ok,2026-09-02T12:19:46.780835+05:30,2026-09-02_1219IST,airline_direct,IndiGo
DEL,BLR,6E,IndiGo,inf,2026-10-17,45,economy,,,21416.0,False,10:25,ok,2026-09-02T12:19:46.780835+05:30,2026-09-02_1219IST,airline_direct,IndiGo
DEL,BLR,6E,IndiGo,inf,2026-10-17,45,business,,,35529.0,False,08:30,ok,2026-09-02T12:19:46.780835+05:30,2026-09-02_1219IST,airline_direct,IndiGo
DEL,BLR,6E,IndiGo,inf,2026-10-17,45,economy,,,27446.0,False,08:30,ok,2026-09-02T12:19:46.780835+05:30,2026-09-02_1219IST,airline_direct,IndiGo
DEL,BLR,6E,IndiGo,inf,2026-10-17,45,business,,,36591.0,False,11:50,ok,2026-09-02T12:19:46.780835+05:30,2026-09-02_1219IST,airline_direct,IndiGo
DEL,BLR,6E,IndiGo,inf,2026-10-17,45,economy,,,27499.0,False,11:50,ok,2026-09-02T12:19:46.780835+05:30,2026-09-02_1219IST,airline_direct,IndiGo
DEL,BLR,6E,IndiGo,inf,2026-10-17,45,business,,,38007.0,False,05:00,ok,2026-09-02T12:19:46.780835+05:30,2026-09-02_1219IST,airline_direct,IndiGo
DEL,BLR,6E,IndiGo,inf,2026-10-17,45,economy,,,28759.0,False,05:00,ok,2026-09-02T12:19:46.780835+05:30,2026-09-02_1219IST,airline_direct,IndiGo
BOM,BLR,6E,IndiGo,inf,2026-10-17,45,business,,,18948.0,False,01:10,ok,2026-09-02T12:20:54.023860+05:30,2026-09-02_1220IST,airline_direct,IndiGo
BOM,BLR,6E,IndiGo,inf,2026-10-17,45,economy,,,6747.0,False,01:10,ok,2026-09-02T12:20:54.023860+05:30,2026-09-02_1220IST,airline_direct,IndiGo
BOM,BLR,6E,IndiGo,inf,2026-10-17,45,business,,,18948.0,False,04:30,ok,2026-09-02T12:20:54.023860+05:30,2026-09-02_1220IST,airline_direct,IndiGo
BOM,BLR,6E,IndiGo,inf,2026-10-17,45,economy,,,6747.0,False,04:30,ok,2026-09-02T12:20:54.023860+05:30,2026-09-02_1220IST,airline_direct,IndiGo
BOM,BLR,6E,IndiGo,inf,2026-10-17,45,business,,,18948.0,False,06:15,ok,2026-09-02T12:20:54.023860+05:30,2026-09-02_1220IST,airline_direct,IndiGo
BOM,BLR,6E,IndiGo,inf,2026-10-17,45,economy,,,6747.0,False,06:15,ok,2026-09-02T12:20:54.023860+05:30,2026-09-02_1220IST,airline_direct,IndiGo
BOM,BLR,6E,IndiGo,inf,2026-10-17,45,business,,,18948.0,False,22:20,ok,2026-09-02T12:20:54.023860+05:30,2026-09-02_1220IST,airline_direct,IndiGo
BOM,BLR,6E,IndiGo,inf,2026-10-17,45,economy,,,6747.0,False,22:20,ok,2026-09-02T12:20:54.023860+05:30,2026-09-02_1220IST,airline_direct,IndiGo
BOM,BLR,6E,IndiGo,inf,2026-10-17,45,business,,,18948.0,False,07:45,ok,2026-09-02T12:20:54.023860+05:30,2026-09-02_1220IST,airline_direct,IndiGo
BOM,BLR,6E,IndiGo,inf,2026-10-17,45,economy,,,7062.0,False,07:45,ok,2026-09-02T12:20:54.023860+05:30,2026-09-02_1220IST,airline_direct,IndiGo
BOM,BLR,6E,IndiGo,inf,2026-10-17,45,business,,,18948.0,False,15:35,ok,2026-09-02T12:20:54.023860+05:30,2026-09-02_1220IST,airline_direct,IndiGo
BOM,BLR,6E,IndiGo,inf,2026-10-17,45,economy,,,7062.0,False,15:35,ok,2026-09-02T12:20:54.023860+05:30,2026-09-02_1220IST,airline_direct,IndiGo
BOM,BLR,6E,IndiGo,inf,2026-10-17,45,business,,,18948.0,False,19:50,ok,2026-09-02T12:20:54.023860+05:30,2026-09-02_1220IST,airline_direct,IndiGo
BOM,BLR,6E,IndiGo,inf,2026-10-17,45,economy,,,7062.0,False,19:50,ok,2026-09-02T12:20:54.023860+05:30,2026-09-02_1220IST,airline_direct,IndiGo
BOM,BLR,6E,IndiGo,inf,2026-10-17,45,business,,,18948.0,False,21:30,ok,2026-09-02T12:20:54.023860+05:30,2026-09-02_1220IST,airline_direct,IndiGo
BOM,BLR,6E,IndiGo,inf,2026-10-17,45,economy,,,7062.0,False,21:30,ok,2026-09-02T12:20:54.023860+05:30,2026-09-02_1220IST,airline_direct,IndiGo
BOM,BLR,6E,IndiGo,inf,2026-10-17,45,business,,,18948.0,False,09:50,ok,2026-09-02T12:20:54.023860+05:30,2026-09-02_1220IST,airline_direct,IndiGo
BOM,BLR,6E,IndiGo,inf,2026-10-17,45,economy,,,7377.0,False,09:50,ok,2026-09-02T12:20:54.023860+05:30,2026-09-02_1220IST,airline_direct,IndiGo
BOM,BLR,6E,IndiGo,inf,2026-10-17,45,business,,,18948.0,False,11:00,ok,2026-09-02T12:20:54.023860+05:30,2026-09-02_1220IST,airline_direct,IndiGo
BOM,BLR,6E,IndiGo,inf,2026-10-17,45,economy,,,7377.0,False,11:00,ok,2026-09-02T12:20:54.023860+05:30,2026-09-02_1220IST,airline_direct,IndiGo
BOM,BLR,6E,IndiGo,inf,2026-10-17,45,business,,,18948.0,False,12:30,ok,2026-09-02T12:20:54.023860+05:30,2026-09-02_1220IST,airline_direct,IndiGo
BOM,BLR,6E,IndiGo,inf,2026-10-17,45,economy,,,7377.0,False,12:30,ok,2026-09-02T12:20:54.023860+05:30,2026-09-02_1220IST,airline_direct,IndiGo
BOM,BLR,6E,IndiGo,inf,2026-10-17,45,business,,,18948.0,False,14:30,ok,2026-09-02T12:20:54.023860+05:30,2026-09-02_1220IST,airline_direct,IndiGo
BOM,BLR,6E,IndiGo,inf,2026-10-17,45,economy,,,7377.0,False,14:30,ok,2026-09-02T12:20:54.023860+05:30,2026-09-02_1220IST,airline_direct,IndiGo
BOM,BLR,6E,IndiGo,inf,2026-10-17,45,business,,,18948.0,False,17:00,ok,2026-09-02T12:20:54.023860+05:30,2026-09-02_1220IST,airline_direct,IndiGo
BOM,BLR,6E,IndiGo,inf,2026-10-17,45,economy,,,7377.0,False,17:00,ok,2026-09-02T12:20:54.023860+05:30,2026-09-02_1220IST,airline_direct,IndiGo
BOM,BLR,6E,IndiGo,inf,2026-10-17,45,business,,,18948.0,False,18:30,ok,2026-09-02T12:20:54.023860+05:30,2026-09-02_1220IST,airline_direct,IndiGo
BOM,BLR,6E,IndiGo,inf,2026-10-17,45,economy,,,7377.0,False,18:30,ok,2026-09-02T12:20:54.023860+05:30,2026-09-02_1220IST,airline_direct,IndiGo
BOM,BLR,6E,IndiGo,inf,2026-10-17,45,economy,,,7243.0,False,18:05,ok,2026-09-02T12:20:54.023860+05:30,2026-09-02_1220IST,airline_direct,IndiGo
BOM,BLR,6E,IndiGo,inf,2026-10-17,45,business,,,20036.0,False,02:45,ok,2026-09-02T12:20:54.023860+05:30,2026-09-02_1220IST,airline_direct,IndiGo
BOM,BLR,6E,IndiGo,inf,2026-10-17,45,economy,,,7374.0,False,02:45,ok,2026-09-02T12:20:54.023860+05:30,2026-09-02_1220IST,airline_direct,IndiGo
BOM,BLR,6E,IndiGo,inf,2026-10-17,45,business,,,20036.0,False,02:45,ok,2026-09-02T12:20:54.023860+05:30,2026-09-02_1220IST,airline_direct,IndiGo
BOM,BLR,6E,IndiGo,inf,2026-10-17,45,economy,,,7374.0,False,02:45,ok,2026-09-02T12:20:54.023860+05:30,2026-09-02_1220IST,airline_direct,IndiGo
BOM,BLR,6E,IndiGo,inf,2026-10-17,45,business,,,20036.0,False,07:15,ok,2026-09-02T12:20:54.023860+05:30,2026-09-02_1220IST,airline_direct,IndiGo
BOM,BLR,6E,IndiGo,inf,2026-10-17,45,economy,,,7374.0,False,07:15,ok,2026-09-02T12:20:54.023860+05:30,2026-09-02_1220IST,airline_direct,IndiGo
BOM,BLR,6E,IndiGo,inf,2026-10-17,45,business,,,20036.0,False,10:15,ok,2026-09-02T12:20:54.023860+05:30,2026-09-02_1220IST,airline_direct,IndiGo
BOM,BLR,6E,IndiGo,inf,2026-10-17,45,economy,,,7374.0,False,10:15,ok,2026-09-02T12:20:54.023860+05:30,2026-09-02_1220IST,airline_direct,IndiGo
BOM,BLR,6E,IndiGo,inf,2026-10-17,45,business,,,20036.0,False,10:15,ok,2026-09-02T12:20:54.023860+05:30,2026-09-02_1220IST,airline_direct,IndiGo
BOM,BLR,6E,IndiGo,inf,2026-10-17,45,economy,,,7374.0,False,10:15,ok,2026-09-02T12:20:54.023860+05:30,2026-09-02_1220IST,airline_direct,IndiGo
BOM,BLR,6E,IndiGo,inf,2026-10-17,45,business,,,20036.0,False,11:40,ok,2026-09-02T12:20:54.023860+05:30,2026-09-02_1220IST,airline_direct,IndiGo
BOM,BLR,6E,IndiGo,inf,2026-10-17,45,economy,,,7374.0,False,11:40,ok,2026-09-02T12:20:54.023860+05:30,2026-09-02_1220IST,airline_direct,IndiGo
BOM,BLR,6E,IndiGo,inf,2026-10-17,45,business,,,20441.0,False,11:40,ok,2026-09-02T12:20:54.023860+05:30,2026-09-02_1220IST,airline_direct,IndiGo
BOM,BLR,6E,IndiGo,inf,2026-10-17,45,economy,,,7374.0,False,11:40,ok,2026-09-02T12:20:54.023860+05:30,2026-09-02_1220IST,airline_direct,IndiGo
BOM,BLR,6E,IndiGo,inf,2026-10-17,45,business,,,20441.0,False,15:10,ok,2026-09-02T12:20:54.023860+05:30,2026-09-02_1220IST,airline_direct,IndiGo
BOM,BLR,6E,IndiGo,inf,2026-10-17,45,economy,,,7374.0,False,15:10,ok,2026-09-02T12:20:54.023860+05:30,2026-09-02_1220IST,airline_direct,IndiGo
BOM,BLR,6E,IndiGo,inf,2026-10-17,45,business,,,20036.0,False,15:10,ok,2026-09-02T12:20:54.023860+05:30,2026-09-02_1220IST,airline_direct,IndiGo
BOM,BLR,6E,IndiGo,inf,2026-10-17,45,economy,,,7374.0,False,15:10,ok,2026-09-02T12:20:54.023860+05:30,2026-09-02_1220IST,airline_direct,IndiGo
BOM,BLR,6E,IndiGo,inf,2026-10-17,45,business,,,19670.0,False,16:45,ok,2026-09-02T12:20:54.023860+05:30,2026-09-02_1220IST,airline_direct,IndiGo
BOM,BLR,6E,IndiGo,inf,2026-10-17,45,economy,,,7374.0,False,16:45,ok,2026-09-02T12:20:54.023860+05:30,2026-09-02_1220IST,airline_direct,IndiGo
BOM,BLR,6E,IndiGo,inf,2026-10-17,45,economy,,,7374.0,False,18:50,ok,2026-09-02T12:20:54.023860+05:30,2026-09-02_1220IST,airline_direct,IndiGo
BOM,BLR,6E,IndiGo,inf,2026-10-17,45,business,,,20036.0,False,19:40,ok,2026-09-02T12:20:54.023860+05:30,2026-09-02_1220IST,airline_direct,IndiGo
BOM,BLR,6E,IndiGo,inf,2026-10-17,45,economy,,,7374.0,False,19:40,ok,2026-09-02T12:20:54.023860+05:30,2026-09-02_1220IST,airline_direct,IndiGo
BOM,BLR,6E,IndiGo,inf,2026-10-17,45,economy,,,7505.0,False,14:40,ok,2026-09-02T12:20:54.023860+05:30,2026-09-02_1220IST,airline_direct,IndiGo
BOM,BLR,6E,IndiGo,inf,2026-10-17,45,economy,,,7584.0,False,05:35,ok,2026-09-02T12:20:54.023860+05:30,2026-09-02_1220IST,airline_direct,IndiGo
BOM,BLR,6E,IndiGo,inf,2026-10-17,45,business,,,24040.0,False,06:15,ok,2026-09-02T12:20:54.023860+05:30,2026-09-02_1220IST,airline_direct,IndiGo
BOM,BLR,6E,IndiGo,inf,2026-10-17,45,economy,,,7584.0,False,06:15,ok,2026-09-02T12:20:54.023860+05:30,2026-09-02_1220IST,airline_direct,IndiGo
BOM,BLR,6E,IndiGo,inf,2026-10-17,45,business,,,24040.0,False,09:50,ok,2026-09-02T12:20:54.023860+05:30,2026-09-02_1220IST,airline_direct,IndiGo
BOM,BLR,6E,IndiGo,inf,2026-10-17,45,economy,,,7584.0,False,09:50,ok,2026-09-02T12:20:54.023860+05:30,2026-09-02_1220IST,airline_direct,IndiGo
BOM,BLR,6E,IndiGo,inf,2026-10-17,45,business,,,24040.0,False,11:40,ok,2026-09-02T12:20:54.023860+05:30,2026-09-02_1220IST,airline_direct,IndiGo
BOM,BLR,6E,IndiGo,inf,2026-10-17,45,economy,,,7584.0,False,11:40,ok,2026-09-02T12:20:54.023860+05:30,2026-09-02_1220IST,airline_direct,IndiGo
BOM,BLR,6E,IndiGo,inf,2026-10-17,45,business,,,24040.0,False,13:45,ok,2026-09-02T12:20:54.023860+05:30,2026-09-02_1220IST,airline_direct,IndiGo
BOM,BLR,6E,IndiGo,inf,2026-10-17,45,economy,,,7584.0,False,13:45,ok,2026-09-02T12:20:54.023860+05:30,2026-09-02_1220IST,airline_direct,IndiGo
BOM,BLR,6E,IndiGo,inf,2026-10-17,45,business,,,24383.0,False,13:45,ok,2026-09-02T12:20:54.023860+05:30,2026-09-02_1220IST,airline_direct,IndiGo
BOM,BLR,6E,IndiGo,inf,2026-10-17,45,economy,,,7584.0,False,13:45,ok,2026-09-02T12:20:54.023860+05:30,2026-09-02_1220IST,airline_direct,IndiGo
BOM,BLR,6E,IndiGo,inf,2026-10-17,45,business,,,24383.0,False,15:25,ok,2026-09-02T12:20:54.023860+05:30,2026-09-02_1220IST,airline_direct,IndiGo
BOM,BLR,6E,IndiGo,inf,2026-10-17,45,economy,,,7584.0,False,15:25,ok,2026-09-02T12:20:54.023860+05:30,2026-09-02_1220IST,airline_direct,IndiGo
BOM,BLR,6E,IndiGo,inf,2026-10-17,45,economy,,,7584.0,False,17:10,ok,2026-09-02T12:20:54.023860+05:30,2026-09-02_1220IST,airline_direct,IndiGo
BOM,BLR,6E,IndiGo,inf,2026-10-17,45,business,,,24383.0,False,17:25,ok,2026-09-02T12:20:54.023860+05:30,2026-09-02_1220IST,airline_direct,IndiGo
BOM,BLR,6E,IndiGo,inf,2026-10-17,45,economy,,,7584.0,False,17:25,ok,2026-09-02T12:20:54.023860+05:30,2026-09-02_1220IST,airline_direct,IndiGo
BOM,BLR,6E,IndiGo,inf,2026-10-17,45,economy,,,7836.0,False,09:15,ok,2026-09-02T12:20:54.023860+05:30,2026-09-02_1220IST,airline_direct,IndiGo
BOM,BLR,6E,IndiGo,6.000000000000001e+230,2026-10-17,45,economy,,,7858.0,False,13:55,ok,2026-09-02T12:20:54.023860+05:30,2026-09-02_1220IST,airline_direct,IndiGo
BOM,BLR,6E,IndiGo,inf,2026-10-17,45,business,,,20036.0,False,16:45,ok,2026-09-02T12:20:54.023860+05:30,2026-09-02_1220IST,airline_direct,IndiGo
BOM,BLR,6E,IndiGo,inf,2026-10-17,45,economy,,,7916.0,False,16:45,ok,2026-09-02T12:20:54.023860+05:30,2026-09-02_1220IST,airline_direct,IndiGo
BOM,BLR,6E,IndiGo,6.000000000000001e+136,2026-10-17,45,business,,,24040.0,False,04:05,ok,2026-09-02T12:20:54.023860+05:30,2026-09-02_1220IST,airline_direct,IndiGo
BOM,BLR,6E,IndiGo,6.000000000000001e+136,2026-10-17,45,economy,,,8126.0,False,04:05,ok,2026-09-02T12:20:54.023860+05:30,2026-09-02_1220IST,airline_direct,IndiGo
BOM,BLR,6E,IndiGo,6.000000000000001e+136,2026-10-17,45,business,,,24040.0,False,04:05,ok,2026-09-02T12:20:54.023860+05:30,2026-09-02_1220IST,airline_direct,IndiGo
BOM,BLR,6E,IndiGo,6.000000000000001e+136,2026-10-17,45,economy,,,8126.0,False,04:05,ok,2026-09-02T12:20:54.023860+05:30,2026-09-02_1220IST,airline_direct,IndiGo
BOM,BLR,6E,IndiGo,inf,2026-10-17,45,economy,,,8126.0,False,12:05,ok,2026-09-02T12:20:54.023860+05:30,2026-09-02_1220IST,airline_direct,IndiGo
BOM,BLR,6E,IndiGo,inf,2026-10-17,45,economy,,,8126.0,False,18:15,ok,2026-09-02T12:20:54.023860+05:30,2026-09-02_1220IST,airline_direct,IndiGo
BOM,BLR,6E,IndiGo,inf,2026-10-17,45,economy,,,8520.0,False,05:00,ok,2026-09-02T12:20:54.023860+05:30,2026-09-02_1220IST,airline_direct,IndiGo
BOM,BLR,6E,IndiGo,inf,2026-10-17,45,economy,,,8520.0,False,16:40,ok,2026-09-02T12:20:54.023860+05:30,2026-09-02_1220IST,airline_direct,IndiGo
BOM,BLR,6E,IndiGo,inf,2026-10-17,45,economy,,,8520.0,False,16:40,ok,2026-09-02T12:20:54.023860+05:30,2026-09-02_1220IST,airline_direct,IndiGo
BOM,BLR,6E,IndiGo,inf,2026-10-17,45,economy,,,8718.0,False,01:30,ok,2026-09-02T12:20:54.023860+05:30,2026-09-02_1220IST,airline_direct,IndiGo
BOM,BLR,6E,IndiGo,inf,2026-10-17,45,economy,,,8718.0,False,09:35,ok,2026-09-02T12:20:54.023860+05:30,2026-09-02_1220IST,airline_direct,IndiGo
BOM,BLR,6E,IndiGo,6e+261,2026-10-17,45,economy,,,9134.0,False,11:20,ok,2026-09-02T12:20:54.023860+05:30,2026-09-02_1220IST,airline_direct,IndiGo
BOM,BLR,6E,IndiGo,inf,2026-10-17,45,economy,,,9364.0,False,12:30,ok,2026-09-02T12:20:54.023860+05:30,2026-09-02_1220IST,airline_direct,IndiGo
BOM,BLR,6E,IndiGo,inf,2026-10-17,45,economy,,,9364.0,False,13:35,ok,2026-09-02T12:20:54.023860+05:30,2026-09-02_1220IST,airline_direct,IndiGo
BOM,BLR,6E,IndiGo,inf,2026-10-17,45,economy,,,9364.0,False,20:00,ok,2026-09-02T12:20:54.023860+05:30,2026-09-02_1220IST,airline_direct,IndiGo
BOM,BLR,6E,IndiGo,inf,2026-10-17,45,economy,,,9495.0,False,10:25,ok,2026-09-02T12:20:54.023860+05:30,2026-09-02_1220IST,airline_direct,IndiGo
BOM,BLR,6E,IndiGo,6.000000000000001e+230,2026-10-17,45,economy,,,9654.0,False,13:55,ok,2026-09-02T12:20:54.023860+05:30,2026-09-02_1220IST,airline_direct,IndiGo
BOM,BLR,6E,IndiGo,6e+240,2026-10-17,45,economy,,,10068.0,False,15:45,ok,2026-09-02T12:20:54.023860+05:30,2026-09-02_1220IST,airline_direct,IndiGo
BOM,BLR,6E,IndiGo,inf,2026-10-17,45,economy,,,10200.0,False,16:50,ok,2026-09-02T12:20:54.023860+05:30,2026-09-02_1220IST,airline_direct,IndiGo
BOM,BLR,6E,IndiGo,inf,2026-10-17,45,economy,,,10200.0,False,18:35,ok,2026-09-02T12:20:54.023860+05:30,2026-09-02_1220IST,airline_direct,IndiGo
BOM,BLR,6E,IndiGo,6e+261,2026-10-17,45,economy,,,10740.0,False,11:20,ok,2026-09-02T12:20:54.023860+05:30,2026-09-02_1220IST,airline_direct,IndiGo
BOM,BLR,6E,IndiGo,inf,2026-10-17,45,economy,,,10838.0,False,18:40,ok,2026-09-02T12:20:54.023860+05:30,2026-09-02_1220IST,airline_direct,IndiGo
BOM,BLR,6E,IndiGo,inf,2026-10-17,45,economy,,,11678.0,False,04:00,ok,2026-09-02T12:20:54.023860+05:30,2026-09-02_1220IST,airline_direct,IndiGo
DEL,CCU,6E,IndiGo,inf,2026-10-17,45,business,,,22600.0,False,19:30,ok,2026-09-02T12:22:00.986376+05:30,2026-09-02_1222IST,airline_direct,IndiGo
DEL,CCU,6E,IndiGo,inf,2026-10-17,45,economy,,,13555.0,False,19:30,ok,2026-09-02T12:22:00.986376+05:30,2026-09-02_1222IST,airline_direct,IndiGo
DEL,CCU,6E,IndiGo,inf,2026-10-17,45,business,,,22600.0,False,21:50,ok,2026-09-02T12:22:00.986376+05:30,2026-09-02_1222IST,airline_direct,IndiGo
DEL,CCU,6E,IndiGo,inf,2026-10-17,45,economy,,,13555.0,False,21:50,ok,2026-09-02T12:22:00.986376+05:30,2026-09-02_1222IST,airline_direct,IndiGo
DEL,CCU,6E,IndiGo,6e+247,2026-10-17,45,business,,,22600.0,False,23:30,ok,2026-09-02T12:22:00.986376+05:30,2026-09-02_1222IST,airline_direct,IndiGo
DEL,CCU,6E,IndiGo,6e+247,2026-10-17,45,economy,,,13555.0,False,23:30,ok,2026-09-02T12:22:00.986376+05:30,2026-09-02_1222IST,airline_direct,IndiGo
DEL,CCU,6E,IndiGo,inf,2026-10-17,45,business,,,22600.0,False,05:00,ok,2026-09-02T12:22:00.986376+05:30,2026-09-02_1222IST,airline_direct,IndiGo
DEL,CCU,6E,IndiGo,inf,2026-10-17,45,economy,,,14448.0,False,05:00,ok,2026-09-02T12:22:00.986376+05:30,2026-09-02_1222IST,airline_direct,IndiGo
DEL,CCU,6E,IndiGo,inf,2026-10-17,45,business,,,22600.0,False,07:20,ok,2026-09-02T12:22:00.986376+05:30,2026-09-02_1222IST,airline_direct,IndiGo
DEL,CCU,6E,IndiGo,inf,2026-10-17,45,economy,,,14448.0,False,07:20,ok,2026-09-02T12:22:00.986376+05:30,2026-09-02_1222IST,airline_direct,IndiGo
DEL,CCU,6E,IndiGo,inf,2026-10-17,45,business,,,22600.0,False,11:50,ok,2026-09-02T12:22:00.986376+05:30,2026-09-02_1222IST,airline_direct,IndiGo
DEL,CCU,6E,IndiGo,inf,2026-10-17,45,economy,,,14448.0,False,11:50,ok,2026-09-02T12:22:00.986376+05:30,2026-09-02_1222IST,airline_direct,IndiGo
DEL,CCU,6E,IndiGo,inf,2026-10-17,45,business,,,22600.0,False,12:45,ok,2026-09-02T12:22:00.986376+05:30,2026-09-02_1222IST,airline_direct,IndiGo
DEL,CCU,6E,IndiGo,inf,2026-10-17,45,economy,,,14448.0,False,12:45,ok,2026-09-02T12:22:00.986376+05:30,2026-09-02_1222IST,airline_direct,IndiGo
DEL,CCU,6E,IndiGo,inf,2026-10-17,45,business,,,22600.0,False,14:25,ok,2026-09-02T12:22:00.986376+05:30,2026-09-02_1222IST,airline_direct,IndiGo
DEL,CCU,6E,IndiGo,inf,2026-10-17,45,economy,,,14448.0,False,14:25,ok,2026-09-02T12:22:00.986376+05:30,2026-09-02_1222IST,airline_direct,IndiGo
DEL,CCU,6E,IndiGo,inf,2026-10-17,45,business,,,22600.0,False,16:00,ok,2026-09-02T12:22:00.986376+05:30,2026-09-02_1222IST,airline_direct,IndiGo
DEL,CCU,6E,IndiGo,inf,2026-10-17,45,economy,,,14448.0,False,16:00,ok,2026-09-02T12:22:00.986376+05:30,2026-09-02_1222IST,airline_direct,IndiGo
DEL,CCU,6E,IndiGo,inf,2026-10-17,45,business,,,22600.0,False,17:55,ok,2026-09-02T12:22:00.986376+05:30,2026-09-02_1222IST,airline_direct,IndiGo
DEL,CCU,6E,IndiGo,inf,2026-10-17,45,economy,,,14448.0,False,17:55,ok,2026-09-02T12:22:00.986376+05:30,2026-09-02_1222IST,airline_direct,IndiGo
DEL,CCU,6E,IndiGo,inf,2026-10-17,45,business,,,22600.0,False,02:45,ok,2026-09-02T12:22:00.986376+05:30,2026-09-02_1222IST,airline_direct,IndiGo
DEL,CCU,6E,IndiGo,inf,2026-10-17,45,economy,,,15340.0,False,02:45,ok,2026-09-02T12:22:00.986376+05:30,2026-09-02_1222IST,airline_direct,IndiGo
DEL,CCU,6E,IndiGo,inf,2026-10-17,45,business,,,22600.0,False,08:30,ok,2026-09-02T12:22:00.986376+05:30,2026-09-02_1222IST,airline_direct,IndiGo
DEL,CCU,6E,IndiGo,inf,2026-10-17,45,economy,,,15340.0,False,08:30,ok,2026-09-02T12:22:00.986376+05:30,2026-09-02_1222IST,airline_direct,IndiGo
DEL,CCU,6E,IndiGo,inf,2026-10-17,45,business,,,22600.0,False,10:15,ok,2026-09-02T12:22:00.986376+05:30,2026-09-02_1222IST,airline_direct,IndiGo
DEL,CCU,6E,IndiGo,inf,2026-10-17,45,economy,,,15340.0,False,10:15,ok,2026-09-02T12:22:00.986376+05:30,2026-09-02_1222IST,airline_direct,IndiGo
DEL,CCU,6E,IndiGo,inf,2026-10-17,45,economy,,,10745.0,False,12:20,ok,2026-09-02T12:22:00.986376+05:30,2026-09-02_1222IST,airline_direct,IndiGo
DEL,CCU,6E,IndiGo,inf,2026-10-17,45,economy,,,10745.0,False,17:05,ok,2026-09-02T12:22:00.986376+05:30,2026-09-02_1222IST,airline_direct,IndiGo
DEL,CCU,6E,IndiGo,inf,2026-10-17,45,economy,,,11606.0,False,09:10,ok,2026-09-02T12:22:00.986376+05:30,2026-09-02_1222IST,airline_direct,IndiGo
DEL,CCU,6E,IndiGo,inf,2026-10-17,45,economy,,,11606.0,False,13:25,ok,2026-09-02T12:22:00.986376+05:30,2026-09-02_1222IST,airline_direct,IndiGo
DEL,CCU,6E,IndiGo,inf,2026-10-17,45,economy,,,12268.0,False,13:05,ok,2026-09-02T12:22:00.986376+05:30,2026-09-02_1222IST,airline_direct,IndiGo
DEL,CCU,6E,IndiGo,inf,2026-10-17,45,economy,,,12844.0,False,16:40,ok,2026-09-02T12:22:00.986376+05:30,2026-09-02_1222IST,airline_direct,IndiGo
DEL,CCU,6E,IndiGo,inf,2026-10-17,45,economy,,,13681.0,False,05:10,ok,2026-09-02T12:22:00.986376+05:30,2026-09-02_1222IST,airline_direct,IndiGo
DEL,CCU,6E,IndiGo,inf,2026-10-17,45,economy,,,13728.0,False,07:40,ok,2026-09-02T12:22:00.986376+05:30,2026-09-02_1222IST,airline_direct,IndiGo
DEL,CCU,6E,IndiGo,inf,2026-10-17,45,economy,,,13728.0,False,07:40,ok,2026-09-02T12:22:00.986376+05:30,2026-09-02_1222IST,airline_direct,IndiGo
DEL,CCU,6E,IndiGo,inf,2026-10-17,45,economy,,,14209.0,False,05:25,ok,2026-09-02T12:22:00.986376+05:30,2026-09-02_1222IST,airline_direct,IndiGo
DEL,CCU,6E,IndiGo,inf,2026-10-17,45,economy,,,14228.0,False,10:55,ok,2026-09-02T12:22:00.986376+05:30,2026-09-02_1222IST,airline_direct,IndiGo
DEL,CCU,6E,IndiGo,inf,2026-10-17,45,economy,,,14728.0,False,15:50,ok,2026-09-02T12:22:00.986376+05:30,2026-09-02_1222IST,airline_direct,IndiGo
DEL,CCU,6E,IndiGo,inf,2026-10-17,45,economy,,,16203.0,False,12:00,ok,2026-09-02T12:22:00.986376+05:30,2026-09-02_1222IST,airline_direct,IndiGo
DEL,CCU,6E,IndiGo,inf,2026-10-17,45,economy,,,16308.0,False,06:20,ok,2026-09-02T12:22:00.986376+05:30,2026-09-02_1222IST,airline_direct,IndiGo
DEL,CCU,6E,IndiGo,inf,2026-10-17,45,economy,,,16584.0,False,14:40,ok,2026-09-02T12:22:00.986376+05:30,2026-09-02_1222IST,airline_direct,IndiGo
DEL,CCU,6E,IndiGo,inf,2026-10-17,45,economy,,,17170.0,False,09:00,ok,2026-09-02T12:22:00.986376+05:30,2026-09-02_1222IST,airline_direct,IndiGo
DEL,CCU,6E,IndiGo,inf,2026-10-17,45,economy,,,17424.0,False,12:20,ok,2026-09-02T12:22:00.986376+05:30,2026-09-02_1222IST,airline_direct,IndiGo
DEL,CCU,6E,IndiGo,inf,2026-10-17,45,economy,,,17571.0,False,14:35,ok,2026-09-02T12:22:00.986376+05:30,2026-09-02_1222IST,airline_direct,IndiGo
DEL,CCU,6E,IndiGo,inf,2026-10-17,45,economy,,,17683.0,False,16:20,ok,2026-09-02T12:22:00.986376+05:30,2026-09-02_1222IST,airline_direct,IndiGo
DEL,CCU,6E,IndiGo,inf,2026-10-17,45,economy,,,18720.0,False,07:40,ok,2026-09-02T12:22:00.986376+05:30,2026-09-02_1222IST,airline_direct,IndiGo
DEL,CCU,6E,IndiGo,inf,2026-10-17,45,economy,,,18825.0,False,15:10,ok,2026-09-02T12:22:00.986376+05:30,2026-09-02_1222IST,airline_direct,IndiGo
DEL,CCU,6E,IndiGo,inf,2026-10-17,45,economy,,,18825.0,False,15:10,ok,2026-09-02T12:22:00.986376+05:30,2026-09-02_1222IST,airline_direct,IndiGo
DEL,CCU,6E,IndiGo,inf,2026-10-17,45,economy,,,18943.0,False,05:55,ok,2026-09-02T12:22:00.986376+05:30,2026-09-02_1222IST,airline_direct,IndiGo
DEL,CCU,6E,IndiGo,inf,2026-10-17,45,economy,,,18943.0,False,14:25,ok,2026-09-02T12:22:00.986376+05:30,2026-09-02_1222IST,airline_direct,IndiGo
DEL,CCU,6E,IndiGo,inf,2026-10-17,45,economy,,,18947.0,False,14:00,ok,2026-09-02T12:22:00.986376+05:30,2026-09-02_1222IST,airline_direct,IndiGo
DEL,CCU,6E,IndiGo,inf,2026-10-17,45,economy,,,19507.0,False,17:30,ok,2026-09-02T12:22:00.986376+05:30,2026-09-02_1222IST,airline_direct,IndiGo
DEL,CCU,6E,IndiGo,inf,2026-10-17,45,economy,,,19766.0,False,08:00,ok,2026-09-02T12:22:00.986376+05:30,2026-09-02_1222IST,airline_direct,IndiGo
DEL,CCU,6E,IndiGo,inf,2026-10-17,45,economy,,,19964.0,False,17:20,ok,2026-09-02T12:22:00.986376+05:30,2026-09-02_1222IST,airline_direct,IndiGo
DEL,CCU,6E,IndiGo,inf,2026-10-17,45,business,,,33865.0,False,16:15,ok,2026-09-02T12:22:00.986376+05:30,2026-09-02_1222IST,airline_direct,IndiGo
DEL,CCU,6E,IndiGo,inf,2026-10-17,45,economy,,,20115.0,False,16:15,ok,2026-09-02T12:22:00.986376+05:30,2026-09-02_1222IST,airline_direct,IndiGo
DEL,CCU,6E,IndiGo,inf,2026-10-17,45,economy,,,20312.0,False,06:20,ok,2026-09-02T12:22:00.986376+05:30,2026-09-02_1222IST,airline_direct,IndiGo
DEL,CCU,6E,IndiGo,inf,2026-10-17,45,business,,,34809.0,False,08:30,ok,2026-09-02T12:22:00.986376+05:30,2026-09-02_1222IST,airline_direct,IndiGo
DEL,CCU,6E,IndiGo,inf,2026-10-17,45,economy,,,20329.0,False,08:30,ok,2026-09-02T12:22:00.986376+05:30,2026-09-02_1222IST,airline_direct,IndiGo
DEL,CCU,6E,IndiGo,inf,2026-10-17,45,economy,,,20732.0,False,08:10,ok,2026-09-02T12:22:00.986376+05:30,2026-09-02_1222IST,airline_direct,IndiGo
DEL,CCU,6E,IndiGo,inf,2026-10-17,45,economy,,,20767.0,False,04:45,ok,2026-09-02T12:22:00.986376+05:30,2026-09-02_1222IST,airline_direct,IndiGo
DEL,CCU,6E,IndiGo,inf,2026-10-17,45,business,,,34809.0,False,09:55,ok,2026-09-02T12:22:00.986376+05:30,2026-09-02_1222IST,airline_direct,IndiGo
DEL,CCU,6E,IndiGo,inf,2026-10-17,45,economy,,,20955.0,False,09:55,ok,2026-09-02T12:22:00.986376+05:30,2026-09-02_1222IST,airline_direct,IndiGo
DEL,CCU,6E,IndiGo,inf,2026-10-17,45,economy,,,21257.0,False,13:35,ok,2026-09-02T12:22:00.986376+05:30,2026-09-02_1222IST,airline_direct,IndiGo
DEL,CCU,6E,IndiGo,inf,2026-10-17,45,economy,,,21257.0,False,16:20,ok,2026-09-02T12:22:00.986376+05:30,2026-09-02_1222IST,airline_direct,IndiGo
DEL,CCU,6E,IndiGo,inf,2026-10-17,45,business,,,35989.0,False,08:30,ok,2026-09-02T12:22:00.986376+05:30,2026-09-02_1222IST,airline_direct,IndiGo
DEL,CCU,6E,IndiGo,inf,2026-10-17,45,economy,,,21379.0,False,08:30,ok,2026-09-02T12:22:00.986376+05:30,2026-09-02_1222IST,airline_direct,IndiGo
DEL,CCU,6E,IndiGo,inf,2026-10-17,45,business,,,35989.0,False,13:30,ok,2026-09-02T12:22:00.986376+05:30,2026-09-02_1222IST,airline_direct,IndiGo
DEL,CCU,6E,IndiGo,inf,2026-10-17,45,economy,,,22005.0,False,13:30,ok,2026-09-02T12:22:00.986376+05:30,2026-09-02_1222IST,airline_direct,IndiGo
DEL,CCU,6E,IndiGo,inf,2026-10-17,45,economy,,,22769.0,False,05:00,ok,2026-09-02T12:22:00.986376+05:30,2026-09-02_1222IST,airline_direct,IndiGo
DEL,CCU,6E,IndiGo,inf,2026-10-17,45,business,,,32685.0,False,17:55,ok,2026-09-02T12:22:00.986376+05:30,2026-09-02_1222IST,airline_direct,IndiGo
DEL,CCU,6E,IndiGo,inf,2026-10-17,45,economy,,,23678.0,False,17:55,ok,2026-09-02T12:22:00.986376+05:30,2026-09-02_1222IST,airline_direct,IndiGo
DEL,CCU,6E,IndiGo,inf,2026-10-17,45,economy,,,24013.0,False,14:40,ok,2026-09-02T12:22:00.986376+05:30,2026-09-02_1222IST,airline_direct,IndiGo
DEL,CCU,6E,IndiGo,inf,2026-10-17,45,business,,,35399.0,False,02:25,ok,2026-09-02T12:22:00.986376+05:30,2026-09-02_1222IST,airline_direct,IndiGo
DEL,CCU,6E,IndiGo,inf,2026-10-17,45,economy,,,24672.0,False,02:25,ok,2026-09-02T12:22:00.986376+05:30,2026-09-02_1222IST,airline_direct,IndiGo
DEL,CCU,6E,IndiGo,inf,2026-10-17,45,business,,,33865.0,False,17:55,ok,2026-09-02T12:22:00.986376+05:30,2026-09-02_1222IST,airline_direct,IndiGo
DEL,CCU,6E,IndiGo,inf,2026-10-17,45,economy,,,24728.0,False,17:55,ok,2026-09-02T12:22:00.986376+05:30,2026-09-02_1222IST,airline_direct,IndiGo
DEL,CCU,6E,IndiGo,inf,2026-10-17,45,economy,,,25814.0,False,09:20,ok,2026-09-02T12:22:00.986376+05:30,2026-09-02_1222IST,airline_direct,IndiGo
DEL,CCU,6E,IndiGo,inf,2026-10-17,45,economy,,,26444.0,False,09:20,ok,2026-09-02T12:22:00.986376+05:30,2026-09-02_1222IST,airline_direct,IndiGo
DEL,CCU,6E,IndiGo,inf,2026-10-17,45,economy,,,27460.0,False,10:50,ok,2026-09-02T12:22:00.986376+05:30,2026-09-02_1222IST,airline_direct,IndiGo
DEL,CCU,6E,IndiGo,inf,2026-10-17,45,economy,,,27460.0,False,10:50,ok,2026-09-02T12:22:00.986376+05:30,2026-09-02_1222IST,airline_direct,IndiGo
DEL,CCU,6E,IndiGo,inf,2026-10-17,45,economy,,,28405.0,False,07:30,ok,2026-09-02T12:22:00.986376+05:30,2026-09-02_1222IST,airline_direct,IndiGo
BLR,HYD,6E,IndiGo,inf,2026-10-17,45,economy,,,4921.0,False,21:25,ok,2026-09-02T12:23:06.761062+05:30,2026-09-02_1223IST,airline_direct,IndiGo
BLR,HYD,6E,IndiGo,inf,2026-10-17,45,economy,,,5318.0,False,18:35,ok,2026-09-02T12:23:06.761062+05:30,2026-09-02_1223IST,airline_direct,IndiGo
BLR,HYD,6E,IndiGo,inf,2026-10-17,45,economy,,,6239.0,False,10:15,ok,2026-09-02T12:23:06.761062+05:30,2026-09-02_1223IST,airline_direct,IndiGo
BLR,HYD,6E,IndiGo,inf,2026-10-17,45,economy,,,6239.0,False,14:50,ok,2026-09-02T12:23:06.761062+05:30,2026-09-02_1223IST,airline_direct,IndiGo
BLR,HYD,6E,IndiGo,inf,2026-10-17,45,economy,,,6772.0,False,16:30,ok,2026-09-02T12:23:06.761062+05:30,2026-09-02_1223IST,airline_direct,IndiGo
BLR,HYD,6E,IndiGo,inf,2026-10-17,45,economy,,,7361.0,False,08:15,ok,2026-09-02T12:23:06.761062+05:30,2026-09-02_1223IST,airline_direct,IndiGo
BLR,HYD,6E,IndiGo,inf,2026-10-17,45,economy,,,7361.0,False,09:15,ok,2026-09-02T12:23:06.761062+05:30,2026-09-02_1223IST,airline_direct,IndiGo
BLR,HYD,6E,IndiGo,inf,2026-10-17,45,economy,,,7361.0,False,22:30,ok,2026-09-02T12:23:06.761062+05:30,2026-09-02_1223IST,airline_direct,IndiGo
BLR,HYD,6E,IndiGo,inf,2026-10-17,45,economy,,,8010.0,False,06:10,ok,2026-09-02T12:23:06.761062+05:30,2026-09-02_1223IST,airline_direct,IndiGo
BLR,HYD,6E,IndiGo,inf,2026-10-17,45,economy,,,8010.0,False,19:45,ok,2026-09-02T12:23:06.761062+05:30,2026-09-02_1223IST,airline_direct,IndiGo
BLR,HYD,6E,IndiGo,inf,2026-10-17,45,economy,,,8727.0,False,11:35,ok,2026-09-02T12:23:06.761062+05:30,2026-09-02_1223IST,airline_direct,IndiGo
BLR,HYD,6E,IndiGo,5.9999999999999995e+109,2026-10-17,45,economy,,,5463.0,False,17:00,ok,2026-09-02T12:23:06.761062+05:30,2026-09-02_1223IST,airline_direct,IndiGo
BLR,HYD,6E,IndiGo,inf,2026-10-17,45,economy,,,5463.0,False,17:15,ok,2026-09-02T12:23:06.761062+05:30,2026-09-02_1223IST,airline_direct,IndiGo
BLR,HYD,6E,IndiGo,inf,2026-10-17,45,economy,,,5463.0,False,17:15,ok,2026-09-02T12:23:06.761062+05:30,2026-09-02_1223IST,airline_direct,IndiGo
BLR,HYD,6E,IndiGo,inf,2026-10-17,45,economy,,,5463.0,False,17:15,ok,2026-09-02T12:23:06.761062+05:30,2026-09-02_1223IST,airline_direct,IndiGo
BLR,HYD,6E,IndiGo,inf,2026-10-17,45,economy,,,5463.0,False,18:50,ok,2026-09-02T12:23:06.761062+05:30,2026-09-02_1223IST,airline_direct,IndiGo
BLR,HYD,6E,IndiGo,inf,2026-10-17,45,economy,,,5463.0,False,19:30,ok,2026-09-02T12:23:06.761062+05:30,2026-09-02_1223IST,airline_direct,IndiGo
BLR,HYD,6E,IndiGo,inf,2026-10-17,45,economy,,,5662.0,False,06:25,ok,2026-09-02T12:23:06.761062+05:30,2026-09-02_1223IST,airline_direct,IndiGo
BLR,HYD,6E,IndiGo,inf,2026-10-17,45,economy,,,5793.0,False,10:50,ok,2026-09-02T12:23:06.761062+05:30,2026-09-02_1223IST,airline_direct,IndiGo
BLR,HYD,6E,IndiGo,inf,2026-10-17,45,economy,,,5793.0,False,15:30,ok,2026-09-02T12:23:06.761062+05:30,2026-09-02_1223IST,airline_direct,IndiGo
BLR,HYD,6E,IndiGo,inf,2026-10-17,45,economy,,,5793.0,False,18:15,ok,2026-09-02T12:23:06.761062+05:30,2026-09-02_1223IST,airline_direct,IndiGo
BLR,HYD,6E,IndiGo,inf,2026-10-17,45,economy,,,6153.0,False,18:15,ok,2026-09-02T12:23:06.761062+05:30,2026-09-02_1223IST,airline_direct,IndiGo
BLR,HYD,6E,IndiGo,6e+105,2026-10-17,45,economy,,,6153.0,False,18:50,ok,2026-09-02T12:23:06.761062+05:30,2026-09-02_1223IST,airline_direct,IndiGo
BLR,HYD,6E,IndiGo,inf,2026-10-17,45,economy,,,6153.0,False,21:40,ok,2026-09-02T12:23:06.761062+05:30,2026-09-02_1223IST,airline_direct,IndiGo
BLR,HYD,6E,IndiGo,6e+116,2026-10-17,45,economy,,,6153.0,False,23:05,ok,2026-09-02T12:23:06.761062+05:30,2026-09-02_1223IST,airline_direct,IndiGo
BLR,HYD,6E,IndiGo,6e+116,2026-10-17,45,economy,,,6153.0,False,23:05,ok,2026-09-02T12:23:06.761062+05:30,2026-09-02_1223IST,airline_direct,IndiGo
BLR,HYD,6E,IndiGo,inf,2026-10-17,45,economy,,,6543.0,False,01:05,ok,2026-09-02T12:23:06.761062+05:30,2026-09-02_1223IST,airline_direct,IndiGo
BLR,HYD,6E,IndiGo,inf,2026-10-17,45,economy,,,6543.0,False,02:40,ok,2026-09-02T12:23:06.761062+05:30,2026-09-02_1223IST,airline_direct,IndiGo
BLR,HYD,6E,IndiGo,inf,2026-10-17,45,economy,,,6543.0,False,07:15,ok,2026-09-02T12:23:06.761062+05:30,2026-09-02_1223IST,airline_direct,IndiGo
BLR,HYD,6E,IndiGo,inf,2026-10-17,45,economy,,,6543.0,False,20:20,ok,2026-09-02T12:23:06.761062+05:30,2026-09-02_1223IST,airline_direct,IndiGo
BLR,HYD,6E,IndiGo,inf,2026-10-17,45,economy,,,6543.0,False,20:40,ok,2026-09-02T12:23:06.761062+05:30,2026-09-02_1223IST,airline_direct,IndiGo
BLR,HYD,6E,IndiGo,inf,2026-10-17,45,economy,,,6969.0,False,07:15,ok,2026-09-02T12:23:06.761062+05:30,2026-09-02_1223IST,airline_direct,IndiGo
BLR,HYD,6E,IndiGo,6e+105,2026-10-17,45,economy,,,6969.0,False,18:50,ok,2026-09-02T12:23:06.761062+05:30,2026-09-02_1223IST,airline_direct,IndiGo
BLR,HYD,6E,IndiGo,inf,2026-10-17,45,economy,,,7432.0,False,06:50,ok,2026-09-02T12:23:06.761062+05:30,2026-09-02_1223IST,airline_direct,IndiGo
BLR,HYD,6E,IndiGo,inf,2026-10-17,45,economy,,,7432.0,False,07:10,ok,2026-09-02T12:23:06.761062+05:30,2026-09-02_1223IST,airline_direct,IndiGo
BLR,HYD,6E,IndiGo,inf,2026-10-17,45,economy,,,7432.0,False,07:10,ok,2026-09-02T12:23:06.761062+05:30,2026-09-02_1223IST,airline_direct,IndiGo
BLR,HYD,6E,IndiGo,inf,2026-10-17,45,economy,,,7432.0,False,11:40,ok,2026-09-02T12:23:06.761062+05:30,2026-09-02_1223IST,airline_direct,IndiGo
BLR,HYD,6E,IndiGo,inf,2026-10-17,45,economy,,,7432.0,False,12:50,ok,2026-09-02T12:23:06.761062+05:30,2026-09-02_1223IST,airline_direct,IndiGo
BLR,HYD,6E,IndiGo,inf,2026-10-17,45,economy,,,7935.0,False,07:05,ok,2026-09-02T12:23:06.761062+05:30,2026-09-02_1223IST,airline_direct,IndiGo
BLR,HYD,6E,IndiGo,inf,2026-10-17,45,economy,,,7935.0,False,07:05,ok,2026-09-02T12:23:06.761062+05:30,2026-09-02_1223IST,airline_direct,IndiGo
BLR,HYD,6E,IndiGo,inf,2026-10-17,45,economy,,,7935.0,False,07:10,ok,2026-09-02T12:23:06.761062+05:30,2026-09-02_1223IST,airline_direct,IndiGo
BLR,HYD,6E,IndiGo,inf,2026-10-17,45,economy,,,7935.0,False,11:40,ok,2026-09-02T12:23:06.761062+05:30,2026-09-02_1223IST,airline_direct,IndiGo
BLR,HYD,6E,IndiGo,inf,2026-10-17,45,economy,,,7935.0,False,14:45,ok,2026-09-02T12:23:06.761062+05:30,2026-09-02_1223IST,airline_direct,IndiGo
BLR,HYD,6E,IndiGo,inf,2026-10-17,45,economy,,,7935.0,False,19:55,ok,2026-09-02T12:23:06.761062+05:30,2026-09-02_1223IST,airline_direct,IndiGo
BLR,HYD,6E,IndiGo,inf,2026-10-17,45,economy,,,8484.0,False,12:50,ok,2026-09-02T12:23:06.761062+05:30,2026-09-02_1223IST,airline_direct,IndiGo
BLR,HYD,6E,IndiGo,inf,2026-10-17,45,economy,,,9081.0,False,13:10,ok,2026-09-02T12:23:06.761062+05:30,2026-09-02_1223IST,airline_direct,IndiGo
BLR,HYD,6E,IndiGo,inf,2026-10-17,45,economy,,,9730.0,False,06:50,ok,2026-09-02T12:23:06.761062+05:30,2026-09-02_1223IST,airline_direct,IndiGo
BLR,HYD,6E,IndiGo,inf,2026-10-17,45,economy,,,9730.0,False,10:25,ok,2026-09-02T12:23:06.761062+05:30,2026-09-02_1223IST,airline_direct,IndiGo
BLR,HYD,6E,IndiGo,inf,2026-10-17,45,economy,,,10086.0,False,19:15,ok,2026-09-02T12:23:06.761062+05:30,2026-09-02_1223IST,airline_direct,IndiGo
BLR,HYD,6E,IndiGo,inf,2026-10-17,45,economy,,,10435.0,False,10:25,ok,2026-09-02T12:23:06.761062+05:30,2026-09-02_1223IST,airline_direct,IndiGo
BLR,HYD,6E,IndiGo,inf,2026-10-17,45,economy,,,10978.0,False,17:40,ok,2026-09-02T12:23:06.761062+05:30,2026-09-02_1223IST,airline_direct,IndiGo
BLR,HYD,6E,IndiGo,inf,2026-10-17,45,economy,,,11204.0,False,12:55,ok,2026-09-02T12:23:06.761062+05:30,2026-09-02_1223IST,airline_direct,IndiGo
BLR,HYD,6E,IndiGo,inf,2026-10-17,45,economy,,,11481.0,False,10:40,ok,2026-09-02T12:23:06.761062+05:30,2026-09-02_1223IST,airline_direct,IndiGo
BLR,HYD,6E,IndiGo,inf,2026-10-17,45,economy,,,11828.0,False,06:50,ok,2026-09-02T12:23:06.761062+05:30,2026-09-02_1223IST,airline_direct,IndiGo
BLR,HYD,6E,IndiGo,inf,2026-10-17,45,economy,,,11838.0,False,10:40,ok,2026-09-02T12:23:06.761062+05:30,2026-09-02_1223IST,airline_direct,IndiGo
BLR,HYD,6E,IndiGo,inf,2026-10-17,45,economy,,,12191.0,False,15:15,ok,2026-09-02T12:23:06.761062+05:30,2026-09-02_1223IST,airline_direct,IndiGo
BLR,HYD,6E,IndiGo,inf,2026-10-17,45,economy,,,12950.0,False,08:05,ok,2026-09-02T12:23:06.761062+05:30,2026-09-02_1223IST,airline_direct,IndiGo
BLR,HYD,6E,IndiGo,inf,2026-10-17,45,economy,,,12950.0,False,08:05,ok,2026-09-02T12:23:06.761062+05:30,2026-09-02_1223IST,airline_direct,IndiGo
BLR,HYD,6E,IndiGo,inf,2026-10-17,45,economy,,,13183.0,False,17:40,ok,2026-09-02T12:23:06.761062+05:30,2026-09-02_1223IST,airline_direct,IndiGo
BLR,HYD,6E,IndiGo,inf,2026-10-17,45,economy,,,14396.0,False,15:15,ok,2026-09-02T12:23:06.761062+05:30,2026-09-02_1223IST,airline_direct,IndiGo
BLR,HYD,6E,IndiGo,inf,2026-10-17,45,economy,,,17104.0,False,12:35,ok,2026-09-02T12:23:06.761062+05:30,2026-09-02_1223IST,airline_direct,IndiGo
MAA,DEL,6E,IndiGo,inf,2026-10-17,45,business,,,24700.0,False,14:30,ok,2026-09-02T12:24:05.053827+05:30,2026-09-02_1224IST,airline_direct,IndiGo
MAA,DEL,6E,IndiGo,inf,2026-10-17,45,economy,,,9830.0,False,14:30,ok,2026-09-02T12:24:05.053827+05:30,2026-09-02_1224IST,airline_direct,IndiGo
MAA,DEL,6E,IndiGo,inf,2026-10-17,45,business,,,24700.0,False,16:45,ok,2026-09-02T12:24:05.053827+05:30,2026-09-02_1224IST,airline_direct,IndiGo
MAA,DEL,6E,IndiGo,inf,2026-10-17,45,economy,,,9830.0,False,16:45,ok,2026-09-02T12:24:05.053827+05:30,2026-09-02_1224IST,airline_direct,IndiGo
MAA,DEL,6E,IndiGo,inf,2026-10-17,45,business,,,24700.0,False,19:00,ok,2026-09-02T12:24:05.053827+05:30,2026-09-02_1224IST,airline_direct,IndiGo
MAA,DEL,6E,IndiGo,inf,2026-10-17,45,economy,,,9830.0,False,19:00,ok,2026-09-02T12:24:05.053827+05:30,2026-09-02_1224IST,airline_direct,IndiGo
MAA,DEL,6E,IndiGo,inf,2026-10-17,45,business,,,24700.0,False,21:50,ok,2026-09-02T12:24:05.053827+05:30,2026-09-02_1224IST,airline_direct,IndiGo
MAA,DEL,6E,IndiGo,inf,2026-10-17,45,economy,,,9830.0,False,21:50,ok,2026-09-02T12:24:05.053827+05:30,2026-09-02_1224IST,airline_direct,IndiGo
MAA,DEL,6E,IndiGo,inf,2026-10-17,45,business,,,24700.0,False,23:45,ok,2026-09-02T12:24:05.053827+05:30,2026-09-02_1224IST,airline_direct,IndiGo
MAA,DEL,6E,IndiGo,inf,2026-10-17,45,economy,,,9830.0,False,23:45,ok,2026-09-02T12:24:05.053827+05:30,2026-09-02_1224IST,airline_direct,IndiGo
MAA,DEL,6E,IndiGo,inf,2026-10-17,45,business,,,24700.0,False,02:45,ok,2026-09-02T12:24:05.053827+05:30,2026-09-02_1224IST,airline_direct,IndiGo
MAA,DEL,6E,IndiGo,inf,2026-10-17,45,economy,,,10295.0,False,02:45,ok,2026-09-02T12:24:05.053827+05:30,2026-09-02_1224IST,airline_direct,IndiGo
MAA,DEL,6E,IndiGo,inf,2026-10-17,45,business,,,24700.0,False,11:10,ok,2026-09-02T12:24:05.053827+05:30,2026-09-02_1224IST,airline_direct,IndiGo
MAA,DEL,6E,IndiGo,inf,2026-10-17,45,economy,,,10295.0,False,11:10,ok,2026-09-02T12:24:05.053827+05:30,2026-09-02_1224IST,airline_direct,IndiGo
MAA,DEL,6E,IndiGo,inf,2026-10-17,45,business,,,24700.0,False,13:00,ok,2026-09-02T12:24:05.053827+05:30,2026-09-02_1224IST,airline_direct,IndiGo
MAA,DEL,6E,IndiGo,inf,2026-10-17,45,economy,,,10295.0,False,13:00,ok,2026-09-02T12:24:05.053827+05:30,2026-09-02_1224IST,airline_direct,IndiGo
MAA,DEL,6E,IndiGo,inf,2026-10-17,45,business,,,24700.0,False,06:30,ok,2026-09-02T12:24:05.053827+05:30,2026-09-02_1224IST,airline_direct,IndiGo
MAA,DEL,6E,IndiGo,inf,2026-10-17,45,economy,,,10785.0,False,06:30,ok,2026-09-02T12:24:05.053827+05:30,2026-09-02_1224IST,airline_direct,IndiGo
MAA,DEL,6E,IndiGo,inf,2026-10-17,45,business,,,24700.0,False,09:15,ok,2026-09-02T12:24:05.053827+05:30,2026-09-02_1224IST,airline_direct,IndiGo
MAA,DEL,6E,IndiGo,inf,2026-10-17,45,economy,,,11850.0,False,09:15,ok,2026-09-02T12:24:05.053827+05:30,2026-09-02_1224IST,airline_direct,IndiGo
MAA,DEL,6E,IndiGo,inf,2026-10-17,45,economy,,,9647.0,False,07:35,ok,2026-09-02T12:24:05.053827+05:30,2026-09-02_1224IST,airline_direct,IndiGo
MAA,DEL,6E,IndiGo,6e+253,2026-10-17,45,business,,,28061.0,False,03:10,ok,2026-09-02T12:24:05.053827+05:30,2026-09-02_1224IST,airline_direct,IndiGo
MAA,DEL,6E,IndiGo,6e+253,2026-10-17,45,economy,,,9778.0,False,03:10,ok,2026-09-02T12:24:05.053827+05:30,2026-09-02_1224IST,airline_direct,IndiGo
MAA,DEL,6E,IndiGo,inf,2026-10-17,45,business,,,29880.0,False,09:05,ok,2026-09-02T12:24:05.053827+05:30,2026-09-02_1224IST,airline_direct,IndiGo
MAA,DEL,6E,IndiGo,inf,2026-10-17,45,economy,,,9778.0,False,09:05,ok,2026-09-02T12:24:05.053827+05:30,2026-09-02_1224IST,airline_direct,IndiGo
MAA,DEL,6E,IndiGo,inf,2026-10-17,45,business,,,29880.0,False,09:05,ok,2026-09-02T12:24:05.053827+05:30,2026-09-02_1224IST,airline_direct,IndiGo
MAA,DEL,6E,IndiGo,inf,2026-10-17,45,economy,,,9778.0,False,09:05,ok,2026-09-02T12:24:05.053827+05:30,2026-09-02_1224IST,airline_direct,IndiGo
MAA,DEL,6E,IndiGo,inf,2026-10-17,45,economy,,,9778.0,False,09:30,ok,2026-09-02T12:24:05.053827+05:30,2026-09-02_1224IST,airline_direct,IndiGo
MAA,DEL,6E,IndiGo,inf,2026-10-17,45,business,,,26398.0,False,09:55,ok,2026-09-02T12:24:05.053827+05:30,2026-09-02_1224IST,airline_direct,IndiGo
MAA,DEL,6E,IndiGo,inf,2026-10-17,45,economy,,,9778.0,False,09:55,ok,2026-09-02T12:24:05.053827+05:30,2026-09-02_1224IST,airline_direct,IndiGo
MAA,DEL,6E,IndiGo,inf,2026-10-17,45,business,,,27358.0,False,12:00,ok,2026-09-02T12:24:05.053827+05:30,2026-09-02_1224IST,airline_direct,IndiGo
MAA,DEL,6E,IndiGo,inf,2026-10-17,45,economy,,,9778.0,False,12:00,ok,2026-09-02T12:24:05.053827+05:30,2026-09-02_1224IST,airline_direct,IndiGo
MAA,DEL,6E,IndiGo,inf,2026-10-17,45,business,,,26398.0,False,16:10,ok,2026-09-02T12:24:05.053827+05:30,2026-09-02_1224IST,airline_direct,IndiGo
MAA,DEL,6E,IndiGo,inf,2026-10-17,45,economy,,,9778.0,False,16:10,ok,2026-09-02T12:24:05.053827+05:30,2026-09-02_1224IST,airline_direct,IndiGo
MAA,DEL,6E,IndiGo,inf,2026-10-17,45,economy,,,9778.0,False,18:15,ok,2026-09-02T12:24:05.053827+05:30,2026-09-02_1224IST,airline_direct,IndiGo
MAA,DEL,6E,IndiGo,inf,2026-10-17,45,business,,,26398.0,False,18:20,ok,2026-09-02T12:24:05.053827+05:30,2026-09-02_1224IST,airline_direct,IndiGo
MAA,DEL,6E,IndiGo,inf,2026-10-17,45,economy,,,9778.0,False,18:20,ok,2026-09-02T12:24:05.053827+05:30,2026-09-02_1224IST,airline_direct,IndiGo
MAA,DEL,6E,IndiGo,6e+193,2026-10-17,45,business,,,26398.0,False,20:00,ok,2026-09-02T12:24:05.053827+05:30,2026-09-02_1224IST,airline_direct,IndiGo
MAA,DEL,6E,IndiGo,6e+193,2026-10-17,45,economy,,,9778.0,False,20:00,ok,2026-09-02T12:24:05.053827+05:30,2026-09-02_1224IST,airline_direct,IndiGo
MAA,DEL,6E,IndiGo,inf,2026-10-17,45,business,,,26398.0,False,21:25,ok,2026-09-02T12:24:05.053827+05:30,2026-09-02_1224IST,airline_direct,IndiGo
MAA,DEL,6E,IndiGo,inf,2026-10-17,45,economy,,,9778.0,False,21:25,ok,2026-09-02T12:24:05.053827+05:30,2026-09-02_1224IST,airline_direct,IndiGo
MAA,DEL,6E,IndiGo,inf,2026-10-17,45,business,,,28061.0,False,22:20,ok,2026-09-02T12:24:05.053827+05:30,2026-09-02_1224IST,airline_direct,IndiGo
MAA,DEL,6E,IndiGo,inf,2026-10-17,45,economy,,,9778.0,False,22:20,ok,2026-09-02T12:24:05.053827+05:30,2026-09-02_1224IST,airline_direct,IndiGo
MAA,DEL,6E,IndiGo,inf,2026-10-17,45,business,,,26857.0,False,22:35,ok,2026-09-02T12:24:05.053827+05:30,2026-09-02_1224IST,airline_direct,IndiGo
MAA,DEL,6E,IndiGo,inf,2026-10-17,45,economy,,,9778.0,False,22:35,ok,2026-09-02T12:24:05.053827+05:30,2026-09-02_1224IST,airline_direct,IndiGo
MAA,DEL,6E,IndiGo,inf,2026-10-17,45,economy,,,9857.0,False,20:00,ok,2026-09-02T12:24:05.053827+05:30,2026-09-02_1224IST,airline_direct,IndiGo
MAA,DEL,6E,IndiGo,inf,2026-10-17,45,business,,,30048.0,False,22:00,ok,2026-09-02T12:24:05.053827+05:30,2026-09-02_1224IST,airline_direct,IndiGo
MAA,DEL,6E,IndiGo,inf,2026-10-17,45,economy,,,9857.0,False,22:00,ok,2026-09-02T12:24:05.053827+05:30,2026-09-02_1224IST,airline_direct,IndiGo
MAA,DEL,6E,IndiGo,inf,2026-10-17,45,business,,,39679.0,False,02:30,ok,2026-09-02T12:24:05.053827+05:30,2026-09-02_1224IST,airline_direct,IndiGo
MAA,DEL,6E,IndiGo,inf,2026-10-17,45,economy,,,9988.0,False,02:30,ok,2026-09-02T12:24:05.053827+05:30,2026-09-02_1224IST,airline_direct,IndiGo
MAA,DEL,6E,IndiGo,inf,2026-10-17,45,business,,,45110.0,False,05:00,ok,2026-09-02T12:24:05.053827+05:30,2026-09-02_1224IST,airline_direct,IndiGo
MAA,DEL,6E,IndiGo,inf,2026-10-17,45,economy,,,9988.0,False,05:00,ok,2026-09-02T12:24:05.053827+05:30,2026-09-02_1224IST,airline_direct,IndiGo
MAA,DEL,6E,IndiGo,inf,2026-10-17,45,business,,,35375.0,False,09:00,ok,2026-09-02T12:24:05.053827+05:30,2026-09-02_1224IST,airline_direct,IndiGo
MAA,DEL,6E,IndiGo,inf,2026-10-17,45,economy,,,9988.0,False,09:00,ok,2026-09-02T12:24:05.053827+05:30,2026-09-02_1224IST,airline_direct,IndiGo
MAA,DEL,6E,IndiGo,inf,2026-10-17,45,business,,,35375.0,False,09:00,ok,2026-09-02T12:24:05.053827+05:30,2026-09-02_1224IST,airline_direct,IndiGo
MAA,DEL,6E,IndiGo,inf,2026-10-17,45,economy,,,9988.0,False,09:00,ok,2026-09-02T12:24:05.053827+05:30,2026-09-02_1224IST,airline_direct,IndiGo
MAA,DEL,6E,IndiGo,inf,2026-10-17,45,business,,,35375.0,False,11:00,ok,2026-09-02T12:24:05.053827+05:30,2026-09-02_1224IST,airline_direct,IndiGo
MAA,DEL,6E,IndiGo,inf,2026-10-17,45,economy,,,9988.0,False,11:00,ok,2026-09-02T12:24:05.053827+05:30,2026-09-02_1224IST,airline_direct,IndiGo
MAA,DEL,6E,IndiGo,inf,2026-10-17,45,business,,,35375.0,False,12:45,ok,2026-09-02T12:24:05.053827+05:30,2026-09-02_1224IST,airline_direct,IndiGo
MAA,DEL,6E,IndiGo,inf,2026-10-17,45,economy,,,9988.0,False,12:45,ok,2026-09-02T12:24:05.053827+05:30,2026-09-02_1224IST,airline_direct,IndiGo
MAA,DEL,6E,IndiGo,inf,2026-10-17,45,business,,,35375.0,False,18:15,ok,2026-09-02T12:24:05.053827+05:30,2026-09-02_1224IST,airline_direct,IndiGo
MAA,DEL,6E,IndiGo,inf,2026-10-17,45,economy,,,9988.0,False,18:15,ok,2026-09-02T12:24:05.053827+05:30,2026-09-02_1224IST,airline_direct,IndiGo
MAA,DEL,6E,IndiGo,inf,2026-10-17,45,economy,,,10325.0,False,13:10,ok,2026-09-02T12:24:05.053827+05:30,2026-09-02_1224IST,airline_direct,IndiGo
MAA,DEL,6E,IndiGo,inf,2026-10-17,45,business,,,28415.0,False,04:50,ok,2026-09-02T12:24:05.053827+05:30,2026-09-02_1224IST,airline_direct,IndiGo
MAA,DEL,6E,IndiGo,inf,2026-10-17,45,economy,,,10535.0,False,04:50,ok,2026-09-02T12:24:05.053827+05:30,2026-09-02_1224IST,airline_direct,IndiGo
MAA,DEL,6E,IndiGo,inf,2026-10-17,45,business,,,26398.0,False,07:10,ok,2026-09-02T12:24:05.053827+05:30,2026-09-02_1224IST,airline_direct,IndiGo
MAA,DEL,6E,IndiGo,inf,2026-10-17,45,economy,,,10535.0,False,07:10,ok,2026-09-02T12:24:05.053827+05:30,2026-09-02_1224IST,airline_direct,IndiGo
MAA,DEL,6E,IndiGo,inf,2026-10-17,45,business,,,29704.0,False,14:35,ok,2026-09-02T12:24:05.053827+05:30,2026-09-02_1224IST,airline_direct,IndiGo
MAA,DEL,6E,IndiGo,inf,2026-10-17,45,economy,,,10614.0,False,14:35,ok,2026-09-02T12:24:05.053827+05:30,2026-09-02_1224IST,airline_direct,IndiGo
MAA,DEL,6E,IndiGo,inf,2026-10-17,45,business,,,29704.0,False,16:15,ok,2026-09-02T12:24:05.053827+05:30,2026-09-02_1224IST,airline_direct,IndiGo
MAA,DEL,6E,IndiGo,inf,2026-10-17,45,economy,,,10614.0,False,16:15,ok,2026-09-02T12:24:05.053827+05:30,2026-09-02_1224IST,airline_direct,IndiGo
MAA,DEL,6E,IndiGo,inf,2026-10-17,45,business,,,29704.0,False,17:45,ok,2026-09-02T12:24:05.053827+05:30,2026-09-02_1224IST,airline_direct,IndiGo
MAA,DEL,6E,IndiGo,inf,2026-10-17,45,economy,,,10614.0,False,17:45,ok,2026-09-02T12:24:05.053827+05:30,2026-09-02_1224IST,airline_direct,IndiGo
MAA,DEL,6E,IndiGo,6e+189,2026-10-17,45,business,,,30048.0,False,19:05,ok,2026-09-02T12:24:05.053827+05:30,2026-09-02_1224IST,airline_direct,IndiGo
MAA,DEL,6E,IndiGo,6e+189,2026-10-17,45,economy,,,10614.0,False,19:05,ok,2026-09-02T12:24:05.053827+05:30,2026-09-02_1224IST,airline_direct,IndiGo
MAA,DEL,6E,IndiGo,inf,2026-10-17,45,business,,,29704.0,False,07:05,ok,2026-09-02T12:24:05.053827+05:30,2026-09-02_1224IST,airline_direct,IndiGo
MAA,DEL,6E,IndiGo,inf,2026-10-17,45,economy,,,12356.0,False,07:05,ok,2026-09-02T12:24:05.053827+05:30,2026-09-02_1224IST,airline_direct,IndiGo
MAA,DEL,6E,IndiGo,inf,2026-10-17,45,business,,,29704.0,False,08:55,ok,2026-09-02T12:24:05.053827+05:30,2026-09-02_1224IST,airline_direct,IndiGo
MAA,DEL,6E,IndiGo,inf,2026-10-17,45,economy,,,12356.0,False,08:55,ok,2026-09-02T12:24:05.053827+05:30,2026-09-02_1224IST,airline_direct,IndiGo
MAA,DEL,6E,IndiGo,6.000000000000001e+244,2026-10-17,45,economy,,,12441.0,False,03:55,ok,2026-09-02T12:24:05.053827+05:30,2026-09-02_1224IST,airline_direct,IndiGo
MAA,DEL,6E,IndiGo,inf,2026-10-17,45,economy,,,12441.0,False,10:15,ok,2026-09-02T12:24:05.053827+05:30,2026-09-02_1224IST,airline_direct,IndiGo
MAA,DEL,6E,IndiGo,inf,2026-10-17,45,economy,,,12651.0,False,17:50,ok,2026-09-02T12:24:05.053827+05:30,2026-09-02_1224IST,airline_direct,IndiGo
MAA,DEL,6E,IndiGo,inf,2026-10-17,45,economy,,,13356.0,False,06:15,ok,2026-09-02T12:24:05.053827+05:30,2026-09-02_1224IST,airline_direct,IndiGo
MAA,DEL,6E,IndiGo,inf,2026-10-17,45,economy,,,13644.0,False,17:45,ok,2026-09-02T12:24:05.053827+05:30,2026-09-02_1224IST,airline_direct,IndiGo
MAA,DEL,6E,IndiGo,inf,2026-10-17,45,business,,,29704.0,False,10:55,ok,2026-09-02T12:24:05.053827+05:30,2026-09-02_1224IST,airline_direct,IndiGo
MAA,DEL,6E,IndiGo,inf,2026-10-17,45,economy,,,14363.0,False,10:55,ok,2026-09-02T12:24:05.053827+05:30,2026-09-02_1224IST,airline_direct,IndiGo
MAA,DEL,6E,IndiGo,inf,2026-10-17,45,business,,,29704.0,False,10:55,ok,2026-09-02T12:24:05.053827+05:30,2026-09-02_1224IST,airline_direct,IndiGo
MAA,DEL,6E,IndiGo,inf,2026-10-17,45,economy,,,14363.0,False,10:55,ok,2026-09-02T12:24:05.053827+05:30,2026-09-02_1224IST,airline_direct,IndiGo
MAA,DEL,6E,IndiGo,inf,2026-10-17,45,business,,,29704.0,False,14:35,ok,2026-09-02T12:24:05.053827+05:30,2026-09-02_1224IST,airline_direct,IndiGo
MAA,DEL,6E,IndiGo,inf,2026-10-17,45,economy,,,14363.0,False,14:35,ok,2026-09-02T12:24:05.053827+05:30,2026-09-02_1224IST,airline_direct,IndiGo
MAA,DEL,6E,IndiGo,inf,2026-10-17,45,business,,,28415.0,False,01:10,ok,2026-09-02T12:24:05.053827+05:30,2026-09-02_1224IST,airline_direct,IndiGo
MAA,DEL,6E,IndiGo,inf,2026-10-17,45,economy,,,14373.0,False,01:10,ok,2026-09-02T12:24:05.053827+05:30,2026-09-02_1224IST,airline_direct,IndiGo
MAA,DEL,6E,IndiGo,inf,2026-10-17,45,economy,,,14583.0,False,17:00,ok,2026-09-02T12:24:05.053827+05:30,2026-09-02_1224IST,airline_direct,IndiGo
MAA,DEL,6E,IndiGo,inf,2026-10-17,45,business,,,29704.0,False,07:05,ok,2026-09-02T12:24:05.053827+05:30,2026-09-02_1224IST,airline_direct,IndiGo
MAA,DEL,6E,IndiGo,inf,2026-10-17,45,economy,,,15479.0,False,07:05,ok,2026-09-02T12:24:05.053827+05:30,2026-09-02_1224IST,airline_direct,IndiGo
MAA,DEL,6E,IndiGo,inf,2026-10-17,45,business,,,41319.0,False,11:55,ok,2026-09-02T12:24:05.053827+05:30,2026-09-02_1224IST,airline_direct,IndiGo
MAA,DEL,6E,IndiGo,inf,2026-10-17,45,economy,,,16536.0,False,11:55,ok,2026-09-02T12:24:05.053827+05:30,2026-09-02_1224IST,airline_direct,IndiGo
MAA,DEL,6E,IndiGo,inf,2026-10-17,45,economy,,,16898.0,False,08:10,ok,2026-09-02T12:24:05.053827+05:30,2026-09-02_1224IST,airline_direct,IndiGo
MAA,DEL,6E,IndiGo,inf,2026-10-17,45,business,,,40847.0,False,17:40,ok,2026-09-02T12:24:05.053827+05:30,2026-09-02_1224IST,airline_direct,IndiGo
MAA,DEL,6E,IndiGo,inf,2026-10-17,45,economy,,,17691.0,False,17:40,ok,2026-09-02T12:24:05.053827+05:30,2026-09-02_1224IST,airline_direct,IndiGo
MAA,DEL,6E,IndiGo,inf,2026-10-17,45,economy,,,19937.0,False,11:25,ok,2026-09-02T12:24:05.053827+05:30,2026-09-02_1224IST,airline_direct,IndiGo
MAA,DEL,6E,IndiGo,6e+264,2026-10-17,45,business,,,37058.0,False,23:20,ok,2026-09-02T12:24:05.053827+05:30,2026-09-02_1224IST,airline_direct,IndiGo
MAA,DEL,6E,IndiGo,6e+264,2026-10-17,45,economy,,,28782.0,False,23:20,ok,2026-09-02T12:24:05.053827+05:30,2026-09-02_1224IST,airline_direct,IndiGo
MAA,DEL,6E,IndiGo,inf,2026-10-17,45,business,,,39890.0,False,08:20,ok,2026-09-02T12:24:05.053827+05:30,2026-09-02_1224IST,airline_direct,IndiGo
MAA,DEL,6E,IndiGo,inf,2026-10-17,45,economy,,,31302.0,False,08:20,ok,2026-09-02T12:24:05.053827+05:30,2026-09-02_1224IST,airline_direct,IndiGo
