origin,destination,carrier_code,carrier_name,flight_num,travel_date,advance_purchase_days,fare_class,base_fare,taxes_and_fees,total_fare,fare_split_estimated,departure_time,status,scraped_at,capture_run,source,source_name
DEL,BOM,6E,IndiGo,6E 449,2026-09-11,7,business,,,24260.0,False,05:00,ok,2026-09-04T11:58:18.165358+05:30,2026-09-04_1158IST,airline_direct,IndiGo
DEL,BOM,6E,IndiGo,6E 449,2026-09-11,7,economy,,,6305.0,False,05:00,ok,2026-09-04T11:58:18.165358+05:30,2026-09-04_1158IST,airline_direct,IndiGo
DEL,BOM,6E,IndiGo,6E 6218,2026-09-11,7,business,,,24260.0,False,06:05,ok,2026-09-04T11:58:18.165358+05:30,2026-09-04_1158IST,airline_direct,IndiGo
DEL,BOM,6E,IndiGo,6E 6218,2026-09-11,7,economy,,,6305.0,False,06:05,ok,2026-09-04T11:58:18.165358+05:30,2026-09-04_1158IST,airline_direct,IndiGo
DEL,BOM,6E,IndiGo,6E 6814,2026-09-11,7,business,,,24260.0,False,07:15,ok,2026-09-04T11:58:18.165358+05:30,2026-09-04_1158IST,airline_direct,IndiGo
DEL,BOM,6E,IndiGo,6E 6814,2026-09-11,7,economy,,,6305.0,False,07:15,ok,2026-09-04T11:58:18.165358+05:30,2026-09-04_1158IST,airline_direct,IndiGo
DEL,BOM,6E,IndiGo,6E 320,2026-09-11,7,business,,,24260.0,False,08:00,ok,2026-09-04T11:58:18.165358+05:30,2026-09-04_1158IST,airline_direct,IndiGo
DEL,BOM,6E,IndiGo,6E 320,2026-09-11,7,economy,,,6305.0,False,08:00,ok,2026-09-04T11:58:18.165358+05:30,2026-09-04_1158IST,airline_direct,IndiGo
DEL,BOM,6E,IndiGo,6E 675,2026-09-11,7,business,,,24260.0,False,08:45,ok,2026-09-04T11:58:18.165358+05:30,2026-09-04_1158IST,airline_direct,IndiGo
DEL,BOM,6E,IndiGo,6E 675,2026-09-11,7,economy,,,6305.0,False,08:45,ok,2026-09-04T11:58:18.165358+05:30,2026-09-04_1158IST,airline_direct,IndiGo
DEL,BOM,6E,IndiGo,6E 6107,2026-09-11,7,business,,,24260.0,False,09:30,ok,2026-09-04T11:58:18.165358+05:30,2026-09-04_1158IST,airline_direct,IndiGo
DEL,BOM,6E,IndiGo,6E 6107,2026-09-11,7,economy,,,6305.0,False,09:30,ok,2026-09-04T11:58:18.165358+05:30,2026-09-04_1158IST,airline_direct,IndiGo
DEL,BOM,6E,IndiGo,6E 6328,2026-09-11,7,business,,,24260.0,False,10:15,ok,2026-09-04T11:58:18.165358+05:30,2026-09-04_1158IST,airline_direct,IndiGo
DEL,BOM,6E,IndiGo,6E 6328,2026-09-11,7,economy,,,6305.0,False,10:15,ok,2026-09-04T11:58:18.165358+05:30,2026-09-04_1158IST,airline_direct,IndiGo
DEL,BOM,6E,IndiGo,6E 6047,2026-09-11,7,business,,,24260.0,False,11:00,ok,2026-09-04T11:58:18.165358+05:30,2026-09-04_1158IST,airline_direct,IndiGo
DEL,BOM,6E,IndiGo,6E 6047,2026-09-11,7,economy,,,6305.0,False,11:00,ok,2026-09-04T11:58:18.165358+05:30,2026-09-04_1158IST,airline_direct,IndiGo
DEL,BOM,6E,IndiGo,6E 6676,2026-09-11,7,business,,,24260.0,False,12:00,ok,2026-09-04T11:58:18.165358+05:30,2026-09-04_1158IST,airline_direct,IndiGo
DEL,BOM,6E,IndiGo,6E 6676,2026-09-11,7,economy,,,6305.0,False,12:00,ok,2026-09-04T11:58:18.165358+05:30,2026-09-04_1158IST,airline_direct,IndiGo
DEL,BOM,6E,IndiGo,6E 324,2026-09-11,7,business,,,24260.0,False,13:00,ok,2026-09-04T11:58:18.165358+05:30,2026-09-04_1158IST,airline_direct,IndiGo
DEL,BOM,6E,IndiGo,6E 324,2026-09-11,7,economy,,,6305.0,False,13:00,ok,2026-09-04T11:58:18.165358+05:30,2026-09-04_1158IST,airline_direct,IndiGo
DEL,BOM,6E,IndiGo,6E 6022,2026-09-11,7,business,,,24260.0,False,14:00,ok,2026-09-04T11:58:18.165358+05:30,2026-09-04_1158IST,airline_direct,IndiGo
DEL,BOM,6E,IndiGo,6E 6022,2026-09-11,7,economy,,,6305.0,False,14:00,ok,2026-09-04T11:58:18.165358+05:30,2026-09-04_1158IST,airline_direct,IndiGo
DEL,BOM,6E,IndiGo,6E 6318,2026-09-11,7,business,,,24260.0,False,14:45,ok,2026-09-04T11:58:18.165358+05:30,2026-09-04_1158IST,airline_direct,IndiGo
DEL,BOM,6E,IndiGo,6E 6318,2026-09-11,7,economy,,,6305.0,False,14:45,ok,2026-09-04T11:58:18.165358+05:30,2026-09-04_1158IST,airline_direct,IndiGo
DEL,BOM,6E,IndiGo,6E 864,2026-09-11,7,business,,,24260.0,False,15:30,ok,2026-09-04T11:58:18.165358+05:30,2026-09-04_1158IST,airline_direct,IndiGo
DEL,BOM,6E,IndiGo,6E 864,2026-09-11,7,economy,,,6305.0,False,15:30,ok,2026-09-04T11:58:18.165358+05:30,2026-09-04_1158IST,airline_direct,IndiGo
DEL,BOM,6E,IndiGo,6E 327,2026-09-11,7,business,,,24260.0,False,16:15,ok,2026-09-04T11:58:18.165358+05:30,2026-09-04_1158IST,airline_direct,IndiGo
DEL,BOM,6E,IndiGo,6E 327,2026-09-11,7,economy,,,6305.0,False,16:15,ok,2026-09-04T11:58:18.165358+05:30,2026-09-04_1158IST,airline_direct,IndiGo
DEL,BOM,6E,IndiGo,6E 322,2026-09-11,7,business,,,24260.0,False,23:30,ok,2026-09-04T11:58:18.165358+05:30,2026-09-04_1158IST,airline_direct,IndiGo
DEL,BOM,6E,IndiGo,6E 322,2026-09-11,7,economy,,,6305.0,False,23:30,ok,2026-09-04T11:58:18.165358+05:30,2026-09-04_1158IST,airline_direct,IndiGo
DEL,BOM,6E,IndiGo,6E 6114,2026-09-11,7,business,,,24260.0,False,22:45,ok,2026-09-04T11:58:18.165358+05:30,2026-09-04_1158IST,airline_direct,IndiGo
DEL,BOM,6E,IndiGo,6E 6114,2026-09-11,7,economy,,,6357.0,False,22:45,ok,2026-09-04T11:58:18.165358+05:30,2026-09-04_1158IST,airline_direct,IndiGo
DEL,BOM,6E,IndiGo,6E 6706,2026-09-11,7,business,,,33500.0,False,17:00,ok,2026-09-04T11:58:18.165358+05:30,2026-09-04_1158IST,airline_direct,IndiGo
DEL,BOM,6E,IndiGo,6E 6706,2026-09-11,7,economy,,,6688.0,False,17:00,ok,2026-09-04T11:58:18.165358+05:30,2026-09-04_1158IST,airline_direct,IndiGo
DEL,BOM,6E,IndiGo,6E 329,2026-09-11,7,business,,,33500.0,False,18:00,ok,2026-09-04T11:58:18.165358+05:30,2026-09-04_1158IST,airline_direct,IndiGo
DEL,BOM,6E,IndiGo,6E 329,2026-09-11,7,economy,,,7685.0,False,18:00,ok,2026-09-04T11:58:18.165358+05:30,2026-09-04_1158IST,airline_direct,IndiGo
DEL,BOM,6E,IndiGo,6E 395,2026-09-11,7,business,,,24260.0,False,21:45,ok,2026-09-04T11:58:18.165358+05:30,2026-09-04_1158IST,airline_direct,IndiGo
DEL,BOM,6E,IndiGo,6E 395,2026-09-11,7,economy,,,7685.0,False,21:45,ok,2026-09-04T11:58:18.165358+05:30,2026-09-04_1158IST,airline_direct,IndiGo
DEL,BOM,6E,IndiGo,6E 354,2026-09-11,7,business,,,28443.0,False,19:00,ok,2026-09-04T11:58:18.165358+05:30,2026-09-04_1158IST,airline_direct,IndiGo
DEL,BOM,6E,IndiGo,6E 354,2026-09-11,7,economy,,,9260.0,False,19:00,ok,2026-09-04T11:58:18.165358+05:30,2026-09-04_1158IST,airline_direct,IndiGo
DEL,BOM,6E,IndiGo,6E 303,2026-09-11,7,business,,,28443.0,False,20:00,ok,2026-09-04T11:58:18.165358+05:30,2026-09-04_1158IST,airline_direct,IndiGo
DEL,BOM,6E,IndiGo,6E 303,2026-09-11,7,economy,,,9260.0,False,20:00,ok,2026-09-04T11:58:18.165358+05:30,2026-09-04_1158IST,airline_direct,IndiGo
DEL,BOM,6E,IndiGo,6E 853,2026-09-11,7,business,,,24260.0,False,20:45,ok,2026-09-04T11:58:18.165358+05:30,2026-09-04_1158IST,airline_direct,IndiGo
DEL,BOM,6E,IndiGo,6E 853,2026-09-11,7,economy,,,9260.0,False,20:45,ok,2026-09-04T11:58:18.165358+05:30,2026-09-04_1158IST,airline_direct,IndiGo
DEL,BOM,6E,IndiGo,6E 6261,2026-09-11,7,economy,,,6090.0,False,00:15,ok,2026-09-04T11:58:18.165358+05:30,2026-09-04_1158IST,airline_direct,IndiGo
DEL,BOM,6E,IndiGo,6E 5119,2026-09-11,7,economy,,,6090.0,False,05:10,ok,2026-09-04T11:58:18.165358+05:30,2026-09-04_1158IST,airline_direct,IndiGo
DEL,BOM,6E,IndiGo,6E 5119,2026-09-11,7,economy,,,6090.0,False,05:10,ok,2026-09-04T11:58:18.165358+05:30,2026-09-04_1158IST,airline_direct,IndiGo
DEL,BOM,6E,IndiGo,6E 2076,2026-09-11,7,economy,,,6090.0,False,07:30,ok,2026-09-04T11:58:18.165358+05:30,2026-09-04_1158IST,airline_direct,IndiGo
DEL,BOM,6E,IndiGo,6E 2298,2026-09-11,7,economy,,,6090.0,False,09:45,ok,2026-09-04T11:58:18.165358+05:30,2026-09-04_1158IST,airline_direct,IndiGo
DEL,BOM,6E,IndiGo,6E 2331,2026-09-11,7,economy,,,6090.0,False,12:20,ok,2026-09-04T11:58:18.165358+05:30,2026-09-04_1158IST,airline_direct,IndiGo
DEL,BOM,6E,IndiGo,6E 2013,2026-09-11,7,economy,,,6090.0,False,21:50,ok,2026-09-04T11:58:18.165358+05:30,2026-09-04_1158IST,airline_direct,IndiGo
DEL,BOM,6E,IndiGo,6E 6569,2026-09-11,7,economy,,,6222.0,False,05:00,ok,2026-09-04T11:58:18.165358+05:30,2026-09-04_1158IST,airline_direct,IndiGo
DEL,BOM,6E,IndiGo,6E 6459,2026-09-11,7,economy,,,6222.0,False,05:55,ok,2026-09-04T11:58:18.165358+05:30,2026-09-04_1158IST,airline_direct,IndiGo
DEL,BOM,6E,IndiGo,6E 6443,2026-09-11,7,economy,,,6222.0,False,09:00,ok,2026-09-04T11:58:18.165358+05:30,2026-09-04_1158IST,airline_direct,IndiGo
DEL,BOM,6E,IndiGo,6E 6829,2026-09-11,7,economy,,,6222.0,False,17:20,ok,2026-09-04T11:58:18.165358+05:30,2026-09-04_1158IST,airline_direct,IndiGo
DEL,BOM,6E,IndiGo,6E 6476,2026-09-11,7,economy,,,6300.0,False,07:05,ok,2026-09-04T11:58:18.165358+05:30,2026-09-04_1158IST,airline_direct,IndiGo
DEL,BOM,6E,IndiGo,6E 5298,2026-09-11,7,economy,,,6300.0,False,09:00,ok,2026-09-04T11:58:18.165358+05:30,2026-09-04_1158IST,airline_direct,IndiGo
DEL,BOM,6E,IndiGo,6E 5206,2026-09-11,7,economy,,,6300.0,False,13:20,ok,2026-09-04T11:58:18.165358+05:30,2026-09-04_1158IST,airline_direct,IndiGo
DEL,BOM,6E,IndiGo,6E 5038,2026-09-11,7,economy,,,6300.0,False,14:00,ok,2026-09-04T11:58:18.165358+05:30,2026-09-04_1158IST,airline_direct,IndiGo
DEL,BOM,6E,IndiGo,6E 2151,2026-09-11,7,economy,,,6300.0,False,19:45,ok,2026-09-04T11:58:18.165358+05:30,2026-09-04_1158IST,airline_direct,IndiGo
DEL,BOM,6E,IndiGo,6E 6479,2026-09-11,7,economy,,,6300.0,False,21:25,ok,2026-09-04T11:58:18.165358+05:30,2026-09-04_1158IST,airline_direct,IndiGo
DEL,BOM,6E,IndiGo,6E 705,2026-09-11,7,business,,,36166.0,False,08:30,ok,2026-09-04T11:58:18.165358+05:30,2026-09-04_1158IST,airline_direct,IndiGo
DEL,BOM,6E,IndiGo,6E 705,2026-09-11,7,economy,,,6432.0,False,08:30,ok,2026-09-04T11:58:18.165358+05:30,2026-09-04_1158IST,airline_direct,IndiGo
DEL,BOM,6E,IndiGo,6E 6293,2026-09-11,7,business,,,36166.0,False,09:55,ok,2026-09-04T11:58:18.165358+05:30,2026-09-04_1158IST,airline_direct,IndiGo
DEL,BOM,6E,IndiGo,6E 6293,2026-09-11,7,economy,,,6432.0,False,09:55,ok,2026-09-04T11:58:18.165358+05:30,2026-09-04_1158IST,airline_direct,IndiGo
DEL,BOM,6E,IndiGo,6E 6497,2026-09-11,7,economy,,,6432.0,False,18:40,ok,2026-09-04T11:58:18.165358+05:30,2026-09-04_1158IST,airline_direct,IndiGo
DEL,BOM,6E,IndiGo,6E 882,2026-09-11,7,business,,,29592.0,False,23:15,ok,2026-09-04T11:58:18.165358+05:30,2026-09-04_1158IST,airline_direct,IndiGo
DEL,BOM,6E,IndiGo,6E 882,2026-09-11,7,economy,,,6432.0,False,23:15,ok,2026-09-04T11:58:18.165358+05:30,2026-09-04_1158IST,airline_direct,IndiGo
DEL,BOM,6E,IndiGo,6E 358,2026-09-11,7,economy,,,6510.0,False,12:15,ok,2026-09-04T11:58:18.165358+05:30,2026-09-04_1158IST,airline_direct,IndiGo
DEL,BOM,6E,IndiGo,6E 2249,2026-09-11,7,economy,,,6693.0,False,15:00,ok,2026-09-04T11:58:18.165358+05:30,2026-09-04_1158IST,airline_direct,IndiGo
DEL,BOM,6E,IndiGo,6E 2169,2026-09-11,7,economy,,,6693.0,False,19:40,ok,2026-09-04T11:58:18.165358+05:30,2026-09-04_1158IST,airline_direct,IndiGo
DEL,BOM,6E,IndiGo,6E 2496,2026-09-11,7,economy,,,6747.0,False,12:40,ok,2026-09-04T11:58:18.165358+05:30,2026-09-04_1158IST,airline_direct,IndiGo
DEL,BOM,6E,IndiGo,6E 6171,2026-09-11,7,economy,,,7080.0,False,05:40,ok,2026-09-04T11:58:18.165358+05:30,2026-09-04_1158IST,airline_direct,IndiGo
DEL,BOM,6E,IndiGo,6E 6050,2026-09-11,7,economy,,,7290.0,False,08:15,ok,2026-09-04T11:58:18.165358+05:30,2026-09-04_1158IST,airline_direct,IndiGo
DEL,BOM,6E,IndiGo,6E 357,2026-09-11,7,economy,,,8696.0,False,19:30,ok,2026-09-04T11:58:18.165358+05:30,2026-09-04_1158IST,airline_direct,IndiGo
DEL,BOM,6E,IndiGo,6E 6983,2026-09-11,7,economy,,,8964.0,False,15:35,ok,2026-09-04T11:58:18.165358+05:30,2026-09-04_1158IST,airline_direct,IndiGo
DEL,BOM,6E,IndiGo,6E 6282,2026-09-11,7,business,,,36166.0,False,13:30,ok,2026-09-04T11:58:18.165358+05:30,2026-09-04_1158IST,airline_direct,IndiGo
DEL,BOM,6E,IndiGo,6E 6282,2026-09-11,7,economy,,,9305.0,False,13:30,ok,2026-09-04T11:58:18.165358+05:30,2026-09-04_1158IST,airline_direct,IndiGo
DEL,BOM,6E,IndiGo,6E 2349,2026-09-11,7,economy,,,9314.0,False,10:55,ok,2026-09-04T11:58:18.165358+05:30,2026-09-04_1158IST,airline_direct,IndiGo
DEL,BOM,6E,IndiGo,6E 931,2026-09-11,7,economy,,,10380.0,False,19:35,ok,2026-09-04T11:58:18.165358+05:30,2026-09-04_1158IST,airline_direct,IndiGo
DEL,BOM,6E,IndiGo,6E 5138,2026-09-11,7,economy,,,10743.0,False,19:10,ok,2026-09-04T11:58:18.165358+05:30,2026-09-04_1158IST,airline_direct,IndiGo
DEL,BOM,6E,IndiGo,6E 5073,2026-09-11,7,economy,,,11083.0,False,17:05,ok,2026-09-04T11:58:18.165358+05:30,2026-09-04_1158IST,airline_direct,IndiGo
DEL,BOM,6E,IndiGo,6E 6433,2026-09-11,7,economy,,,11600.0,False,16:30,ok,2026-09-04T11:58:18.165358+05:30,2026-09-04_1158IST,airline_direct,IndiGo
DEL,BOM,6E,IndiGo,6E 5033,2026-09-11,7,economy,,,12639.0,False,15:50,ok,2026-09-04T11:58:18.165358+05:30,2026-09-04_1158IST,airline_direct,IndiGo
DEL,BOM,6E,IndiGo,6E 2341,2026-09-11,7,economy,,,13579.0,False,14:50,ok,2026-09-04T11:58:18.165358+05:30,2026-09-04_1158IST,airline_direct,IndiGo
DEL,BOM,6E,IndiGo,6E 6488,2026-09-11,7,economy,,,13710.0,False,11:20,ok,2026-09-04T11:58:18.165358+05:30,2026-09-04_1158IST,airline_direct,IndiGo
DEL,BOM,6E,IndiGo,6E 6282,2026-09-11,7,business,,,40956.0,False,13:30,ok,2026-09-04T11:58:18.165358+05:30,2026-09-04_1158IST,airline_direct,IndiGo
DEL,BOM,6E,IndiGo,6E 6282,2026-09-11,7,economy,,,13920.0,False,13:30,ok,2026-09-04T11:58:18.165358+05:30,2026-09-04_1158IST,airline_direct,IndiGo
DEL,BOM,6E,IndiGo,6E 6212,2026-09-11,7,business,,,40956.0,False,14:45,ok,2026-09-04T11:58:18.165358+05:30,2026-09-04_1158IST,airline_direct,IndiGo
DEL,BOM,6E,IndiGo,6E 6212,2026-09-11,7,economy,,,13920.0,False,14:45,ok,2026-09-04T11:58:18.165358+05:30,2026-09-04_1158IST,airline_direct,IndiGo
DEL,BOM,6E,IndiGo,6E 5073,2026-09-11,7,economy,,,14128.0,False,17:05,ok,2026-09-04T11:58:18.165358+05:30,2026-09-04_1158IST,airline_direct,IndiGo
DEL,BOM,6E,IndiGo,6E 6829,2026-09-11,7,economy,,,14608.0,False,17:20,ok,2026-09-04T11:58:18.165358+05:30,2026-09-04_1158IST,airline_direct,IndiGo
DEL,BOM,6E,IndiGo,6E 5014,2026-09-11,7,economy,,,18341.0,False,18:30,ok,2026-09-04T11:58:18.165358+05:30,2026-09-04_1158IST,airline_direct,IndiGo
DEL,BOM,6E,IndiGo,6E 6601,2026-09-11,7,business,,,36166.0,False,19:45,ok,2026-09-04T11:58:18.165358+05:30,2026-09-04_1158IST,airline_direct,IndiGo
DEL,BOM,6E,IndiGo,6E 6601,2026-09-11,7,economy,,,19495.0,False,19:45,ok,2026-09-04T11:58:18.165358+05:30,2026-09-04_1158IST,airline_direct,IndiGo
DEL,BLR,6E,IndiGo,6E 820,2026-09-11,7,business,,,29942.0,False,03:00,ok,2026-09-04T11:59:26.142002+05:30,2026-09-04_1159IST,airline_direct,IndiGo
DEL,BLR,6E,IndiGo,6E 820,2026-09-11,7,economy,,,8671.0,False,03:00,ok,2026-09-04T11:59:26.142002+05:30,2026-09-04_1159IST,airline_direct,IndiGo
DEL,BLR,6E,IndiGo,6E 2314,2026-09-11,7,business,,,29942.0,False,05:45,ok,2026-09-04T11:59:26.142002+05:30,2026-09-04_1159IST,airline_direct,IndiGo
DEL,BLR,6E,IndiGo,6E 2314,2026-09-11,7,economy,,,8671.0,False,05:45,ok,2026-09-04T11:59:26.142002+05:30,2026-09-04_1159IST,airline_direct,IndiGo
DEL,BLR,6E,IndiGo,6E 846,2026-09-11,7,business,,,29942.0,False,22:00,ok,2026-09-04T11:59:26.142002+05:30,2026-09-04_1159IST,airline_direct,IndiGo
DEL,BLR,6E,IndiGo,6E 846,2026-09-11,7,economy,,,8671.0,False,22:00,ok,2026-09-04T11:59:26.142002+05:30,2026-09-04_1159IST,airline_direct,IndiGo
DEL,BLR,6E,IndiGo,6E 871,2026-09-11,7,business,,,29942.0,False,23:30,ok,2026-09-04T11:59:26.142002+05:30,2026-09-04_1159IST,airline_direct,IndiGo
DEL,BLR,6E,IndiGo,6E 871,2026-09-11,7,economy,,,8671.0,False,23:30,ok,2026-09-04T11:59:26.142002+05:30,2026-09-04_1159IST,airline_direct,IndiGo
DEL,BLR,6E,IndiGo,6E 810,2026-09-11,7,business,,,29942.0,False,07:05,ok,2026-09-04T11:59:26.142002+05:30,2026-09-04_1159IST,airline_direct,IndiGo
DEL,BLR,6E,IndiGo,6E 810,2026-09-11,7,economy,,,9128.0,False,07:05,ok,2026-09-04T11:59:26.142002+05:30,2026-09-04_1159IST,airline_direct,IndiGo
DEL,BLR,6E,IndiGo,6E 176,2026-09-11,7,business,,,29942.0,False,13:15,ok,2026-09-04T11:59:26.142002+05:30,2026-09-04_1159IST,airline_direct,IndiGo
DEL,BLR,6E,IndiGo,6E 176,2026-09-11,7,economy,,,9128.0,False,13:15,ok,2026-09-04T11:59:26.142002+05:30,2026-09-04_1159IST,airline_direct,IndiGo
DEL,BLR,6E,IndiGo,6E 828,2026-09-11,7,business,,,29942.0,False,14:30,ok,2026-09-04T11:59:26.142002+05:30,2026-09-04_1159IST,airline_direct,IndiGo
DEL,BLR,6E,IndiGo,6E 828,2026-09-11,7,economy,,,9128.0,False,14:30,ok,2026-09-04T11:59:26.142002+05:30,2026-09-04_1159IST,airline_direct,IndiGo
DEL,BLR,6E,IndiGo,6E 880,2026-09-11,7,business,,,29942.0,False,15:45,ok,2026-09-04T11:59:26.142002+05:30,2026-09-04_1159IST,airline_direct,IndiGo
DEL,BLR,6E,IndiGo,6E 880,2026-09-11,7,economy,,,9128.0,False,15:45,ok,2026-09-04T11:59:26.142002+05:30,2026-09-04_1159IST,airline_direct,IndiGo
DEL,BLR,6E,IndiGo,6E 873,2026-09-11,7,business,,,29942.0,False,08:20,ok,2026-09-04T11:59:26.142002+05:30,2026-09-04_1159IST,airline_direct,IndiGo
DEL,BLR,6E,IndiGo,6E 873,2026-09-11,7,economy,,,9613.0,False,08:20,ok,2026-09-04T11:59:26.142002+05:30,2026-09-04_1159IST,airline_direct,IndiGo
DEL,BLR,6E,IndiGo,6E 826,2026-09-11,7,business,,,29942.0,False,09:30,ok,2026-09-04T11:59:26.142002+05:30,2026-09-04_1159IST,airline_direct,IndiGo
DEL,BLR,6E,IndiGo,6E 826,2026-09-11,7,economy,,,9613.0,False,09:30,ok,2026-09-04T11:59:26.142002+05:30,2026-09-04_1159IST,airline_direct,IndiGo
DEL,BLR,6E,IndiGo,6E 842,2026-09-11,7,business,,,29942.0,False,10:45,ok,2026-09-04T11:59:26.142002+05:30,2026-09-04_1159IST,airline_direct,IndiGo
DEL,BLR,6E,IndiGo,6E 842,2026-09-11,7,economy,,,9613.0,False,10:45,ok,2026-09-04T11:59:26.142002+05:30,2026-09-04_1159IST,airline_direct,IndiGo
DEL,BLR,6E,IndiGo,6E 850,2026-09-11,7,business,,,29942.0,False,12:20,ok,2026-09-04T11:59:26.142002+05:30,2026-09-04_1159IST,airline_direct,IndiGo
DEL,BLR,6E,IndiGo,6E 850,2026-09-11,7,economy,,,9613.0,False,12:20,ok,2026-09-04T11:59:26.142002+05:30,2026-09-04_1159IST,airline_direct,IndiGo
DEL,BLR,6E,IndiGo,6E 811,2026-09-11,7,business,,,29942.0,False,18:20,ok,2026-09-04T11:59:26.142002+05:30,2026-09-04_1159IST,airline_direct,IndiGo
DEL,BLR,6E,IndiGo,6E 811,2026-09-11,7,economy,,,9613.0,False,18:20,ok,2026-09-04T11:59:26.142002+05:30,2026-09-04_1159IST,airline_direct,IndiGo
DEL,BLR,6E,IndiGo,6E 837,2026-09-11,7,business,,,29942.0,False,17:00,ok,2026-09-04T11:59:26.142002+05:30,2026-09-04_1159IST,airline_direct,IndiGo
DEL,BLR,6E,IndiGo,6E 837,2026-09-11,7,economy,,,10128.0,False,17:00,ok,2026-09-04T11:59:26.142002+05:30,2026-09-04_1159IST,airline_direct,IndiGo
DEL,BLR,6E,IndiGo,6E 6515,2026-09-11,7,business,,,29942.0,False,20:45,ok,2026-09-04T11:59:26.142002+05:30,2026-09-04_1159IST,airline_direct,IndiGo
DEL,BLR,6E,IndiGo,6E 6515,2026-09-11,7,economy,,,10128.0,False,20:45,ok,2026-09-04T11:59:26.142002+05:30,2026-09-04_1159IST,airline_direct,IndiGo
DEL,BLR,6E,IndiGo,6E 861,2026-09-11,7,business,,,29942.0,False,19:30,ok,2026-09-04T11:59:26.142002+05:30,2026-09-04_1159IST,airline_direct,IndiGo
DEL,BLR,6E,IndiGo,6E 861,2026-09-11,7,economy,,,10675.0,False,19:30,ok,2026-09-04T11:59:26.142002+05:30,2026-09-04_1159IST,airline_direct,IndiGo
DEL,BLR,6E,IndiGo,6E 2343,2026-09-11,7,business,,,27189.0,False,02:20,ok,2026-09-04T11:59:26.142002+05:30,2026-09-04_1159IST,airline_direct,IndiGo
DEL,BLR,6E,IndiGo,6E 2343,2026-09-11,7,economy,,,8491.0,False,02:20,ok,2026-09-04T11:59:26.142002+05:30,2026-09-04_1159IST,airline_direct,IndiGo
DEL,BLR,6E,IndiGo,6E 5119,2026-09-11,7,economy,,,8491.0,False,05:10,ok,2026-09-04T11:59:26.142002+05:30,2026-09-04_1159IST,airline_direct,IndiGo
DEL,BLR,6E,IndiGo,6E 6459,2026-09-11,7,economy,,,8491.0,False,05:55,ok,2026-09-04T11:59:26.142002+05:30,2026-09-04_1159IST,airline_direct,IndiGo
DEL,BLR,6E,IndiGo,6E 6470,2026-09-11,7,economy,,,8491.0,False,06:55,ok,2026-09-04T11:59:26.142002+05:30,2026-09-04_1159IST,airline_direct,IndiGo
DEL,BLR,6E,IndiGo,6E 320,2026-09-11,7,business,,,40536.0,False,08:00,ok,2026-09-04T11:59:26.142002+05:30,2026-09-04_1159IST,airline_direct,IndiGo
DEL,BLR,6E,IndiGo,6E 320,2026-09-11,7,economy,,,8491.0,False,08:00,ok,2026-09-04T11:59:26.142002+05:30,2026-09-04_1159IST,airline_direct,IndiGo
DEL,BLR,6E,IndiGo,6E 2618,2026-09-11,7,business,,,26999.0,False,23:00,ok,2026-09-04T11:59:26.142002+05:30,2026-09-04_1159IST,airline_direct,IndiGo
DEL,BLR,6E,IndiGo,6E 2618,2026-09-11,7,economy,,,8491.0,False,23:00,ok,2026-09-04T11:59:26.142002+05:30,2026-09-04_1159IST,airline_direct,IndiGo
DEL,BLR,6E,IndiGo,6E 6476,2026-09-11,7,economy,,,8570.0,False,07:05,ok,2026-09-04T11:59:26.142002+05:30,2026-09-04_1159IST,airline_direct,IndiGo
DEL,BLR,6E,IndiGo,6E 940,2026-09-11,7,economy,,,8570.0,False,09:15,ok,2026-09-04T11:59:26.142002+05:30,2026-09-04_1159IST,airline_direct,IndiGo
DEL,BLR,6E,IndiGo,6E 2319,2026-09-11,7,economy,,,8570.0,False,09:55,ok,2026-09-04T11:59:26.142002+05:30,2026-09-04_1159IST,airline_direct,IndiGo
DEL,BLR,6E,IndiGo,6E 434,2026-09-11,7,economy,,,8570.0,False,11:00,ok,2026-09-04T11:59:26.142002+05:30,2026-09-04_1159IST,airline_direct,IndiGo
DEL,BLR,6E,IndiGo,6E 6632,2026-09-11,7,economy,,,8570.0,False,17:50,ok,2026-09-04T11:59:26.142002+05:30,2026-09-04_1159IST,airline_direct,IndiGo
DEL,BLR,6E,IndiGo,6E 6497,2026-09-11,7,economy,,,8701.0,False,18:40,ok,2026-09-04T11:59:26.142002+05:30,2026-09-04_1159IST,airline_direct,IndiGo
DEL,BLR,6E,IndiGo,6E 5001,2026-09-11,7,economy,,,8727.0,False,17:10,ok,2026-09-04T11:59:26.142002+05:30,2026-09-04_1159IST,airline_direct,IndiGo
DEL,BLR,6E,IndiGo,6E 5191,2026-09-11,7,business,,,33700.0,False,05:00,ok,2026-09-04T11:59:26.142002+05:30,2026-09-04_1159IST,airline_direct,IndiGo
DEL,BLR,6E,IndiGo,6E 5191,2026-09-11,7,economy,,,8911.0,False,05:00,ok,2026-09-04T11:59:26.142002+05:30,2026-09-04_1159IST,airline_direct,IndiGo
DEL,BLR,6E,IndiGo,6E 358,2026-09-11,7,economy,,,9239.0,False,12:15,ok,2026-09-04T11:59:26.142002+05:30,2026-09-04_1159IST,airline_direct,IndiGo
DEL,BLR,6E,IndiGo,6E 769,2026-09-11,7,economy,,,9239.0,False,15:45,ok,2026-09-04T11:59:26.142002+05:30,2026-09-04_1159IST,airline_direct,IndiGo
DEL,BLR,6E,IndiGo,6E 2151,2026-09-11,7,economy,,,9239.0,False,19:45,ok,2026-09-04T11:59:26.142002+05:30,2026-09-04_1159IST,airline_direct,IndiGo
DEL,BLR,6E,IndiGo,6E 6293,2026-09-11,7,business,,,31793.0,False,09:55,ok,2026-09-04T11:59:26.142002+05:30,2026-09-04_1159IST,airline_direct,IndiGo
DEL,BLR,6E,IndiGo,6E 6293,2026-09-11,7,economy,,,9767.0,False,09:55,ok,2026-09-04T11:59:26.142002+05:30,2026-09-04_1159IST,airline_direct,IndiGo
DEL,BLR,6E,IndiGo,6E 6673,2026-09-11,7,economy,,,10707.0,False,21:15,ok,2026-09-04T11:59:26.142002+05:30,2026-09-04_1159IST,airline_direct,IndiGo
DEL,BLR,6E,IndiGo,6E 2364,2026-09-11,7,economy,,,11834.0,False,04:50,ok,2026-09-04T11:59:26.142002+05:30,2026-09-04_1159IST,airline_direct,IndiGo
DEL,BLR,6E,IndiGo,6E 2557,2026-09-11,7,economy,,,12241.0,False,15:20,ok,2026-09-04T11:59:26.142002+05:30,2026-09-04_1159IST,airline_direct,IndiGo
DEL,BLR,6E,IndiGo,6E 884,2026-09-11,7,business,,,33488.0,False,11:45,ok,2026-09-04T11:59:26.142002+05:30,2026-09-04_1159IST,airline_direct,IndiGo
DEL,BLR,6E,IndiGo,6E 884,2026-09-11,7,economy,,,12445.0,False,11:45,ok,2026-09-04T11:59:26.142002+05:30,2026-09-04_1159IST,airline_direct,IndiGo
DEL,BLR,6E,IndiGo,6E 2277,2026-09-11,7,economy,,,12655.0,False,10:25,ok,2026-09-04T11:59:26.142002+05:30,2026-09-04_1159IST,airline_direct,IndiGo
DEL,BLR,6E,IndiGo,6E 6091,2026-09-11,7,economy,,,12655.0,False,15:15,ok,2026-09-04T11:59:26.142002+05:30,2026-09-04_1159IST,airline_direct,IndiGo
DEL,BLR,6E,IndiGo,6E 2349,2026-09-11,7,economy,,,12740.0,False,10:55,ok,2026-09-04T11:59:26.142002+05:30,2026-09-04_1159IST,airline_direct,IndiGo
DEL,BLR,6E,IndiGo,6E 6433,2026-09-11,7,economy,,,13442.0,False,16:30,ok,2026-09-04T11:59:26.142002+05:30,2026-09-04_1159IST,airline_direct,IndiGo
DEL,BLR,6E,IndiGo,6E 6282,2026-09-11,7,economy,,,13520.0,False,13:30,ok,2026-09-04T11:59:26.142002+05:30,2026-09-04_1159IST,airline_direct,IndiGo
DEL,BLR,6E,IndiGo,6E 6829,2026-09-11,7,economy,,,13652.0,False,17:20,ok,2026-09-04T11:59:26.142002+05:30,2026-09-04_1159IST,airline_direct,IndiGo
DEL,BLR,6E,IndiGo,6E 5033,2026-09-11,7,economy,,,13889.0,False,15:50,ok,2026-09-04T11:59:26.142002+05:30,2026-09-04_1159IST,airline_direct,IndiGo
DEL,BLR,6E,IndiGo,6E 6212,2026-09-11,7,economy,,,14703.0,False,14:45,ok,2026-09-04T11:59:26.142002+05:30,2026-09-04_1159IST,airline_direct,IndiGo
DEL,BLR,6E,IndiGo,6E 5038,2026-09-11,7,economy,,,14778.0,False,14:00,ok,2026-09-04T11:59:26.142002+05:30,2026-09-04_1159IST,airline_direct,IndiGo
DEL,BLR,6E,IndiGo,6E 6022,2026-09-11,7,business,,,44106.0,False,14:00,ok,2026-09-04T11:59:26.142002+05:30,2026-09-04_1159IST,airline_direct,IndiGo
DEL,BLR,6E,IndiGo,6E 6022,2026-09-11,7,economy,,,14834.0,False,14:00,ok,2026-09-04T11:59:26.142002+05:30,2026-09-04_1159IST,airline_direct,IndiGo
DEL,BLR,6E,IndiGo,6E 864,2026-09-11,7,business,,,44106.0,False,15:30,ok,2026-09-04T11:59:26.142002+05:30,2026-09-04_1159IST,airline_direct,IndiGo
DEL,BLR,6E,IndiGo,6E 864,2026-09-11,7,economy,,,14834.0,False,15:30,ok,2026-09-04T11:59:26.142002+05:30,2026-09-04_1159IST,airline_direct,IndiGo
DEL,BLR,6E,IndiGo,6E 513,2026-09-11,7,business,,,34998.0,False,08:30,ok,2026-09-04T11:59:26.142002+05:30,2026-09-04_1159IST,airline_direct,IndiGo
DEL,BLR,6E,IndiGo,6E 513,2026-09-11,7,economy,,,15741.0,False,08:30,ok,2026-09-04T11:59:26.142002+05:30,2026-09-04_1159IST,airline_direct,IndiGo
DEL,BLR,6E,IndiGo,6E 6437,2026-09-11,7,business,,,32200.0,False,16:25,ok,2026-09-04T11:59:26.142002+05:30,2026-09-04_1159IST,airline_direct,IndiGo
DEL,BLR,6E,IndiGo,6E 6437,2026-09-11,7,economy,,,17080.0,False,16:25,ok,2026-09-04T11:59:26.142002+05:30,2026-09-04_1159IST,airline_direct,IndiGo
DEL,BLR,6E,IndiGo,6E 931,2026-09-11,7,economy,,,17097.0,False,19:35,ok,2026-09-04T11:59:26.142002+05:30,2026-09-04_1159IST,airline_direct,IndiGo
DEL,BLR,6E,IndiGo,6E 947,2026-09-11,7,economy,,,17642.0,False,16:40,ok,2026-09-04T11:59:26.142002+05:30,2026-09-04_1159IST,airline_direct,IndiGo
DEL,BLR,6E,IndiGo,6E 6047,2026-09-11,7,business,,,40536.0,False,11:00,ok,2026-09-04T11:59:26.142002+05:30,2026-09-04_1159IST,airline_direct,IndiGo
DEL,BLR,6E,IndiGo,6E 6047,2026-09-11,7,economy,,,18313.0,False,11:00,ok,2026-09-04T11:59:26.142002+05:30,2026-09-04_1159IST,airline_direct,IndiGo
DEL,BLR,6E,IndiGo,6E 6217,2026-09-11,7,economy,,,18490.0,False,16:15,ok,2026-09-04T11:59:26.142002+05:30,2026-09-04_1159IST,airline_direct,IndiGo
DEL,BLR,6E,IndiGo,6E 717,2026-09-11,7,economy,,,19247.0,False,17:55,ok,2026-09-04T11:59:26.142002+05:30,2026-09-04_1159IST,airline_direct,IndiGo
DEL,BLR,6E,IndiGo,6E 853,2026-09-11,7,business,,,40536.0,False,20:45,ok,2026-09-04T11:59:26.142002+05:30,2026-09-04_1159IST,airline_direct,IndiGo
DEL,BLR,6E,IndiGo,6E 853,2026-09-11,7,economy,,,19647.0,False,20:45,ok,2026-09-04T11:59:26.142002+05:30,2026-09-04_1159IST,airline_direct,IndiGo
DEL,BLR,6E,IndiGo,6E 950,2026-09-11,7,economy,,,22022.0,False,18:15,ok,2026-09-04T11:59:26.142002+05:30,2026-09-04_1159IST,airline_direct,IndiGo
DEL,BLR,6E,IndiGo,6E 5073,2026-09-11,7,economy,,,22790.0,False,17:05,ok,2026-09-04T11:59:26.142002+05:30,2026-09-04_1159IST,airline_direct,IndiGo
DEL,BLR,6E,IndiGo,6E 6706,2026-09-11,7,business,,,51481.0,False,17:00,ok,2026-09-04T11:59:26.142002+05:30,2026-09-04_1159IST,airline_direct,IndiGo
DEL,BLR,6E,IndiGo,6E 6706,2026-09-11,7,economy,,,26592.0,False,17:00,ok,2026-09-04T11:59:26.142002+05:30,2026-09-04_1159IST,airline_direct,IndiGo
DEL,BLR,6E,IndiGo,6E 329,2026-09-11,7,business,,,51481.0,False,18:00,ok,2026-09-04T11:59:26.142002+05:30,2026-09-04_1159IST,airline_direct,IndiGo
DEL,BLR,6E,IndiGo,6E 329,2026-09-11,7,economy,,,27589.0,False,18:00,ok,2026-09-04T11:59:26.142002+05:30,2026-09-04_1159IST,airline_direct,IndiGo
DEL,BLR,6E,IndiGo,6E 329,2026-09-11,7,business,,,47911.0,False,18:00,ok,2026-09-04T11:59:26.142002+05:30,2026-09-04_1159IST,airline_direct,IndiGo
DEL,BLR,6E,IndiGo,6E 329,2026-09-11,7,economy,,,27589.0,False,18:00,ok,2026-09-04T11:59:26.142002+05:30,2026-09-04_1159IST,airline_direct,IndiGo
BOM,BLR,6E,IndiGo,6E 5294,2026-09-11,7,business,,,22488.0,False,04:30,ok,2026-09-04T12:00:35.999247+05:30,2026-09-04_1200IST,airline_direct,IndiGo
BOM,BLR,6E,IndiGo,6E 5294,2026-09-11,7,economy,,,6561.0,False,04:30,ok,2026-09-04T12:00:35.999247+05:30,2026-09-04_1200IST,airline_direct,IndiGo
BOM,BLR,6E,IndiGo,6E 5296,2026-09-11,7,business,,,22488.0,False,06:30,ok,2026-09-04T12:00:35.999247+05:30,2026-09-04_1200IST,airline_direct,IndiGo
BOM,BLR,6E,IndiGo,6E 5296,2026-09-11,7,economy,,,6747.0,False,06:30,ok,2026-09-04T12:00:35.999247+05:30,2026-09-04_1200IST,airline_direct,IndiGo
BOM,BLR,6E,IndiGo,6E 5092,2026-09-11,7,business,,,22488.0,False,09:50,ok,2026-09-04T12:00:35.999247+05:30,2026-09-04_1200IST,airline_direct,IndiGo
BOM,BLR,6E,IndiGo,6E 5092,2026-09-11,7,economy,,,7062.0,False,09:50,ok,2026-09-04T12:00:35.999247+05:30,2026-09-04_1200IST,airline_direct,IndiGo
BOM,BLR,6E,IndiGo,6E 5323,2026-09-11,7,business,,,22488.0,False,01:10,ok,2026-09-04T12:00:35.999247+05:30,2026-09-04_1200IST,airline_direct,IndiGo
BOM,BLR,6E,IndiGo,6E 5323,2026-09-11,7,economy,,,7611.0,False,01:10,ok,2026-09-04T12:00:35.999247+05:30,2026-09-04_1200IST,airline_direct,IndiGo
BOM,BLR,6E,IndiGo,6E 5217,2026-09-11,7,business,,,22488.0,False,11:00,ok,2026-09-04T12:00:35.999247+05:30,2026-09-04_1200IST,airline_direct,IndiGo
BOM,BLR,6E,IndiGo,6E 5217,2026-09-11,7,economy,,,7797.0,False,11:00,ok,2026-09-04T12:00:35.999247+05:30,2026-09-04_1200IST,airline_direct,IndiGo
BOM,BLR,6E,IndiGo,6E 5184,2026-09-11,7,business,,,22488.0,False,12:30,ok,2026-09-04T12:00:35.999247+05:30,2026-09-04_1200IST,airline_direct,IndiGo
BOM,BLR,6E,IndiGo,6E 5184,2026-09-11,7,economy,,,8217.0,False,12:30,ok,2026-09-04T12:00:35.999247+05:30,2026-09-04_1200IST,airline_direct,IndiGo
BOM,BLR,6E,IndiGo,6E 5193,2026-09-11,7,economy,,,9267.0,False,08:05,ok,2026-09-04T12:00:35.999247+05:30,2026-09-04_1200IST,airline_direct,IndiGo
BOM,BLR,6E,IndiGo,6E 5382,2026-09-11,7,business,,,26688.0,False,14:30,ok,2026-09-04T12:00:35.999247+05:30,2026-09-04_1200IST,airline_direct,IndiGo
BOM,BLR,6E,IndiGo,6E 5382,2026-09-11,7,economy,,,11787.0,False,14:30,ok,2026-09-04T12:00:35.999247+05:30,2026-09-04_1200IST,airline_direct,IndiGo
BOM,BLR,6E,IndiGo,6E 5071,2026-09-11,7,business,,,22488.0,False,15:35,ok,2026-09-04T12:00:35.999247+05:30,2026-09-04_1200IST,airline_direct,IndiGo
BOM,BLR,6E,IndiGo,6E 5071,2026-09-11,7,economy,,,13362.0,False,15:35,ok,2026-09-04T12:00:35.999247+05:30,2026-09-04_1200IST,airline_direct,IndiGo
BOM,BLR,6E,IndiGo,6E 5221,2026-09-11,7,business,,,22488.0,False,17:00,ok,2026-09-04T12:00:35.999247+05:30,2026-09-04_1200IST,airline_direct,IndiGo
BOM,BLR,6E,IndiGo,6E 5221,2026-09-11,7,economy,,,19701.0,False,17:00,ok,2026-09-04T12:00:35.999247+05:30,2026-09-04_1200IST,airline_direct,IndiGo
BOM,BLR,6E,IndiGo,6E 5047,2026-09-11,7,business,,,26688.0,False,18:30,ok,2026-09-04T12:00:35.999247+05:30,2026-09-04_1200IST,airline_direct,IndiGo
BOM,BLR,6E,IndiGo,6E 5047,2026-09-11,7,economy,,,19701.0,False,18:30,ok,2026-09-04T12:00:35.999247+05:30,2026-09-04_1200IST,airline_direct,IndiGo
BOM,BLR,6E,IndiGo,6E 5032,2026-09-11,7,business,,,26688.0,False,19:55,ok,2026-09-04T12:00:35.999247+05:30,2026-09-04_1200IST,airline_direct,IndiGo
BOM,BLR,6E,IndiGo,6E 5032,2026-09-11,7,economy,,,19701.0,False,19:55,ok,2026-09-04T12:00:35.999247+05:30,2026-09-04_1200IST,airline_direct,IndiGo
BOM,BLR,6E,IndiGo,6E 6188,2026-09-11,7,business,,,26688.0,False,21:30,ok,2026-09-04T12:00:35.999247+05:30,2026-09-04_1200IST,airline_direct,IndiGo
BOM,BLR,6E,IndiGo,6E 6188,2026-09-11,7,economy,,,19701.0,False,21:30,ok,2026-09-04T12:00:35.999247+05:30,2026-09-04_1200IST,airline_direct,IndiGo
BOM,BLR,6E,IndiGo,6E 5388,2026-09-11,7,business,,,22488.0,False,22:20,ok,2026-09-04T12:00:35.999247+05:30,2026-09-04_1200IST,airline_direct,IndiGo
BOM,BLR,6E,IndiGo,6E 5388,2026-09-11,7,economy,,,19701.0,False,22:20,ok,2026-09-04T12:00:35.999247+05:30,2026-09-04_1200IST,airline_direct,IndiGo
BOM,BLR,6E,IndiGo,6E 6701,2026-09-11,7,economy,,,7210.0,False,05:35,ok,2026-09-04T12:00:35.999247+05:30,2026-09-04_1200IST,airline_direct,IndiGo
BOM,BLR,6E,IndiGo,6E 6701,2026-09-11,7,economy,,,7210.0,False,05:35,ok,2026-09-04T12:00:35.999247+05:30,2026-09-04_1200IST,airline_direct,IndiGo
BOM,BLR,6E,IndiGo,6E 5188,2026-09-11,7,economy,,,7210.0,False,06:15,ok,2026-09-04T12:00:35.999247+05:30,2026-09-04_1200IST,airline_direct,IndiGo
BOM,BLR,6E,IndiGo,6E 5109,2026-09-11,7,economy,,,7210.0,False,09:35,ok,2026-09-04T12:00:35.999247+05:30,2026-09-04_1200IST,airline_direct,IndiGo
BOM,BLR,6E,IndiGo,6E 6349,2026-09-11,7,economy,,,7210.0,False,11:40,ok,2026-09-04T12:00:35.999247+05:30,2026-09-04_1200IST,airline_direct,IndiGo
BOM,BLR,6E,IndiGo,6E 673,2026-09-11,7,economy,,,7761.0,False,12:30,ok,2026-09-04T12:00:35.999247+05:30,2026-09-04_1200IST,airline_direct,IndiGo
BOM,BLR,6E,IndiGo,6E 6361,2026-09-11,7,economy,,,8025.0,False,05:00,ok,2026-09-04T12:00:35.999247+05:30,2026-09-04_1200IST,airline_direct,IndiGo
BOM,BLR,6E,IndiGo,6E 632,2026-09-11,7,economy,,,8366.0,False,04:00,ok,2026-09-04T12:00:35.999247+05:30,2026-09-04_1200IST,airline_direct,IndiGo
BOM,BLR,6E,IndiGo,6E 240,2026-09-11,7,economy,,,8366.0,False,15:45,ok,2026-09-04T12:00:35.999247+05:30,2026-09-04_1200IST,airline_direct,IndiGo
BOM,BLR,6E,IndiGo,6E 5241,2026-09-11,7,economy,,,8690.0,False,16:40,ok,2026-09-04T12:00:35.999247+05:30,2026-09-04_1200IST,airline_direct,IndiGo
BOM,BLR,6E,IndiGo,6E 5241,2026-09-11,7,economy,,,8690.0,False,16:40,ok,2026-09-04T12:00:35.999247+05:30,2026-09-04_1200IST,airline_direct,IndiGo
BOM,BLR,6E,IndiGo,6E 261,2026-09-11,7,economy,,,9422.0,False,11:20,ok,2026-09-04T12:00:35.999247+05:30,2026-09-04_1200IST,airline_direct,IndiGo
BOM,BLR,6E,IndiGo,6E 261,2026-09-11,7,economy,,,9422.0,False,11:20,ok,2026-09-04T12:00:35.999247+05:30,2026-09-04_1200IST,airline_direct,IndiGo
BOM,BLR,6E,IndiGo,6E 230,2026-09-11,7,economy,,,9422.0,False,13:55,ok,2026-09-04T12:00:35.999247+05:30,2026-09-04_1200IST,airline_direct,IndiGo
BOM,BLR,6E,IndiGo,6E 230,2026-09-11,7,economy,,,9422.0,False,13:55,ok,2026-09-04T12:00:35.999247+05:30,2026-09-04_1200IST,airline_direct,IndiGo
BOM,BLR,6E,IndiGo,6E 230,2026-09-11,7,economy,,,9422.0,False,13:55,ok,2026-09-04T12:00:35.999247+05:30,2026-09-04_1200IST,airline_direct,IndiGo
BOM,BLR,6E,IndiGo,6E 6057,2026-09-11,7,economy,,,10356.0,False,09:15,ok,2026-09-04T12:00:35.999247+05:30,2026-09-04_1200IST,airline_direct,IndiGo
BOM,BLR,6E,IndiGo,6E 5126,2026-09-11,7,economy,,,10566.0,False,18:15,ok,2026-09-04T12:00:35.999247+05:30,2026-09-04_1200IST,airline_direct,IndiGo
BOM,BLR,6E,IndiGo,6E 5313,2026-09-11,7,economy,,,11450.0,False,09:50,ok,2026-09-04T12:00:35.999247+05:30,2026-09-04_1200IST,airline_direct,IndiGo
BOM,BLR,6E,IndiGo,6E 6349,2026-09-11,7,economy,,,11450.0,False,11:40,ok,2026-09-04T12:00:35.999247+05:30,2026-09-04_1200IST,airline_direct,IndiGo
BOM,BLR,6E,IndiGo,6E 5337,2026-09-11,7,economy,,,11450.0,False,13:45,ok,2026-09-04T12:00:35.999247+05:30,2026-09-04_1200IST,airline_direct,IndiGo
BOM,BLR,6E,IndiGo,6E 5123,2026-09-11,7,economy,,,12343.0,False,14:40,ok,2026-09-04T12:00:35.999247+05:30,2026-09-04_1200IST,airline_direct,IndiGo
BOM,BLR,6E,IndiGo,6E 5082,2026-09-11,7,economy,,,12441.0,False,18:05,ok,2026-09-04T12:00:35.999247+05:30,2026-09-04_1200IST,airline_direct,IndiGo
BOM,BLR,6E,IndiGo,6E 6599,2026-09-11,7,economy,,,12553.0,False,16:50,ok,2026-09-04T12:00:35.999247+05:30,2026-09-04_1200IST,airline_direct,IndiGo
BOM,BLR,6E,IndiGo,6E 5178,2026-09-11,7,business,,,27453.0,False,11:45,ok,2026-09-04T12:00:35.999247+05:30,2026-09-04_1200IST,airline_direct,IndiGo
BOM,BLR,6E,IndiGo,6E 5178,2026-09-11,7,economy,,,13031.0,False,11:45,ok,2026-09-04T12:00:35.999247+05:30,2026-09-04_1200IST,airline_direct,IndiGo
BOM,BLR,6E,IndiGo,6E 6802,2026-09-11,7,economy,,,13347.0,False,16:55,ok,2026-09-04T12:00:35.999247+05:30,2026-09-04_1200IST,airline_direct,IndiGo
BOM,BLR,6E,IndiGo,6E 5318,2026-09-11,7,business,,,27453.0,False,10:15,ok,2026-09-04T12:00:35.999247+05:30,2026-09-04_1200IST,airline_direct,IndiGo
BOM,BLR,6E,IndiGo,6E 5318,2026-09-11,7,economy,,,13976.0,False,10:15,ok,2026-09-04T12:00:35.999247+05:30,2026-09-04_1200IST,airline_direct,IndiGo
BOM,BLR,6E,IndiGo,6E 2011,2026-09-11,7,economy,,,14070.0,False,13:35,ok,2026-09-04T12:00:35.999247+05:30,2026-09-04_1200IST,airline_direct,IndiGo
BOM,BLR,6E,IndiGo,6E 5178,2026-09-11,7,business,,,29147.0,False,11:45,ok,2026-09-04T12:00:35.999247+05:30,2026-09-04_1200IST,airline_direct,IndiGo
BOM,BLR,6E,IndiGo,6E 5178,2026-09-11,7,economy,,,14228.0,False,11:45,ok,2026-09-04T12:00:35.999247+05:30,2026-09-04_1200IST,airline_direct,IndiGo
BOM,BLR,6E,IndiGo,6E 6674,2026-09-11,7,economy,,,14453.0,False,09:05,ok,2026-09-04T12:00:35.999247+05:30,2026-09-04_1200IST,airline_direct,IndiGo
BOM,BLR,6E,IndiGo,6E 5313,2026-09-11,7,economy,,,14605.0,False,09:50,ok,2026-09-04T12:00:35.999247+05:30,2026-09-04_1200IST,airline_direct,IndiGo
BOM,BLR,6E,IndiGo,6E 5178,2026-09-11,7,economy,,,14918.0,False,11:45,ok,2026-09-04T12:00:35.999247+05:30,2026-09-04_1200IST,airline_direct,IndiGo
BOM,BLR,6E,IndiGo,6E 5386,2026-09-11,7,economy,,,14918.0,False,15:10,ok,2026-09-04T12:00:35.999247+05:30,2026-09-04_1200IST,airline_direct,IndiGo
BOM,BLR,6E,IndiGo,6E 5318,2026-09-11,7,business,,,29147.0,False,10:15,ok,2026-09-04T12:00:35.999247+05:30,2026-09-04_1200IST,airline_direct,IndiGo
BOM,BLR,6E,IndiGo,6E 5318,2026-09-11,7,economy,,,15173.0,False,10:15,ok,2026-09-04T12:00:35.999247+05:30,2026-09-04_1200IST,airline_direct,IndiGo
BOM,BLR,6E,IndiGo,6E 5178,2026-09-11,7,economy,,,16508.0,False,11:45,ok,2026-09-04T12:00:35.999247+05:30,2026-09-04_1200IST,airline_direct,IndiGo
BOM,BLR,6E,IndiGo,6E 5386,2026-09-11,7,economy,,,16508.0,False,15:10,ok,2026-09-04T12:00:35.999247+05:30,2026-09-04_1200IST,airline_direct,IndiGo
BOM,BLR,6E,IndiGo,6E 5386,2026-09-11,7,economy,,,16508.0,False,15:10,ok,2026-09-04T12:00:35.999247+05:30,2026-09-04_1200IST,airline_direct,IndiGo
BOM,BLR,6E,IndiGo,6E 5386,2026-09-11,7,economy,,,16508.0,False,15:10,ok,2026-09-04T12:00:35.999247+05:30,2026-09-04_1200IST,airline_direct,IndiGo
BOM,BLR,6E,IndiGo,6E 673,2026-09-11,7,economy,,,16557.0,False,12:30,ok,2026-09-04T12:00:35.999247+05:30,2026-09-04_1200IST,airline_direct,IndiGo
BOM,BLR,6E,IndiGo,6E 437,2026-09-11,7,economy,,,17868.0,False,17:10,ok,2026-09-04T12:00:35.999247+05:30,2026-09-04_1200IST,airline_direct,IndiGo
BOM,BLR,6E,IndiGo,6E 5228,2026-09-11,7,economy,,,17978.0,False,16:45,ok,2026-09-04T12:00:35.999247+05:30,2026-09-04_1200IST,airline_direct,IndiGo
BOM,BLR,6E,IndiGo,6E 5228,2026-09-11,7,economy,,,17978.0,False,16:45,ok,2026-09-04T12:00:35.999247+05:30,2026-09-04_1200IST,airline_direct,IndiGo
BOM,BLR,6E,IndiGo,6E 5196,2026-09-11,7,economy,,,19485.0,False,15:25,ok,2026-09-04T12:00:35.999247+05:30,2026-09-04_1200IST,airline_direct,IndiGo
BOM,BLR,6E,IndiGo,6E 5107,2026-09-11,7,economy,,,20082.0,False,20:00,ok,2026-09-04T12:00:35.999247+05:30,2026-09-04_1200IST,airline_direct,IndiGo
BOM,BLR,6E,IndiGo,6E 5048,2026-09-11,7,economy,,,21401.0,False,17:25,ok,2026-09-04T12:00:35.999247+05:30,2026-09-04_1200IST,airline_direct,IndiGo
BOM,BLR,6E,IndiGo,6E 2237,2026-09-11,7,economy,,,22238.0,False,18:40,ok,2026-09-04T12:00:35.999247+05:30,2026-09-04_1200IST,airline_direct,IndiGo
BOM,BLR,6E,IndiGo,6E 5201,2026-09-11,7,economy,,,23183.0,False,14:55,ok,2026-09-04T12:00:35.999247+05:30,2026-09-04_1200IST,airline_direct,IndiGo
BOM,BLR,6E,IndiGo,6E 5196,2026-09-11,7,economy,,,27031.0,False,15:25,ok,2026-09-04T12:00:35.999247+05:30,2026-09-04_1200IST,airline_direct,IndiGo
DEL,CCU,6E,IndiGo,6E 5191,2026-09-11,7,business,,,26140.0,False,05:00,ok,2026-09-04T12:01:34.666627+05:30,2026-09-04_1201IST,airline_direct,IndiGo
DEL,CCU,6E,IndiGo,6E 5191,2026-09-11,7,economy,,,8502.0,False,05:00,ok,2026-09-04T12:01:34.666627+05:30,2026-09-04_1201IST,airline_direct,IndiGo
DEL,CCU,6E,IndiGo,6E 340,2026-09-11,7,business,,,26140.0,False,07:20,ok,2026-09-04T12:01:34.666627+05:30,2026-09-04_1201IST,airline_direct,IndiGo
DEL,CCU,6E,IndiGo,6E 340,2026-09-11,7,economy,,,8502.0,False,07:20,ok,2026-09-04T12:01:34.666627+05:30,2026-09-04_1201IST,airline_direct,IndiGo
DEL,CCU,6E,IndiGo,6E 897,2026-09-11,7,business,,,26140.0,False,12:45,ok,2026-09-04T12:01:34.666627+05:30,2026-09-04_1201IST,airline_direct,IndiGo
DEL,CCU,6E,IndiGo,6E 897,2026-09-11,7,economy,,,8502.0,False,12:45,ok,2026-09-04T12:01:34.666627+05:30,2026-09-04_1201IST,airline_direct,IndiGo
DEL,CCU,6E,IndiGo,6E 910,2026-09-11,7,business,,,26140.0,False,14:25,ok,2026-09-04T12:01:34.666627+05:30,2026-09-04_1201IST,airline_direct,IndiGo
DEL,CCU,6E,IndiGo,6E 910,2026-09-11,7,economy,,,8502.0,False,14:25,ok,2026-09-04T12:01:34.666627+05:30,2026-09-04_1201IST,airline_direct,IndiGo
DEL,CCU,6E,IndiGo,6E 6415,2026-09-11,7,business,,,26140.0,False,16:00,ok,2026-09-04T12:01:34.666627+05:30,2026-09-04_1201IST,airline_direct,IndiGo
DEL,CCU,6E,IndiGo,6E 6415,2026-09-11,7,economy,,,8502.0,False,16:00,ok,2026-09-04T12:01:34.666627+05:30,2026-09-04_1201IST,airline_direct,IndiGo
DEL,CCU,6E,IndiGo,6E 247,2026-09-11,7,business,,,26140.0,False,23:30,ok,2026-09-04T12:01:34.666627+05:30,2026-09-04_1201IST,airline_direct,IndiGo
DEL,CCU,6E,IndiGo,6E 247,2026-09-11,7,economy,,,8502.0,False,23:30,ok,2026-09-04T12:01:34.666627+05:30,2026-09-04_1201IST,airline_direct,IndiGo
DEL,CCU,6E,IndiGo,6E 513,2026-09-11,7,business,,,26140.0,False,08:30,ok,2026-09-04T12:01:34.666627+05:30,2026-09-04_1201IST,airline_direct,IndiGo
DEL,CCU,6E,IndiGo,6E 513,2026-09-11,7,economy,,,8765.0,False,08:30,ok,2026-09-04T12:01:34.666627+05:30,2026-09-04_1201IST,airline_direct,IndiGo
DEL,CCU,6E,IndiGo,6E 2276,2026-09-11,7,business,,,29680.0,False,17:55,ok,2026-09-04T12:01:34.666627+05:30,2026-09-04_1201IST,airline_direct,IndiGo
DEL,CCU,6E,IndiGo,6E 2276,2026-09-11,7,economy,,,8765.0,False,17:55,ok,2026-09-04T12:01:34.666627+05:30,2026-09-04_1201IST,airline_direct,IndiGo
DEL,CCU,6E,IndiGo,6E 894,2026-09-11,7,business,,,26140.0,False,10:15,ok,2026-09-04T12:01:34.666627+05:30,2026-09-04_1201IST,airline_direct,IndiGo
DEL,CCU,6E,IndiGo,6E 894,2026-09-11,7,economy,,,9552.0,False,10:15,ok,2026-09-04T12:01:34.666627+05:30,2026-09-04_1201IST,airline_direct,IndiGo
DEL,CCU,6E,IndiGo,6E 389,2026-09-11,7,business,,,26140.0,False,21:50,ok,2026-09-04T12:01:34.666627+05:30,2026-09-04_1201IST,airline_direct,IndiGo
DEL,CCU,6E,IndiGo,6E 389,2026-09-11,7,economy,,,9552.0,False,21:50,ok,2026-09-04T12:01:34.666627+05:30,2026-09-04_1201IST,airline_direct,IndiGo
DEL,CCU,6E,IndiGo,6E 6517,2026-09-11,7,business,,,29680.0,False,19:30,ok,2026-09-04T12:01:34.666627+05:30,2026-09-04_1201IST,airline_direct,IndiGo
DEL,CCU,6E,IndiGo,6E 6517,2026-09-11,7,economy,,,10707.0,False,19:30,ok,2026-09-04T12:01:34.666627+05:30,2026-09-04_1201IST,airline_direct,IndiGo
DEL,CCU,6E,IndiGo,6E 2453,2026-09-11,7,economy,,,7368.0,False,13:35,ok,2026-09-04T12:01:34.666627+05:30,2026-09-04_1201IST,airline_direct,IndiGo
DEL,CCU,6E,IndiGo,6E 6236,2026-09-11,7,economy,,,7368.0,False,16:20,ok,2026-09-04T12:01:34.666627+05:30,2026-09-04_1201IST,airline_direct,IndiGo
DEL,CCU,6E,IndiGo,6E 6312,2026-09-11,7,economy,,,7500.0,False,14:25,ok,2026-09-04T12:01:34.666627+05:30,2026-09-04_1201IST,airline_direct,IndiGo
DEL,CCU,6E,IndiGo,6E 2361,2026-09-11,7,economy,,,7500.0,False,14:35,ok,2026-09-04T12:01:34.666627+05:30,2026-09-04_1201IST,airline_direct,IndiGo
DEL,CCU,6E,IndiGo,6E 6190,2026-09-11,7,economy,,,7578.0,False,07:40,ok,2026-09-04T12:01:34.666627+05:30,2026-09-04_1201IST,airline_direct,IndiGo
DEL,CCU,6E,IndiGo,6E 6190,2026-09-11,7,economy,,,7578.0,False,07:40,ok,2026-09-04T12:01:34.666627+05:30,2026-09-04_1201IST,airline_direct,IndiGo
DEL,CCU,6E,IndiGo,6E 2203,2026-09-11,7,economy,,,7683.0,False,04:45,ok,2026-09-04T12:01:34.666627+05:30,2026-09-04_1201IST,airline_direct,IndiGo
DEL,CCU,6E,IndiGo,6E 6124,2026-09-11,7,economy,,,7683.0,False,07:30,ok,2026-09-04T12:01:34.666627+05:30,2026-09-04_1201IST,airline_direct,IndiGo
DEL,CCU,6E,IndiGo,6E 5215,2026-09-11,7,economy,,,7683.0,False,07:45,ok,2026-09-04T12:01:34.666627+05:30,2026-09-04_1201IST,airline_direct,IndiGo
DEL,CCU,6E,IndiGo,6E 5307,2026-09-11,7,economy,,,7683.0,False,10:50,ok,2026-09-04T12:01:34.666627+05:30,2026-09-04_1201IST,airline_direct,IndiGo
DEL,CCU,6E,IndiGo,6E 6378,2026-09-11,7,economy,,,7683.0,False,14:40,ok,2026-09-04T12:01:34.666627+05:30,2026-09-04_1201IST,airline_direct,IndiGo
DEL,CCU,6E,IndiGo,6E 5041,2026-09-11,7,economy,,,7683.0,False,15:10,ok,2026-09-04T12:01:34.666627+05:30,2026-09-04_1201IST,airline_direct,IndiGo
DEL,CCU,6E,IndiGo,6E 6829,2026-09-11,7,economy,,,7710.0,False,17:20,ok,2026-09-04T12:01:34.666627+05:30,2026-09-04_1201IST,airline_direct,IndiGo
DEL,CCU,6E,IndiGo,6E 6503,2026-09-11,7,economy,,,7893.0,False,13:25,ok,2026-09-04T12:01:34.666627+05:30,2026-09-04_1201IST,airline_direct,IndiGo
DEL,CCU,6E,IndiGo,6E 6503,2026-09-11,7,economy,,,7893.0,False,13:25,ok,2026-09-04T12:01:34.666627+05:30,2026-09-04_1201IST,airline_direct,IndiGo
DEL,CCU,6E,IndiGo,6E 5119,2026-09-11,7,economy,,,7920.0,False,05:10,ok,2026-09-04T12:01:34.666627+05:30,2026-09-04_1201IST,airline_direct,IndiGo
DEL,CCU,6E,IndiGo,6E 203,2026-09-11,7,economy,,,7920.0,False,07:10,ok,2026-09-04T12:01:34.666627+05:30,2026-09-04_1201IST,airline_direct,IndiGo
DEL,CCU,6E,IndiGo,6E 705,2026-09-11,7,economy,,,7920.0,False,08:30,ok,2026-09-04T12:01:34.666627+05:30,2026-09-04_1201IST,airline_direct,IndiGo
DEL,CCU,6E,IndiGo,6E 6293,2026-09-11,7,economy,,,7920.0,False,09:55,ok,2026-09-04T12:01:34.666627+05:30,2026-09-04_1201IST,airline_direct,IndiGo
DEL,CCU,6E,IndiGo,6E 2331,2026-09-11,7,economy,,,7920.0,False,12:20,ok,2026-09-04T12:01:34.666627+05:30,2026-09-04_1201IST,airline_direct,IndiGo
DEL,CCU,6E,IndiGo,6E 2341,2026-09-11,7,economy,,,7920.0,False,14:50,ok,2026-09-04T12:01:34.666627+05:30,2026-09-04_1201IST,airline_direct,IndiGo
DEL,CCU,6E,IndiGo,6E 5073,2026-09-11,7,economy,,,7920.0,False,17:05,ok,2026-09-04T12:01:34.666627+05:30,2026-09-04_1201IST,airline_direct,IndiGo
DEL,CCU,6E,IndiGo,6E 6371,2026-09-11,7,economy,,,8025.0,False,06:20,ok,2026-09-04T12:01:34.666627+05:30,2026-09-04_1201IST,airline_direct,IndiGo
DEL,CCU,6E,IndiGo,6E 6551,2026-09-11,7,economy,,,8025.0,False,12:00,ok,2026-09-04T12:01:34.666627+05:30,2026-09-04_1201IST,airline_direct,IndiGo
DEL,CCU,6E,IndiGo,6E 6312,2026-09-11,7,economy,,,8107.0,False,14:25,ok,2026-09-04T12:01:34.666627+05:30,2026-09-04_1201IST,airline_direct,IndiGo
DEL,CCU,6E,IndiGo,6E 2614,2026-09-11,7,economy,,,8185.0,False,14:40,ok,2026-09-04T12:01:34.666627+05:30,2026-09-04_1201IST,airline_direct,IndiGo
DEL,CCU,6E,IndiGo,6E 5215,2026-09-11,7,economy,,,8290.0,False,07:45,ok,2026-09-04T12:01:34.666627+05:30,2026-09-04_1201IST,airline_direct,IndiGo
DEL,CCU,6E,IndiGo,6E 5036,2026-09-11,7,economy,,,8774.0,False,08:00,ok,2026-09-04T12:01:34.666627+05:30,2026-09-04_1201IST,airline_direct,IndiGo
DEL,CCU,6E,IndiGo,6E 5298,2026-09-11,7,economy,,,8853.0,False,09:00,ok,2026-09-04T12:01:34.666627+05:30,2026-09-04_1201IST,airline_direct,IndiGo
DEL,CCU,6E,IndiGo,6E 5041,2026-09-11,7,economy,,,9692.0,False,15:10,ok,2026-09-04T12:01:34.666627+05:30,2026-09-04_1201IST,airline_direct,IndiGo
DEL,CCU,6E,IndiGo,6E 6245,2026-09-11,7,economy,,,9845.0,False,06:20,ok,2026-09-04T12:01:34.666627+05:30,2026-09-04_1201IST,airline_direct,IndiGo
DEL,CCU,6E,IndiGo,6E 884,2026-09-11,7,business,,,34632.0,False,11:45,ok,2026-09-04T12:01:34.666627+05:30,2026-09-04_1201IST,airline_direct,IndiGo
DEL,CCU,6E,IndiGo,6E 884,2026-09-11,7,economy,,,9928.0,False,11:45,ok,2026-09-04T12:01:34.666627+05:30,2026-09-04_1201IST,airline_direct,IndiGo
DEL,CCU,6E,IndiGo,6E 2259,2026-09-11,7,economy,,,10393.0,False,12:20,ok,2026-09-04T12:01:34.666627+05:30,2026-09-04_1201IST,airline_direct,IndiGo
DEL,CCU,6E,IndiGo,6E 2614,2026-09-11,7,economy,,,10393.0,False,14:40,ok,2026-09-04T12:01:34.666627+05:30,2026-09-04_1201IST,airline_direct,IndiGo
DEL,CCU,6E,IndiGo,6E 6282,2026-09-11,7,business,,,34632.0,False,13:30,ok,2026-09-04T12:01:34.666627+05:30,2026-09-04_1201IST,airline_direct,IndiGo
DEL,CCU,6E,IndiGo,6E 6282,2026-09-11,7,economy,,,10735.0,False,13:30,ok,2026-09-04T12:01:34.666627+05:30,2026-09-04_1201IST,airline_direct,IndiGo
DEL,CCU,6E,IndiGo,6E 6212,2026-09-11,7,business,,,35104.0,False,14:45,ok,2026-09-04T12:01:34.666627+05:30,2026-09-04_1201IST,airline_direct,IndiGo
DEL,CCU,6E,IndiGo,6E 6212,2026-09-11,7,economy,,,10735.0,False,14:45,ok,2026-09-04T12:01:34.666627+05:30,2026-09-04_1201IST,airline_direct,IndiGo
DEL,CCU,6E,IndiGo,6E 882,2026-09-11,7,business,,,31918.0,False,23:15,ok,2026-09-04T12:01:34.666627+05:30,2026-09-04_1201IST,airline_direct,IndiGo
DEL,CCU,6E,IndiGo,6E 882,2026-09-11,7,economy,,,10735.0,False,23:15,ok,2026-09-04T12:01:34.666627+05:30,2026-09-04_1201IST,airline_direct,IndiGo
DEL,CCU,6E,IndiGo,6E 203,2026-09-11,7,economy,,,11621.0,False,07:10,ok,2026-09-04T12:01:34.666627+05:30,2026-09-04_1201IST,airline_direct,IndiGo
DEL,CCU,6E,IndiGo,6E 705,2026-09-11,7,economy,,,11621.0,False,08:30,ok,2026-09-04T12:01:34.666627+05:30,2026-09-04_1201IST,airline_direct,IndiGo
DEL,CCU,6E,IndiGo,6E 734,2026-09-11,7,economy,,,12189.0,False,16:20,ok,2026-09-04T12:01:34.666627+05:30,2026-09-04_1201IST,airline_direct,IndiGo
DEL,CCU,6E,IndiGo,6E 5307,2026-09-11,7,economy,,,13237.0,False,10:50,ok,2026-09-04T12:01:34.666627+05:30,2026-09-04_1201IST,airline_direct,IndiGo
DEL,CCU,6E,IndiGo,6E 5038,2026-09-11,7,economy,,,13837.0,False,14:00,ok,2026-09-04T12:01:34.666627+05:30,2026-09-04_1201IST,airline_direct,IndiGo
DEL,CCU,6E,IndiGo,6E 6073,2026-09-11,7,economy,,,14504.0,False,05:00,ok,2026-09-04T12:01:34.666627+05:30,2026-09-04_1201IST,airline_direct,IndiGo
DEL,CCU,6E,IndiGo,6E 5033,2026-09-11,7,economy,,,15963.0,False,15:50,ok,2026-09-04T12:01:34.666627+05:30,2026-09-04_1201IST,airline_direct,IndiGo
DEL,CCU,6E,IndiGo,6E 6217,2026-09-11,7,business,,,35104.0,False,16:15,ok,2026-09-04T12:01:34.666627+05:30,2026-09-04_1201IST,airline_direct,IndiGo
DEL,CCU,6E,IndiGo,6E 6217,2026-09-11,7,economy,,,19229.0,False,16:15,ok,2026-09-04T12:01:34.666627+05:30,2026-09-04_1201IST,airline_direct,IndiGo
DEL,CCU,6E,IndiGo,6E 717,2026-09-11,7,business,,,35104.0,False,17:55,ok,2026-09-04T12:01:34.666627+05:30,2026-09-04_1201IST,airline_direct,IndiGo
DEL,CCU,6E,IndiGo,6E 717,2026-09-11,7,economy,,,19986.0,False,17:55,ok,2026-09-04T12:01:34.666627+05:30,2026-09-04_1201IST,airline_direct,IndiGo
DEL,CCU,6E,IndiGo,6E 6053,2026-09-11,7,economy,,,20868.0,False,13:05,ok,2026-09-04T12:01:34.666627+05:30,2026-09-04_1201IST,airline_direct,IndiGo
DEL,CCU,6E,IndiGo,6E 2296,2026-09-11,7,economy,,,23976.0,False,09:20,ok,2026-09-04T12:01:34.666627+05:30,2026-09-04_1201IST,airline_direct,IndiGo
BLR,HYD,6E,IndiGo,6E 6178,2026-09-11,7,economy,,,5756.0,False,06:25,ok,2026-09-04T12:02:31.947043+05:30,2026-09-04_1202IST,airline_direct,IndiGo
BLR,HYD,6E,IndiGo,6E 537,2026-09-11,7,economy,,,5756.0,False,10:15,ok,2026-09-04T12:02:31.947043+05:30,2026-09-04_1202IST,airline_direct,IndiGo
BLR,HYD,6E,IndiGo,6E 312,2026-09-11,7,economy,,,6772.0,False,09:15,ok,2026-09-04T12:02:31.947043+05:30,2026-09-04_1202IST,airline_direct,IndiGo
BLR,HYD,6E,IndiGo,6E 6404,2026-09-11,7,economy,,,7361.0,False,11:35,ok,2026-09-04T12:02:31.947043+05:30,2026-09-04_1202IST,airline_direct,IndiGo
BLR,HYD,6E,IndiGo,6E 6067,2026-09-11,7,economy,,,8010.0,False,16:30,ok,2026-09-04T12:02:31.947043+05:30,2026-09-04_1202IST,airline_direct,IndiGo
BLR,HYD,6E,IndiGo,6E 484,2026-09-11,7,economy,,,9518.0,False,08:15,ok,2026-09-04T12:02:31.947043+05:30,2026-09-04_1202IST,airline_direct,IndiGo
BLR,HYD,6E,IndiGo,6E 855,2026-09-11,7,economy,,,9518.0,False,19:45,ok,2026-09-04T12:02:31.947043+05:30,2026-09-04_1202IST,airline_direct,IndiGo
BLR,HYD,6E,IndiGo,6E 638,2026-09-11,7,economy,,,10390.0,False,18:35,ok,2026-09-04T12:02:31.947043+05:30,2026-09-04_1202IST,airline_direct,IndiGo
BLR,HYD,6E,IndiGo,6E 6784,2026-09-11,7,economy,,,14882.0,False,21:30,ok,2026-09-04T12:02:31.947043+05:30,2026-09-04_1202IST,airline_direct,IndiGo
BLR,HYD,6E,IndiGo,6E 857,2026-09-11,7,economy,,,5146.0,False,07:05,ok,2026-09-04T12:02:31.947043+05:30,2026-09-04_1202IST,airline_direct,IndiGo
BLR,HYD,6E,IndiGo,6E 6269,2026-09-11,7,economy,,,5146.0,False,07:15,ok,2026-09-04T12:02:31.947043+05:30,2026-09-04_1202IST,airline_direct,IndiGo
BLR,HYD,6E,IndiGo,6E 6336,2026-09-11,7,economy,,,5277.0,False,12:25,ok,2026-09-04T12:02:31.947043+05:30,2026-09-04_1202IST,airline_direct,IndiGo
BLR,HYD,6E,IndiGo,6E 6336,2026-09-11,7,economy,,,5617.0,False,12:25,ok,2026-09-04T12:02:31.947043+05:30,2026-09-04_1202IST,airline_direct,IndiGo
BLR,HYD,6E,IndiGo,6E 7204,2026-09-11,7,economy,,,5861.0,False,06:50,ok,2026-09-04T12:02:31.947043+05:30,2026-09-04_1202IST,airline_direct,IndiGo
BLR,HYD,6E,IndiGo,6E 857,2026-09-11,7,economy,,,5861.0,False,07:05,ok,2026-09-04T12:02:31.947043+05:30,2026-09-04_1202IST,airline_direct,IndiGo
BLR,HYD,6E,IndiGo,6E 763,2026-09-11,7,economy,,,6271.0,False,07:05,ok,2026-09-04T12:02:31.947043+05:30,2026-09-04_1202IST,airline_direct,IndiGo
BLR,HYD,6E,IndiGo,6E 6542,2026-09-11,7,economy,,,6271.0,False,13:10,ok,2026-09-04T12:02:31.947043+05:30,2026-09-04_1202IST,airline_direct,IndiGo
BLR,HYD,6E,IndiGo,6E 7227,2026-09-11,7,economy,,,6592.0,False,06:25,ok,2026-09-04T12:02:31.947043+05:30,2026-09-04_1202IST,airline_direct,IndiGo
BLR,HYD,6E,IndiGo,6E 7204,2026-09-11,7,economy,,,6724.0,False,06:50,ok,2026-09-04T12:02:31.947043+05:30,2026-09-04_1202IST,airline_direct,IndiGo
BLR,HYD,6E,IndiGo,6E 763,2026-09-11,7,economy,,,6724.0,False,07:05,ok,2026-09-04T12:02:31.947043+05:30,2026-09-04_1202IST,airline_direct,IndiGo
BLR,HYD,6E,IndiGo,6E 7005,2026-09-11,7,economy,,,6724.0,False,08:05,ok,2026-09-04T12:02:31.947043+05:30,2026-09-04_1202IST,airline_direct,IndiGo
BLR,HYD,6E,IndiGo,6E 6269,2026-09-11,7,economy,,,8369.0,False,07:15,ok,2026-09-04T12:02:31.947043+05:30,2026-09-04_1202IST,airline_direct,IndiGo
BLR,HYD,6E,IndiGo,6E 6753,2026-09-11,7,economy,,,8369.0,False,15:15,ok,2026-09-04T12:02:31.947043+05:30,2026-09-04_1202IST,airline_direct,IndiGo
BLR,HYD,6E,IndiGo,6E 6168,2026-09-11,7,economy,,,8369.0,False,17:40,ok,2026-09-04T12:02:31.947043+05:30,2026-09-04_1202IST,airline_direct,IndiGo
BLR,HYD,6E,IndiGo,6E 6208,2026-09-11,7,economy,,,9761.0,False,12:45,ok,2026-09-04T12:02:31.947043+05:30,2026-09-04_1202IST,airline_direct,IndiGo
BLR,HYD,6E,IndiGo,6E 574,2026-09-11,7,economy,,,9887.0,False,11:05,ok,2026-09-04T12:02:31.947043+05:30,2026-09-04_1202IST,airline_direct,IndiGo
BLR,HYD,6E,IndiGo,6E 6208,2026-09-11,7,economy,,,10251.0,False,12:45,ok,2026-09-04T12:02:31.947043+05:30,2026-09-04_1202IST,airline_direct,IndiGo
BLR,HYD,6E,IndiGo,6E 6653,2026-09-11,7,economy,,,10554.0,False,12:35,ok,2026-09-04T12:02:31.947043+05:30,2026-09-04_1202IST,airline_direct,IndiGo
BLR,HYD,6E,IndiGo,6E 6891,2026-09-11,7,economy,,,10554.0,False,17:15,ok,2026-09-04T12:02:31.947043+05:30,2026-09-04_1202IST,airline_direct,IndiGo
BLR,HYD,6E,IndiGo,6E 6583,2026-09-11,7,economy,,,10685.0,False,10:40,ok,2026-09-04T12:02:31.947043+05:30,2026-09-04_1202IST,airline_direct,IndiGo
BLR,HYD,6E,IndiGo,6E 904,2026-09-11,7,economy,,,11198.0,False,10:45,ok,2026-09-04T12:02:31.947043+05:30,2026-09-04_1202IST,airline_direct,IndiGo
BLR,HYD,6E,IndiGo,6E 6563,2026-09-11,7,economy,,,11665.0,False,01:05,ok,2026-09-04T12:02:31.947043+05:30,2026-09-04_1202IST,airline_direct,IndiGo
BLR,HYD,6E,IndiGo,6E 6876,2026-09-11,7,economy,,,11665.0,False,02:40,ok,2026-09-04T12:02:31.947043+05:30,2026-09-04_1202IST,airline_direct,IndiGo
BLR,HYD,6E,IndiGo,6E 7285,2026-09-11,7,economy,,,12197.0,False,06:50,ok,2026-09-04T12:02:31.947043+05:30,2026-09-04_1202IST,airline_direct,IndiGo
BLR,HYD,6E,IndiGo,6E 356,2026-09-11,7,economy,,,12636.0,False,17:15,ok,2026-09-04T12:02:31.947043+05:30,2026-09-04_1202IST,airline_direct,IndiGo
BLR,HYD,6E,IndiGo,6E 356,2026-09-11,7,economy,,,12636.0,False,17:15,ok,2026-09-04T12:02:31.947043+05:30,2026-09-04_1202IST,airline_direct,IndiGo
BLR,HYD,6E,IndiGo,6E 6017,2026-09-11,7,economy,,,12636.0,False,18:15,ok,2026-09-04T12:02:31.947043+05:30,2026-09-04_1202IST,airline_direct,IndiGo
BLR,HYD,6E,IndiGo,6E 6445,2026-09-11,7,economy,,,14000.0,False,10:25,ok,2026-09-04T12:02:31.947043+05:30,2026-09-04_1202IST,airline_direct,IndiGo
BLR,HYD,6E,IndiGo,6E 173,2026-09-11,7,economy,,,14218.0,False,15:30,ok,2026-09-04T12:02:31.947043+05:30,2026-09-04_1202IST,airline_direct,IndiGo
BLR,HYD,6E,IndiGo,6E 116,2026-09-11,7,economy,,,14658.0,False,23:05,ok,2026-09-04T12:02:31.947043+05:30,2026-09-04_1202IST,airline_direct,IndiGo
BLR,HYD,6E,IndiGo,6E 6753,2026-09-11,7,economy,,,15112.0,False,15:15,ok,2026-09-04T12:02:31.947043+05:30,2026-09-04_1202IST,airline_direct,IndiGo
BLR,HYD,6E,IndiGo,6E 173,2026-09-11,7,economy,,,15215.0,False,15:30,ok,2026-09-04T12:02:31.947043+05:30,2026-09-04_1202IST,airline_direct,IndiGo
BLR,HYD,6E,IndiGo,6E 6168,2026-09-11,7,economy,,,15320.0,False,17:40,ok,2026-09-04T12:02:31.947043+05:30,2026-09-04_1202IST,airline_direct,IndiGo
BLR,HYD,6E,IndiGo,6E 6554,2026-09-11,7,economy,,,15320.0,False,19:15,ok,2026-09-04T12:02:31.947043+05:30,2026-09-04_1202IST,airline_direct,IndiGo
BLR,HYD,6E,IndiGo,6E 763,2026-09-11,7,economy,,,15904.0,False,07:05,ok,2026-09-04T12:02:31.947043+05:30,2026-09-04_1202IST,airline_direct,IndiGo
BLR,HYD,6E,IndiGo,6E 7005,2026-09-11,7,economy,,,15904.0,False,08:05,ok,2026-09-04T12:02:31.947043+05:30,2026-09-04_1202IST,airline_direct,IndiGo
BLR,HYD,6E,IndiGo,6E 6753,2026-09-11,7,economy,,,15952.0,False,15:15,ok,2026-09-04T12:02:31.947043+05:30,2026-09-04_1202IST,airline_direct,IndiGo
BLR,HYD,6E,IndiGo,6E 6653,2026-09-11,7,economy,,,17407.0,False,12:35,ok,2026-09-04T12:02:31.947043+05:30,2026-09-04_1202IST,airline_direct,IndiGo
BLR,HYD,6E,IndiGo,6E 105,2026-09-11,7,economy,,,17693.0,False,18:50,ok,2026-09-04T12:02:31.947043+05:30,2026-09-04_1202IST,airline_direct,IndiGo
BLR,HYD,6E,IndiGo,6E 441,2026-09-11,7,economy,,,17693.0,False,20:40,ok,2026-09-04T12:02:31.947043+05:30,2026-09-04_1202IST,airline_direct,IndiGo
BLR,HYD,6E,IndiGo,6E 6445,2026-09-11,7,economy,,,18410.0,False,10:25,ok,2026-09-04T12:02:31.947043+05:30,2026-09-04_1202IST,airline_direct,IndiGo
BLR,HYD,6E,IndiGo,6E 703,2026-09-11,7,economy,,,18410.0,False,12:55,ok,2026-09-04T12:02:31.947043+05:30,2026-09-04_1202IST,airline_direct,IndiGo
BLR,HYD,6E,IndiGo,6E 6104,2026-09-11,7,economy,,,18805.0,False,11:40,ok,2026-09-04T12:02:31.947043+05:30,2026-09-04_1202IST,airline_direct,IndiGo
BLR,HYD,6E,IndiGo,6E 109,2026-09-11,7,economy,,,19074.0,False,17:00,ok,2026-09-04T12:02:31.947043+05:30,2026-09-04_1202IST,airline_direct,IndiGo
BLR,HYD,6E,IndiGo,6E 6162,2026-09-11,7,economy,,,19074.0,False,18:50,ok,2026-09-04T12:02:31.947043+05:30,2026-09-04_1202IST,airline_direct,IndiGo
BLR,HYD,6E,IndiGo,6E 105,2026-09-11,7,economy,,,19478.0,False,18:50,ok,2026-09-04T12:02:31.947043+05:30,2026-09-04_1202IST,airline_direct,IndiGo
BLR,HYD,6E,IndiGo,6E 528,2026-09-11,7,economy,,,19562.0,False,21:40,ok,2026-09-04T12:02:31.947043+05:30,2026-09-04_1202IST,airline_direct,IndiGo
BLR,HYD,6E,IndiGo,6E 7737,2026-09-11,7,economy,,,22097.0,False,10:50,ok,2026-09-04T12:02:31.947043+05:30,2026-09-04_1202IST,airline_direct,IndiGo
BLR,HYD,6E,IndiGo,6E 7737,2026-09-11,7,economy,,,26205.0,False,10:50,ok,2026-09-04T12:02:31.947043+05:30,2026-09-04_1202IST,airline_direct,IndiGo
MAA,DEL,6E,IndiGo,6E 939,2026-09-11,7,business,,,28240.0,False,13:00,ok,2026-09-04T12:03:41.207019+05:30,2026-09-04_1203IST,airline_direct,IndiGo
MAA,DEL,6E,IndiGo,6E 939,2026-09-11,7,economy,,,9830.0,False,13:00,ok,2026-09-04T12:03:41.207019+05:30,2026-09-04_1203IST,airline_direct,IndiGo
MAA,DEL,6E,IndiGo,6E 404,2026-09-11,7,business,,,28240.0,False,09:15,ok,2026-09-04T12:03:41.207019+05:30,2026-09-04_1203IST,airline_direct,IndiGo
MAA,DEL,6E,IndiGo,6E 404,2026-09-11,7,economy,,,10295.0,False,09:15,ok,2026-09-04T12:03:41.207019+05:30,2026-09-04_1203IST,airline_direct,IndiGo
MAA,DEL,6E,IndiGo,6E 948,2026-09-11,7,business,,,28240.0,False,14:30,ok,2026-09-04T12:03:41.207019+05:30,2026-09-04_1203IST,airline_direct,IndiGo
MAA,DEL,6E,IndiGo,6E 948,2026-09-11,7,economy,,,10295.0,False,14:30,ok,2026-09-04T12:03:41.207019+05:30,2026-09-04_1203IST,airline_direct,IndiGo
MAA,DEL,6E,IndiGo,6E 6002,2026-09-11,7,business,,,28240.0,False,11:10,ok,2026-09-04T12:03:41.207019+05:30,2026-09-04_1203IST,airline_direct,IndiGo
MAA,DEL,6E,IndiGo,6E 6002,2026-09-11,7,economy,,,10785.0,False,11:10,ok,2026-09-04T12:03:41.207019+05:30,2026-09-04_1203IST,airline_direct,IndiGo
MAA,DEL,6E,IndiGo,6E 937,2026-09-11,7,business,,,28240.0,False,06:30,ok,2026-09-04T12:03:41.207019+05:30,2026-09-04_1203IST,airline_direct,IndiGo
MAA,DEL,6E,IndiGo,6E 937,2026-09-11,7,economy,,,11850.0,False,06:30,ok,2026-09-04T12:03:41.207019+05:30,2026-09-04_1203IST,airline_direct,IndiGo
MAA,DEL,6E,IndiGo,6E 2369,2026-09-11,7,business,,,28240.0,False,23:45,ok,2026-09-04T12:03:41.207019+05:30,2026-09-04_1203IST,airline_direct,IndiGo
MAA,DEL,6E,IndiGo,6E 2369,2026-09-11,7,economy,,,12426.0,False,23:45,ok,2026-09-04T12:03:41.207019+05:30,2026-09-04_1203IST,airline_direct,IndiGo
MAA,DEL,6E,IndiGo,6E 698,2026-09-11,7,business,,,28240.0,False,16:45,ok,2026-09-04T12:03:41.207019+05:30,2026-09-04_1203IST,airline_direct,IndiGo
MAA,DEL,6E,IndiGo,6E 698,2026-09-11,7,economy,,,15069.0,False,16:45,ok,2026-09-04T12:03:41.207019+05:30,2026-09-04_1203IST,airline_direct,IndiGo
MAA,DEL,6E,IndiGo,6E 951,2026-09-11,7,business,,,28240.0,False,21:50,ok,2026-09-04T12:03:41.207019+05:30,2026-09-04_1203IST,airline_direct,IndiGo
MAA,DEL,6E,IndiGo,6E 951,2026-09-11,7,economy,,,15824.0,False,21:50,ok,2026-09-04T12:03:41.207019+05:30,2026-09-04_1203IST,airline_direct,IndiGo
MAA,DEL,6E,IndiGo,6E 613,2026-09-11,7,business,,,28240.0,False,19:00,ok,2026-09-04T12:03:41.207019+05:30,2026-09-04_1203IST,airline_direct,IndiGo
MAA,DEL,6E,IndiGo,6E 613,2026-09-11,7,economy,,,18347.0,False,19:00,ok,2026-09-04T12:03:41.207019+05:30,2026-09-04_1203IST,airline_direct,IndiGo
MAA,DEL,6E,IndiGo,6E 253,2026-09-11,7,economy,,,8930.0,False,03:10,ok,2026-09-04T12:03:41.207019+05:30,2026-09-04_1203IST,airline_direct,IndiGo
MAA,DEL,6E,IndiGo,6E 244,2026-09-11,7,economy,,,8930.0,False,03:55,ok,2026-09-04T12:03:41.207019+05:30,2026-09-04_1203IST,airline_direct,IndiGo
MAA,DEL,6E,IndiGo,6E 834,2026-09-11,7,economy,,,8930.0,False,09:05,ok,2026-09-04T12:03:41.207019+05:30,2026-09-04_1203IST,airline_direct,IndiGo
MAA,DEL,6E,IndiGo,6E 6892,2026-09-11,7,economy,,,9009.0,False,10:55,ok,2026-09-04T12:03:41.207019+05:30,2026-09-04_1203IST,airline_direct,IndiGo
MAA,DEL,6E,IndiGo,6E 6005,2026-09-11,7,economy,,,9009.0,False,15:45,ok,2026-09-04T12:03:41.207019+05:30,2026-09-04_1203IST,airline_direct,IndiGo
MAA,DEL,6E,IndiGo,6E 726,2026-09-11,7,economy,,,9009.0,False,18:20,ok,2026-09-04T12:03:41.207019+05:30,2026-09-04_1203IST,airline_direct,IndiGo
MAA,DEL,6E,IndiGo,6E 5314,2026-09-11,7,business,,,39741.0,False,06:45,ok,2026-09-04T12:03:41.207019+05:30,2026-09-04_1203IST,airline_direct,IndiGo
MAA,DEL,6E,IndiGo,6E 5314,2026-09-11,7,economy,,,9140.0,False,06:45,ok,2026-09-04T12:03:41.207019+05:30,2026-09-04_1203IST,airline_direct,IndiGo
MAA,DEL,6E,IndiGo,6E 321,2026-09-11,7,business,,,34521.0,False,08:20,ok,2026-09-04T12:03:41.207019+05:30,2026-09-04_1203IST,airline_direct,IndiGo
MAA,DEL,6E,IndiGo,6E 321,2026-09-11,7,economy,,,9140.0,False,08:20,ok,2026-09-04T12:03:41.207019+05:30,2026-09-04_1203IST,airline_direct,IndiGo
MAA,DEL,6E,IndiGo,6E 6348,2026-09-11,7,business,,,39741.0,False,09:00,ok,2026-09-04T12:03:41.207019+05:30,2026-09-04_1203IST,airline_direct,IndiGo
MAA,DEL,6E,IndiGo,6E 6348,2026-09-11,7,economy,,,9140.0,False,09:00,ok,2026-09-04T12:03:41.207019+05:30,2026-09-04_1203IST,airline_direct,IndiGo
MAA,DEL,6E,IndiGo,6E 6348,2026-09-11,7,business,,,39741.0,False,09:00,ok,2026-09-04T12:03:41.207019+05:30,2026-09-04_1203IST,airline_direct,IndiGo
MAA,DEL,6E,IndiGo,6E 6348,2026-09-11,7,economy,,,9140.0,False,09:00,ok,2026-09-04T12:03:41.207019+05:30,2026-09-04_1203IST,airline_direct,IndiGo
MAA,DEL,6E,IndiGo,6E 5214,2026-09-11,7,business,,,47116.0,False,11:00,ok,2026-09-04T12:03:41.207019+05:30,2026-09-04_1203IST,airline_direct,IndiGo
MAA,DEL,6E,IndiGo,6E 5214,2026-09-11,7,economy,,,9140.0,False,11:00,ok,2026-09-04T12:03:41.207019+05:30,2026-09-04_1203IST,airline_direct,IndiGo
MAA,DEL,6E,IndiGo,6E 981,2026-09-11,7,economy,,,9140.0,False,13:50,ok,2026-09-04T12:03:41.207019+05:30,2026-09-04_1203IST,airline_direct,IndiGo
MAA,DEL,6E,IndiGo,6E 606,2026-09-11,7,business,,,36645.0,False,18:05,ok,2026-09-04T12:03:41.207019+05:30,2026-09-04_1203IST,airline_direct,IndiGo
MAA,DEL,6E,IndiGo,6E 606,2026-09-11,7,economy,,,9140.0,False,18:05,ok,2026-09-04T12:03:41.207019+05:30,2026-09-04_1203IST,airline_direct,IndiGo
MAA,DEL,6E,IndiGo,6E 6925,2026-09-11,7,economy,,,9619.0,False,12:00,ok,2026-09-04T12:03:41.207019+05:30,2026-09-04_1203IST,airline_direct,IndiGo
MAA,DEL,6E,IndiGo,6E 6815,2026-09-11,7,economy,,,9697.0,False,08:55,ok,2026-09-04T12:03:41.207019+05:30,2026-09-04_1203IST,airline_direct,IndiGo
MAA,DEL,6E,IndiGo,6E 6892,2026-09-11,7,economy,,,9697.0,False,10:55,ok,2026-09-04T12:03:41.207019+05:30,2026-09-04_1203IST,airline_direct,IndiGo
MAA,DEL,6E,IndiGo,6E 372,2026-09-11,7,economy,,,10376.0,False,09:55,ok,2026-09-04T12:03:41.207019+05:30,2026-09-04_1203IST,airline_direct,IndiGo
MAA,DEL,6E,IndiGo,6E 6925,2026-09-11,7,economy,,,10376.0,False,12:00,ok,2026-09-04T12:03:41.207019+05:30,2026-09-04_1203IST,airline_direct,IndiGo
MAA,DEL,6E,IndiGo,6E 6326,2026-09-11,7,business,,,34049.0,False,11:45,ok,2026-09-04T12:03:41.207019+05:30,2026-09-04_1203IST,airline_direct,IndiGo
MAA,DEL,6E,IndiGo,6E 6326,2026-09-11,7,economy,,,11418.0,False,11:45,ok,2026-09-04T12:03:41.207019+05:30,2026-09-04_1203IST,airline_direct,IndiGo
MAA,DEL,6E,IndiGo,6E 6081,2026-09-11,7,economy,,,11769.0,False,07:05,ok,2026-09-04T12:03:41.207019+05:30,2026-09-04_1203IST,airline_direct,IndiGo
MAA,DEL,6E,IndiGo,6E 6081,2026-09-11,7,economy,,,11769.0,False,07:05,ok,2026-09-04T12:03:41.207019+05:30,2026-09-04_1203IST,airline_direct,IndiGo
MAA,DEL,6E,IndiGo,6E 834,2026-09-11,7,economy,,,12123.0,False,09:05,ok,2026-09-04T12:03:41.207019+05:30,2026-09-04_1203IST,airline_direct,IndiGo
MAA,DEL,6E,IndiGo,6E 495,2026-09-11,7,economy,,,12548.0,False,07:10,ok,2026-09-04T12:03:41.207019+05:30,2026-09-04_1203IST,airline_direct,IndiGo
MAA,DEL,6E,IndiGo,6E 495,2026-09-11,7,economy,,,12548.0,False,07:10,ok,2026-09-04T12:03:41.207019+05:30,2026-09-04_1203IST,airline_direct,IndiGo
MAA,DEL,6E,IndiGo,6E 6140,2026-09-11,7,business,,,32775.0,False,02:30,ok,2026-09-04T12:03:41.207019+05:30,2026-09-04_1203IST,airline_direct,IndiGo
MAA,DEL,6E,IndiGo,6E 6140,2026-09-11,7,economy,,,13008.0,False,02:30,ok,2026-09-04T12:03:41.207019+05:30,2026-09-04_1203IST,airline_direct,IndiGo
MAA,DEL,6E,IndiGo,6E 6140,2026-09-11,7,business,,,32775.0,False,02:30,ok,2026-09-04T12:03:41.207019+05:30,2026-09-04_1203IST,airline_direct,IndiGo
MAA,DEL,6E,IndiGo,6E 6140,2026-09-11,7,economy,,,13453.0,False,02:30,ok,2026-09-04T12:03:41.207019+05:30,2026-09-04_1203IST,airline_direct,IndiGo
MAA,DEL,6E,IndiGo,6E 973,2026-09-11,7,economy,,,14234.0,False,11:55,ok,2026-09-04T12:03:41.207019+05:30,2026-09-04_1203IST,airline_direct,IndiGo
MAA,DEL,6E,IndiGo,6E 372,2026-09-11,7,economy,,,14302.0,False,09:55,ok,2026-09-04T12:03:41.207019+05:30,2026-09-04_1203IST,airline_direct,IndiGo
MAA,DEL,6E,IndiGo,6E 6209,2026-09-11,7,economy,,,14937.0,False,14:35,ok,2026-09-04T12:03:41.207019+05:30,2026-09-04_1203IST,airline_direct,IndiGo
MAA,DEL,6E,IndiGo,6E 489,2026-09-11,7,economy,,,15557.0,False,18:15,ok,2026-09-04T12:03:41.207019+05:30,2026-09-04_1203IST,airline_direct,IndiGo
MAA,DEL,6E,IndiGo,6E 607,2026-09-11,7,business,,,31599.0,False,05:40,ok,2026-09-04T12:03:41.207019+05:30,2026-09-04_1203IST,airline_direct,IndiGo
MAA,DEL,6E,IndiGo,6E 607,2026-09-11,7,economy,,,16053.0,False,05:40,ok,2026-09-04T12:03:41.207019+05:30,2026-09-04_1203IST,airline_direct,IndiGo
MAA,DEL,6E,IndiGo,6E 502,2026-09-11,7,business,,,32309.0,False,11:10,ok,2026-09-04T12:03:41.207019+05:30,2026-09-04_1203IST,airline_direct,IndiGo
MAA,DEL,6E,IndiGo,6E 502,2026-09-11,7,economy,,,16106.0,False,11:10,ok,2026-09-04T12:03:41.207019+05:30,2026-09-04_1203IST,airline_direct,IndiGo
MAA,DEL,6E,IndiGo,6E 193,2026-09-11,7,economy,,,16868.0,False,20:00,ok,2026-09-04T12:03:41.207019+05:30,2026-09-04_1203IST,airline_direct,IndiGo
MAA,DEL,6E,IndiGo,6E 6487,2026-09-11,7,economy,,,16868.0,False,21:25,ok,2026-09-04T12:03:41.207019+05:30,2026-09-04_1203IST,airline_direct,IndiGo
MAA,DEL,6E,IndiGo,6E 6209,2026-09-11,7,economy,,,17726.0,False,14:35,ok,2026-09-04T12:03:41.207019+05:30,2026-09-04_1203IST,airline_direct,IndiGo
MAA,DEL,6E,IndiGo,6E 401,2026-09-11,7,economy,,,19798.0,False,08:10,ok,2026-09-04T12:03:41.207019+05:30,2026-09-04_1203IST,airline_direct,IndiGo
MAA,DEL,6E,IndiGo,6E 562,2026-09-11,7,economy,,,20696.0,False,18:20,ok,2026-09-04T12:03:41.207019+05:30,2026-09-04_1203IST,airline_direct,IndiGo
MAA,DEL,6E,IndiGo,6E 847,2026-09-11,7,economy,,,21534.0,False,16:15,ok,2026-09-04T12:03:41.207019+05:30,2026-09-04_1203IST,airline_direct,IndiGo
MAA,DEL,6E,IndiGo,6E 597,2026-09-11,7,economy,,,22739.0,False,17:45,ok,2026-09-04T12:03:41.207019+05:30,2026-09-04_1203IST,airline_direct,IndiGo
MAA,DEL,6E,IndiGo,6E 6158,2026-09-11,7,economy,,,23201.0,False,16:10,ok,2026-09-04T12:03:41.207019+05:30,2026-09-04_1203IST,airline_direct,IndiGo
MAA,DEL,6E,IndiGo,6E 5258,2026-09-11,7,business,,,48341.0,False,12:45,ok,2026-09-04T12:03:41.207019+05:30,2026-09-04_1203IST,airline_direct,IndiGo
MAA,DEL,6E,IndiGo,6E 5258,2026-09-11,7,economy,,,24040.0,False,12:45,ok,2026-09-04T12:03:41.207019+05:30,2026-09-04_1203IST,airline_direct,IndiGo
MAA,DEL,6E,IndiGo,6E 848,2026-09-11,7,economy,,,25331.0,False,17:50,ok,2026-09-04T12:03:41.207019+05:30,2026-09-04_1203IST,airline_direct,IndiGo
MAA,DEL,6E,IndiGo,6E 561,2026-09-11,7,business,,,44109.0,False,22:20,ok,2026-09-04T12:03:41.207019+05:30,2026-09-04_1203IST,airline_direct,IndiGo
MAA,DEL,6E,IndiGo,6E 561,2026-09-11,7,economy,,,26467.0,False,22:20,ok,2026-09-04T12:03:41.207019+05:30,2026-09-04_1203IST,airline_direct,IndiGo
MAA,DEL,6E,IndiGo,6E 189,2026-09-11,7,economy,,,28207.0,False,19:05,ok,2026-09-04T12:03:41.207019+05:30,2026-09-04_1203IST,airline_direct,IndiGo
MAA,DEL,6E,IndiGo,6E 183,2026-09-11,7,business,,,42221.0,False,16:35,ok,2026-09-04T12:03:41.207019+05:30,2026-09-04_1203IST,airline_direct,IndiGo
MAA,DEL,6E,IndiGo,6E 183,2026-09-11,7,economy,,,30439.0,False,16:35,ok,2026-09-04T12:03:41.207019+05:30,2026-09-04_1203IST,airline_direct,IndiGo
MAA,DEL,6E,IndiGo,6E 5258,2026-09-11,7,business,,,48341.0,False,12:45,ok,2026-09-04T12:03:41.207019+05:30,2026-09-04_1203IST,airline_direct,IndiGo
MAA,DEL,6E,IndiGo,6E 5258,2026-09-11,7,economy,,,31600.0,False,12:45,ok,2026-09-04T12:03:41.207019+05:30,2026-09-04_1203IST,airline_direct,IndiGo
MAA,DEL,6E,IndiGo,6E 5371,2026-09-11,7,business,,,47116.0,False,14:45,ok,2026-09-04T12:03:41.207019+05:30,2026-09-04_1203IST,airline_direct,IndiGo
MAA,DEL,6E,IndiGo,6E 5371,2026-09-11,7,economy,,,32150.0,False,14:45,ok,2026-09-04T12:03:41.207019+05:30,2026-09-04_1203IST,airline_direct,IndiGo
MAA,DEL,6E,IndiGo,6E 5104,2026-09-11,7,business,,,43340.0,False,16:40,ok,2026-09-04T12:03:41.207019+05:30,2026-09-04_1203IST,airline_direct,IndiGo
MAA,DEL,6E,IndiGo,6E 5104,2026-09-11,7,economy,,,33752.0,False,16:40,ok,2026-09-04T12:03:41.207019+05:30,2026-09-04_1203IST,airline_direct,IndiGo
MAA,DEL,6E,IndiGo,6E 5367,2026-09-11,7,business,,,43340.0,False,18:15,ok,2026-09-04T12:03:41.207019+05:30,2026-09-04_1203IST,airline_direct,IndiGo
MAA,DEL,6E,IndiGo,6E 5367,2026-09-11,7,economy,,,34079.0,False,18:15,ok,2026-09-04T12:03:41.207019+05:30,2026-09-04_1203IST,airline_direct,IndiGo
DEL,BOM,6E,IndiGo,6E 6814,2026-09-19,15,business,,,21900.0,False,07:15,ok,2026-09-04T12:04:54.054235+05:30,2026-09-04_1204IST,airline_direct,IndiGo
DEL,BOM,6E,IndiGo,6E 6814,2026-09-19,15,economy,,,6305.0,False,07:15,ok,2026-09-04T12:04:54.054235+05:30,2026-09-04_1204IST,airline_direct,IndiGo
DEL,BOM,6E,IndiGo,6E 320,2026-09-19,15,business,,,21900.0,False,08:00,ok,2026-09-04T12:04:54.054235+05:30,2026-09-04_1204IST,airline_direct,IndiGo
DEL,BOM,6E,IndiGo,6E 320,2026-09-19,15,economy,,,6305.0,False,08:00,ok,2026-09-04T12:04:54.054235+05:30,2026-09-04_1204IST,airline_direct,IndiGo
DEL,BOM,6E,IndiGo,6E 675,2026-09-19,15,business,,,21900.0,False,08:45,ok,2026-09-04T12:04:54.054235+05:30,2026-09-04_1204IST,airline_direct,IndiGo
DEL,BOM,6E,IndiGo,6E 675,2026-09-19,15,economy,,,6305.0,False,08:45,ok,2026-09-04T12:04:54.054235+05:30,2026-09-04_1204IST,airline_direct,IndiGo
DEL,BOM,6E,IndiGo,6E 6107,2026-09-19,15,business,,,21900.0,False,09:30,ok,2026-09-04T12:04:54.054235+05:30,2026-09-04_1204IST,airline_direct,IndiGo
DEL,BOM,6E,IndiGo,6E 6107,2026-09-19,15,economy,,,6305.0,False,09:30,ok,2026-09-04T12:04:54.054235+05:30,2026-09-04_1204IST,airline_direct,IndiGo
DEL,BOM,6E,IndiGo,6E 6328,2026-09-19,15,business,,,21900.0,False,10:15,ok,2026-09-04T12:04:54.054235+05:30,2026-09-04_1204IST,airline_direct,IndiGo
DEL,BOM,6E,IndiGo,6E 6328,2026-09-19,15,economy,,,6305.0,False,10:15,ok,2026-09-04T12:04:54.054235+05:30,2026-09-04_1204IST,airline_direct,IndiGo
DEL,BOM,6E,IndiGo,6E 6047,2026-09-19,15,business,,,21900.0,False,11:00,ok,2026-09-04T12:04:54.054235+05:30,2026-09-04_1204IST,airline_direct,IndiGo
DEL,BOM,6E,IndiGo,6E 6047,2026-09-19,15,economy,,,6305.0,False,11:00,ok,2026-09-04T12:04:54.054235+05:30,2026-09-04_1204IST,airline_direct,IndiGo
DEL,BOM,6E,IndiGo,6E 6676,2026-09-19,15,business,,,21900.0,False,12:00,ok,2026-09-04T12:04:54.054235+05:30,2026-09-04_1204IST,airline_direct,IndiGo
DEL,BOM,6E,IndiGo,6E 6676,2026-09-19,15,economy,,,6305.0,False,12:00,ok,2026-09-04T12:04:54.054235+05:30,2026-09-04_1204IST,airline_direct,IndiGo
DEL,BOM,6E,IndiGo,6E 6022,2026-09-19,15,business,,,21900.0,False,14:00,ok,2026-09-04T12:04:54.054235+05:30,2026-09-04_1204IST,airline_direct,IndiGo
DEL,BOM,6E,IndiGo,6E 6022,2026-09-19,15,economy,,,6305.0,False,14:00,ok,2026-09-04T12:04:54.054235+05:30,2026-09-04_1204IST,airline_direct,IndiGo
DEL,BOM,6E,IndiGo,6E 6318,2026-09-19,15,business,,,21900.0,False,14:45,ok,2026-09-04T12:04:54.054235+05:30,2026-09-04_1204IST,airline_direct,IndiGo
DEL,BOM,6E,IndiGo,6E 6318,2026-09-19,15,economy,,,6305.0,False,14:45,ok,2026-09-04T12:04:54.054235+05:30,2026-09-04_1204IST,airline_direct,IndiGo
DEL,BOM,6E,IndiGo,6E 864,2026-09-19,15,business,,,21900.0,False,15:30,ok,2026-09-04T12:04:54.054235+05:30,2026-09-04_1204IST,airline_direct,IndiGo
DEL,BOM,6E,IndiGo,6E 864,2026-09-19,15,economy,,,6305.0,False,15:30,ok,2026-09-04T12:04:54.054235+05:30,2026-09-04_1204IST,airline_direct,IndiGo
DEL,BOM,6E,IndiGo,6E 327,2026-09-19,15,business,,,21900.0,False,16:15,ok,2026-09-04T12:04:54.054235+05:30,2026-09-04_1204IST,airline_direct,IndiGo
DEL,BOM,6E,IndiGo,6E 327,2026-09-19,15,economy,,,6305.0,False,16:15,ok,2026-09-04T12:04:54.054235+05:30,2026-09-04_1204IST,airline_direct,IndiGo
DEL,BOM,6E,IndiGo,6E 329,2026-09-19,15,business,,,21900.0,False,18:00,ok,2026-09-04T12:04:54.054235+05:30,2026-09-04_1204IST,airline_direct,IndiGo
DEL,BOM,6E,IndiGo,6E 329,2026-09-19,15,economy,,,6305.0,False,18:00,ok,2026-09-04T12:04:54.054235+05:30,2026-09-04_1204IST,airline_direct,IndiGo
DEL,BOM,6E,IndiGo,6E 354,2026-09-19,15,business,,,21900.0,False,19:00,ok,2026-09-04T12:04:54.054235+05:30,2026-09-04_1204IST,airline_direct,IndiGo
DEL,BOM,6E,IndiGo,6E 354,2026-09-19,15,economy,,,6305.0,False,19:00,ok,2026-09-04T12:04:54.054235+05:30,2026-09-04_1204IST,airline_direct,IndiGo
DEL,BOM,6E,IndiGo,6E 6114,2026-09-19,15,business,,,21900.0,False,22:45,ok,2026-09-04T12:04:54.054235+05:30,2026-09-04_1204IST,airline_direct,IndiGo
DEL,BOM,6E,IndiGo,6E 6114,2026-09-19,15,economy,,,6305.0,False,22:45,ok,2026-09-04T12:04:54.054235+05:30,2026-09-04_1204IST,airline_direct,IndiGo
DEL,BOM,6E,IndiGo,6E 322,2026-09-19,15,business,,,21900.0,False,23:30,ok,2026-09-04T12:04:54.054235+05:30,2026-09-04_1204IST,airline_direct,IndiGo
DEL,BOM,6E,IndiGo,6E 322,2026-09-19,15,economy,,,6305.0,False,23:30,ok,2026-09-04T12:04:54.054235+05:30,2026-09-04_1204IST,airline_direct,IndiGo
DEL,BOM,6E,IndiGo,6E 449,2026-09-19,15,business,,,21900.0,False,05:00,ok,2026-09-04T12:04:54.054235+05:30,2026-09-04_1204IST,airline_direct,IndiGo
DEL,BOM,6E,IndiGo,6E 449,2026-09-19,15,economy,,,6357.0,False,05:00,ok,2026-09-04T12:04:54.054235+05:30,2026-09-04_1204IST,airline_direct,IndiGo
DEL,BOM,6E,IndiGo,6E 6218,2026-09-19,15,business,,,21900.0,False,06:05,ok,2026-09-04T12:04:54.054235+05:30,2026-09-04_1204IST,airline_direct,IndiGo
DEL,BOM,6E,IndiGo,6E 6218,2026-09-19,15,economy,,,6357.0,False,06:05,ok,2026-09-04T12:04:54.054235+05:30,2026-09-04_1204IST,airline_direct,IndiGo
DEL,BOM,6E,IndiGo,6E 324,2026-09-19,15,business,,,21900.0,False,13:00,ok,2026-09-04T12:04:54.054235+05:30,2026-09-04_1204IST,airline_direct,IndiGo
DEL,BOM,6E,IndiGo,6E 324,2026-09-19,15,economy,,,6357.0,False,13:00,ok,2026-09-04T12:04:54.054235+05:30,2026-09-04_1204IST,airline_direct,IndiGo
DEL,BOM,6E,IndiGo,6E 6706,2026-09-19,15,business,,,21900.0,False,17:00,ok,2026-09-04T12:04:54.054235+05:30,2026-09-04_1204IST,airline_direct,IndiGo
DEL,BOM,6E,IndiGo,6E 6706,2026-09-19,15,economy,,,6357.0,False,17:00,ok,2026-09-04T12:04:54.054235+05:30,2026-09-04_1204IST,airline_direct,IndiGo
DEL,BOM,6E,IndiGo,6E 303,2026-09-19,15,business,,,21900.0,False,20:00,ok,2026-09-04T12:04:54.054235+05:30,2026-09-04_1204IST,airline_direct,IndiGo
DEL,BOM,6E,IndiGo,6E 303,2026-09-19,15,economy,,,6357.0,False,20:00,ok,2026-09-04T12:04:54.054235+05:30,2026-09-04_1204IST,airline_direct,IndiGo
DEL,BOM,6E,IndiGo,6E 395,2026-09-19,15,business,,,21900.0,False,21:45,ok,2026-09-04T12:04:54.054235+05:30,2026-09-04_1204IST,airline_direct,IndiGo
DEL,BOM,6E,IndiGo,6E 395,2026-09-19,15,economy,,,6357.0,False,21:45,ok,2026-09-04T12:04:54.054235+05:30,2026-09-04_1204IST,airline_direct,IndiGo
DEL,BOM,6E,IndiGo,6E 6261,2026-09-19,15,economy,,,6618.0,False,00:15,ok,2026-09-04T12:04:54.054235+05:30,2026-09-04_1204IST,airline_direct,IndiGo
DEL,BOM,6E,IndiGo,6E 5119,2026-09-19,15,economy,,,6618.0,False,05:10,ok,2026-09-04T12:04:54.054235+05:30,2026-09-04_1204IST,airline_direct,IndiGo
DEL,BOM,6E,IndiGo,6E 5119,2026-09-19,15,economy,,,6618.0,False,05:10,ok,2026-09-04T12:04:54.054235+05:30,2026-09-04_1204IST,airline_direct,IndiGo
DEL,BOM,6E,IndiGo,6E 2076,2026-09-19,15,economy,,,6618.0,False,07:30,ok,2026-09-04T12:04:54.054235+05:30,2026-09-04_1204IST,airline_direct,IndiGo
DEL,BOM,6E,IndiGo,6E 2298,2026-09-19,15,economy,,,6618.0,False,09:45,ok,2026-09-04T12:04:54.054235+05:30,2026-09-04_1204IST,airline_direct,IndiGo
DEL,BOM,6E,IndiGo,6E 2331,2026-09-19,15,economy,,,6618.0,False,12:20,ok,2026-09-04T12:04:54.054235+05:30,2026-09-04_1204IST,airline_direct,IndiGo
DEL,BOM,6E,IndiGo,6E 2341,2026-09-19,15,economy,,,6618.0,False,14:50,ok,2026-09-04T12:04:54.054235+05:30,2026-09-04_1204IST,airline_direct,IndiGo
DEL,BOM,6E,IndiGo,6E 6983,2026-09-19,15,economy,,,6618.0,False,15:35,ok,2026-09-04T12:04:54.054235+05:30,2026-09-04_1204IST,airline_direct,IndiGo
DEL,BOM,6E,IndiGo,6E 5073,2026-09-19,15,economy,,,6618.0,False,17:05,ok,2026-09-04T12:04:54.054235+05:30,2026-09-04_1204IST,airline_direct,IndiGo
DEL,BOM,6E,IndiGo,6E 931,2026-09-19,15,economy,,,6618.0,False,19:35,ok,2026-09-04T12:04:54.054235+05:30,2026-09-04_1204IST,airline_direct,IndiGo
DEL,BOM,6E,IndiGo,6E 2013,2026-09-19,15,economy,,,6618.0,False,21:50,ok,2026-09-04T12:04:54.054235+05:30,2026-09-04_1204IST,airline_direct,IndiGo
DEL,BOM,6E,IndiGo,6E 6459,2026-09-19,15,economy,,,6750.0,False,05:55,ok,2026-09-04T12:04:54.054235+05:30,2026-09-04_1204IST,airline_direct,IndiGo
DEL,BOM,6E,IndiGo,6E 6443,2026-09-19,15,economy,,,6750.0,False,09:00,ok,2026-09-04T12:04:54.054235+05:30,2026-09-04_1204IST,airline_direct,IndiGo
DEL,BOM,6E,IndiGo,6E 2249,2026-09-19,15,economy,,,6750.0,False,15:00,ok,2026-09-04T12:04:54.054235+05:30,2026-09-04_1204IST,airline_direct,IndiGo
DEL,BOM,6E,IndiGo,6E 6433,2026-09-19,15,economy,,,6750.0,False,16:30,ok,2026-09-04T12:04:54.054235+05:30,2026-09-04_1204IST,airline_direct,IndiGo
DEL,BOM,6E,IndiGo,6E 6829,2026-09-19,15,economy,,,6750.0,False,17:20,ok,2026-09-04T12:04:54.054235+05:30,2026-09-04_1204IST,airline_direct,IndiGo
DEL,BOM,6E,IndiGo,6E 6829,2026-09-19,15,economy,,,6750.0,False,17:20,ok,2026-09-04T12:04:54.054235+05:30,2026-09-04_1204IST,airline_direct,IndiGo
DEL,BOM,6E,IndiGo,6E 5138,2026-09-19,15,economy,,,6750.0,False,19:10,ok,2026-09-04T12:04:54.054235+05:30,2026-09-04_1204IST,airline_direct,IndiGo
DEL,BOM,6E,IndiGo,6E 2169,2026-09-19,15,economy,,,6750.0,False,19:40,ok,2026-09-04T12:04:54.054235+05:30,2026-09-04_1204IST,airline_direct,IndiGo
DEL,BOM,6E,IndiGo,6E 6476,2026-09-19,15,economy,,,6828.0,False,07:05,ok,2026-09-04T12:04:54.054235+05:30,2026-09-04_1204IST,airline_direct,IndiGo
DEL,BOM,6E,IndiGo,6E 6050,2026-09-19,15,economy,,,6828.0,False,08:15,ok,2026-09-04T12:04:54.054235+05:30,2026-09-04_1204IST,airline_direct,IndiGo
DEL,BOM,6E,IndiGo,6E 5298,2026-09-19,15,economy,,,6828.0,False,09:00,ok,2026-09-04T12:04:54.054235+05:30,2026-09-04_1204IST,airline_direct,IndiGo
DEL,BOM,6E,IndiGo,6E 2319,2026-09-19,15,economy,,,6828.0,False,09:55,ok,2026-09-04T12:04:54.054235+05:30,2026-09-04_1204IST,airline_direct,IndiGo
DEL,BOM,6E,IndiGo,6E 2147,2026-09-19,15,economy,,,6828.0,False,11:10,ok,2026-09-04T12:04:54.054235+05:30,2026-09-04_1204IST,airline_direct,IndiGo
DEL,BOM,6E,IndiGo,6E 5206,2026-09-19,15,economy,,,6828.0,False,13:20,ok,2026-09-04T12:04:54.054235+05:30,2026-09-04_1204IST,airline_direct,IndiGo
DEL,BOM,6E,IndiGo,6E 5038,2026-09-19,15,economy,,,6828.0,False,14:00,ok,2026-09-04T12:04:54.054235+05:30,2026-09-04_1204IST,airline_direct,IndiGo
DEL,BOM,6E,IndiGo,6E 758,2026-09-19,15,economy,,,6828.0,False,16:10,ok,2026-09-04T12:04:54.054235+05:30,2026-09-04_1204IST,airline_direct,IndiGo
DEL,BOM,6E,IndiGo,6E 2151,2026-09-19,15,economy,,,6828.0,False,19:45,ok,2026-09-04T12:04:54.054235+05:30,2026-09-04_1204IST,airline_direct,IndiGo
DEL,BOM,6E,IndiGo,6E 6479,2026-09-19,15,economy,,,6828.0,False,21:25,ok,2026-09-04T12:04:54.054235+05:30,2026-09-04_1204IST,airline_direct,IndiGo
DEL,BOM,6E,IndiGo,6E 704,2026-09-19,15,business,,,32081.0,False,02:25,ok,2026-09-04T12:04:54.054235+05:30,2026-09-04_1204IST,airline_direct,IndiGo
DEL,BOM,6E,IndiGo,6E 704,2026-09-19,15,economy,,,6960.0,False,02:25,ok,2026-09-04T12:04:54.054235+05:30,2026-09-04_1204IST,airline_direct,IndiGo
DEL,BOM,6E,IndiGo,6E 6293,2026-09-19,15,business,,,29617.0,False,09:55,ok,2026-09-04T12:04:54.054235+05:30,2026-09-04_1204IST,airline_direct,IndiGo
DEL,BOM,6E,IndiGo,6E 6293,2026-09-19,15,economy,,,6960.0,False,09:55,ok,2026-09-04T12:04:54.054235+05:30,2026-09-04_1204IST,airline_direct,IndiGo
DEL,BOM,6E,IndiGo,6E 6282,2026-09-19,15,business,,,29617.0,False,13:30,ok,2026-09-04T12:04:54.054235+05:30,2026-09-04_1204IST,airline_direct,IndiGo
DEL,BOM,6E,IndiGo,6E 6282,2026-09-19,15,economy,,,6960.0,False,13:30,ok,2026-09-04T12:04:54.054235+05:30,2026-09-04_1204IST,airline_direct,IndiGo
DEL,BOM,6E,IndiGo,6E 6601,2026-09-19,15,business,,,29617.0,False,19:45,ok,2026-09-04T12:04:54.054235+05:30,2026-09-04_1204IST,airline_direct,IndiGo
DEL,BOM,6E,IndiGo,6E 6601,2026-09-19,15,economy,,,6960.0,False,19:45,ok,2026-09-04T12:04:54.054235+05:30,2026-09-04_1204IST,airline_direct,IndiGo
DEL,BOM,6E,IndiGo,6E 882,2026-09-19,15,business,,,26583.0,False,23:15,ok,2026-09-04T12:04:54.054235+05:30,2026-09-04_1204IST,airline_direct,IndiGo
DEL,BOM,6E,IndiGo,6E 882,2026-09-19,15,economy,,,6960.0,False,23:15,ok,2026-09-04T12:04:54.054235+05:30,2026-09-04_1204IST,airline_direct,IndiGo
DEL,BOM,6E,IndiGo,6E 5033,2026-09-19,15,economy,,,7142.0,False,15:50,ok,2026-09-04T12:04:54.054235+05:30,2026-09-04_1204IST,airline_direct,IndiGo
DEL,BOM,6E,IndiGo,6E 358,2026-09-19,15,business,,,40981.0,False,12:15,ok,2026-09-04T12:04:54.054235+05:30,2026-09-04_1204IST,airline_direct,IndiGo
DEL,BOM,6E,IndiGo,6E 358,2026-09-19,15,economy,,,8138.0,False,12:15,ok,2026-09-04T12:04:54.054235+05:30,2026-09-04_1204IST,airline_direct,IndiGo
DEL,BOM,6E,IndiGo,6E 6171,2026-09-19,15,economy,,,8351.0,False,05:40,ok,2026-09-04T12:04:54.054235+05:30,2026-09-04_1204IST,airline_direct,IndiGo
DEL,BOM,6E,IndiGo,6E 6497,2026-09-19,15,economy,,,8692.0,False,18:40,ok,2026-09-04T12:04:54.054235+05:30,2026-09-04_1204IST,airline_direct,IndiGo
DEL,BOM,6E,IndiGo,6E 2496,2026-09-19,15,economy,,,9703.0,False,12:40,ok,2026-09-04T12:04:54.054235+05:30,2026-09-04_1204IST,airline_direct,IndiGo
DEL,BOM,6E,IndiGo,6E 5014,2026-09-19,15,economy,,,9812.0,False,18:30,ok,2026-09-04T12:04:54.054235+05:30,2026-09-04_1204IST,airline_direct,IndiGo
DEL,BOM,6E,IndiGo,6E 6488,2026-09-19,15,economy,,,11708.0,False,11:20,ok,2026-09-04T12:04:54.054235+05:30,2026-09-04_1204IST,airline_direct,IndiGo
DEL,BOM,6E,IndiGo,6E 5073,2026-09-19,15,economy,,,12215.0,False,17:05,ok,2026-09-04T12:04:54.054235+05:30,2026-09-04_1204IST,airline_direct,IndiGo
DEL,BOM,6E,IndiGo,6E 705,2026-09-19,15,business,,,29617.0,False,08:30,ok,2026-09-04T12:04:54.054235+05:30,2026-09-04_1204IST,airline_direct,IndiGo
DEL,BOM,6E,IndiGo,6E 705,2026-09-19,15,economy,,,12795.0,False,08:30,ok,2026-09-04T12:04:54.054235+05:30,2026-09-04_1204IST,airline_direct,IndiGo
DEL,BOM,6E,IndiGo,6E 357,2026-09-19,15,business,,,39683.0,False,19:30,ok,2026-09-04T12:04:54.054235+05:30,2026-09-04_1204IST,airline_direct,IndiGo
DEL,BOM,6E,IndiGo,6E 357,2026-09-19,15,economy,,,16708.0,False,19:30,ok,2026-09-04T12:04:54.054235+05:30,2026-09-04_1204IST,airline_direct,IndiGo
DEL,BLR,6E,IndiGo,6E 2314,2026-09-19,15,business,,,26048.0,False,05:45,ok,2026-09-04T12:05:54.011535+05:30,2026-09-04_1205IST,airline_direct,IndiGo
DEL,BLR,6E,IndiGo,6E 2314,2026-09-19,15,economy,,,8671.0,False,05:45,ok,2026-09-04T12:05:54.011535+05:30,2026-09-04_1205IST,airline_direct,IndiGo
DEL,BLR,6E,IndiGo,6E 820,2026-09-19,15,business,,,26048.0,False,03:00,ok,2026-09-04T12:05:54.011535+05:30,2026-09-04_1205IST,airline_direct,IndiGo
DEL,BLR,6E,IndiGo,6E 820,2026-09-19,15,economy,,,9128.0,False,03:00,ok,2026-09-04T12:05:54.011535+05:30,2026-09-04_1205IST,airline_direct,IndiGo
DEL,BLR,6E,IndiGo,6E 810,2026-09-19,15,business,,,26048.0,False,07:05,ok,2026-09-04T12:05:54.011535+05:30,2026-09-04_1205IST,airline_direct,IndiGo
DEL,BLR,6E,IndiGo,6E 810,2026-09-19,15,economy,,,9128.0,False,07:05,ok,2026-09-04T12:05:54.011535+05:30,2026-09-04_1205IST,airline_direct,IndiGo
DEL,BLR,6E,IndiGo,6E 6515,2026-09-19,15,business,,,26048.0,False,20:45,ok,2026-09-04T12:05:54.011535+05:30,2026-09-04_1205IST,airline_direct,IndiGo
DEL,BLR,6E,IndiGo,6E 6515,2026-09-19,15,economy,,,9128.0,False,20:45,ok,2026-09-04T12:05:54.011535+05:30,2026-09-04_1205IST,airline_direct,IndiGo
DEL,BLR,6E,IndiGo,6E 846,2026-09-19,15,business,,,26048.0,False,22:00,ok,2026-09-04T12:05:54.011535+05:30,2026-09-04_1205IST,airline_direct,IndiGo
DEL,BLR,6E,IndiGo,6E 846,2026-09-19,15,economy,,,9128.0,False,22:00,ok,2026-09-04T12:05:54.011535+05:30,2026-09-04_1205IST,airline_direct,IndiGo
DEL,BLR,6E,IndiGo,6E 837,2026-09-19,15,business,,,26048.0,False,17:00,ok,2026-09-04T12:05:54.011535+05:30,2026-09-04_1205IST,airline_direct,IndiGo
DEL,BLR,6E,IndiGo,6E 837,2026-09-19,15,economy,,,9613.0,False,17:00,ok,2026-09-04T12:05:54.011535+05:30,2026-09-04_1205IST,airline_direct,IndiGo
DEL,BLR,6E,IndiGo,6E 811,2026-09-19,15,business,,,26048.0,False,18:20,ok,2026-09-04T12:05:54.011535+05:30,2026-09-04_1205IST,airline_direct,IndiGo
DEL,BLR,6E,IndiGo,6E 811,2026-09-19,15,economy,,,9613.0,False,18:20,ok,2026-09-04T12:05:54.011535+05:30,2026-09-04_1205IST,airline_direct,IndiGo
DEL,BLR,6E,IndiGo,6E 873,2026-09-19,15,business,,,26048.0,False,08:20,ok,2026-09-04T12:05:54.011535+05:30,2026-09-04_1205IST,airline_direct,IndiGo
DEL,BLR,6E,IndiGo,6E 873,2026-09-19,15,economy,,,10128.0,False,08:20,ok,2026-09-04T12:05:54.011535+05:30,2026-09-04_1205IST,airline_direct,IndiGo
DEL,BLR,6E,IndiGo,6E 826,2026-09-19,15,business,,,26048.0,False,09:30,ok,2026-09-04T12:05:54.011535+05:30,2026-09-04_1205IST,airline_direct,IndiGo
DEL,BLR,6E,IndiGo,6E 826,2026-09-19,15,economy,,,10128.0,False,09:30,ok,2026-09-04T12:05:54.011535+05:30,2026-09-04_1205IST,airline_direct,IndiGo
DEL,BLR,6E,IndiGo,6E 880,2026-09-19,15,business,,,26048.0,False,15:45,ok,2026-09-04T12:05:54.011535+05:30,2026-09-04_1205IST,airline_direct,IndiGo
DEL,BLR,6E,IndiGo,6E 880,2026-09-19,15,economy,,,10128.0,False,15:45,ok,2026-09-04T12:05:54.011535+05:30,2026-09-04_1205IST,airline_direct,IndiGo
DEL,BLR,6E,IndiGo,6E 828,2026-09-19,15,business,,,26048.0,False,14:30,ok,2026-09-04T12:05:54.011535+05:30,2026-09-04_1205IST,airline_direct,IndiGo
DEL,BLR,6E,IndiGo,6E 828,2026-09-19,15,economy,,,10675.0,False,14:30,ok,2026-09-04T12:05:54.011535+05:30,2026-09-04_1205IST,airline_direct,IndiGo
DEL,BLR,6E,IndiGo,6E 842,2026-09-19,15,business,,,26048.0,False,10:45,ok,2026-09-04T12:05:54.011535+05:30,2026-09-04_1205IST,airline_direct,IndiGo
DEL,BLR,6E,IndiGo,6E 842,2026-09-19,15,economy,,,11257.0,False,10:45,ok,2026-09-04T12:05:54.011535+05:30,2026-09-04_1205IST,airline_direct,IndiGo
DEL,BLR,6E,IndiGo,6E 850,2026-09-19,15,business,,,26048.0,False,12:20,ok,2026-09-04T12:05:54.011535+05:30,2026-09-04_1205IST,airline_direct,IndiGo
DEL,BLR,6E,IndiGo,6E 850,2026-09-19,15,economy,,,11257.0,False,12:20,ok,2026-09-04T12:05:54.011535+05:30,2026-09-04_1205IST,airline_direct,IndiGo
DEL,BLR,6E,IndiGo,6E 176,2026-09-19,15,business,,,26048.0,False,13:15,ok,2026-09-04T12:05:54.011535+05:30,2026-09-04_1205IST,airline_direct,IndiGo
DEL,BLR,6E,IndiGo,6E 176,2026-09-19,15,economy,,,11257.0,False,13:15,ok,2026-09-04T12:05:54.011535+05:30,2026-09-04_1205IST,airline_direct,IndiGo
DEL,BLR,6E,IndiGo,6E 861,2026-09-19,15,business,,,26048.0,False,19:30,ok,2026-09-04T12:05:54.011535+05:30,2026-09-04_1205IST,airline_direct,IndiGo
DEL,BLR,6E,IndiGo,6E 861,2026-09-19,15,economy,,,11257.0,False,19:30,ok,2026-09-04T12:05:54.011535+05:30,2026-09-04_1205IST,airline_direct,IndiGo
DEL,BLR,6E,IndiGo,6E 6433,2026-09-19,15,economy,,,9867.0,False,16:30,ok,2026-09-04T12:05:54.011535+05:30,2026-09-04_1205IST,airline_direct,IndiGo
DEL,BLR,6E,IndiGo,6E 704,2026-09-19,15,business,,,24542.0,False,02:25,ok,2026-09-04T12:05:54.011535+05:30,2026-09-04_1205IST,airline_direct,IndiGo
DEL,BLR,6E,IndiGo,6E 704,2026-09-19,15,economy,,,9946.0,False,02:25,ok,2026-09-04T12:05:54.011535+05:30,2026-09-04_1205IST,airline_direct,IndiGo
DEL,BLR,6E,IndiGo,6E 6293,2026-09-19,15,business,,,24908.0,False,09:55,ok,2026-09-04T12:05:54.011535+05:30,2026-09-04_1205IST,airline_direct,IndiGo
DEL,BLR,6E,IndiGo,6E 6293,2026-09-19,15,economy,,,9946.0,False,09:55,ok,2026-09-04T12:05:54.011535+05:30,2026-09-04_1205IST,airline_direct,IndiGo
DEL,BLR,6E,IndiGo,6E 884,2026-09-19,15,business,,,25312.0,False,11:45,ok,2026-09-04T12:05:54.011535+05:30,2026-09-04_1205IST,airline_direct,IndiGo
DEL,BLR,6E,IndiGo,6E 884,2026-09-19,15,economy,,,9946.0,False,11:45,ok,2026-09-04T12:05:54.011535+05:30,2026-09-04_1205IST,airline_direct,IndiGo
DEL,BLR,6E,IndiGo,6E 6282,2026-09-19,15,business,,,24908.0,False,13:30,ok,2026-09-04T12:05:54.011535+05:30,2026-09-04_1205IST,airline_direct,IndiGo
DEL,BLR,6E,IndiGo,6E 6282,2026-09-19,15,economy,,,9946.0,False,13:30,ok,2026-09-04T12:05:54.011535+05:30,2026-09-04_1205IST,airline_direct,IndiGo
DEL,BLR,6E,IndiGo,6E 6217,2026-09-19,15,business,,,24542.0,False,16:15,ok,2026-09-04T12:05:54.011535+05:30,2026-09-04_1205IST,airline_direct,IndiGo
DEL,BLR,6E,IndiGo,6E 6217,2026-09-19,15,economy,,,9946.0,False,16:15,ok,2026-09-04T12:05:54.011535+05:30,2026-09-04_1205IST,airline_direct,IndiGo
DEL,BLR,6E,IndiGo,6E 717,2026-09-19,15,business,,,24542.0,False,17:55,ok,2026-09-04T12:05:54.011535+05:30,2026-09-04_1205IST,airline_direct,IndiGo
DEL,BLR,6E,IndiGo,6E 717,2026-09-19,15,economy,,,9946.0,False,17:55,ok,2026-09-04T12:05:54.011535+05:30,2026-09-04_1205IST,airline_direct,IndiGo
DEL,BLR,6E,IndiGo,6E 2151,2026-09-19,15,economy,,,10000.0,False,19:45,ok,2026-09-04T12:05:54.011535+05:30,2026-09-04_1205IST,airline_direct,IndiGo
DEL,BLR,6E,IndiGo,6E 2343,2026-09-19,15,business,,,28035.0,False,02:20,ok,2026-09-04T12:05:54.011535+05:30,2026-09-04_1205IST,airline_direct,IndiGo
DEL,BLR,6E,IndiGo,6E 2343,2026-09-19,15,economy,,,10077.0,False,02:20,ok,2026-09-04T12:05:54.011535+05:30,2026-09-04_1205IST,airline_direct,IndiGo
DEL,BLR,6E,IndiGo,6E 5119,2026-09-19,15,economy,,,10077.0,False,05:10,ok,2026-09-04T12:05:54.011535+05:30,2026-09-04_1205IST,airline_direct,IndiGo
DEL,BLR,6E,IndiGo,6E 6459,2026-09-19,15,economy,,,10077.0,False,05:55,ok,2026-09-04T12:05:54.011535+05:30,2026-09-04_1205IST,airline_direct,IndiGo
DEL,BLR,6E,IndiGo,6E 2262,2026-09-19,15,business,,,27808.0,False,06:10,ok,2026-09-04T12:05:54.011535+05:30,2026-09-04_1205IST,airline_direct,IndiGo
DEL,BLR,6E,IndiGo,6E 2262,2026-09-19,15,economy,,,10077.0,False,06:10,ok,2026-09-04T12:05:54.011535+05:30,2026-09-04_1205IST,airline_direct,IndiGo
DEL,BLR,6E,IndiGo,6E 6470,2026-09-19,15,economy,,,10077.0,False,06:55,ok,2026-09-04T12:05:54.011535+05:30,2026-09-04_1205IST,airline_direct,IndiGo
DEL,BLR,6E,IndiGo,6E 320,2026-09-19,15,business,,,34636.0,False,08:00,ok,2026-09-04T12:05:54.011535+05:30,2026-09-04_1205IST,airline_direct,IndiGo
DEL,BLR,6E,IndiGo,6E 320,2026-09-19,15,economy,,,10077.0,False,08:00,ok,2026-09-04T12:05:54.011535+05:30,2026-09-04_1205IST,airline_direct,IndiGo
DEL,BLR,6E,IndiGo,6E 6047,2026-09-19,15,business,,,34636.0,False,11:00,ok,2026-09-04T12:05:54.011535+05:30,2026-09-04_1205IST,airline_direct,IndiGo
DEL,BLR,6E,IndiGo,6E 6047,2026-09-19,15,economy,,,10077.0,False,11:00,ok,2026-09-04T12:05:54.011535+05:30,2026-09-04_1205IST,airline_direct,IndiGo
DEL,BLR,6E,IndiGo,6E 6488,2026-09-19,15,economy,,,10077.0,False,11:20,ok,2026-09-04T12:05:54.011535+05:30,2026-09-04_1205IST,airline_direct,IndiGo
DEL,BLR,6E,IndiGo,6E 2557,2026-09-19,15,economy,,,10077.0,False,15:20,ok,2026-09-04T12:05:54.011535+05:30,2026-09-04_1205IST,airline_direct,IndiGo
DEL,BLR,6E,IndiGo,6E 734,2026-09-19,15,economy,,,10077.0,False,16:20,ok,2026-09-04T12:05:54.011535+05:30,2026-09-04_1205IST,airline_direct,IndiGo
DEL,BLR,6E,IndiGo,6E 6437,2026-09-19,15,business,,,27386.0,False,16:25,ok,2026-09-04T12:05:54.011535+05:30,2026-09-04_1205IST,airline_direct,IndiGo
DEL,BLR,6E,IndiGo,6E 6437,2026-09-19,15,economy,,,10077.0,False,16:25,ok,2026-09-04T12:05:54.011535+05:30,2026-09-04_1205IST,airline_direct,IndiGo
DEL,BLR,6E,IndiGo,6E 6706,2026-09-19,15,business,,,34636.0,False,17:00,ok,2026-09-04T12:05:54.011535+05:30,2026-09-04_1205IST,airline_direct,IndiGo
DEL,BLR,6E,IndiGo,6E 6706,2026-09-19,15,economy,,,10077.0,False,17:00,ok,2026-09-04T12:05:54.011535+05:30,2026-09-04_1205IST,airline_direct,IndiGo
DEL,BLR,6E,IndiGo,6E 5073,2026-09-19,15,economy,,,10077.0,False,17:05,ok,2026-09-04T12:05:54.011535+05:30,2026-09-04_1205IST,airline_direct,IndiGo
DEL,BLR,6E,IndiGo,6E 6829,2026-09-19,15,economy,,,10077.0,False,17:20,ok,2026-09-04T12:05:54.011535+05:30,2026-09-04_1205IST,airline_direct,IndiGo
DEL,BLR,6E,IndiGo,6E 329,2026-09-19,15,business,,,34636.0,False,18:00,ok,2026-09-04T12:05:54.011535+05:30,2026-09-04_1205IST,airline_direct,IndiGo
DEL,BLR,6E,IndiGo,6E 329,2026-09-19,15,economy,,,10077.0,False,18:00,ok,2026-09-04T12:05:54.011535+05:30,2026-09-04_1205IST,airline_direct,IndiGo
DEL,BLR,6E,IndiGo,6E 329,2026-09-19,15,business,,,34636.0,False,18:00,ok,2026-09-04T12:05:54.011535+05:30,2026-09-04_1205IST,airline_direct,IndiGo
DEL,BLR,6E,IndiGo,6E 329,2026-09-19,15,economy,,,10077.0,False,18:00,ok,2026-09-04T12:05:54.011535+05:30,2026-09-04_1205IST,airline_direct,IndiGo
DEL,BLR,6E,IndiGo,6E 6179,2026-09-19,15,economy,,,10077.0,False,18:30,ok,2026-09-04T12:05:54.011535+05:30,2026-09-04_1205IST,airline_direct,IndiGo
DEL,BLR,6E,IndiGo,6E 931,2026-09-19,15,economy,,,10077.0,False,19:35,ok,2026-09-04T12:05:54.011535+05:30,2026-09-04_1205IST,airline_direct,IndiGo
DEL,BLR,6E,IndiGo,6E 6673,2026-09-19,15,business,,,26816.0,False,21:15,ok,2026-09-04T12:05:54.011535+05:30,2026-09-04_1205IST,airline_direct,IndiGo
DEL,BLR,6E,IndiGo,6E 6673,2026-09-19,15,economy,,,10077.0,False,21:15,ok,2026-09-04T12:05:54.011535+05:30,2026-09-04_1205IST,airline_direct,IndiGo
DEL,BLR,6E,IndiGo,6E 2618,2026-09-19,15,business,,,26816.0,False,23:00,ok,2026-09-04T12:05:54.011535+05:30,2026-09-04_1205IST,airline_direct,IndiGo
DEL,BLR,6E,IndiGo,6E 2618,2026-09-19,15,economy,,,10077.0,False,23:00,ok,2026-09-04T12:05:54.011535+05:30,2026-09-04_1205IST,airline_direct,IndiGo
DEL,BLR,6E,IndiGo,6E 6476,2026-09-19,15,economy,,,10156.0,False,07:05,ok,2026-09-04T12:05:54.011535+05:30,2026-09-04_1205IST,airline_direct,IndiGo
DEL,BLR,6E,IndiGo,6E 2277,2026-09-19,15,business,,,35997.0,False,10:25,ok,2026-09-04T12:05:54.011535+05:30,2026-09-04_1205IST,airline_direct,IndiGo
DEL,BLR,6E,IndiGo,6E 2277,2026-09-19,15,economy,,,10156.0,False,10:25,ok,2026-09-04T12:05:54.011535+05:30,2026-09-04_1205IST,airline_direct,IndiGo
DEL,BLR,6E,IndiGo,6E 434,2026-09-19,15,business,,,29038.0,False,11:00,ok,2026-09-04T12:05:54.011535+05:30,2026-09-04_1205IST,airline_direct,IndiGo
DEL,BLR,6E,IndiGo,6E 434,2026-09-19,15,economy,,,10156.0,False,11:00,ok,2026-09-04T12:05:54.011535+05:30,2026-09-04_1205IST,airline_direct,IndiGo
DEL,BLR,6E,IndiGo,6E 6115,2026-09-19,15,business,,,28318.0,False,13:10,ok,2026-09-04T12:05:54.011535+05:30,2026-09-04_1205IST,airline_direct,IndiGo
DEL,BLR,6E,IndiGo,6E 6115,2026-09-19,15,economy,,,10156.0,False,13:10,ok,2026-09-04T12:05:54.011535+05:30,2026-09-04_1205IST,airline_direct,IndiGo
DEL,BLR,6E,IndiGo,6E 5038,2026-09-19,15,economy,,,10156.0,False,14:00,ok,2026-09-04T12:05:54.011535+05:30,2026-09-04_1205IST,airline_direct,IndiGo
DEL,BLR,6E,IndiGo,6E 6091,2026-09-19,15,business,,,29038.0,False,15:15,ok,2026-09-04T12:05:54.011535+05:30,2026-09-04_1205IST,airline_direct,IndiGo
DEL,BLR,6E,IndiGo,6E 6091,2026-09-19,15,economy,,,10156.0,False,15:15,ok,2026-09-04T12:05:54.011535+05:30,2026-09-04_1205IST,airline_direct,IndiGo
DEL,BLR,6E,IndiGo,6E 5033,2026-09-19,15,economy,,,10156.0,False,15:50,ok,2026-09-04T12:05:54.011535+05:30,2026-09-04_1205IST,airline_direct,IndiGo
DEL,BLR,6E,IndiGo,6E 947,2026-09-19,15,business,,,28318.0,False,16:40,ok,2026-09-04T12:05:54.011535+05:30,2026-09-04_1205IST,airline_direct,IndiGo
DEL,BLR,6E,IndiGo,6E 947,2026-09-19,15,economy,,,10156.0,False,16:40,ok,2026-09-04T12:05:54.011535+05:30,2026-09-04_1205IST,airline_direct,IndiGo
DEL,BLR,6E,IndiGo,6E 6632,2026-09-19,15,economy,,,10156.0,False,17:50,ok,2026-09-04T12:05:54.011535+05:30,2026-09-04_1205IST,airline_direct,IndiGo
DEL,BLR,6E,IndiGo,6E 950,2026-09-19,15,business,,,28318.0,False,18:15,ok,2026-09-04T12:05:54.011535+05:30,2026-09-04_1205IST,airline_direct,IndiGo
DEL,BLR,6E,IndiGo,6E 950,2026-09-19,15,economy,,,10156.0,False,18:15,ok,2026-09-04T12:05:54.011535+05:30,2026-09-04_1205IST,airline_direct,IndiGo
DEL,BLR,6E,IndiGo,6E 6497,2026-09-19,15,economy,,,10287.0,False,18:40,ok,2026-09-04T12:05:54.011535+05:30,2026-09-04_1205IST,airline_direct,IndiGo
DEL,BLR,6E,IndiGo,6E 5001,2026-09-19,15,economy,,,10314.0,False,17:10,ok,2026-09-04T12:05:54.011535+05:30,2026-09-04_1205IST,airline_direct,IndiGo
DEL,BLR,6E,IndiGo,6E 5191,2026-09-19,15,business,,,30691.0,False,05:00,ok,2026-09-04T12:05:54.011535+05:30,2026-09-04_1205IST,airline_direct,IndiGo
DEL,BLR,6E,IndiGo,6E 5191,2026-09-19,15,economy,,,10497.0,False,05:00,ok,2026-09-04T12:05:54.011535+05:30,2026-09-04_1205IST,airline_direct,IndiGo
DEL,BLR,6E,IndiGo,6E 513,2026-09-19,15,business,,,31281.0,False,08:30,ok,2026-09-04T12:05:54.011535+05:30,2026-09-04_1205IST,airline_direct,IndiGo
DEL,BLR,6E,IndiGo,6E 513,2026-09-19,15,economy,,,10497.0,False,08:30,ok,2026-09-04T12:05:54.011535+05:30,2026-09-04_1205IST,airline_direct,IndiGo
DEL,BLR,6E,IndiGo,6E 358,2026-09-19,15,business,,,35289.0,False,12:15,ok,2026-09-04T12:05:54.011535+05:30,2026-09-04_1205IST,airline_direct,IndiGo
DEL,BLR,6E,IndiGo,6E 358,2026-09-19,15,economy,,,10930.0,False,12:15,ok,2026-09-04T12:05:54.011535+05:30,2026-09-04_1205IST,airline_direct,IndiGo
DEL,BLR,6E,IndiGo,6E 758,2026-09-19,15,economy,,,12489.0,False,16:10,ok,2026-09-04T12:05:54.011535+05:30,2026-09-04_1205IST,airline_direct,IndiGo
DEL,BLR,6E,IndiGo,6E 705,2026-09-19,15,business,,,26251.0,False,08:30,ok,2026-09-04T12:05:54.011535+05:30,2026-09-04_1205IST,airline_direct,IndiGo
DEL,BLR,6E,IndiGo,6E 705,2026-09-19,15,economy,,,12625.0,False,08:30,ok,2026-09-04T12:05:54.011535+05:30,2026-09-04_1205IST,airline_direct,IndiGo
BOM,BLR,6E,IndiGo,6E 5323,2026-09-19,15,business,,,18948.0,False,01:10,ok,2026-09-04T12:07:07.657339+05:30,2026-09-04_1207IST,airline_direct,IndiGo
BOM,BLR,6E,IndiGo,6E 5323,2026-09-19,15,economy,,,5091.0,False,01:10,ok,2026-09-04T12:07:07.657339+05:30,2026-09-04_1207IST,airline_direct,IndiGo
BOM,BLR,6E,IndiGo,6E 5294,2026-09-19,15,business,,,18948.0,False,04:30,ok,2026-09-04T12:07:07.657339+05:30,2026-09-04_1207IST,airline_direct,IndiGo
BOM,BLR,6E,IndiGo,6E 5294,2026-09-19,15,economy,,,5091.0,False,04:30,ok,2026-09-04T12:07:07.657339+05:30,2026-09-04_1207IST,airline_direct,IndiGo
BOM,BLR,6E,IndiGo,6E 5296,2026-09-19,15,business,,,18948.0,False,06:30,ok,2026-09-04T12:07:07.657339+05:30,2026-09-04_1207IST,airline_direct,IndiGo
BOM,BLR,6E,IndiGo,6E 5296,2026-09-19,15,economy,,,6747.0,False,06:30,ok,2026-09-04T12:07:07.657339+05:30,2026-09-04_1207IST,airline_direct,IndiGo
BOM,BLR,6E,IndiGo,6E 5193,2026-09-19,15,economy,,,6747.0,False,08:05,ok,2026-09-04T12:07:07.657339+05:30,2026-09-04_1207IST,airline_direct,IndiGo
BOM,BLR,6E,IndiGo,6E 5388,2026-09-19,15,business,,,18948.0,False,22:20,ok,2026-09-04T12:07:07.657339+05:30,2026-09-04_1207IST,airline_direct,IndiGo
BOM,BLR,6E,IndiGo,6E 5388,2026-09-19,15,economy,,,6747.0,False,22:20,ok,2026-09-04T12:07:07.657339+05:30,2026-09-04_1207IST,airline_direct,IndiGo
BOM,BLR,6E,IndiGo,6E 5217,2026-09-19,15,business,,,18948.0,False,11:00,ok,2026-09-04T12:07:07.657339+05:30,2026-09-04_1207IST,airline_direct,IndiGo
BOM,BLR,6E,IndiGo,6E 5217,2026-09-19,15,economy,,,7062.0,False,11:00,ok,2026-09-04T12:07:07.657339+05:30,2026-09-04_1207IST,airline_direct,IndiGo
BOM,BLR,6E,IndiGo,6E 5071,2026-09-19,15,business,,,18948.0,False,15:35,ok,2026-09-04T12:07:07.657339+05:30,2026-09-04_1207IST,airline_direct,IndiGo
BOM,BLR,6E,IndiGo,6E 5071,2026-09-19,15,economy,,,7062.0,False,15:35,ok,2026-09-04T12:07:07.657339+05:30,2026-09-04_1207IST,airline_direct,IndiGo
BOM,BLR,6E,IndiGo,6E 5221,2026-09-19,15,business,,,18948.0,False,17:00,ok,2026-09-04T12:07:07.657339+05:30,2026-09-04_1207IST,airline_direct,IndiGo
BOM,BLR,6E,IndiGo,6E 5221,2026-09-19,15,economy,,,7062.0,False,17:00,ok,2026-09-04T12:07:07.657339+05:30,2026-09-04_1207IST,airline_direct,IndiGo
BOM,BLR,6E,IndiGo,6E 5047,2026-09-19,15,business,,,18948.0,False,18:30,ok,2026-09-04T12:07:07.657339+05:30,2026-09-04_1207IST,airline_direct,IndiGo
BOM,BLR,6E,IndiGo,6E 5047,2026-09-19,15,economy,,,7062.0,False,18:30,ok,2026-09-04T12:07:07.657339+05:30,2026-09-04_1207IST,airline_direct,IndiGo
BOM,BLR,6E,IndiGo,6E 6188,2026-09-19,15,business,,,18948.0,False,21:30,ok,2026-09-04T12:07:07.657339+05:30,2026-09-04_1207IST,airline_direct,IndiGo
BOM,BLR,6E,IndiGo,6E 6188,2026-09-19,15,economy,,,7062.0,False,21:30,ok,2026-09-04T12:07:07.657339+05:30,2026-09-04_1207IST,airline_direct,IndiGo
BOM,BLR,6E,IndiGo,6E 5092,2026-09-19,15,business,,,18948.0,False,09:50,ok,2026-09-04T12:07:07.657339+05:30,2026-09-04_1207IST,airline_direct,IndiGo
BOM,BLR,6E,IndiGo,6E 5092,2026-09-19,15,economy,,,7377.0,False,09:50,ok,2026-09-04T12:07:07.657339+05:30,2026-09-04_1207IST,airline_direct,IndiGo
BOM,BLR,6E,IndiGo,6E 5184,2026-09-19,15,business,,,18948.0,False,12:30,ok,2026-09-04T12:07:07.657339+05:30,2026-09-04_1207IST,airline_direct,IndiGo
BOM,BLR,6E,IndiGo,6E 5184,2026-09-19,15,economy,,,7377.0,False,12:30,ok,2026-09-04T12:07:07.657339+05:30,2026-09-04_1207IST,airline_direct,IndiGo
BOM,BLR,6E,IndiGo,6E 5382,2026-09-19,15,business,,,18948.0,False,14:30,ok,2026-09-04T12:07:07.657339+05:30,2026-09-04_1207IST,airline_direct,IndiGo
BOM,BLR,6E,IndiGo,6E 5382,2026-09-19,15,economy,,,7377.0,False,14:30,ok,2026-09-04T12:07:07.657339+05:30,2026-09-04_1207IST,airline_direct,IndiGo
BOM,BLR,6E,IndiGo,6E 6599,2026-09-19,15,economy,,,8257.0,False,16:50,ok,2026-09-04T12:07:07.657339+05:30,2026-09-04_1207IST,airline_direct,IndiGo
BOM,BLR,6E,IndiGo,6E 6361,2026-09-19,15,economy,,,8377.0,False,05:00,ok,2026-09-04T12:07:07.657339+05:30,2026-09-04_1207IST,airline_direct,IndiGo
BOM,BLR,6E,IndiGo,6E 261,2026-09-19,15,economy,,,8377.0,False,11:20,ok,2026-09-04T12:07:07.657339+05:30,2026-09-04_1207IST,airline_direct,IndiGo
BOM,BLR,6E,IndiGo,6E 261,2026-09-19,15,economy,,,8377.0,False,11:20,ok,2026-09-04T12:07:07.657339+05:30,2026-09-04_1207IST,airline_direct,IndiGo
BOM,BLR,6E,IndiGo,6E 5241,2026-09-19,15,economy,,,8377.0,False,16:40,ok,2026-09-04T12:07:07.657339+05:30,2026-09-04_1207IST,airline_direct,IndiGo
BOM,BLR,6E,IndiGo,6E 5241,2026-09-19,15,economy,,,8377.0,False,16:40,ok,2026-09-04T12:07:07.657339+05:30,2026-09-04_1207IST,airline_direct,IndiGo
BOM,BLR,6E,IndiGo,6E 5318,2026-09-19,15,business,,,28196.0,False,10:15,ok,2026-09-04T12:07:07.657339+05:30,2026-09-04_1207IST,airline_direct,IndiGo
BOM,BLR,6E,IndiGo,6E 5318,2026-09-19,15,economy,,,8508.0,False,10:15,ok,2026-09-04T12:07:07.657339+05:30,2026-09-04_1207IST,airline_direct,IndiGo
BOM,BLR,6E,IndiGo,6E 5318,2026-09-19,15,business,,,28601.0,False,10:15,ok,2026-09-04T12:07:07.657339+05:30,2026-09-04_1207IST,airline_direct,IndiGo
BOM,BLR,6E,IndiGo,6E 5318,2026-09-19,15,economy,,,8508.0,False,10:15,ok,2026-09-04T12:07:07.657339+05:30,2026-09-04_1207IST,airline_direct,IndiGo
BOM,BLR,6E,IndiGo,6E 5178,2026-09-19,15,business,,,22501.0,False,11:40,ok,2026-09-04T12:07:07.657339+05:30,2026-09-04_1207IST,airline_direct,IndiGo
BOM,BLR,6E,IndiGo,6E 5178,2026-09-19,15,economy,,,8508.0,False,11:40,ok,2026-09-04T12:07:07.657339+05:30,2026-09-04_1207IST,airline_direct,IndiGo
BOM,BLR,6E,IndiGo,6E 5178,2026-09-19,15,business,,,22906.0,False,11:40,ok,2026-09-04T12:07:07.657339+05:30,2026-09-04_1207IST,airline_direct,IndiGo
BOM,BLR,6E,IndiGo,6E 5178,2026-09-19,15,economy,,,8508.0,False,11:40,ok,2026-09-04T12:07:07.657339+05:30,2026-09-04_1207IST,airline_direct,IndiGo
BOM,BLR,6E,IndiGo,6E 5386,2026-09-19,15,business,,,19670.0,False,15:10,ok,2026-09-04T12:07:07.657339+05:30,2026-09-04_1207IST,airline_direct,IndiGo
BOM,BLR,6E,IndiGo,6E 5386,2026-09-19,15,economy,,,8508.0,False,15:10,ok,2026-09-04T12:07:07.657339+05:30,2026-09-04_1207IST,airline_direct,IndiGo
BOM,BLR,6E,IndiGo,6E 5228,2026-09-19,15,business,,,19670.0,False,16:45,ok,2026-09-04T12:07:07.657339+05:30,2026-09-04_1207IST,airline_direct,IndiGo
BOM,BLR,6E,IndiGo,6E 5228,2026-09-19,15,economy,,,8508.0,False,16:45,ok,2026-09-04T12:07:07.657339+05:30,2026-09-04_1207IST,airline_direct,IndiGo
BOM,BLR,6E,IndiGo,6E 6802,2026-09-19,15,economy,,,8639.0,False,16:55,ok,2026-09-04T12:07:07.657339+05:30,2026-09-04_1207IST,airline_direct,IndiGo
BOM,BLR,6E,IndiGo,6E 632,2026-09-19,15,economy,,,8718.0,False,04:00,ok,2026-09-04T12:07:07.657339+05:30,2026-09-04_1207IST,airline_direct,IndiGo
BOM,BLR,6E,IndiGo,6E 136,2026-09-19,15,business,,,24040.0,False,04:05,ok,2026-09-04T12:07:07.657339+05:30,2026-09-04_1207IST,airline_direct,IndiGo
BOM,BLR,6E,IndiGo,6E 136,2026-09-19,15,economy,,,8718.0,False,04:05,ok,2026-09-04T12:07:07.657339+05:30,2026-09-04_1207IST,airline_direct,IndiGo
BOM,BLR,6E,IndiGo,6E 136,2026-09-19,15,business,,,24040.0,False,04:05,ok,2026-09-04T12:07:07.657339+05:30,2026-09-04_1207IST,airline_direct,IndiGo
BOM,BLR,6E,IndiGo,6E 136,2026-09-19,15,economy,,,8718.0,False,04:05,ok,2026-09-04T12:07:07.657339+05:30,2026-09-04_1207IST,airline_direct,IndiGo
BOM,BLR,6E,IndiGo,6E 5188,2026-09-19,15,business,,,24760.0,False,06:15,ok,2026-09-04T12:07:07.657339+05:30,2026-09-04_1207IST,airline_direct,IndiGo
BOM,BLR,6E,IndiGo,6E 5188,2026-09-19,15,economy,,,8718.0,False,06:15,ok,2026-09-04T12:07:07.657339+05:30,2026-09-04_1207IST,airline_direct,IndiGo
BOM,BLR,6E,IndiGo,6E 5204,2026-09-19,15,business,,,24040.0,False,08:15,ok,2026-09-04T12:07:07.657339+05:30,2026-09-04_1207IST,airline_direct,IndiGo
BOM,BLR,6E,IndiGo,6E 5204,2026-09-19,15,economy,,,8718.0,False,08:15,ok,2026-09-04T12:07:07.657339+05:30,2026-09-04_1207IST,airline_direct,IndiGo
BOM,BLR,6E,IndiGo,6E 5109,2026-09-19,15,economy,,,8718.0,False,09:35,ok,2026-09-04T12:07:07.657339+05:30,2026-09-04_1207IST,airline_direct,IndiGo
BOM,BLR,6E,IndiGo,6E 5313,2026-09-19,15,business,,,24040.0,False,09:50,ok,2026-09-04T12:07:07.657339+05:30,2026-09-04_1207IST,airline_direct,IndiGo
BOM,BLR,6E,IndiGo,6E 5313,2026-09-19,15,economy,,,8718.0,False,09:50,ok,2026-09-04T12:07:07.657339+05:30,2026-09-04_1207IST,airline_direct,IndiGo
BOM,BLR,6E,IndiGo,6E 5313,2026-09-19,15,business,,,24760.0,False,09:50,ok,2026-09-04T12:07:07.657339+05:30,2026-09-04_1207IST,airline_direct,IndiGo
BOM,BLR,6E,IndiGo,6E 5313,2026-09-19,15,economy,,,8718.0,False,09:50,ok,2026-09-04T12:07:07.657339+05:30,2026-09-04_1207IST,airline_direct,IndiGo
BOM,BLR,6E,IndiGo,6E 6349,2026-09-19,15,business,,,24760.0,False,11:40,ok,2026-09-04T12:07:07.657339+05:30,2026-09-04_1207IST,airline_direct,IndiGo
BOM,BLR,6E,IndiGo,6E 6349,2026-09-19,15,economy,,,8718.0,False,11:40,ok,2026-09-04T12:07:07.657339+05:30,2026-09-04_1207IST,airline_direct,IndiGo
BOM,BLR,6E,IndiGo,6E 6349,2026-09-19,15,business,,,24040.0,False,11:40,ok,2026-09-04T12:07:07.657339+05:30,2026-09-04_1207IST,airline_direct,IndiGo
BOM,BLR,6E,IndiGo,6E 6349,2026-09-19,15,economy,,,8718.0,False,11:40,ok,2026-09-04T12:07:07.657339+05:30,2026-09-04_1207IST,airline_direct,IndiGo
BOM,BLR,6E,IndiGo,6E 2284,2026-09-19,15,economy,,,8718.0,False,12:05,ok,2026-09-04T12:07:07.657339+05:30,2026-09-04_1207IST,airline_direct,IndiGo
BOM,BLR,6E,IndiGo,6E 5337,2026-09-19,15,business,,,24040.0,False,13:45,ok,2026-09-04T12:07:07.657339+05:30,2026-09-04_1207IST,airline_direct,IndiGo
BOM,BLR,6E,IndiGo,6E 5337,2026-09-19,15,economy,,,8718.0,False,13:45,ok,2026-09-04T12:07:07.657339+05:30,2026-09-04_1207IST,airline_direct,IndiGo
BOM,BLR,6E,IndiGo,6E 5337,2026-09-19,15,business,,,24760.0,False,13:45,ok,2026-09-04T12:07:07.657339+05:30,2026-09-04_1207IST,airline_direct,IndiGo
BOM,BLR,6E,IndiGo,6E 5337,2026-09-19,15,economy,,,8718.0,False,13:45,ok,2026-09-04T12:07:07.657339+05:30,2026-09-04_1207IST,airline_direct,IndiGo
BOM,BLR,6E,IndiGo,6E 5196,2026-09-19,15,business,,,24760.0,False,15:25,ok,2026-09-04T12:07:07.657339+05:30,2026-09-04_1207IST,airline_direct,IndiGo
BOM,BLR,6E,IndiGo,6E 5196,2026-09-19,15,economy,,,8718.0,False,15:25,ok,2026-09-04T12:07:07.657339+05:30,2026-09-04_1207IST,airline_direct,IndiGo
BOM,BLR,6E,IndiGo,6E 5196,2026-09-19,15,business,,,24040.0,False,15:25,ok,2026-09-04T12:07:07.657339+05:30,2026-09-04_1207IST,airline_direct,IndiGo
BOM,BLR,6E,IndiGo,6E 5196,2026-09-19,15,economy,,,8718.0,False,15:25,ok,2026-09-04T12:07:07.657339+05:30,2026-09-04_1207IST,airline_direct,IndiGo
BOM,BLR,6E,IndiGo,6E 240,2026-09-19,15,economy,,,8718.0,False,15:45,ok,2026-09-04T12:07:07.657339+05:30,2026-09-04_1207IST,airline_direct,IndiGo
BOM,BLR,6E,IndiGo,6E 5048,2026-09-19,15,business,,,24040.0,False,17:25,ok,2026-09-04T12:07:07.657339+05:30,2026-09-04_1207IST,airline_direct,IndiGo
BOM,BLR,6E,IndiGo,6E 5048,2026-09-19,15,economy,,,8718.0,False,17:25,ok,2026-09-04T12:07:07.657339+05:30,2026-09-04_1207IST,airline_direct,IndiGo
BOM,BLR,6E,IndiGo,6E 5126,2026-09-19,15,economy,,,8718.0,False,18:15,ok,2026-09-04T12:07:07.657339+05:30,2026-09-04_1207IST,airline_direct,IndiGo
BOM,BLR,6E,IndiGo,6E 2237,2026-09-19,15,economy,,,8718.0,False,18:40,ok,2026-09-04T12:07:07.657339+05:30,2026-09-04_1207IST,airline_direct,IndiGo
BOM,BLR,6E,IndiGo,6E 5107,2026-09-19,15,economy,,,8718.0,False,20:00,ok,2026-09-04T12:07:07.657339+05:30,2026-09-04_1207IST,airline_direct,IndiGo
BOM,BLR,6E,IndiGo,6E 5181,2026-09-19,15,economy,,,8849.0,False,10:25,ok,2026-09-04T12:07:07.657339+05:30,2026-09-04_1207IST,airline_direct,IndiGo
BOM,BLR,6E,IndiGo,6E 5082,2026-09-19,15,economy,,,9023.0,False,18:05,ok,2026-09-04T12:07:07.657339+05:30,2026-09-04_1207IST,airline_direct,IndiGo
BOM,BLR,6E,IndiGo,6E 5123,2026-09-19,15,economy,,,9285.0,False,14:40,ok,2026-09-04T12:07:07.657339+05:30,2026-09-04_1207IST,airline_direct,IndiGo
BOM,BLR,6E,IndiGo,6E 2016,2026-09-19,15,economy,,,9364.0,False,13:35,ok,2026-09-04T12:07:07.657339+05:30,2026-09-04_1207IST,airline_direct,IndiGo
BOM,BLR,6E,IndiGo,6E 5201,2026-09-19,15,economy,,,9364.0,False,14:55,ok,2026-09-04T12:07:07.657339+05:30,2026-09-04_1207IST,airline_direct,IndiGo
BOM,BLR,6E,IndiGo,6E 5228,2026-09-19,15,business,,,19670.0,False,16:45,ok,2026-09-04T12:07:07.657339+05:30,2026-09-04_1207IST,airline_direct,IndiGo
BOM,BLR,6E,IndiGo,6E 5228,2026-09-19,15,economy,,,9703.0,False,16:45,ok,2026-09-04T12:07:07.657339+05:30,2026-09-04_1207IST,airline_direct,IndiGo
BOM,BLR,6E,IndiGo,6E 230,2026-09-19,15,economy,,,9727.0,False,13:55,ok,2026-09-04T12:07:07.657339+05:30,2026-09-04_1207IST,airline_direct,IndiGo
BOM,BLR,6E,IndiGo,6E 5386,2026-09-19,15,business,,,20036.0,False,15:10,ok,2026-09-04T12:07:07.657339+05:30,2026-09-04_1207IST,airline_direct,IndiGo
BOM,BLR,6E,IndiGo,6E 5386,2026-09-19,15,economy,,,9858.0,False,15:10,ok,2026-09-04T12:07:07.657339+05:30,2026-09-04_1207IST,airline_direct,IndiGo
BOM,BLR,6E,IndiGo,6E 6701,2026-09-19,15,economy,,,10068.0,False,05:35,ok,2026-09-04T12:07:07.657339+05:30,2026-09-04_1207IST,airline_direct,IndiGo
BOM,BLR,6E,IndiGo,6E 437,2026-09-19,15,economy,,,10068.0,False,17:10,ok,2026-09-04T12:07:07.657339+05:30,2026-09-04_1207IST,airline_direct,IndiGo
BOM,BLR,6E,IndiGo,6E 230,2026-09-19,15,economy,,,10497.0,False,13:55,ok,2026-09-04T12:07:07.657339+05:30,2026-09-04_1207IST,airline_direct,IndiGo
BOM,BLR,6E,IndiGo,6E 6057,2026-09-19,15,economy,,,10628.0,False,09:15,ok,2026-09-04T12:07:07.657339+05:30,2026-09-04_1207IST,airline_direct,IndiGo
BOM,BLR,6E,IndiGo,6E 5246,2026-09-19,15,business,,,21379.0,False,07:15,ok,2026-09-04T12:07:07.657339+05:30,2026-09-04_1207IST,airline_direct,IndiGo
BOM,BLR,6E,IndiGo,6E 5246,2026-09-19,15,economy,,,11223.0,False,07:15,ok,2026-09-04T12:07:07.657339+05:30,2026-09-04_1207IST,airline_direct,IndiGo
BOM,BLR,6E,IndiGo,6E 5318,2026-09-19,15,business,,,29539.0,False,10:15,ok,2026-09-04T12:07:07.657339+05:30,2026-09-04_1207IST,airline_direct,IndiGo
BOM,BLR,6E,IndiGo,6E 5318,2026-09-19,15,economy,,,11538.0,False,10:15,ok,2026-09-04T12:07:07.657339+05:30,2026-09-04_1207IST,airline_direct,IndiGo
BOM,BLR,6E,IndiGo,6E 673,2026-09-19,15,economy,,,19295.0,False,12:30,ok,2026-09-04T12:07:07.657339+05:30,2026-09-04_1207IST,airline_direct,IndiGo
DEL,CCU,6E,IndiGo,6E 5191,2026-09-19,15,business,,,22600.0,False,05:00,ok,2026-09-04T12:08:11.030488+05:30,2026-09-04_1208IST,airline_direct,IndiGo
DEL,CCU,6E,IndiGo,6E 5191,2026-09-19,15,economy,,,8502.0,False,05:00,ok,2026-09-04T12:08:11.030488+05:30,2026-09-04_1208IST,airline_direct,IndiGo
DEL,CCU,6E,IndiGo,6E 340,2026-09-19,15,business,,,22600.0,False,07:20,ok,2026-09-04T12:08:11.030488+05:30,2026-09-04_1208IST,airline_direct,IndiGo
DEL,CCU,6E,IndiGo,6E 340,2026-09-19,15,economy,,,8502.0,False,07:20,ok,2026-09-04T12:08:11.030488+05:30,2026-09-04_1208IST,airline_direct,IndiGo
DEL,CCU,6E,IndiGo,6E 513,2026-09-19,15,business,,,22600.0,False,08:30,ok,2026-09-04T12:08:11.030488+05:30,2026-09-04_1208IST,airline_direct,IndiGo
DEL,CCU,6E,IndiGo,6E 513,2026-09-19,15,economy,,,8502.0,False,08:30,ok,2026-09-04T12:08:11.030488+05:30,2026-09-04_1208IST,airline_direct,IndiGo
DEL,CCU,6E,IndiGo,6E 894,2026-09-19,15,business,,,22600.0,False,10:15,ok,2026-09-04T12:08:11.030488+05:30,2026-09-04_1208IST,airline_direct,IndiGo
DEL,CCU,6E,IndiGo,6E 894,2026-09-19,15,economy,,,8502.0,False,10:15,ok,2026-09-04T12:08:11.030488+05:30,2026-09-04_1208IST,airline_direct,IndiGo
DEL,CCU,6E,IndiGo,6E 2487,2026-09-19,15,business,,,22600.0,False,11:50,ok,2026-09-04T12:08:11.030488+05:30,2026-09-04_1208IST,airline_direct,IndiGo
DEL,CCU,6E,IndiGo,6E 2487,2026-09-19,15,economy,,,8502.0,False,11:50,ok,2026-09-04T12:08:11.030488+05:30,2026-09-04_1208IST,airline_direct,IndiGo
DEL,CCU,6E,IndiGo,6E 897,2026-09-19,15,business,,,22600.0,False,12:45,ok,2026-09-04T12:08:11.030488+05:30,2026-09-04_1208IST,airline_direct,IndiGo
DEL,CCU,6E,IndiGo,6E 897,2026-09-19,15,economy,,,8502.0,False,12:45,ok,2026-09-04T12:08:11.030488+05:30,2026-09-04_1208IST,airline_direct,IndiGo
DEL,CCU,6E,IndiGo,6E 910,2026-09-19,15,business,,,22600.0,False,14:25,ok,2026-09-04T12:08:11.030488+05:30,2026-09-04_1208IST,airline_direct,IndiGo
DEL,CCU,6E,IndiGo,6E 910,2026-09-19,15,economy,,,8502.0,False,14:25,ok,2026-09-04T12:08:11.030488+05:30,2026-09-04_1208IST,airline_direct,IndiGo
DEL,CCU,6E,IndiGo,6E 6415,2026-09-19,15,business,,,22600.0,False,16:00,ok,2026-09-04T12:08:11.030488+05:30,2026-09-04_1208IST,airline_direct,IndiGo
DEL,CCU,6E,IndiGo,6E 6415,2026-09-19,15,economy,,,8502.0,False,16:00,ok,2026-09-04T12:08:11.030488+05:30,2026-09-04_1208IST,airline_direct,IndiGo
DEL,CCU,6E,IndiGo,6E 2276,2026-09-19,15,business,,,27001.0,False,17:55,ok,2026-09-04T12:08:11.030488+05:30,2026-09-04_1208IST,airline_direct,IndiGo
DEL,CCU,6E,IndiGo,6E 2276,2026-09-19,15,economy,,,8502.0,False,17:55,ok,2026-09-04T12:08:11.030488+05:30,2026-09-04_1208IST,airline_direct,IndiGo
DEL,CCU,6E,IndiGo,6E 247,2026-09-19,15,business,,,22600.0,False,23:30,ok,2026-09-04T12:08:11.030488+05:30,2026-09-04_1208IST,airline_direct,IndiGo
DEL,CCU,6E,IndiGo,6E 247,2026-09-19,15,economy,,,8502.0,False,23:30,ok,2026-09-04T12:08:11.030488+05:30,2026-09-04_1208IST,airline_direct,IndiGo
DEL,CCU,6E,IndiGo,6E 6517,2026-09-19,15,business,,,22600.0,False,19:30,ok,2026-09-04T12:08:11.030488+05:30,2026-09-04_1208IST,airline_direct,IndiGo
DEL,CCU,6E,IndiGo,6E 6517,2026-09-19,15,economy,,,8765.0,False,19:30,ok,2026-09-04T12:08:11.030488+05:30,2026-09-04_1208IST,airline_direct,IndiGo
DEL,CCU,6E,IndiGo,6E 6245,2026-09-19,15,economy,,,7376.0,False,06:20,ok,2026-09-04T12:08:11.030488+05:30,2026-09-04_1208IST,airline_direct,IndiGo
DEL,CCU,6E,IndiGo,6E 5206,2026-09-19,15,economy,,,7376.0,False,13:20,ok,2026-09-04T12:08:11.030488+05:30,2026-09-04_1208IST,airline_direct,IndiGo
DEL,CCU,6E,IndiGo,6E 2453,2026-09-19,15,economy,,,7376.0,False,13:35,ok,2026-09-04T12:08:11.030488+05:30,2026-09-04_1208IST,airline_direct,IndiGo
DEL,CCU,6E,IndiGo,6E 6236,2026-09-19,15,economy,,,7376.0,False,16:20,ok,2026-09-04T12:08:11.030488+05:30,2026-09-04_1208IST,airline_direct,IndiGo
DEL,CCU,6E,IndiGo,6E 6440,2026-09-19,15,economy,,,7376.0,False,16:40,ok,2026-09-04T12:08:11.030488+05:30,2026-09-04_1208IST,airline_direct,IndiGo
DEL,CCU,6E,IndiGo,6E 6459,2026-09-19,15,economy,,,7507.0,False,05:55,ok,2026-09-04T12:08:11.030488+05:30,2026-09-04_1208IST,airline_direct,IndiGo
DEL,CCU,6E,IndiGo,6E 2361,2026-09-19,15,economy,,,7507.0,False,14:35,ok,2026-09-04T12:08:11.030488+05:30,2026-09-04_1208IST,airline_direct,IndiGo
DEL,CCU,6E,IndiGo,6E 6073,2026-09-19,15,economy,,,7586.0,False,05:00,ok,2026-09-04T12:08:11.030488+05:30,2026-09-04_1208IST,airline_direct,IndiGo
DEL,CCU,6E,IndiGo,6E 6190,2026-09-19,15,economy,,,7586.0,False,07:40,ok,2026-09-04T12:08:11.030488+05:30,2026-09-04_1208IST,airline_direct,IndiGo
DEL,CCU,6E,IndiGo,6E 2296,2026-09-19,15,economy,,,7586.0,False,09:20,ok,2026-09-04T12:08:11.030488+05:30,2026-09-04_1208IST,airline_direct,IndiGo
DEL,CCU,6E,IndiGo,6E 2037,2026-09-19,15,economy,,,7586.0,False,10:55,ok,2026-09-04T12:08:11.030488+05:30,2026-09-04_1208IST,airline_direct,IndiGo
DEL,CCU,6E,IndiGo,6E 2037,2026-09-19,15,economy,,,7586.0,False,10:55,ok,2026-09-04T12:08:11.030488+05:30,2026-09-04_1208IST,airline_direct,IndiGo
DEL,CCU,6E,IndiGo,6E 5038,2026-09-19,15,economy,,,7586.0,False,14:00,ok,2026-09-04T12:08:11.030488+05:30,2026-09-04_1208IST,airline_direct,IndiGo
DEL,CCU,6E,IndiGo,6E 5033,2026-09-19,15,economy,,,7586.0,False,15:50,ok,2026-09-04T12:08:11.030488+05:30,2026-09-04_1208IST,airline_direct,IndiGo
DEL,CCU,6E,IndiGo,6E 6124,2026-09-19,15,economy,,,7691.0,False,07:30,ok,2026-09-04T12:08:11.030488+05:30,2026-09-04_1208IST,airline_direct,IndiGo
DEL,CCU,6E,IndiGo,6E 5215,2026-09-19,15,economy,,,7691.0,False,07:45,ok,2026-09-04T12:08:11.030488+05:30,2026-09-04_1208IST,airline_direct,IndiGo
DEL,CCU,6E,IndiGo,6E 6378,2026-09-19,15,economy,,,7691.0,False,14:40,ok,2026-09-04T12:08:11.030488+05:30,2026-09-04_1208IST,airline_direct,IndiGo
DEL,CCU,6E,IndiGo,6E 5041,2026-09-19,15,economy,,,7691.0,False,15:10,ok,2026-09-04T12:08:11.030488+05:30,2026-09-04_1208IST,airline_direct,IndiGo
DEL,CCU,6E,IndiGo,6E 5041,2026-09-19,15,economy,,,7691.0,False,15:10,ok,2026-09-04T12:08:11.030488+05:30,2026-09-04_1208IST,airline_direct,IndiGo
DEL,CCU,6E,IndiGo,6E 6829,2026-09-19,15,economy,,,7717.0,False,17:20,ok,2026-09-04T12:08:11.030488+05:30,2026-09-04_1208IST,airline_direct,IndiGo
DEL,CCU,6E,IndiGo,6E 6503,2026-09-19,15,economy,,,7901.0,False,13:25,ok,2026-09-04T12:08:11.030488+05:30,2026-09-04_1208IST,airline_direct,IndiGo
DEL,CCU,6E,IndiGo,6E 704,2026-09-19,15,business,,,28201.0,False,02:25,ok,2026-09-04T12:08:11.030488+05:30,2026-09-04_1208IST,airline_direct,IndiGo
DEL,CCU,6E,IndiGo,6E 704,2026-09-19,15,economy,,,7927.0,False,02:25,ok,2026-09-04T12:08:11.030488+05:30,2026-09-04_1208IST,airline_direct,IndiGo
DEL,CCU,6E,IndiGo,6E 704,2026-09-19,15,business,,,28673.0,False,02:25,ok,2026-09-04T12:08:11.030488+05:30,2026-09-04_1208IST,airline_direct,IndiGo
DEL,CCU,6E,IndiGo,6E 704,2026-09-19,15,economy,,,7927.0,False,02:25,ok,2026-09-04T12:08:11.030488+05:30,2026-09-04_1208IST,airline_direct,IndiGo
DEL,CCU,6E,IndiGo,6E 5119,2026-09-19,15,economy,,,7927.0,False,05:10,ok,2026-09-04T12:08:11.030488+05:30,2026-09-04_1208IST,airline_direct,IndiGo
DEL,CCU,6E,IndiGo,6E 203,2026-09-19,15,business,,,28673.0,False,07:10,ok,2026-09-04T12:08:11.030488+05:30,2026-09-04_1208IST,airline_direct,IndiGo
DEL,CCU,6E,IndiGo,6E 203,2026-09-19,15,economy,,,7927.0,False,07:10,ok,2026-09-04T12:08:11.030488+05:30,2026-09-04_1208IST,airline_direct,IndiGo
DEL,CCU,6E,IndiGo,6E 705,2026-09-19,15,business,,,28673.0,False,08:30,ok,2026-09-04T12:08:11.030488+05:30,2026-09-04_1208IST,airline_direct,IndiGo
DEL,CCU,6E,IndiGo,6E 705,2026-09-19,15,economy,,,7927.0,False,08:30,ok,2026-09-04T12:08:11.030488+05:30,2026-09-04_1208IST,airline_direct,IndiGo
DEL,CCU,6E,IndiGo,6E 705,2026-09-19,15,business,,,28673.0,False,08:30,ok,2026-09-04T12:08:11.030488+05:30,2026-09-04_1208IST,airline_direct,IndiGo
DEL,CCU,6E,IndiGo,6E 705,2026-09-19,15,economy,,,7927.0,False,08:30,ok,2026-09-04T12:08:11.030488+05:30,2026-09-04_1208IST,airline_direct,IndiGo
DEL,CCU,6E,IndiGo,6E 6293,2026-09-19,15,business,,,28673.0,False,09:55,ok,2026-09-04T12:08:11.030488+05:30,2026-09-04_1208IST,airline_direct,IndiGo
DEL,CCU,6E,IndiGo,6E 6293,2026-09-19,15,economy,,,7927.0,False,09:55,ok,2026-09-04T12:08:11.030488+05:30,2026-09-04_1208IST,airline_direct,IndiGo
DEL,CCU,6E,IndiGo,6E 884,2026-09-19,15,business,,,28673.0,False,11:45,ok,2026-09-04T12:08:11.030488+05:30,2026-09-04_1208IST,airline_direct,IndiGo
DEL,CCU,6E,IndiGo,6E 884,2026-09-19,15,economy,,,7927.0,False,11:45,ok,2026-09-04T12:08:11.030488+05:30,2026-09-04_1208IST,airline_direct,IndiGo
DEL,CCU,6E,IndiGo,6E 2331,2026-09-19,15,economy,,,7927.0,False,12:20,ok,2026-09-04T12:08:11.030488+05:30,2026-09-04_1208IST,airline_direct,IndiGo
DEL,CCU,6E,IndiGo,6E 6282,2026-09-19,15,business,,,28673.0,False,13:30,ok,2026-09-04T12:08:11.030488+05:30,2026-09-04_1208IST,airline_direct,IndiGo
DEL,CCU,6E,IndiGo,6E 6282,2026-09-19,15,economy,,,7927.0,False,13:30,ok,2026-09-04T12:08:11.030488+05:30,2026-09-04_1208IST,airline_direct,IndiGo
DEL,CCU,6E,IndiGo,6E 6217,2026-09-19,15,business,,,28201.0,False,16:15,ok,2026-09-04T12:08:11.030488+05:30,2026-09-04_1208IST,airline_direct,IndiGo
DEL,CCU,6E,IndiGo,6E 6217,2026-09-19,15,economy,,,7927.0,False,16:15,ok,2026-09-04T12:08:11.030488+05:30,2026-09-04_1208IST,airline_direct,IndiGo
DEL,CCU,6E,IndiGo,6E 5073,2026-09-19,15,economy,,,7927.0,False,17:05,ok,2026-09-04T12:08:11.030488+05:30,2026-09-04_1208IST,airline_direct,IndiGo
DEL,CCU,6E,IndiGo,6E 717,2026-09-19,15,business,,,28201.0,False,17:55,ok,2026-09-04T12:08:11.030488+05:30,2026-09-04_1208IST,airline_direct,IndiGo
DEL,CCU,6E,IndiGo,6E 717,2026-09-19,15,economy,,,7927.0,False,17:55,ok,2026-09-04T12:08:11.030488+05:30,2026-09-04_1208IST,airline_direct,IndiGo
DEL,CCU,6E,IndiGo,6E 882,2026-09-19,15,business,,,28201.0,False,23:15,ok,2026-09-04T12:08:11.030488+05:30,2026-09-04_1208IST,airline_direct,IndiGo
DEL,CCU,6E,IndiGo,6E 882,2026-09-19,15,economy,,,7927.0,False,23:15,ok,2026-09-04T12:08:11.030488+05:30,2026-09-04_1208IST,airline_direct,IndiGo
DEL,CCU,6E,IndiGo,6E 6371,2026-09-19,15,economy,,,8032.0,False,06:20,ok,2026-09-04T12:08:11.030488+05:30,2026-09-04_1208IST,airline_direct,IndiGo
DEL,CCU,6E,IndiGo,6E 6312,2026-09-19,15,economy,,,8115.0,False,14:25,ok,2026-09-04T12:08:11.030488+05:30,2026-09-04_1208IST,airline_direct,IndiGo
DEL,CCU,6E,IndiGo,6E 734,2026-09-19,15,economy,,,8115.0,False,16:20,ok,2026-09-04T12:08:11.030488+05:30,2026-09-04_1208IST,airline_direct,IndiGo
DEL,CCU,6E,IndiGo,6E 6190,2026-09-19,15,economy,,,8194.0,False,07:40,ok,2026-09-04T12:08:11.030488+05:30,2026-09-04_1208IST,airline_direct,IndiGo
DEL,CCU,6E,IndiGo,6E 2259,2026-09-19,15,economy,,,8194.0,False,12:20,ok,2026-09-04T12:08:11.030488+05:30,2026-09-04_1208IST,airline_direct,IndiGo
DEL,CCU,6E,IndiGo,6E 2614,2026-09-19,15,economy,,,8194.0,False,14:40,ok,2026-09-04T12:08:11.030488+05:30,2026-09-04_1208IST,airline_direct,IndiGo
DEL,CCU,6E,IndiGo,6E 2614,2026-09-19,15,economy,,,8194.0,False,14:40,ok,2026-09-04T12:08:11.030488+05:30,2026-09-04_1208IST,airline_direct,IndiGo
DEL,CCU,6E,IndiGo,6E 6130,2026-09-19,15,economy,,,8862.0,False,12:55,ok,2026-09-04T12:08:11.030488+05:30,2026-09-04_1208IST,airline_direct,IndiGo
DEL,CCU,6E,IndiGo,6E 203,2026-09-19,15,business,,,28673.0,False,07:10,ok,2026-09-04T12:08:11.030488+05:30,2026-09-04_1208IST,airline_direct,IndiGo
DEL,CCU,6E,IndiGo,6E 203,2026-09-19,15,economy,,,9203.0,False,07:10,ok,2026-09-04T12:08:11.030488+05:30,2026-09-04_1208IST,airline_direct,IndiGo
DEL,CCU,6E,IndiGo,6E 2296,2026-09-19,15,economy,,,10404.0,False,09:20,ok,2026-09-04T12:08:11.030488+05:30,2026-09-04_1208IST,airline_direct,IndiGo
DEL,CCU,6E,IndiGo,6E 2259,2026-09-19,15,economy,,,11919.0,False,12:20,ok,2026-09-04T12:08:11.030488+05:30,2026-09-04_1208IST,airline_direct,IndiGo
DEL,CCU,6E,IndiGo,6E 5307,2026-09-19,15,economy,,,13445.0,False,10:50,ok,2026-09-04T12:08:11.030488+05:30,2026-09-04_1208IST,airline_direct,IndiGo
DEL,CCU,6E,IndiGo,6E 5307,2026-09-19,15,economy,,,18912.0,False,10:50,ok,2026-09-04T12:08:11.030488+05:30,2026-09-04_1208IST,airline_direct,IndiGo
BLR,HYD,6E,IndiGo,6E 638,2026-09-19,15,economy,,,4235.0,False,18:35,ok,2026-09-04T12:09:23.159713+05:30,2026-09-04_1209IST,airline_direct,IndiGo
BLR,HYD,6E,IndiGo,6E 6178,2026-09-19,15,economy,,,4561.0,False,06:25,ok,2026-09-04T12:09:23.159713+05:30,2026-09-04_1209IST,airline_direct,IndiGo
BLR,HYD,6E,IndiGo,6E 484,2026-09-19,15,economy,,,4561.0,False,08:15,ok,2026-09-04T12:09:23.159713+05:30,2026-09-04_1209IST,airline_direct,IndiGo
BLR,HYD,6E,IndiGo,6E 6067,2026-09-19,15,economy,,,4561.0,False,16:30,ok,2026-09-04T12:09:23.159713+05:30,2026-09-04_1209IST,airline_direct,IndiGo
BLR,HYD,6E,IndiGo,6E 6784,2026-09-19,15,economy,,,4561.0,False,21:30,ok,2026-09-04T12:09:23.159713+05:30,2026-09-04_1209IST,airline_direct,IndiGo
BLR,HYD,6E,IndiGo,6E 312,2026-09-19,15,economy,,,4921.0,False,09:15,ok,2026-09-04T12:09:23.159713+05:30,2026-09-04_1209IST,airline_direct,IndiGo
BLR,HYD,6E,IndiGo,6E 537,2026-09-19,15,economy,,,5318.0,False,10:15,ok,2026-09-04T12:09:23.159713+05:30,2026-09-04_1209IST,airline_direct,IndiGo
BLR,HYD,6E,IndiGo,6E 407,2026-09-19,15,economy,,,5318.0,False,14:50,ok,2026-09-04T12:09:23.159713+05:30,2026-09-04_1209IST,airline_direct,IndiGo
BLR,HYD,6E,IndiGo,6E 855,2026-09-19,15,economy,,,5318.0,False,19:45,ok,2026-09-04T12:09:23.159713+05:30,2026-09-04_1209IST,airline_direct,IndiGo
BLR,HYD,6E,IndiGo,6E 6404,2026-09-19,15,economy,,,5756.0,False,11:35,ok,2026-09-04T12:09:23.159713+05:30,2026-09-04_1209IST,airline_direct,IndiGo
BLR,HYD,6E,IndiGo,6E 6876,2026-09-19,15,economy,,,5463.0,False,02:40,ok,2026-09-04T12:09:23.159713+05:30,2026-09-04_1209IST,airline_direct,IndiGo
BLR,HYD,6E,IndiGo,6E 857,2026-09-19,15,economy,,,5463.0,False,07:05,ok,2026-09-04T12:09:23.159713+05:30,2026-09-04_1209IST,airline_direct,IndiGo
BLR,HYD,6E,IndiGo,6E 857,2026-09-19,15,economy,,,5463.0,False,07:05,ok,2026-09-04T12:09:23.159713+05:30,2026-09-04_1209IST,airline_direct,IndiGo
BLR,HYD,6E,IndiGo,6E 6269,2026-09-19,15,economy,,,5463.0,False,07:15,ok,2026-09-04T12:09:23.159713+05:30,2026-09-04_1209IST,airline_direct,IndiGo
BLR,HYD,6E,IndiGo,6E 6269,2026-09-19,15,economy,,,5463.0,False,07:15,ok,2026-09-04T12:09:23.159713+05:30,2026-09-04_1209IST,airline_direct,IndiGo
BLR,HYD,6E,IndiGo,6E 6542,2026-09-19,15,economy,,,5463.0,False,13:10,ok,2026-09-04T12:09:23.159713+05:30,2026-09-04_1209IST,airline_direct,IndiGo
BLR,HYD,6E,IndiGo,6E 6542,2026-09-19,15,economy,,,5463.0,False,13:10,ok,2026-09-04T12:09:23.159713+05:30,2026-09-04_1209IST,airline_direct,IndiGo
BLR,HYD,6E,IndiGo,6E 6753,2026-09-19,15,economy,,,5463.0,False,15:15,ok,2026-09-04T12:09:23.159713+05:30,2026-09-04_1209IST,airline_direct,IndiGo
BLR,HYD,6E,IndiGo,6E 576,2026-09-19,15,economy,,,5463.0,False,16:25,ok,2026-09-04T12:09:23.159713+05:30,2026-09-04_1209IST,airline_direct,IndiGo
BLR,HYD,6E,IndiGo,6E 356,2026-09-19,15,economy,,,5463.0,False,17:15,ok,2026-09-04T12:09:23.159713+05:30,2026-09-04_1209IST,airline_direct,IndiGo
BLR,HYD,6E,IndiGo,6E 356,2026-09-19,15,economy,,,5463.0,False,17:15,ok,2026-09-04T12:09:23.159713+05:30,2026-09-04_1209IST,airline_direct,IndiGo
BLR,HYD,6E,IndiGo,6E 6168,2026-09-19,15,economy,,,5463.0,False,17:40,ok,2026-09-04T12:09:23.159713+05:30,2026-09-04_1209IST,airline_direct,IndiGo
BLR,HYD,6E,IndiGo,6E 6017,2026-09-19,15,economy,,,5463.0,False,18:15,ok,2026-09-04T12:09:23.159713+05:30,2026-09-04_1209IST,airline_direct,IndiGo
BLR,HYD,6E,IndiGo,6E 105,2026-09-19,15,economy,,,5463.0,False,18:45,ok,2026-09-04T12:09:23.159713+05:30,2026-09-04_1209IST,airline_direct,IndiGo
BLR,HYD,6E,IndiGo,6E 105,2026-09-19,15,economy,,,5463.0,False,18:45,ok,2026-09-04T12:09:23.159713+05:30,2026-09-04_1209IST,airline_direct,IndiGo
BLR,HYD,6E,IndiGo,6E 6554,2026-09-19,15,economy,,,5463.0,False,19:15,ok,2026-09-04T12:09:23.159713+05:30,2026-09-04_1209IST,airline_direct,IndiGo
BLR,HYD,6E,IndiGo,6E 441,2026-09-19,15,economy,,,5463.0,False,20:40,ok,2026-09-04T12:09:23.159713+05:30,2026-09-04_1209IST,airline_direct,IndiGo
BLR,HYD,6E,IndiGo,6E 528,2026-09-19,15,economy,,,5463.0,False,21:40,ok,2026-09-04T12:09:23.159713+05:30,2026-09-04_1209IST,airline_direct,IndiGo
BLR,HYD,6E,IndiGo,6E 116,2026-09-19,15,economy,,,5463.0,False,23:05,ok,2026-09-04T12:09:23.159713+05:30,2026-09-04_1209IST,airline_direct,IndiGo
BLR,HYD,6E,IndiGo,6E 6583,2026-09-19,15,economy,,,5594.0,False,10:40,ok,2026-09-04T12:09:23.159713+05:30,2026-09-04_1209IST,airline_direct,IndiGo
BLR,HYD,6E,IndiGo,6E 6336,2026-09-19,15,economy,,,5594.0,False,12:25,ok,2026-09-04T12:09:23.159713+05:30,2026-09-04_1209IST,airline_direct,IndiGo
BLR,HYD,6E,IndiGo,6E 6336,2026-09-19,15,economy,,,5594.0,False,12:25,ok,2026-09-04T12:09:23.159713+05:30,2026-09-04_1209IST,airline_direct,IndiGo
BLR,HYD,6E,IndiGo,6E 414,2026-09-19,15,economy,,,5793.0,False,14:45,ok,2026-09-04T12:09:23.159713+05:30,2026-09-04_1209IST,airline_direct,IndiGo
BLR,HYD,6E,IndiGo,6E 6168,2026-09-19,15,economy,,,5793.0,False,17:40,ok,2026-09-04T12:09:23.159713+05:30,2026-09-04_1209IST,airline_direct,IndiGo
BLR,HYD,6E,IndiGo,6E 7204,2026-09-19,15,economy,,,6153.0,False,06:50,ok,2026-09-04T12:09:23.159713+05:30,2026-09-04_1209IST,airline_direct,IndiGo
BLR,HYD,6E,IndiGo,6E 7071,2026-09-19,15,economy,,,6153.0,False,10:55,ok,2026-09-04T12:09:23.159713+05:30,2026-09-04_1209IST,airline_direct,IndiGo
BLR,HYD,6E,IndiGo,6E 5306,2026-09-19,15,economy,,,6153.0,False,14:35,ok,2026-09-04T12:09:23.159713+05:30,2026-09-04_1209IST,airline_direct,IndiGo
BLR,HYD,6E,IndiGo,6E 109,2026-09-19,15,economy,,,6153.0,False,17:00,ok,2026-09-04T12:09:23.159713+05:30,2026-09-04_1209IST,airline_direct,IndiGo
BLR,HYD,6E,IndiGo,6E 6162,2026-09-19,15,economy,,,6153.0,False,18:50,ok,2026-09-04T12:09:23.159713+05:30,2026-09-04_1209IST,airline_direct,IndiGo
BLR,HYD,6E,IndiGo,6E 7227,2026-09-19,15,economy,,,6412.0,False,06:25,ok,2026-09-04T12:09:23.159713+05:30,2026-09-04_1209IST,airline_direct,IndiGo
BLR,HYD,6E,IndiGo,6E 7204,2026-09-19,15,economy,,,6543.0,False,06:50,ok,2026-09-04T12:09:23.159713+05:30,2026-09-04_1209IST,airline_direct,IndiGo
BLR,HYD,6E,IndiGo,6E 6653,2026-09-19,15,economy,,,6543.0,False,12:35,ok,2026-09-04T12:09:23.159713+05:30,2026-09-04_1209IST,airline_direct,IndiGo
BLR,HYD,6E,IndiGo,6E 6891,2026-09-19,15,economy,,,7432.0,False,17:15,ok,2026-09-04T12:09:23.159713+05:30,2026-09-04_1209IST,airline_direct,IndiGo
BLR,HYD,6E,IndiGo,6E 6583,2026-09-19,15,economy,,,7564.0,False,10:40,ok,2026-09-04T12:09:23.159713+05:30,2026-09-04_1209IST,airline_direct,IndiGo
BLR,HYD,6E,IndiGo,6E 763,2026-09-19,15,economy,,,7935.0,False,07:05,ok,2026-09-04T12:09:23.159713+05:30,2026-09-04_1209IST,airline_direct,IndiGo
BLR,HYD,6E,IndiGo,6E 703,2026-09-19,15,economy,,,8484.0,False,12:55,ok,2026-09-04T12:09:23.159713+05:30,2026-09-04_1209IST,airline_direct,IndiGo
BLR,HYD,6E,IndiGo,6E 6563,2026-09-19,15,economy,,,9081.0,False,01:05,ok,2026-09-04T12:09:23.159713+05:30,2026-09-04_1209IST,airline_direct,IndiGo
BLR,HYD,6E,IndiGo,6E 6208,2026-09-19,15,economy,,,9081.0,False,12:50,ok,2026-09-04T12:09:23.159713+05:30,2026-09-04_1209IST,airline_direct,IndiGo
BLR,HYD,6E,IndiGo,6E 6208,2026-09-19,15,economy,,,9081.0,False,12:50,ok,2026-09-04T12:09:23.159713+05:30,2026-09-04_1209IST,airline_direct,IndiGo
BLR,HYD,6E,IndiGo,6E 6208,2026-09-19,15,economy,,,9081.0,False,12:50,ok,2026-09-04T12:09:23.159713+05:30,2026-09-04_1209IST,airline_direct,IndiGo
BLR,HYD,6E,IndiGo,6E 904,2026-09-19,15,economy,,,10496.0,False,10:50,ok,2026-09-04T12:09:23.159713+05:30,2026-09-04_1209IST,airline_direct,IndiGo
BLR,HYD,6E,IndiGo,6E 574,2026-09-19,15,economy,,,10567.0,False,11:05,ok,2026-09-04T12:09:23.159713+05:30,2026-09-04_1209IST,airline_direct,IndiGo
BLR,HYD,6E,IndiGo,6E 7005,2026-09-19,15,economy,,,18386.0,False,08:05,ok,2026-09-04T12:09:23.159713+05:30,2026-09-04_1209IST,airline_direct,IndiGo
BLR,HYD,6E,IndiGo,6E 6445,2026-09-19,15,economy,,,19111.0,False,10:25,ok,2026-09-04T12:09:23.159713+05:30,2026-09-04_1209IST,airline_direct,IndiGo
BLR,HYD,6E,IndiGo,6E 6104,2026-09-19,15,economy,,,19111.0,False,11:40,ok,2026-09-04T12:09:23.159713+05:30,2026-09-04_1209IST,airline_direct,IndiGo
BLR,HYD,6E,IndiGo,6E 7005,2026-09-19,15,economy,,,22376.0,False,08:05,ok,2026-09-04T12:09:23.159713+05:30,2026-09-04_1209IST,airline_direct,IndiGo
BLR,HYD,6E,IndiGo,6E 763,2026-09-19,15,economy,,,22933.0,False,07:05,ok,2026-09-04T12:09:23.159713+05:30,2026-09-04_1209IST,airline_direct,IndiGo
BLR,HYD,6E,IndiGo,6E 6445,2026-09-19,15,economy,,,23101.0,False,10:25,ok,2026-09-04T12:09:23.159713+05:30,2026-09-04_1209IST,airline_direct,IndiGo
BLR,HYD,6E,IndiGo,6E 6104,2026-09-19,15,economy,,,23101.0,False,11:40,ok,2026-09-04T12:09:23.159713+05:30,2026-09-04_1209IST,airline_direct,IndiGo
BLR,HYD,6E,IndiGo,6E 763,2026-09-19,15,economy,,,26923.0,False,07:05,ok,2026-09-04T12:09:23.159713+05:30,2026-09-04_1209IST,airline_direct,IndiGo
MAA,DEL,6E,IndiGo,6E 6002,2026-09-19,15,business,,,24700.0,False,11:10,ok,2026-09-04T12:10:18.879050+05:30,2026-09-04_1210IST,airline_direct,IndiGo
MAA,DEL,6E,IndiGo,6E 6002,2026-09-19,15,economy,,,9830.0,False,11:10,ok,2026-09-04T12:10:18.879050+05:30,2026-09-04_1210IST,airline_direct,IndiGo
MAA,DEL,6E,IndiGo,6E 939,2026-09-19,15,business,,,24700.0,False,13:00,ok,2026-09-04T12:10:18.879050+05:30,2026-09-04_1210IST,airline_direct,IndiGo
MAA,DEL,6E,IndiGo,6E 939,2026-09-19,15,economy,,,9830.0,False,13:00,ok,2026-09-04T12:10:18.879050+05:30,2026-09-04_1210IST,airline_direct,IndiGo
MAA,DEL,6E,IndiGo,6E 948,2026-09-19,15,business,,,24700.0,False,14:30,ok,2026-09-04T12:10:18.879050+05:30,2026-09-04_1210IST,airline_direct,IndiGo
MAA,DEL,6E,IndiGo,6E 948,2026-09-19,15,economy,,,9830.0,False,14:30,ok,2026-09-04T12:10:18.879050+05:30,2026-09-04_1210IST,airline_direct,IndiGo
MAA,DEL,6E,IndiGo,6E 698,2026-09-19,15,business,,,24700.0,False,16:45,ok,2026-09-04T12:10:18.879050+05:30,2026-09-04_1210IST,airline_direct,IndiGo
MAA,DEL,6E,IndiGo,6E 698,2026-09-19,15,economy,,,9830.0,False,16:45,ok,2026-09-04T12:10:18.879050+05:30,2026-09-04_1210IST,airline_direct,IndiGo
MAA,DEL,6E,IndiGo,6E 613,2026-09-19,15,business,,,24700.0,False,19:00,ok,2026-09-04T12:10:18.879050+05:30,2026-09-04_1210IST,airline_direct,IndiGo
MAA,DEL,6E,IndiGo,6E 613,2026-09-19,15,economy,,,9830.0,False,19:00,ok,2026-09-04T12:10:18.879050+05:30,2026-09-04_1210IST,airline_direct,IndiGo
MAA,DEL,6E,IndiGo,6E 2369,2026-09-19,15,business,,,24700.0,False,23:45,ok,2026-09-04T12:10:18.879050+05:30,2026-09-04_1210IST,airline_direct,IndiGo
MAA,DEL,6E,IndiGo,6E 2369,2026-09-19,15,economy,,,9830.0,False,23:45,ok,2026-09-04T12:10:18.879050+05:30,2026-09-04_1210IST,airline_direct,IndiGo
MAA,DEL,6E,IndiGo,6E 404,2026-09-19,15,business,,,24700.0,False,09:15,ok,2026-09-04T12:10:18.879050+05:30,2026-09-04_1210IST,airline_direct,IndiGo
MAA,DEL,6E,IndiGo,6E 404,2026-09-19,15,economy,,,10295.0,False,09:15,ok,2026-09-04T12:10:18.879050+05:30,2026-09-04_1210IST,airline_direct,IndiGo
MAA,DEL,6E,IndiGo,6E 937,2026-09-19,15,business,,,24700.0,False,06:30,ok,2026-09-04T12:10:18.879050+05:30,2026-09-04_1210IST,airline_direct,IndiGo
MAA,DEL,6E,IndiGo,6E 937,2026-09-19,15,economy,,,11303.0,False,06:30,ok,2026-09-04T12:10:18.879050+05:30,2026-09-04_1210IST,airline_direct,IndiGo
MAA,DEL,6E,IndiGo,6E 6797,2026-09-19,15,economy,,,9568.0,False,13:10,ok,2026-09-04T12:10:18.879050+05:30,2026-09-04_1210IST,airline_direct,IndiGo
MAA,DEL,6E,IndiGo,6E 253,2026-09-19,15,business,,,27587.0,False,03:10,ok,2026-09-04T12:10:18.879050+05:30,2026-09-04_1210IST,airline_direct,IndiGo
MAA,DEL,6E,IndiGo,6E 253,2026-09-19,15,economy,,,9778.0,False,03:10,ok,2026-09-04T12:10:18.879050+05:30,2026-09-04_1210IST,airline_direct,IndiGo
MAA,DEL,6E,IndiGo,6E 244,2026-09-19,15,economy,,,9778.0,False,03:55,ok,2026-09-04T12:10:18.879050+05:30,2026-09-04_1210IST,airline_direct,IndiGo
MAA,DEL,6E,IndiGo,6E 607,2026-09-19,15,business,,,27587.0,False,04:50,ok,2026-09-04T12:10:18.879050+05:30,2026-09-04_1210IST,airline_direct,IndiGo
MAA,DEL,6E,IndiGo,6E 607,2026-09-19,15,economy,,,9778.0,False,04:50,ok,2026-09-04T12:10:18.879050+05:30,2026-09-04_1210IST,airline_direct,IndiGo
MAA,DEL,6E,IndiGo,6E 495,2026-09-19,15,business,,,26857.0,False,07:10,ok,2026-09-04T12:10:18.879050+05:30,2026-09-04_1210IST,airline_direct,IndiGo
MAA,DEL,6E,IndiGo,6E 495,2026-09-19,15,economy,,,9778.0,False,07:10,ok,2026-09-04T12:10:18.879050+05:30,2026-09-04_1210IST,airline_direct,IndiGo
MAA,DEL,6E,IndiGo,6E 495,2026-09-19,15,business,,,26857.0,False,07:10,ok,2026-09-04T12:10:18.879050+05:30,2026-09-04_1210IST,airline_direct,IndiGo
MAA,DEL,6E,IndiGo,6E 495,2026-09-19,15,economy,,,9778.0,False,07:10,ok,2026-09-04T12:10:18.879050+05:30,2026-09-04_1210IST,airline_direct,IndiGo
MAA,DEL,6E,IndiGo,6E 834,2026-09-19,15,business,,,26857.0,False,09:05,ok,2026-09-04T12:10:18.879050+05:30,2026-09-04_1210IST,airline_direct,IndiGo
MAA,DEL,6E,IndiGo,6E 834,2026-09-19,15,economy,,,9778.0,False,09:05,ok,2026-09-04T12:10:18.879050+05:30,2026-09-04_1210IST,airline_direct,IndiGo
MAA,DEL,6E,IndiGo,6E 834,2026-09-19,15,business,,,26857.0,False,09:05,ok,2026-09-04T12:10:18.879050+05:30,2026-09-04_1210IST,airline_direct,IndiGo
MAA,DEL,6E,IndiGo,6E 834,2026-09-19,15,economy,,,9778.0,False,09:05,ok,2026-09-04T12:10:18.879050+05:30,2026-09-04_1210IST,airline_direct,IndiGo
MAA,DEL,6E,IndiGo,6E 372,2026-09-19,15,business,,,26398.0,False,09:55,ok,2026-09-04T12:10:18.879050+05:30,2026-09-04_1210IST,airline_direct,IndiGo
MAA,DEL,6E,IndiGo,6E 372,2026-09-19,15,economy,,,9778.0,False,09:55,ok,2026-09-04T12:10:18.879050+05:30,2026-09-04_1210IST,airline_direct,IndiGo
MAA,DEL,6E,IndiGo,6E 6925,2026-09-19,15,business,,,27907.0,False,12:00,ok,2026-09-04T12:10:18.879050+05:30,2026-09-04_1210IST,airline_direct,IndiGo
MAA,DEL,6E,IndiGo,6E 6925,2026-09-19,15,economy,,,9778.0,False,12:00,ok,2026-09-04T12:10:18.879050+05:30,2026-09-04_1210IST,airline_direct,IndiGo
MAA,DEL,6E,IndiGo,6E 6158,2026-09-19,15,business,,,26857.0,False,16:10,ok,2026-09-04T12:10:18.879050+05:30,2026-09-04_1210IST,airline_direct,IndiGo
MAA,DEL,6E,IndiGo,6E 6158,2026-09-19,15,economy,,,9778.0,False,16:10,ok,2026-09-04T12:10:18.879050+05:30,2026-09-04_1210IST,airline_direct,IndiGo
MAA,DEL,6E,IndiGo,6E 183,2026-09-19,15,business,,,28061.0,False,16:35,ok,2026-09-04T12:10:18.879050+05:30,2026-09-04_1210IST,airline_direct,IndiGo
MAA,DEL,6E,IndiGo,6E 183,2026-09-19,15,economy,,,9778.0,False,16:35,ok,2026-09-04T12:10:18.879050+05:30,2026-09-04_1210IST,airline_direct,IndiGo
MAA,DEL,6E,IndiGo,6E 848,2026-09-19,15,economy,,,9778.0,False,17:50,ok,2026-09-04T12:10:18.879050+05:30,2026-09-04_1210IST,airline_direct,IndiGo
MAA,DEL,6E,IndiGo,6E 193,2026-09-19,15,business,,,26857.0,False,20:00,ok,2026-09-04T12:10:18.879050+05:30,2026-09-04_1210IST,airline_direct,IndiGo
MAA,DEL,6E,IndiGo,6E 193,2026-09-19,15,economy,,,9778.0,False,20:00,ok,2026-09-04T12:10:18.879050+05:30,2026-09-04_1210IST,airline_direct,IndiGo
MAA,DEL,6E,IndiGo,6E 6487,2026-09-19,15,business,,,26857.0,False,21:25,ok,2026-09-04T12:10:18.879050+05:30,2026-09-04_1210IST,airline_direct,IndiGo
MAA,DEL,6E,IndiGo,6E 6487,2026-09-19,15,economy,,,9778.0,False,21:25,ok,2026-09-04T12:10:18.879050+05:30,2026-09-04_1210IST,airline_direct,IndiGo
MAA,DEL,6E,IndiGo,6E 6081,2026-09-19,15,business,,,29704.0,False,07:05,ok,2026-09-04T12:10:18.879050+05:30,2026-09-04_1210IST,airline_direct,IndiGo
MAA,DEL,6E,IndiGo,6E 6081,2026-09-19,15,economy,,,9857.0,False,07:05,ok,2026-09-04T12:10:18.879050+05:30,2026-09-04_1210IST,airline_direct,IndiGo
MAA,DEL,6E,IndiGo,6E 6081,2026-09-19,15,business,,,29704.0,False,07:05,ok,2026-09-04T12:10:18.879050+05:30,2026-09-04_1210IST,airline_direct,IndiGo
MAA,DEL,6E,IndiGo,6E 6081,2026-09-19,15,economy,,,9857.0,False,07:05,ok,2026-09-04T12:10:18.879050+05:30,2026-09-04_1210IST,airline_direct,IndiGo
MAA,DEL,6E,IndiGo,6E 6815,2026-09-19,15,business,,,29704.0,False,08:55,ok,2026-09-04T12:10:18.879050+05:30,2026-09-04_1210IST,airline_direct,IndiGo
MAA,DEL,6E,IndiGo,6E 6815,2026-09-19,15,economy,,,9857.0,False,08:55,ok,2026-09-04T12:10:18.879050+05:30,2026-09-04_1210IST,airline_direct,IndiGo
MAA,DEL,6E,IndiGo,6E 6892,2026-09-19,15,business,,,30424.0,False,10:55,ok,2026-09-04T12:10:18.879050+05:30,2026-09-04_1210IST,airline_direct,IndiGo
MAA,DEL,6E,IndiGo,6E 6892,2026-09-19,15,economy,,,9857.0,False,10:55,ok,2026-09-04T12:10:18.879050+05:30,2026-09-04_1210IST,airline_direct,IndiGo
MAA,DEL,6E,IndiGo,6E 6892,2026-09-19,15,business,,,30424.0,False,10:55,ok,2026-09-04T12:10:18.879050+05:30,2026-09-04_1210IST,airline_direct,IndiGo
MAA,DEL,6E,IndiGo,6E 6892,2026-09-19,15,economy,,,9857.0,False,10:55,ok,2026-09-04T12:10:18.879050+05:30,2026-09-04_1210IST,airline_direct,IndiGo
MAA,DEL,6E,IndiGo,6E 847,2026-09-19,15,business,,,30424.0,False,16:15,ok,2026-09-04T12:10:18.879050+05:30,2026-09-04_1210IST,airline_direct,IndiGo
MAA,DEL,6E,IndiGo,6E 847,2026-09-19,15,economy,,,9857.0,False,16:15,ok,2026-09-04T12:10:18.879050+05:30,2026-09-04_1210IST,airline_direct,IndiGo
MAA,DEL,6E,IndiGo,6E 365,2026-09-19,15,business,,,29704.0,False,17:45,ok,2026-09-04T12:10:18.879050+05:30,2026-09-04_1210IST,airline_direct,IndiGo
MAA,DEL,6E,IndiGo,6E 365,2026-09-19,15,economy,,,9857.0,False,17:45,ok,2026-09-04T12:10:18.879050+05:30,2026-09-04_1210IST,airline_direct,IndiGo
MAA,DEL,6E,IndiGo,6E 6812,2026-09-19,15,economy,,,9857.0,False,20:00,ok,2026-09-04T12:10:18.879050+05:30,2026-09-04_1210IST,airline_direct,IndiGo
MAA,DEL,6E,IndiGo,6E 6140,2026-09-19,15,business,,,29944.0,False,02:30,ok,2026-09-04T12:10:18.879050+05:30,2026-09-04_1210IST,airline_direct,IndiGo
MAA,DEL,6E,IndiGo,6E 6140,2026-09-19,15,economy,,,9988.0,False,02:30,ok,2026-09-04T12:10:18.879050+05:30,2026-09-04_1210IST,airline_direct,IndiGo
MAA,DEL,6E,IndiGo,6E 5093,2026-09-19,15,business,,,38974.0,False,05:00,ok,2026-09-04T12:10:18.879050+05:30,2026-09-04_1210IST,airline_direct,IndiGo
MAA,DEL,6E,IndiGo,6E 5093,2026-09-19,15,economy,,,9988.0,False,05:00,ok,2026-09-04T12:10:18.879050+05:30,2026-09-04_1210IST,airline_direct,IndiGo
MAA,DEL,6E,IndiGo,6E 6113,2026-09-19,15,economy,,,9988.0,False,17:00,ok,2026-09-04T12:10:18.879050+05:30,2026-09-04_1210IST,airline_direct,IndiGo
MAA,DEL,6E,IndiGo,6E 7084,2026-09-19,15,economy,,,10404.0,False,07:20,ok,2026-09-04T12:10:18.879050+05:30,2026-09-04_1210IST,airline_direct,IndiGo
MAA,DEL,6E,IndiGo,6E 539,2026-09-19,15,economy,,,10535.0,False,11:25,ok,2026-09-04T12:10:18.879050+05:30,2026-09-04_1210IST,airline_direct,IndiGo
MAA,DEL,6E,IndiGo,6E 321,2026-09-19,15,economy,,,10745.0,False,08:20,ok,2026-09-04T12:10:18.879050+05:30,2026-09-04_1210IST,airline_direct,IndiGo
MAA,DEL,6E,IndiGo,6E 401,2026-09-19,15,economy,,,11366.0,False,08:10,ok,2026-09-04T12:10:18.879050+05:30,2026-09-04_1210IST,airline_direct,IndiGo
MAA,DEL,6E,IndiGo,6E 6140,2026-09-19,15,business,,,29944.0,False,02:30,ok,2026-09-04T12:10:18.879050+05:30,2026-09-04_1210IST,airline_direct,IndiGo
MAA,DEL,6E,IndiGo,6E 6140,2026-09-19,15,economy,,,11576.0,False,02:30,ok,2026-09-04T12:10:18.879050+05:30,2026-09-04_1210IST,airline_direct,IndiGo
MAA,DEL,6E,IndiGo,6E 6326,2026-09-19,15,business,,,31512.0,False,11:45,ok,2026-09-04T12:10:18.879050+05:30,2026-09-04_1210IST,airline_direct,IndiGo
MAA,DEL,6E,IndiGo,6E 6326,2026-09-19,15,economy,,,11576.0,False,11:45,ok,2026-09-04T12:10:18.879050+05:30,2026-09-04_1210IST,airline_direct,IndiGo
MAA,DEL,6E,IndiGo,6E 973,2026-09-19,15,economy,,,12277.0,False,11:55,ok,2026-09-04T12:10:18.879050+05:30,2026-09-04_1210IST,airline_direct,IndiGo
MAA,DEL,6E,IndiGo,6E 6925,2026-09-19,15,business,,,27907.0,False,12:00,ok,2026-09-04T12:10:18.879050+05:30,2026-09-04_1210IST,airline_direct,IndiGo
MAA,DEL,6E,IndiGo,6E 6925,2026-09-19,15,economy,,,12277.0,False,12:00,ok,2026-09-04T12:10:18.879050+05:30,2026-09-04_1210IST,airline_direct,IndiGo
MAA,DEL,6E,IndiGo,6E 561,2026-09-19,15,business,,,27587.0,False,22:20,ok,2026-09-04T12:10:18.879050+05:30,2026-09-04_1210IST,airline_direct,IndiGo
MAA,DEL,6E,IndiGo,6E 561,2026-09-19,15,economy,,,13277.0,False,22:20,ok,2026-09-04T12:10:18.879050+05:30,2026-09-04_1210IST,airline_direct,IndiGo
MAA,DEL,6E,IndiGo,6E 6209,2026-09-19,15,business,,,29704.0,False,14:35,ok,2026-09-04T12:10:18.879050+05:30,2026-09-04_1210IST,airline_direct,IndiGo
MAA,DEL,6E,IndiGo,6E 6209,2026-09-19,15,economy,,,13432.0,False,14:35,ok,2026-09-04T12:10:18.879050+05:30,2026-09-04_1210IST,airline_direct,IndiGo
MAA,DEL,6E,IndiGo,6E 5258,2026-09-19,15,business,,,35375.0,False,12:45,ok,2026-09-04T12:10:18.879050+05:30,2026-09-04_1210IST,airline_direct,IndiGo
MAA,DEL,6E,IndiGo,6E 5258,2026-09-19,15,economy,,,13478.0,False,12:45,ok,2026-09-04T12:10:18.879050+05:30,2026-09-04_1210IST,airline_direct,IndiGo
MAA,DEL,6E,IndiGo,6E 597,2026-09-19,15,economy,,,13644.0,False,17:45,ok,2026-09-04T12:10:18.879050+05:30,2026-09-04_1210IST,airline_direct,IndiGo
MAA,DEL,6E,IndiGo,6E 5314,2026-09-19,15,business,,,35375.0,False,06:45,ok,2026-09-04T12:10:18.879050+05:30,2026-09-04_1210IST,airline_direct,IndiGo
MAA,DEL,6E,IndiGo,6E 5314,2026-09-19,15,economy,,,13897.0,False,06:45,ok,2026-09-04T12:10:18.879050+05:30,2026-09-04_1210IST,airline_direct,IndiGo
MAA,DEL,6E,IndiGo,6E 5371,2026-09-19,15,business,,,35375.0,False,14:45,ok,2026-09-04T12:10:18.879050+05:30,2026-09-04_1210IST,airline_direct,IndiGo
MAA,DEL,6E,IndiGo,6E 5371,2026-09-19,15,economy,,,14094.0,False,14:45,ok,2026-09-04T12:10:18.879050+05:30,2026-09-04_1210IST,airline_direct,IndiGo
MAA,DEL,6E,IndiGo,6E 5258,2026-09-19,15,business,,,35375.0,False,12:45,ok,2026-09-04T12:10:18.879050+05:30,2026-09-04_1210IST,airline_direct,IndiGo
MAA,DEL,6E,IndiGo,6E 5258,2026-09-19,15,economy,,,14147.0,False,12:45,ok,2026-09-04T12:10:18.879050+05:30,2026-09-04_1210IST,airline_direct,IndiGo
MAA,DEL,6E,IndiGo,6E 562,2026-09-19,15,business,,,26857.0,False,18:20,ok,2026-09-04T12:10:18.879050+05:30,2026-09-04_1210IST,airline_direct,IndiGo
MAA,DEL,6E,IndiGo,6E 562,2026-09-19,15,economy,,,14280.0,False,18:20,ok,2026-09-04T12:10:18.879050+05:30,2026-09-04_1210IST,airline_direct,IndiGo
MAA,DEL,6E,IndiGo,6E 6348,2026-09-19,15,business,,,35375.0,False,09:00,ok,2026-09-04T12:10:18.879050+05:30,2026-09-04_1210IST,airline_direct,IndiGo
MAA,DEL,6E,IndiGo,6E 6348,2026-09-19,15,economy,,,14346.0,False,09:00,ok,2026-09-04T12:10:18.879050+05:30,2026-09-04_1210IST,airline_direct,IndiGo
MAA,DEL,6E,IndiGo,6E 6348,2026-09-19,15,business,,,35375.0,False,09:00,ok,2026-09-04T12:10:18.879050+05:30,2026-09-04_1210IST,airline_direct,IndiGo
MAA,DEL,6E,IndiGo,6E 6348,2026-09-19,15,economy,,,14346.0,False,09:00,ok,2026-09-04T12:10:18.879050+05:30,2026-09-04_1210IST,airline_direct,IndiGo
MAA,DEL,6E,IndiGo,6E 5214,2026-09-19,15,business,,,35375.0,False,11:00,ok,2026-09-04T12:10:18.879050+05:30,2026-09-04_1210IST,airline_direct,IndiGo
MAA,DEL,6E,IndiGo,6E 5214,2026-09-19,15,economy,,,14346.0,False,11:00,ok,2026-09-04T12:10:18.879050+05:30,2026-09-04_1210IST,airline_direct,IndiGo
MAA,DEL,6E,IndiGo,6E 5104,2026-09-19,15,business,,,35375.0,False,16:40,ok,2026-09-04T12:10:18.879050+05:30,2026-09-04_1210IST,airline_direct,IndiGo
MAA,DEL,6E,IndiGo,6E 5104,2026-09-19,15,economy,,,14542.0,False,16:40,ok,2026-09-04T12:10:18.879050+05:30,2026-09-04_1210IST,airline_direct,IndiGo
MAA,DEL,6E,IndiGo,6E 6209,2026-09-19,15,business,,,29704.0,False,14:35,ok,2026-09-04T12:10:18.879050+05:30,2026-09-04_1210IST,airline_direct,IndiGo
MAA,DEL,6E,IndiGo,6E 6209,2026-09-19,15,economy,,,14577.0,False,14:35,ok,2026-09-04T12:10:18.879050+05:30,2026-09-04_1210IST,airline_direct,IndiGo
MAA,DEL,6E,IndiGo,6E 606,2026-09-19,15,economy,,,15686.0,False,18:05,ok,2026-09-04T12:10:18.879050+05:30,2026-09-04_1210IST,airline_direct,IndiGo
MAA,DEL,6E,IndiGo,6E 5367,2026-09-19,15,business,,,35375.0,False,18:15,ok,2026-09-04T12:10:18.879050+05:30,2026-09-04_1210IST,airline_direct,IndiGo
MAA,DEL,6E,IndiGo,6E 5367,2026-09-19,15,economy,,,16085.0,False,18:15,ok,2026-09-04T12:10:18.879050+05:30,2026-09-04_1210IST,airline_direct,IndiGo
DEL,BOM,6E,IndiGo,6E 449,2026-10-04,30,business,,,21900.0,False,05:00,ok,2026-09-04T12:11:20.601963+05:30,2026-09-04_1211IST,airline_direct,IndiGo
DEL,BOM,6E,IndiGo,6E 449,2026-10-04,30,economy,,,6305.0,False,05:00,ok,2026-09-04T12:11:20.601963+05:30,2026-09-04_1211IST,airline_direct,IndiGo
DEL,BOM,6E,IndiGo,6E 6218,2026-10-04,30,business,,,21900.0,False,06:05,ok,2026-09-04T12:11:20.601963+05:30,2026-09-04_1211IST,airline_direct,IndiGo
DEL,BOM,6E,IndiGo,6E 6218,2026-10-04,30,economy,,,6305.0,False,06:05,ok,2026-09-04T12:11:20.601963+05:30,2026-09-04_1211IST,airline_direct,IndiGo
DEL,BOM,6E,IndiGo,6E 6814,2026-10-04,30,business,,,21900.0,False,07:15,ok,2026-09-04T12:11:20.601963+05:30,2026-09-04_1211IST,airline_direct,IndiGo
DEL,BOM,6E,IndiGo,6E 6814,2026-10-04,30,economy,,,6305.0,False,07:15,ok,2026-09-04T12:11:20.601963+05:30,2026-09-04_1211IST,airline_direct,IndiGo
DEL,BOM,6E,IndiGo,6E 320,2026-10-04,30,business,,,21900.0,False,08:00,ok,2026-09-04T12:11:20.601963+05:30,2026-09-04_1211IST,airline_direct,IndiGo
DEL,BOM,6E,IndiGo,6E 320,2026-10-04,30,economy,,,6305.0,False,08:00,ok,2026-09-04T12:11:20.601963+05:30,2026-09-04_1211IST,airline_direct,IndiGo
DEL,BOM,6E,IndiGo,6E 675,2026-10-04,30,business,,,21900.0,False,08:45,ok,2026-09-04T12:11:20.601963+05:30,2026-09-04_1211IST,airline_direct,IndiGo
DEL,BOM,6E,IndiGo,6E 675,2026-10-04,30,economy,,,6305.0,False,08:45,ok,2026-09-04T12:11:20.601963+05:30,2026-09-04_1211IST,airline_direct,IndiGo
DEL,BOM,6E,IndiGo,6E 6107,2026-10-04,30,business,,,21900.0,False,09:30,ok,2026-09-04T12:11:20.601963+05:30,2026-09-04_1211IST,airline_direct,IndiGo
DEL,BOM,6E,IndiGo,6E 6107,2026-10-04,30,economy,,,6305.0,False,09:30,ok,2026-09-04T12:11:20.601963+05:30,2026-09-04_1211IST,airline_direct,IndiGo
DEL,BOM,6E,IndiGo,6E 6114,2026-10-04,30,business,,,21900.0,False,22:45,ok,2026-09-04T12:11:20.601963+05:30,2026-09-04_1211IST,airline_direct,IndiGo
DEL,BOM,6E,IndiGo,6E 6114,2026-10-04,30,economy,,,6305.0,False,22:45,ok,2026-09-04T12:11:20.601963+05:30,2026-09-04_1211IST,airline_direct,IndiGo
DEL,BOM,6E,IndiGo,6E 6328,2026-10-04,30,business,,,21900.0,False,10:15,ok,2026-09-04T12:11:20.601963+05:30,2026-09-04_1211IST,airline_direct,IndiGo
DEL,BOM,6E,IndiGo,6E 6328,2026-10-04,30,economy,,,6357.0,False,10:15,ok,2026-09-04T12:11:20.601963+05:30,2026-09-04_1211IST,airline_direct,IndiGo
DEL,BOM,6E,IndiGo,6E 6047,2026-10-04,30,business,,,26083.0,False,11:00,ok,2026-09-04T12:11:20.601963+05:30,2026-09-04_1211IST,airline_direct,IndiGo
DEL,BOM,6E,IndiGo,6E 6047,2026-10-04,30,economy,,,6357.0,False,11:00,ok,2026-09-04T12:11:20.601963+05:30,2026-09-04_1211IST,airline_direct,IndiGo
DEL,BOM,6E,IndiGo,6E 6676,2026-10-04,30,business,,,21900.0,False,12:00,ok,2026-09-04T12:11:20.601963+05:30,2026-09-04_1211IST,airline_direct,IndiGo
DEL,BOM,6E,IndiGo,6E 6676,2026-10-04,30,economy,,,6357.0,False,12:00,ok,2026-09-04T12:11:20.601963+05:30,2026-09-04_1211IST,airline_direct,IndiGo
DEL,BOM,6E,IndiGo,6E 324,2026-10-04,30,business,,,21900.0,False,13:00,ok,2026-09-04T12:11:20.601963+05:30,2026-09-04_1211IST,airline_direct,IndiGo
DEL,BOM,6E,IndiGo,6E 324,2026-10-04,30,economy,,,6357.0,False,13:00,ok,2026-09-04T12:11:20.601963+05:30,2026-09-04_1211IST,airline_direct,IndiGo
DEL,BOM,6E,IndiGo,6E 6022,2026-10-04,30,business,,,26083.0,False,14:00,ok,2026-09-04T12:11:20.601963+05:30,2026-09-04_1211IST,airline_direct,IndiGo
DEL,BOM,6E,IndiGo,6E 6022,2026-10-04,30,economy,,,6431.0,False,14:00,ok,2026-09-04T12:11:20.601963+05:30,2026-09-04_1211IST,airline_direct,IndiGo
DEL,BOM,6E,IndiGo,6E 6318,2026-10-04,30,business,,,21900.0,False,14:45,ok,2026-09-04T12:11:20.601963+05:30,2026-09-04_1211IST,airline_direct,IndiGo
DEL,BOM,6E,IndiGo,6E 6318,2026-10-04,30,economy,,,6431.0,False,14:45,ok,2026-09-04T12:11:20.601963+05:30,2026-09-04_1211IST,airline_direct,IndiGo
DEL,BOM,6E,IndiGo,6E 329,2026-10-04,30,business,,,21900.0,False,18:00,ok,2026-09-04T12:11:20.601963+05:30,2026-09-04_1211IST,airline_direct,IndiGo
DEL,BOM,6E,IndiGo,6E 329,2026-10-04,30,economy,,,6431.0,False,18:00,ok,2026-09-04T12:11:20.601963+05:30,2026-09-04_1211IST,airline_direct,IndiGo
DEL,BOM,6E,IndiGo,6E 395,2026-10-04,30,business,,,21900.0,False,21:45,ok,2026-09-04T12:11:20.601963+05:30,2026-09-04_1211IST,airline_direct,IndiGo
DEL,BOM,6E,IndiGo,6E 395,2026-10-04,30,economy,,,6431.0,False,21:45,ok,2026-09-04T12:11:20.601963+05:30,2026-09-04_1211IST,airline_direct,IndiGo
DEL,BOM,6E,IndiGo,6E 322,2026-10-04,30,business,,,21900.0,False,23:30,ok,2026-09-04T12:11:20.601963+05:30,2026-09-04_1211IST,airline_direct,IndiGo
DEL,BOM,6E,IndiGo,6E 322,2026-10-04,30,economy,,,6688.0,False,23:30,ok,2026-09-04T12:11:20.601963+05:30,2026-09-04_1211IST,airline_direct,IndiGo
DEL,BOM,6E,IndiGo,6E 864,2026-10-04,30,business,,,26083.0,False,15:30,ok,2026-09-04T12:11:20.601963+05:30,2026-09-04_1211IST,airline_direct,IndiGo
DEL,BOM,6E,IndiGo,6E 864,2026-10-04,30,economy,,,7003.0,False,15:30,ok,2026-09-04T12:11:20.601963+05:30,2026-09-04_1211IST,airline_direct,IndiGo
DEL,BOM,6E,IndiGo,6E 327,2026-10-04,30,business,,,21900.0,False,16:15,ok,2026-09-04T12:11:20.601963+05:30,2026-09-04_1211IST,airline_direct,IndiGo
DEL,BOM,6E,IndiGo,6E 327,2026-10-04,30,economy,,,7003.0,False,16:15,ok,2026-09-04T12:11:20.601963+05:30,2026-09-04_1211IST,airline_direct,IndiGo
DEL,BOM,6E,IndiGo,6E 354,2026-10-04,30,business,,,21900.0,False,19:00,ok,2026-09-04T12:11:20.601963+05:30,2026-09-04_1211IST,airline_direct,IndiGo
DEL,BOM,6E,IndiGo,6E 354,2026-10-04,30,economy,,,7003.0,False,19:00,ok,2026-09-04T12:11:20.601963+05:30,2026-09-04_1211IST,airline_direct,IndiGo
DEL,BOM,6E,IndiGo,6E 303,2026-10-04,30,business,,,21900.0,False,20:00,ok,2026-09-04T12:11:20.601963+05:30,2026-09-04_1211IST,airline_direct,IndiGo
DEL,BOM,6E,IndiGo,6E 303,2026-10-04,30,economy,,,7003.0,False,20:00,ok,2026-09-04T12:11:20.601963+05:30,2026-09-04_1211IST,airline_direct,IndiGo
DEL,BOM,6E,IndiGo,6E 853,2026-10-04,30,business,,,21900.0,False,20:45,ok,2026-09-04T12:11:20.601963+05:30,2026-09-04_1211IST,airline_direct,IndiGo
DEL,BOM,6E,IndiGo,6E 853,2026-10-04,30,economy,,,7003.0,False,20:45,ok,2026-09-04T12:11:20.601963+05:30,2026-09-04_1211IST,airline_direct,IndiGo
DEL,BOM,6E,IndiGo,6E 6706,2026-10-04,30,business,,,21900.0,False,17:00,ok,2026-09-04T12:11:20.601963+05:30,2026-09-04_1211IST,airline_direct,IndiGo
DEL,BOM,6E,IndiGo,6E 6706,2026-10-04,30,economy,,,7318.0,False,17:00,ok,2026-09-04T12:11:20.601963+05:30,2026-09-04_1211IST,airline_direct,IndiGo
DEL,BOM,6E,IndiGo,6E 6261,2026-10-04,30,economy,,,7120.0,False,00:15,ok,2026-09-04T12:11:20.601963+05:30,2026-09-04_1211IST,airline_direct,IndiGo
DEL,BOM,6E,IndiGo,6E 5119,2026-10-04,30,economy,,,7120.0,False,05:10,ok,2026-09-04T12:11:20.601963+05:30,2026-09-04_1211IST,airline_direct,IndiGo
DEL,BOM,6E,IndiGo,6E 5119,2026-10-04,30,economy,,,7120.0,False,05:10,ok,2026-09-04T12:11:20.601963+05:30,2026-09-04_1211IST,airline_direct,IndiGo
DEL,BOM,6E,IndiGo,6E 6171,2026-10-04,30,economy,,,7120.0,False,05:40,ok,2026-09-04T12:11:20.601963+05:30,2026-09-04_1211IST,airline_direct,IndiGo
DEL,BOM,6E,IndiGo,6E 2076,2026-10-04,30,economy,,,7120.0,False,07:30,ok,2026-09-04T12:11:20.601963+05:30,2026-09-04_1211IST,airline_direct,IndiGo
DEL,BOM,6E,IndiGo,6E 2331,2026-10-04,30,economy,,,7120.0,False,12:20,ok,2026-09-04T12:11:20.601963+05:30,2026-09-04_1211IST,airline_direct,IndiGo
DEL,BOM,6E,IndiGo,6E 2341,2026-10-04,30,economy,,,7120.0,False,14:50,ok,2026-09-04T12:11:20.601963+05:30,2026-09-04_1211IST,airline_direct,IndiGo
DEL,BOM,6E,IndiGo,6E 6983,2026-10-04,30,economy,,,7120.0,False,15:35,ok,2026-09-04T12:11:20.601963+05:30,2026-09-04_1211IST,airline_direct,IndiGo
DEL,BOM,6E,IndiGo,6E 5014,2026-10-04,30,economy,,,7120.0,False,18:30,ok,2026-09-04T12:11:20.601963+05:30,2026-09-04_1211IST,airline_direct,IndiGo
DEL,BOM,6E,IndiGo,6E 931,2026-10-04,30,economy,,,7120.0,False,19:30,ok,2026-09-04T12:11:20.601963+05:30,2026-09-04_1211IST,airline_direct,IndiGo
DEL,BOM,6E,IndiGo,6E 6569,2026-10-04,30,economy,,,7252.0,False,05:00,ok,2026-09-04T12:11:20.601963+05:30,2026-09-04_1211IST,airline_direct,IndiGo
DEL,BOM,6E,IndiGo,6E 6459,2026-10-04,30,economy,,,7252.0,False,05:55,ok,2026-09-04T12:11:20.601963+05:30,2026-09-04_1211IST,airline_direct,IndiGo
DEL,BOM,6E,IndiGo,6E 6488,2026-10-04,30,economy,,,7252.0,False,11:20,ok,2026-09-04T12:11:20.601963+05:30,2026-09-04_1211IST,airline_direct,IndiGo
DEL,BOM,6E,IndiGo,6E 2249,2026-10-04,30,economy,,,7252.0,False,15:00,ok,2026-09-04T12:11:20.601963+05:30,2026-09-04_1211IST,airline_direct,IndiGo
DEL,BOM,6E,IndiGo,6E 6829,2026-10-04,30,economy,,,7252.0,False,17:20,ok,2026-09-04T12:11:20.601963+05:30,2026-09-04_1211IST,airline_direct,IndiGo
DEL,BOM,6E,IndiGo,6E 5138,2026-10-04,30,economy,,,7252.0,False,19:10,ok,2026-09-04T12:11:20.601963+05:30,2026-09-04_1211IST,airline_direct,IndiGo
DEL,BOM,6E,IndiGo,6E 2169,2026-10-04,30,economy,,,7252.0,False,19:40,ok,2026-09-04T12:11:20.601963+05:30,2026-09-04_1211IST,airline_direct,IndiGo
DEL,BOM,6E,IndiGo,6E 2113,2026-10-04,30,economy,,,7330.0,False,13:20,ok,2026-09-04T12:11:20.601963+05:30,2026-09-04_1211IST,airline_direct,IndiGo
DEL,BOM,6E,IndiGo,6E 5038,2026-10-04,30,economy,,,7330.0,False,14:00,ok,2026-09-04T12:11:20.601963+05:30,2026-09-04_1211IST,airline_direct,IndiGo
DEL,BOM,6E,IndiGo,6E 2151,2026-10-04,30,economy,,,7330.0,False,19:45,ok,2026-09-04T12:11:20.601963+05:30,2026-09-04_1211IST,airline_direct,IndiGo
DEL,BOM,6E,IndiGo,6E 6479,2026-10-04,30,economy,,,7330.0,False,21:25,ok,2026-09-04T12:11:20.601963+05:30,2026-09-04_1211IST,airline_direct,IndiGo
DEL,BOM,6E,IndiGo,6E 704,2026-10-04,30,business,,,29617.0,False,02:25,ok,2026-09-04T12:11:20.601963+05:30,2026-09-04_1211IST,airline_direct,IndiGo
DEL,BOM,6E,IndiGo,6E 704,2026-10-04,30,economy,,,7462.0,False,02:25,ok,2026-09-04T12:11:20.601963+05:30,2026-09-04_1211IST,airline_direct,IndiGo
DEL,BOM,6E,IndiGo,6E 6026,2026-10-04,30,business,,,29617.0,False,05:30,ok,2026-09-04T12:11:20.601963+05:30,2026-09-04_1211IST,airline_direct,IndiGo
DEL,BOM,6E,IndiGo,6E 6026,2026-10-04,30,economy,,,7462.0,False,05:30,ok,2026-09-04T12:11:20.601963+05:30,2026-09-04_1211IST,airline_direct,IndiGo
DEL,BOM,6E,IndiGo,6E 705,2026-10-04,30,business,,,29617.0,False,08:30,ok,2026-09-04T12:11:20.601963+05:30,2026-09-04_1211IST,airline_direct,IndiGo
DEL,BOM,6E,IndiGo,6E 705,2026-10-04,30,economy,,,7462.0,False,08:30,ok,2026-09-04T12:11:20.601963+05:30,2026-09-04_1211IST,airline_direct,IndiGo
DEL,BOM,6E,IndiGo,6E 6293,2026-10-04,30,business,,,29617.0,False,09:55,ok,2026-09-04T12:11:20.601963+05:30,2026-09-04_1211IST,airline_direct,IndiGo
DEL,BOM,6E,IndiGo,6E 6293,2026-10-04,30,economy,,,7462.0,False,09:55,ok,2026-09-04T12:11:20.601963+05:30,2026-09-04_1211IST,airline_direct,IndiGo
DEL,BOM,6E,IndiGo,6E 6282,2026-10-04,30,business,,,29617.0,False,13:30,ok,2026-09-04T12:11:20.601963+05:30,2026-09-04_1211IST,airline_direct,IndiGo
DEL,BOM,6E,IndiGo,6E 6282,2026-10-04,30,economy,,,7462.0,False,13:30,ok,2026-09-04T12:11:20.601963+05:30,2026-09-04_1211IST,airline_direct,IndiGo
DEL,BOM,6E,IndiGo,6E 717,2026-10-04,30,business,,,29617.0,False,17:55,ok,2026-09-04T12:11:20.601963+05:30,2026-09-04_1211IST,airline_direct,IndiGo
DEL,BOM,6E,IndiGo,6E 717,2026-10-04,30,economy,,,7462.0,False,17:55,ok,2026-09-04T12:11:20.601963+05:30,2026-09-04_1211IST,airline_direct,IndiGo
DEL,BOM,6E,IndiGo,6E 6497,2026-10-04,30,economy,,,7462.0,False,18:40,ok,2026-09-04T12:11:20.601963+05:30,2026-09-04_1211IST,airline_direct,IndiGo
DEL,BOM,6E,IndiGo,6E 2496,2026-10-04,30,economy,,,8981.0,False,12:40,ok,2026-09-04T12:11:20.601963+05:30,2026-09-04_1211IST,airline_direct,IndiGo
DEL,BOM,6E,IndiGo,6E 6443,2026-10-04,30,economy,,,9150.0,False,09:00,ok,2026-09-04T12:11:20.601963+05:30,2026-09-04_1211IST,airline_direct,IndiGo
DEL,BOM,6E,IndiGo,6E 2349,2026-10-04,30,economy,,,9374.0,False,10:55,ok,2026-09-04T12:11:20.601963+05:30,2026-09-04_1211IST,airline_direct,IndiGo
DEL,BOM,6E,IndiGo,6E 358,2026-10-04,30,business,,,43577.0,False,12:10,ok,2026-09-04T12:11:20.601963+05:30,2026-09-04_1211IST,airline_direct,IndiGo
DEL,BOM,6E,IndiGo,6E 358,2026-10-04,30,economy,,,9439.0,False,12:10,ok,2026-09-04T12:11:20.601963+05:30,2026-09-04_1211IST,airline_direct,IndiGo
DEL,BOM,6E,IndiGo,6E 5073,2026-10-04,30,economy,,,9780.0,False,17:05,ok,2026-09-04T12:11:20.601963+05:30,2026-09-04_1211IST,airline_direct,IndiGo
DEL,BOM,6E,IndiGo,6E 2013,2026-10-04,30,economy,,,9960.0,False,21:50,ok,2026-09-04T12:11:20.601963+05:30,2026-09-04_1211IST,airline_direct,IndiGo
DEL,BOM,6E,IndiGo,6E 6433,2026-10-04,30,economy,,,10749.0,False,16:30,ok,2026-09-04T12:11:20.601963+05:30,2026-09-04_1211IST,airline_direct,IndiGo
DEL,BOM,6E,IndiGo,6E 758,2026-10-04,30,economy,,,11749.0,False,16:10,ok,2026-09-04T12:11:20.601963+05:30,2026-09-04_1211IST,airline_direct,IndiGo
DEL,BOM,6E,IndiGo,6E 6829,2026-10-04,30,economy,,,12683.0,False,17:20,ok,2026-09-04T12:11:20.601963+05:30,2026-09-04_1211IST,airline_direct,IndiGo
DEL,BOM,6E,IndiGo,6E 882,2026-10-04,30,business,,,26583.0,False,23:15,ok,2026-09-04T12:11:20.601963+05:30,2026-09-04_1211IST,airline_direct,IndiGo
DEL,BOM,6E,IndiGo,6E 882,2026-10-04,30,economy,,,13111.0,False,23:15,ok,2026-09-04T12:11:20.601963+05:30,2026-09-04_1211IST,airline_direct,IndiGo
DEL,BOM,6E,IndiGo,6E 6601,2026-10-04,30,business,,,29617.0,False,19:45,ok,2026-09-04T12:11:20.601963+05:30,2026-09-04_1211IST,airline_direct,IndiGo
DEL,BOM,6E,IndiGo,6E 6601,2026-10-04,30,economy,,,15197.0,False,19:45,ok,2026-09-04T12:11:20.601963+05:30,2026-09-04_1211IST,airline_direct,IndiGo
DEL,BOM,6E,IndiGo,6E 357,2026-10-04,30,economy,,,15949.0,False,19:30,ok,2026-09-04T12:11:20.601963+05:30,2026-09-04_1211IST,airline_direct,IndiGo
DEL,BOM,6E,IndiGo,6E 2298,2026-10-04,30,economy,,,16233.0,False,09:45,ok,2026-09-04T12:11:20.601963+05:30,2026-09-04_1211IST,airline_direct,IndiGo
DEL,BOM,6E,IndiGo,6E 6212,2026-10-04,30,business,,,29617.0,False,14:45,ok,2026-09-04T12:11:20.601963+05:30,2026-09-04_1211IST,airline_direct,IndiGo
DEL,BOM,6E,IndiGo,6E 6212,2026-10-04,30,economy,,,16352.0,False,14:45,ok,2026-09-04T12:11:20.601963+05:30,2026-09-04_1211IST,airline_direct,IndiGo
DEL,BOM,6E,IndiGo,6E 5073,2026-10-04,30,economy,,,17712.0,False,17:05,ok,2026-09-04T12:11:20.601963+05:30,2026-09-04_1211IST,airline_direct,IndiGo
DEL,BOM,6E,IndiGo,6E 5298,2026-10-04,30,economy,,,17922.0,False,09:00,ok,2026-09-04T12:11:20.601963+05:30,2026-09-04_1211IST,airline_direct,IndiGo
DEL,BOM,6E,IndiGo,6E 353,2026-10-04,30,,,,,False,03:00,sold_out,2026-09-04T12:11:20.601963+05:30,2026-09-04_1211IST,airline_direct,IndiGo
DEL,BLR,6E,IndiGo,6E 6054,2026-10-04,30,business,,,26048.0,False,01:05,ok,2026-09-04T12:12:31.884499+05:30,2026-09-04_1212IST,airline_direct,IndiGo
DEL,BLR,6E,IndiGo,6E 6054,2026-10-04,30,economy,,,8671.0,False,01:05,ok,2026-09-04T12:12:31.884499+05:30,2026-09-04_1212IST,airline_direct,IndiGo
DEL,BLR,6E,IndiGo,6E 820,2026-10-04,30,business,,,26048.0,False,03:00,ok,2026-09-04T12:12:31.884499+05:30,2026-09-04_1212IST,airline_direct,IndiGo
DEL,BLR,6E,IndiGo,6E 820,2026-10-04,30,economy,,,8671.0,False,03:00,ok,2026-09-04T12:12:31.884499+05:30,2026-09-04_1212IST,airline_direct,IndiGo
DEL,BLR,6E,IndiGo,6E 2314,2026-10-04,30,business,,,26048.0,False,05:45,ok,2026-09-04T12:12:31.884499+05:30,2026-09-04_1212IST,airline_direct,IndiGo
DEL,BLR,6E,IndiGo,6E 2314,2026-10-04,30,economy,,,8671.0,False,05:45,ok,2026-09-04T12:12:31.884499+05:30,2026-09-04_1212IST,airline_direct,IndiGo
DEL,BLR,6E,IndiGo,6E 810,2026-10-04,30,business,,,26048.0,False,07:05,ok,2026-09-04T12:12:31.884499+05:30,2026-09-04_1212IST,airline_direct,IndiGo
DEL,BLR,6E,IndiGo,6E 810,2026-10-04,30,economy,,,8671.0,False,07:05,ok,2026-09-04T12:12:31.884499+05:30,2026-09-04_1212IST,airline_direct,IndiGo
DEL,BLR,6E,IndiGo,6E 873,2026-10-04,30,business,,,26048.0,False,08:20,ok,2026-09-04T12:12:31.884499+05:30,2026-09-04_1212IST,airline_direct,IndiGo
DEL,BLR,6E,IndiGo,6E 873,2026-10-04,30,economy,,,9128.0,False,08:20,ok,2026-09-04T12:12:31.884499+05:30,2026-09-04_1212IST,airline_direct,IndiGo
DEL,BLR,6E,IndiGo,6E 826,2026-10-04,30,business,,,26048.0,False,09:30,ok,2026-09-04T12:12:31.884499+05:30,2026-09-04_1212IST,airline_direct,IndiGo
DEL,BLR,6E,IndiGo,6E 826,2026-10-04,30,economy,,,9128.0,False,09:30,ok,2026-09-04T12:12:31.884499+05:30,2026-09-04_1212IST,airline_direct,IndiGo
DEL,BLR,6E,IndiGo,6E 176,2026-10-04,30,business,,,26048.0,False,13:15,ok,2026-09-04T12:12:31.884499+05:30,2026-09-04_1212IST,airline_direct,IndiGo
DEL,BLR,6E,IndiGo,6E 176,2026-10-04,30,economy,,,9128.0,False,13:15,ok,2026-09-04T12:12:31.884499+05:30,2026-09-04_1212IST,airline_direct,IndiGo
DEL,BLR,6E,IndiGo,6E 846,2026-10-04,30,business,,,26048.0,False,22:00,ok,2026-09-04T12:12:31.884499+05:30,2026-09-04_1212IST,airline_direct,IndiGo
DEL,BLR,6E,IndiGo,6E 846,2026-10-04,30,economy,,,9128.0,False,22:00,ok,2026-09-04T12:12:31.884499+05:30,2026-09-04_1212IST,airline_direct,IndiGo
DEL,BLR,6E,IndiGo,6E 871,2026-10-04,30,business,,,26048.0,False,23:30,ok,2026-09-04T12:12:31.884499+05:30,2026-09-04_1212IST,airline_direct,IndiGo
DEL,BLR,6E,IndiGo,6E 871,2026-10-04,30,economy,,,9128.0,False,23:30,ok,2026-09-04T12:12:31.884499+05:30,2026-09-04_1212IST,airline_direct,IndiGo
DEL,BLR,6E,IndiGo,6E 850,2026-10-04,30,business,,,26048.0,False,12:15,ok,2026-09-04T12:12:31.884499+05:30,2026-09-04_1212IST,airline_direct,IndiGo
DEL,BLR,6E,IndiGo,6E 850,2026-10-04,30,economy,,,9613.0,False,12:15,ok,2026-09-04T12:12:31.884499+05:30,2026-09-04_1212IST,airline_direct,IndiGo
DEL,BLR,6E,IndiGo,6E 828,2026-10-04,30,business,,,26048.0,False,14:30,ok,2026-09-04T12:12:31.884499+05:30,2026-09-04_1212IST,airline_direct,IndiGo
DEL,BLR,6E,IndiGo,6E 828,2026-10-04,30,economy,,,9613.0,False,14:30,ok,2026-09-04T12:12:31.884499+05:30,2026-09-04_1212IST,airline_direct,IndiGo
DEL,BLR,6E,IndiGo,6E 6515,2026-10-04,30,business,,,26048.0,False,20:45,ok,2026-09-04T12:12:31.884499+05:30,2026-09-04_1212IST,airline_direct,IndiGo
DEL,BLR,6E,IndiGo,6E 6515,2026-10-04,30,economy,,,9613.0,False,20:45,ok,2026-09-04T12:12:31.884499+05:30,2026-09-04_1212IST,airline_direct,IndiGo
DEL,BLR,6E,IndiGo,6E 842,2026-10-04,30,business,,,26048.0,False,10:45,ok,2026-09-04T12:12:31.884499+05:30,2026-09-04_1212IST,airline_direct,IndiGo
DEL,BLR,6E,IndiGo,6E 842,2026-10-04,30,economy,,,10128.0,False,10:45,ok,2026-09-04T12:12:31.884499+05:30,2026-09-04_1212IST,airline_direct,IndiGo
DEL,BLR,6E,IndiGo,6E 880,2026-10-04,30,business,,,26048.0,False,15:45,ok,2026-09-04T12:12:31.884499+05:30,2026-09-04_1212IST,airline_direct,IndiGo
DEL,BLR,6E,IndiGo,6E 880,2026-10-04,30,economy,,,10128.0,False,15:45,ok,2026-09-04T12:12:31.884499+05:30,2026-09-04_1212IST,airline_direct,IndiGo
DEL,BLR,6E,IndiGo,6E 837,2026-10-04,30,business,,,26048.0,False,17:00,ok,2026-09-04T12:12:31.884499+05:30,2026-09-04_1212IST,airline_direct,IndiGo
DEL,BLR,6E,IndiGo,6E 837,2026-10-04,30,economy,,,10128.0,False,17:00,ok,2026-09-04T12:12:31.884499+05:30,2026-09-04_1212IST,airline_direct,IndiGo
DEL,BLR,6E,IndiGo,6E 861,2026-10-04,30,business,,,26048.0,False,19:30,ok,2026-09-04T12:12:31.884499+05:30,2026-09-04_1212IST,airline_direct,IndiGo
DEL,BLR,6E,IndiGo,6E 861,2026-10-04,30,economy,,,10128.0,False,19:30,ok,2026-09-04T12:12:31.884499+05:30,2026-09-04_1212IST,airline_direct,IndiGo
DEL,BLR,6E,IndiGo,6E 811,2026-10-04,30,business,,,26048.0,False,18:20,ok,2026-09-04T12:12:31.884499+05:30,2026-09-04_1212IST,airline_direct,IndiGo
DEL,BLR,6E,IndiGo,6E 811,2026-10-04,30,economy,,,10675.0,False,18:20,ok,2026-09-04T12:12:31.884499+05:30,2026-09-04_1212IST,airline_direct,IndiGo
DEL,BLR,6E,IndiGo,6E 704,2026-10-04,30,business,,,24908.0,False,02:25,ok,2026-09-04T12:12:31.884499+05:30,2026-09-04_1212IST,airline_direct,IndiGo
DEL,BLR,6E,IndiGo,6E 704,2026-10-04,30,economy,,,9946.0,False,02:25,ok,2026-09-04T12:12:31.884499+05:30,2026-09-04_1212IST,airline_direct,IndiGo
DEL,BLR,6E,IndiGo,6E 704,2026-10-04,30,business,,,24908.0,False,02:25,ok,2026-09-04T12:12:31.884499+05:30,2026-09-04_1212IST,airline_direct,IndiGo
DEL,BLR,6E,IndiGo,6E 704,2026-10-04,30,economy,,,9946.0,False,02:25,ok,2026-09-04T12:12:31.884499+05:30,2026-09-04_1212IST,airline_direct,IndiGo
DEL,BLR,6E,IndiGo,6E 6026,2026-10-04,30,business,,,25312.0,False,05:30,ok,2026-09-04T12:12:31.884499+05:30,2026-09-04_1212IST,airline_direct,IndiGo
DEL,BLR,6E,IndiGo,6E 6026,2026-10-04,30,economy,,,9946.0,False,05:30,ok,2026-09-04T12:12:31.884499+05:30,2026-09-04_1212IST,airline_direct,IndiGo
DEL,BLR,6E,IndiGo,6E 6293,2026-10-04,30,business,,,26793.0,False,09:55,ok,2026-09-04T12:12:31.884499+05:30,2026-09-04_1212IST,airline_direct,IndiGo
DEL,BLR,6E,IndiGo,6E 6293,2026-10-04,30,economy,,,9946.0,False,09:55,ok,2026-09-04T12:12:31.884499+05:30,2026-09-04_1212IST,airline_direct,IndiGo
DEL,BLR,6E,IndiGo,6E 6282,2026-10-04,30,business,,,25312.0,False,13:30,ok,2026-09-04T12:12:31.884499+05:30,2026-09-04_1212IST,airline_direct,IndiGo
DEL,BLR,6E,IndiGo,6E 6282,2026-10-04,30,economy,,,9946.0,False,13:30,ok,2026-09-04T12:12:31.884499+05:30,2026-09-04_1212IST,airline_direct,IndiGo
DEL,BLR,6E,IndiGo,6E 6212,2026-10-04,30,business,,,25312.0,False,14:45,ok,2026-09-04T12:12:31.884499+05:30,2026-09-04_1212IST,airline_direct,IndiGo
DEL,BLR,6E,IndiGo,6E 6212,2026-10-04,30,economy,,,9946.0,False,14:45,ok,2026-09-04T12:12:31.884499+05:30,2026-09-04_1212IST,airline_direct,IndiGo
DEL,BLR,6E,IndiGo,6E 6217,2026-10-04,30,business,,,25312.0,False,16:15,ok,2026-09-04T12:12:31.884499+05:30,2026-09-04_1212IST,airline_direct,IndiGo
DEL,BLR,6E,IndiGo,6E 6217,2026-10-04,30,economy,,,9946.0,False,16:15,ok,2026-09-04T12:12:31.884499+05:30,2026-09-04_1212IST,airline_direct,IndiGo
DEL,BLR,6E,IndiGo,6E 717,2026-10-04,30,business,,,26793.0,False,17:55,ok,2026-09-04T12:12:31.884499+05:30,2026-09-04_1212IST,airline_direct,IndiGo
DEL,BLR,6E,IndiGo,6E 717,2026-10-04,30,economy,,,9946.0,False,17:55,ok,2026-09-04T12:12:31.884499+05:30,2026-09-04_1212IST,airline_direct,IndiGo
DEL,BLR,6E,IndiGo,6E 6601,2026-10-04,30,business,,,24908.0,False,19:45,ok,2026-09-04T12:12:31.884499+05:30,2026-09-04_1212IST,airline_direct,IndiGo
DEL,BLR,6E,IndiGo,6E 6601,2026-10-04,30,economy,,,9946.0,False,19:45,ok,2026-09-04T12:12:31.884499+05:30,2026-09-04_1212IST,airline_direct,IndiGo
DEL,BLR,6E,IndiGo,6E 2343,2026-10-04,30,business,,,31858.0,False,02:20,ok,2026-09-04T12:12:31.884499+05:30,2026-09-04_1212IST,airline_direct,IndiGo
DEL,BLR,6E,IndiGo,6E 2343,2026-10-04,30,economy,,,10077.0,False,02:20,ok,2026-09-04T12:12:31.884499+05:30,2026-09-04_1212IST,airline_direct,IndiGo
DEL,BLR,6E,IndiGo,6E 6569,2026-10-04,30,economy,,,10077.0,False,05:00,ok,2026-09-04T12:12:31.884499+05:30,2026-09-04_1212IST,airline_direct,IndiGo
DEL,BLR,6E,IndiGo,6E 5119,2026-10-04,30,economy,,,10077.0,False,05:10,ok,2026-09-04T12:12:31.884499+05:30,2026-09-04_1212IST,airline_direct,IndiGo
DEL,BLR,6E,IndiGo,6E 6459,2026-10-04,30,economy,,,10077.0,False,05:55,ok,2026-09-04T12:12:31.884499+05:30,2026-09-04_1212IST,airline_direct,IndiGo
DEL,BLR,6E,IndiGo,6E 6488,2026-10-04,30,economy,,,10077.0,False,11:20,ok,2026-09-04T12:12:31.884499+05:30,2026-09-04_1212IST,airline_direct,IndiGo
DEL,BLR,6E,IndiGo,6E 2361,2026-10-04,30,economy,,,10077.0,False,14:35,ok,2026-09-04T12:12:31.884499+05:30,2026-09-04_1212IST,airline_direct,IndiGo
DEL,BLR,6E,IndiGo,6E 2557,2026-10-04,30,economy,,,10077.0,False,15:20,ok,2026-09-04T12:12:31.884499+05:30,2026-09-04_1212IST,airline_direct,IndiGo
DEL,BLR,6E,IndiGo,6E 734,2026-10-04,30,economy,,,10077.0,False,16:20,ok,2026-09-04T12:12:31.884499+05:30,2026-09-04_1212IST,airline_direct,IndiGo
DEL,BLR,6E,IndiGo,6E 5073,2026-10-04,30,economy,,,10077.0,False,17:05,ok,2026-09-04T12:12:31.884499+05:30,2026-09-04_1212IST,airline_direct,IndiGo
DEL,BLR,6E,IndiGo,6E 329,2026-10-04,30,business,,,34636.0,False,18:00,ok,2026-09-04T12:12:31.884499+05:30,2026-09-04_1212IST,airline_direct,IndiGo
DEL,BLR,6E,IndiGo,6E 329,2026-10-04,30,economy,,,10077.0,False,18:00,ok,2026-09-04T12:12:31.884499+05:30,2026-09-04_1212IST,airline_direct,IndiGo
DEL,BLR,6E,IndiGo,6E 6179,2026-10-04,30,economy,,,10077.0,False,18:30,ok,2026-09-04T12:12:31.884499+05:30,2026-09-04_1212IST,airline_direct,IndiGo
DEL,BLR,6E,IndiGo,6E 933,2026-10-04,30,business,,,28318.0,False,02:55,ok,2026-09-04T12:12:31.884499+05:30,2026-09-04_1212IST,airline_direct,IndiGo
DEL,BLR,6E,IndiGo,6E 933,2026-10-04,30,economy,,,10156.0,False,02:55,ok,2026-09-04T12:12:31.884499+05:30,2026-09-04_1212IST,airline_direct,IndiGo
DEL,BLR,6E,IndiGo,6E 6476,2026-10-04,30,economy,,,10156.0,False,07:05,ok,2026-09-04T12:12:31.884499+05:30,2026-09-04_1212IST,airline_direct,IndiGo
DEL,BLR,6E,IndiGo,6E 2277,2026-10-04,30,business,,,42015.0,False,10:25,ok,2026-09-04T12:12:31.884499+05:30,2026-09-04_1212IST,airline_direct,IndiGo
DEL,BLR,6E,IndiGo,6E 2277,2026-10-04,30,economy,,,10156.0,False,10:25,ok,2026-09-04T12:12:31.884499+05:30,2026-09-04_1212IST,airline_direct,IndiGo
DEL,BLR,6E,IndiGo,6E 5038,2026-10-04,30,economy,,,10156.0,False,14:00,ok,2026-09-04T12:12:31.884499+05:30,2026-09-04_1212IST,airline_direct,IndiGo
DEL,BLR,6E,IndiGo,6E 6091,2026-10-04,30,business,,,29038.0,False,15:15,ok,2026-09-04T12:12:31.884499+05:30,2026-09-04_1212IST,airline_direct,IndiGo
DEL,BLR,6E,IndiGo,6E 6091,2026-10-04,30,economy,,,10156.0,False,15:15,ok,2026-09-04T12:12:31.884499+05:30,2026-09-04_1212IST,airline_direct,IndiGo
DEL,BLR,6E,IndiGo,6E 5033,2026-10-04,30,economy,,,10156.0,False,15:50,ok,2026-09-04T12:12:31.884499+05:30,2026-09-04_1212IST,airline_direct,IndiGo
DEL,BLR,6E,IndiGo,6E 947,2026-10-04,30,business,,,28318.0,False,16:40,ok,2026-09-04T12:12:31.884499+05:30,2026-09-04_1212IST,airline_direct,IndiGo
DEL,BLR,6E,IndiGo,6E 947,2026-10-04,30,economy,,,10156.0,False,16:40,ok,2026-09-04T12:12:31.884499+05:30,2026-09-04_1212IST,airline_direct,IndiGo
DEL,BLR,6E,IndiGo,6E 2150,2026-10-04,30,business,,,40245.0,False,16:55,ok,2026-09-04T12:12:31.884499+05:30,2026-09-04_1212IST,airline_direct,IndiGo
DEL,BLR,6E,IndiGo,6E 2150,2026-10-04,30,economy,,,10156.0,False,16:55,ok,2026-09-04T12:12:31.884499+05:30,2026-09-04_1212IST,airline_direct,IndiGo
DEL,BLR,6E,IndiGo,6E 950,2026-10-04,30,business,,,28318.0,False,18:15,ok,2026-09-04T12:12:31.884499+05:30,2026-09-04_1212IST,airline_direct,IndiGo
DEL,BLR,6E,IndiGo,6E 950,2026-10-04,30,economy,,,10156.0,False,18:15,ok,2026-09-04T12:12:31.884499+05:30,2026-09-04_1212IST,airline_direct,IndiGo
DEL,BLR,6E,IndiGo,6E 357,2026-10-04,30,business,,,38593.0,False,19:30,ok,2026-09-04T12:12:31.884499+05:30,2026-09-04_1212IST,airline_direct,IndiGo
DEL,BLR,6E,IndiGo,6E 357,2026-10-04,30,economy,,,10156.0,False,19:30,ok,2026-09-04T12:12:31.884499+05:30,2026-09-04_1212IST,airline_direct,IndiGo
DEL,BLR,6E,IndiGo,6E 2769,2026-10-04,30,economy,,,10287.0,False,08:10,ok,2026-09-04T12:12:31.884499+05:30,2026-09-04_1212IST,airline_direct,IndiGo
DEL,BLR,6E,IndiGo,6E 6497,2026-10-04,30,economy,,,10287.0,False,18:40,ok,2026-09-04T12:12:31.884499+05:30,2026-09-04_1212IST,airline_direct,IndiGo
DEL,BLR,6E,IndiGo,6E 2482,2026-10-04,30,economy,,,10287.0,False,19:55,ok,2026-09-04T12:12:31.884499+05:30,2026-09-04_1212IST,airline_direct,IndiGo
DEL,BLR,6E,IndiGo,6E 754,2026-10-04,30,economy,,,10314.0,False,17:10,ok,2026-09-04T12:12:31.884499+05:30,2026-09-04_1212IST,airline_direct,IndiGo
DEL,BLR,6E,IndiGo,6E 5191,2026-10-04,30,business,,,29511.0,False,05:00,ok,2026-09-04T12:12:31.884499+05:30,2026-09-04_1212IST,airline_direct,IndiGo
DEL,BLR,6E,IndiGo,6E 5191,2026-10-04,30,economy,,,10497.0,False,05:00,ok,2026-09-04T12:12:31.884499+05:30,2026-09-04_1212IST,airline_direct,IndiGo
DEL,BLR,6E,IndiGo,6E 513,2026-10-04,30,business,,,30219.0,False,08:30,ok,2026-09-04T12:12:31.884499+05:30,2026-09-04_1212IST,airline_direct,IndiGo
DEL,BLR,6E,IndiGo,6E 513,2026-10-04,30,economy,,,10497.0,False,08:30,ok,2026-09-04T12:12:31.884499+05:30,2026-09-04_1212IST,airline_direct,IndiGo
DEL,BLR,6E,IndiGo,6E 758,2026-10-04,30,economy,,,10720.0,False,16:10,ok,2026-09-04T12:12:31.884499+05:30,2026-09-04_1212IST,airline_direct,IndiGo
DEL,BLR,6E,IndiGo,6E 931,2026-10-04,30,economy,,,11696.0,False,19:30,ok,2026-09-04T12:12:31.884499+05:30,2026-09-04_1212IST,airline_direct,IndiGo
DEL,BLR,6E,IndiGo,6E 2349,2026-10-04,30,economy,,,11722.0,False,10:55,ok,2026-09-04T12:12:31.884499+05:30,2026-09-04_1212IST,airline_direct,IndiGo
DEL,BLR,6E,IndiGo,6E 358,2026-10-04,30,business,,,42015.0,False,12:10,ok,2026-09-04T12:12:31.884499+05:30,2026-09-04_1212IST,airline_direct,IndiGo
DEL,BLR,6E,IndiGo,6E 358,2026-10-04,30,economy,,,11775.0,False,12:10,ok,2026-09-04T12:12:31.884499+05:30,2026-09-04_1212IST,airline_direct,IndiGo
DEL,BLR,6E,IndiGo,6E 884,2026-10-04,30,business,,,25759.0,False,11:45,ok,2026-09-04T12:12:31.884499+05:30,2026-09-04_1212IST,airline_direct,IndiGo
DEL,BLR,6E,IndiGo,6E 884,2026-10-04,30,economy,,,12814.0,False,11:45,ok,2026-09-04T12:12:31.884499+05:30,2026-09-04_1212IST,airline_direct,IndiGo
DEL,BLR,6E,IndiGo,6E 990,2026-10-04,30,economy,,,12979.0,False,14:50,ok,2026-09-04T12:12:31.884499+05:30,2026-09-04_1212IST,airline_direct,IndiGo
DEL,BLR,6E,IndiGo,6E 864,2026-10-04,30,business,,,38235.0,False,15:30,ok,2026-09-04T12:12:31.884499+05:30,2026-09-04_1212IST,airline_direct,IndiGo
DEL,BLR,6E,IndiGo,6E 864,2026-10-04,30,economy,,,13631.0,False,15:30,ok,2026-09-04T12:12:31.884499+05:30,2026-09-04_1212IST,airline_direct,IndiGo
DEL,BLR,6E,IndiGo,6E 2618,2026-10-04,30,business,,,27386.0,False,23:00,ok,2026-09-04T12:12:31.884499+05:30,2026-09-04_1212IST,airline_direct,IndiGo
DEL,BLR,6E,IndiGo,6E 2618,2026-10-04,30,economy,,,14990.0,False,23:00,ok,2026-09-04T12:12:31.884499+05:30,2026-09-04_1212IST,airline_direct,IndiGo
DEL,BLR,6E,IndiGo,6E 6673,2026-10-04,30,business,,,28270.0,False,21:15,ok,2026-09-04T12:12:31.884499+05:30,2026-09-04_1212IST,airline_direct,IndiGo
DEL,BLR,6E,IndiGo,6E 6673,2026-10-04,30,economy,,,15777.0,False,21:15,ok,2026-09-04T12:12:31.884499+05:30,2026-09-04_1212IST,airline_direct,IndiGo
DEL,BLR,6E,IndiGo,6E 6437,2026-10-04,30,business,,,32319.0,False,16:25,ok,2026-09-04T12:12:31.884499+05:30,2026-09-04_1212IST,airline_direct,IndiGo
DEL,BLR,6E,IndiGo,6E 6437,2026-10-04,30,economy,,,15941.0,False,16:25,ok,2026-09-04T12:12:31.884499+05:30,2026-09-04_1212IST,airline_direct,IndiGo
DEL,BLR,6E,IndiGo,6E 6632,2026-10-04,30,economy,,,16694.0,False,17:50,ok,2026-09-04T12:12:31.884499+05:30,2026-09-04_1212IST,airline_direct,IndiGo
BOM,BLR,6E,IndiGo,6E 5323,2026-10-04,30,business,,,18948.0,False,01:10,ok,2026-09-04T12:13:41.909215+05:30,2026-09-04_1213IST,airline_direct,IndiGo
BOM,BLR,6E,IndiGo,6E 5323,2026-10-04,30,economy,,,5091.0,False,01:10,ok,2026-09-04T12:13:41.909215+05:30,2026-09-04_1213IST,airline_direct,IndiGo
BOM,BLR,6E,IndiGo,6E 5294,2026-10-04,30,business,,,18948.0,False,04:30,ok,2026-09-04T12:13:41.909215+05:30,2026-09-04_1213IST,airline_direct,IndiGo
BOM,BLR,6E,IndiGo,6E 5294,2026-10-04,30,economy,,,5406.0,False,04:30,ok,2026-09-04T12:13:41.909215+05:30,2026-09-04_1213IST,airline_direct,IndiGo
BOM,BLR,6E,IndiGo,6E 5217,2026-10-04,30,business,,,18948.0,False,11:00,ok,2026-09-04T12:13:41.909215+05:30,2026-09-04_1213IST,airline_direct,IndiGo
BOM,BLR,6E,IndiGo,6E 5217,2026-10-04,30,economy,,,6747.0,False,11:00,ok,2026-09-04T12:13:41.909215+05:30,2026-09-04_1213IST,airline_direct,IndiGo
BOM,BLR,6E,IndiGo,6E 5184,2026-10-04,30,business,,,18948.0,False,12:30,ok,2026-09-04T12:13:41.909215+05:30,2026-09-04_1213IST,airline_direct,IndiGo
BOM,BLR,6E,IndiGo,6E 5184,2026-10-04,30,economy,,,6747.0,False,12:30,ok,2026-09-04T12:13:41.909215+05:30,2026-09-04_1213IST,airline_direct,IndiGo
BOM,BLR,6E,IndiGo,6E 5388,2026-10-04,30,business,,,18948.0,False,22:20,ok,2026-09-04T12:13:41.909215+05:30,2026-09-04_1213IST,airline_direct,IndiGo
BOM,BLR,6E,IndiGo,6E 5388,2026-10-04,30,economy,,,6747.0,False,22:20,ok,2026-09-04T12:13:41.909215+05:30,2026-09-04_1213IST,airline_direct,IndiGo
BOM,BLR,6E,IndiGo,6E 5092,2026-10-04,30,business,,,18948.0,False,09:50,ok,2026-09-04T12:13:41.909215+05:30,2026-09-04_1213IST,airline_direct,IndiGo
BOM,BLR,6E,IndiGo,6E 5092,2026-10-04,30,economy,,,7062.0,False,09:50,ok,2026-09-04T12:13:41.909215+05:30,2026-09-04_1213IST,airline_direct,IndiGo
BOM,BLR,6E,IndiGo,6E 5193,2026-10-04,30,business,,,18948.0,False,07:45,ok,2026-09-04T12:13:41.909215+05:30,2026-09-04_1213IST,airline_direct,IndiGo
BOM,BLR,6E,IndiGo,6E 5193,2026-10-04,30,economy,,,7377.0,False,07:45,ok,2026-09-04T12:13:41.909215+05:30,2026-09-04_1213IST,airline_direct,IndiGo
BOM,BLR,6E,IndiGo,6E 5032,2026-10-04,30,business,,,18948.0,False,19:50,ok,2026-09-04T12:13:41.909215+05:30,2026-09-04_1213IST,airline_direct,IndiGo
BOM,BLR,6E,IndiGo,6E 5032,2026-10-04,30,economy,,,7377.0,False,19:50,ok,2026-09-04T12:13:41.909215+05:30,2026-09-04_1213IST,airline_direct,IndiGo
BOM,BLR,6E,IndiGo,6E 6188,2026-10-04,30,business,,,18948.0,False,21:30,ok,2026-09-04T12:13:41.909215+05:30,2026-09-04_1213IST,airline_direct,IndiGo
BOM,BLR,6E,IndiGo,6E 6188,2026-10-04,30,economy,,,7377.0,False,21:30,ok,2026-09-04T12:13:41.909215+05:30,2026-09-04_1213IST,airline_direct,IndiGo
BOM,BLR,6E,IndiGo,6E 5296,2026-10-04,30,business,,,18948.0,False,06:15,ok,2026-09-04T12:13:41.909215+05:30,2026-09-04_1213IST,airline_direct,IndiGo
BOM,BLR,6E,IndiGo,6E 5296,2026-10-04,30,economy,,,7797.0,False,06:15,ok,2026-09-04T12:13:41.909215+05:30,2026-09-04_1213IST,airline_direct,IndiGo
BOM,BLR,6E,IndiGo,6E 5221,2026-10-04,30,business,,,18948.0,False,17:00,ok,2026-09-04T12:13:41.909215+05:30,2026-09-04_1213IST,airline_direct,IndiGo
BOM,BLR,6E,IndiGo,6E 5221,2026-10-04,30,economy,,,7797.0,False,17:00,ok,2026-09-04T12:13:41.909215+05:30,2026-09-04_1213IST,airline_direct,IndiGo
BOM,BLR,6E,IndiGo,6E 5047,2026-10-04,30,business,,,18948.0,False,18:30,ok,2026-09-04T12:13:41.909215+05:30,2026-09-04_1213IST,airline_direct,IndiGo
BOM,BLR,6E,IndiGo,6E 5047,2026-10-04,30,economy,,,7797.0,False,18:30,ok,2026-09-04T12:13:41.909215+05:30,2026-09-04_1213IST,airline_direct,IndiGo
BOM,BLR,6E,IndiGo,6E 5382,2026-10-04,30,business,,,18948.0,False,14:30,ok,2026-09-04T12:13:41.909215+05:30,2026-09-04_1213IST,airline_direct,IndiGo
BOM,BLR,6E,IndiGo,6E 5382,2026-10-04,30,economy,,,8217.0,False,14:30,ok,2026-09-04T12:13:41.909215+05:30,2026-09-04_1213IST,airline_direct,IndiGo
BOM,BLR,6E,IndiGo,6E 5071,2026-10-04,30,business,,,18948.0,False,15:35,ok,2026-09-04T12:13:41.909215+05:30,2026-09-04_1213IST,airline_direct,IndiGo
BOM,BLR,6E,IndiGo,6E 5071,2026-10-04,30,economy,,,8217.0,False,15:35,ok,2026-09-04T12:13:41.909215+05:30,2026-09-04_1213IST,airline_direct,IndiGo
BOM,BLR,6E,IndiGo,6E 5273,2026-10-04,30,economy,,,8257.0,False,18:35,ok,2026-09-04T12:13:41.909215+05:30,2026-09-04_1213IST,airline_direct,IndiGo
BOM,BLR,6E,IndiGo,6E 6361,2026-10-04,30,economy,,,8377.0,False,05:00,ok,2026-09-04T12:13:41.909215+05:30,2026-09-04_1213IST,airline_direct,IndiGo
BOM,BLR,6E,IndiGo,6E 6187,2026-10-04,30,economy,,,8508.0,False,00:30,ok,2026-09-04T12:13:41.909215+05:30,2026-09-04_1213IST,airline_direct,IndiGo
BOM,BLR,6E,IndiGo,6E 5179,2026-10-04,30,business,,,20036.0,False,02:45,ok,2026-09-04T12:13:41.909215+05:30,2026-09-04_1213IST,airline_direct,IndiGo
BOM,BLR,6E,IndiGo,6E 5179,2026-10-04,30,economy,,,8508.0,False,02:45,ok,2026-09-04T12:13:41.909215+05:30,2026-09-04_1213IST,airline_direct,IndiGo
BOM,BLR,6E,IndiGo,6E 5386,2026-10-04,30,business,,,20441.0,False,15:10,ok,2026-09-04T12:13:41.909215+05:30,2026-09-04_1213IST,airline_direct,IndiGo
BOM,BLR,6E,IndiGo,6E 5386,2026-10-04,30,economy,,,8508.0,False,15:10,ok,2026-09-04T12:13:41.909215+05:30,2026-09-04_1213IST,airline_direct,IndiGo
BOM,BLR,6E,IndiGo,6E 5326,2026-10-04,30,business,,,20036.0,False,19:40,ok,2026-09-04T12:13:41.909215+05:30,2026-09-04_1213IST,airline_direct,IndiGo
BOM,BLR,6E,IndiGo,6E 5326,2026-10-04,30,economy,,,8508.0,False,19:40,ok,2026-09-04T12:13:41.909215+05:30,2026-09-04_1213IST,airline_direct,IndiGo
BOM,BLR,6E,IndiGo,6E 5147,2026-10-04,30,economy,,,8639.0,False,18:35,ok,2026-09-04T12:13:41.909215+05:30,2026-09-04_1213IST,airline_direct,IndiGo
BOM,BLR,6E,IndiGo,6E 911,2026-10-04,30,economy,,,8718.0,False,01:30,ok,2026-09-04T12:13:41.909215+05:30,2026-09-04_1213IST,airline_direct,IndiGo
BOM,BLR,6E,IndiGo,6E 632,2026-10-04,30,economy,,,8718.0,False,04:00,ok,2026-09-04T12:13:41.909215+05:30,2026-09-04_1213IST,airline_direct,IndiGo
BOM,BLR,6E,IndiGo,6E 5188,2026-10-04,30,business,,,24040.0,False,06:15,ok,2026-09-04T12:13:41.909215+05:30,2026-09-04_1213IST,airline_direct,IndiGo
BOM,BLR,6E,IndiGo,6E 5188,2026-10-04,30,economy,,,8718.0,False,06:15,ok,2026-09-04T12:13:41.909215+05:30,2026-09-04_1213IST,airline_direct,IndiGo
BOM,BLR,6E,IndiGo,6E 5109,2026-10-04,30,economy,,,8718.0,False,09:35,ok,2026-09-04T12:13:41.909215+05:30,2026-09-04_1213IST,airline_direct,IndiGo
BOM,BLR,6E,IndiGo,6E 5313,2026-10-04,30,business,,,24383.0,False,09:50,ok,2026-09-04T12:13:41.909215+05:30,2026-09-04_1213IST,airline_direct,IndiGo
BOM,BLR,6E,IndiGo,6E 5313,2026-10-04,30,economy,,,8718.0,False,09:50,ok,2026-09-04T12:13:41.909215+05:30,2026-09-04_1213IST,airline_direct,IndiGo
BOM,BLR,6E,IndiGo,6E 2284,2026-10-04,30,economy,,,8718.0,False,12:05,ok,2026-09-04T12:13:41.909215+05:30,2026-09-04_1213IST,airline_direct,IndiGo
BOM,BLR,6E,IndiGo,6E 673,2026-10-04,30,economy,,,8718.0,False,12:30,ok,2026-09-04T12:13:41.909215+05:30,2026-09-04_1213IST,airline_direct,IndiGo
BOM,BLR,6E,IndiGo,6E 5337,2026-10-04,30,business,,,24760.0,False,13:45,ok,2026-09-04T12:13:41.909215+05:30,2026-09-04_1213IST,airline_direct,IndiGo
BOM,BLR,6E,IndiGo,6E 5337,2026-10-04,30,economy,,,8718.0,False,13:45,ok,2026-09-04T12:13:41.909215+05:30,2026-09-04_1213IST,airline_direct,IndiGo
BOM,BLR,6E,IndiGo,6E 5201,2026-10-04,30,economy,,,8718.0,False,14:55,ok,2026-09-04T12:13:41.909215+05:30,2026-09-04_1213IST,airline_direct,IndiGo
BOM,BLR,6E,IndiGo,6E 5196,2026-10-04,30,business,,,24760.0,False,15:25,ok,2026-09-04T12:13:41.909215+05:30,2026-09-04_1213IST,airline_direct,IndiGo
BOM,BLR,6E,IndiGo,6E 5196,2026-10-04,30,economy,,,8718.0,False,15:25,ok,2026-09-04T12:13:41.909215+05:30,2026-09-04_1213IST,airline_direct,IndiGo
BOM,BLR,6E,IndiGo,6E 240,2026-10-04,30,economy,,,8718.0,False,15:45,ok,2026-09-04T12:13:41.909215+05:30,2026-09-04_1213IST,airline_direct,IndiGo
BOM,BLR,6E,IndiGo,6E 437,2026-10-04,30,economy,,,8718.0,False,17:10,ok,2026-09-04T12:13:41.909215+05:30,2026-09-04_1213IST,airline_direct,IndiGo
BOM,BLR,6E,IndiGo,6E 5048,2026-10-04,30,business,,,24040.0,False,17:25,ok,2026-09-04T12:13:41.909215+05:30,2026-09-04_1213IST,airline_direct,IndiGo
BOM,BLR,6E,IndiGo,6E 5048,2026-10-04,30,economy,,,8718.0,False,17:25,ok,2026-09-04T12:13:41.909215+05:30,2026-09-04_1213IST,airline_direct,IndiGo
BOM,BLR,6E,IndiGo,6E 5181,2026-10-04,30,economy,,,8849.0,False,10:25,ok,2026-09-04T12:13:41.909215+05:30,2026-09-04_1213IST,airline_direct,IndiGo
BOM,BLR,6E,IndiGo,6E 6599,2026-10-04,30,economy,,,8849.0,False,16:50,ok,2026-09-04T12:13:41.909215+05:30,2026-09-04_1213IST,airline_direct,IndiGo
BOM,BLR,6E,IndiGo,6E 261,2026-10-04,30,economy,,,9023.0,False,11:20,ok,2026-09-04T12:13:41.909215+05:30,2026-09-04_1213IST,airline_direct,IndiGo
BOM,BLR,6E,IndiGo,6E 230,2026-10-04,30,economy,,,9023.0,False,13:55,ok,2026-09-04T12:13:41.909215+05:30,2026-09-04_1213IST,airline_direct,IndiGo
BOM,BLR,6E,IndiGo,6E 5082,2026-10-04,30,economy,,,9096.0,False,17:55,ok,2026-09-04T12:13:41.909215+05:30,2026-09-04_1213IST,airline_direct,IndiGo
BOM,BLR,6E,IndiGo,6E 5386,2026-10-04,30,business,,,20441.0,False,15:10,ok,2026-09-04T12:13:41.909215+05:30,2026-09-04_1213IST,airline_direct,IndiGo
BOM,BLR,6E,IndiGo,6E 5386,2026-10-04,30,economy,,,9154.0,False,15:10,ok,2026-09-04T12:13:41.909215+05:30,2026-09-04_1213IST,airline_direct,IndiGo
BOM,BLR,6E,IndiGo,6E 5204,2026-10-04,30,business,,,24383.0,False,08:15,ok,2026-09-04T12:13:41.909215+05:30,2026-09-04_1213IST,airline_direct,IndiGo
BOM,BLR,6E,IndiGo,6E 5204,2026-10-04,30,economy,,,9364.0,False,08:15,ok,2026-09-04T12:13:41.909215+05:30,2026-09-04_1213IST,airline_direct,IndiGo
BOM,BLR,6E,IndiGo,6E 2237,2026-10-04,30,economy,,,9364.0,False,18:40,ok,2026-09-04T12:13:41.909215+05:30,2026-09-04_1213IST,airline_direct,IndiGo
BOM,BLR,6E,IndiGo,6E 5241,2026-10-04,30,economy,,,9727.0,False,16:40,ok,2026-09-04T12:13:41.909215+05:30,2026-09-04_1213IST,airline_direct,IndiGo
BOM,BLR,6E,IndiGo,6E 5241,2026-10-04,30,economy,,,9727.0,False,16:40,ok,2026-09-04T12:13:41.909215+05:30,2026-09-04_1213IST,airline_direct,IndiGo
BOM,BLR,6E,IndiGo,6E 5179,2026-10-04,30,business,,,20036.0,False,02:45,ok,2026-09-04T12:13:41.909215+05:30,2026-09-04_1213IST,airline_direct,IndiGo
BOM,BLR,6E,IndiGo,6E 5179,2026-10-04,30,economy,,,9858.0,False,02:45,ok,2026-09-04T12:13:41.909215+05:30,2026-09-04_1213IST,airline_direct,IndiGo
BOM,BLR,6E,IndiGo,6E 6057,2026-10-04,30,economy,,,9858.0,False,09:15,ok,2026-09-04T12:13:41.909215+05:30,2026-09-04_1213IST,airline_direct,IndiGo
BOM,BLR,6E,IndiGo,6E 5228,2026-10-04,30,business,,,20441.0,False,16:45,ok,2026-09-04T12:13:41.909215+05:30,2026-09-04_1213IST,airline_direct,IndiGo
BOM,BLR,6E,IndiGo,6E 5228,2026-10-04,30,economy,,,9858.0,False,16:45,ok,2026-09-04T12:13:41.909215+05:30,2026-09-04_1213IST,airline_direct,IndiGo
BOM,BLR,6E,IndiGo,6E 6549,2026-10-04,30,economy,,,9858.0,False,18:50,ok,2026-09-04T12:13:41.909215+05:30,2026-09-04_1213IST,airline_direct,IndiGo
BOM,BLR,6E,IndiGo,6E 6701,2026-10-04,30,economy,,,10068.0,False,05:35,ok,2026-09-04T12:13:41.909215+05:30,2026-09-04_1213IST,airline_direct,IndiGo
BOM,BLR,6E,IndiGo,6E 5107,2026-10-04,30,economy,,,10068.0,False,20:00,ok,2026-09-04T12:13:41.909215+05:30,2026-09-04_1213IST,airline_direct,IndiGo
BOM,BLR,6E,IndiGo,6E 5178,2026-10-04,30,business,,,20441.0,False,11:45,ok,2026-09-04T12:13:41.909215+05:30,2026-09-04_1213IST,airline_direct,IndiGo
BOM,BLR,6E,IndiGo,6E 5178,2026-10-04,30,economy,,,10389.0,False,11:45,ok,2026-09-04T12:13:41.909215+05:30,2026-09-04_1213IST,airline_direct,IndiGo
BOM,BLR,6E,IndiGo,6E 5386,2026-10-04,30,business,,,20441.0,False,15:10,ok,2026-09-04T12:13:41.909215+05:30,2026-09-04_1213IST,airline_direct,IndiGo
BOM,BLR,6E,IndiGo,6E 5386,2026-10-04,30,economy,,,10389.0,False,15:10,ok,2026-09-04T12:13:41.909215+05:30,2026-09-04_1213IST,airline_direct,IndiGo
BOM,BLR,6E,IndiGo,6E 5178,2026-10-04,30,business,,,20887.0,False,11:45,ok,2026-09-04T12:13:41.909215+05:30,2026-09-04_1213IST,airline_direct,IndiGo
BOM,BLR,6E,IndiGo,6E 5178,2026-10-04,30,economy,,,10785.0,False,11:45,ok,2026-09-04T12:13:41.909215+05:30,2026-09-04_1213IST,airline_direct,IndiGo
BOM,BLR,6E,IndiGo,6E 230,2026-10-04,30,economy,,,11337.0,False,13:55,ok,2026-09-04T12:13:41.909215+05:30,2026-09-04_1213IST,airline_direct,IndiGo
BOM,BLR,6E,IndiGo,6E 5318,2026-10-04,30,business,,,21922.0,False,10:15,ok,2026-09-04T12:13:41.909215+05:30,2026-09-04_1213IST,airline_direct,IndiGo
BOM,BLR,6E,IndiGo,6E 5318,2026-10-04,30,economy,,,11706.0,False,10:15,ok,2026-09-04T12:13:41.909215+05:30,2026-09-04_1213IST,airline_direct,IndiGo
BOM,BLR,6E,IndiGo,6E 5178,2026-10-04,30,business,,,21922.0,False,11:45,ok,2026-09-04T12:13:41.909215+05:30,2026-09-04_1213IST,airline_direct,IndiGo
BOM,BLR,6E,IndiGo,6E 5178,2026-10-04,30,economy,,,11706.0,False,11:45,ok,2026-09-04T12:13:41.909215+05:30,2026-09-04_1213IST,airline_direct,IndiGo
BOM,BLR,6E,IndiGo,6E 5228,2026-10-04,30,business,,,21922.0,False,16:45,ok,2026-09-04T12:13:41.909215+05:30,2026-09-04_1213IST,airline_direct,IndiGo
BOM,BLR,6E,IndiGo,6E 5228,2026-10-04,30,economy,,,12021.0,False,16:45,ok,2026-09-04T12:13:41.909215+05:30,2026-09-04_1213IST,airline_direct,IndiGo
BOM,BLR,6E,IndiGo,6E 6349,2026-10-04,30,business,,,24760.0,False,11:40,ok,2026-09-04T12:13:41.909215+05:30,2026-09-04_1213IST,airline_direct,IndiGo
BOM,BLR,6E,IndiGo,6E 6349,2026-10-04,30,economy,,,12770.0,False,11:40,ok,2026-09-04T12:13:41.909215+05:30,2026-09-04_1213IST,airline_direct,IndiGo
BOM,BLR,6E,IndiGo,6E 5126,2026-10-04,30,economy,,,13931.0,False,18:15,ok,2026-09-04T12:13:41.909215+05:30,2026-09-04_1213IST,airline_direct,IndiGo
BOM,BLR,6E,IndiGo,6E 261,2026-10-04,30,economy,,,15472.0,False,11:20,ok,2026-09-04T12:13:41.909215+05:30,2026-09-04_1213IST,airline_direct,IndiGo
DEL,CCU,6E,IndiGo,6E 340,2026-10-04,30,business,,,22600.0,False,07:20,ok,2026-09-04T12:14:42.766616+05:30,2026-09-04_1214IST,airline_direct,IndiGo
DEL,CCU,6E,IndiGo,6E 340,2026-10-04,30,economy,,,8502.0,False,07:20,ok,2026-09-04T12:14:42.766616+05:30,2026-09-04_1214IST,airline_direct,IndiGo
DEL,CCU,6E,IndiGo,6E 513,2026-10-04,30,business,,,22600.0,False,08:30,ok,2026-09-04T12:14:42.766616+05:30,2026-09-04_1214IST,airline_direct,IndiGo
DEL,CCU,6E,IndiGo,6E 513,2026-10-04,30,economy,,,8502.0,False,08:30,ok,2026-09-04T12:14:42.766616+05:30,2026-09-04_1214IST,airline_direct,IndiGo
DEL,CCU,6E,IndiGo,6E 930,2026-10-04,30,business,,,22600.0,False,02:45,ok,2026-09-04T12:14:42.766616+05:30,2026-09-04_1214IST,airline_direct,IndiGo
DEL,CCU,6E,IndiGo,6E 930,2026-10-04,30,economy,,,8765.0,False,02:45,ok,2026-09-04T12:14:42.766616+05:30,2026-09-04_1214IST,airline_direct,IndiGo
DEL,CCU,6E,IndiGo,6E 5191,2026-10-04,30,business,,,22600.0,False,05:00,ok,2026-09-04T12:14:42.766616+05:30,2026-09-04_1214IST,airline_direct,IndiGo
DEL,CCU,6E,IndiGo,6E 5191,2026-10-04,30,economy,,,9080.0,False,05:00,ok,2026-09-04T12:14:42.766616+05:30,2026-09-04_1214IST,airline_direct,IndiGo
DEL,CCU,6E,IndiGo,6E 247,2026-10-04,30,business,,,22600.0,False,23:30,ok,2026-09-04T12:14:42.766616+05:30,2026-09-04_1214IST,airline_direct,IndiGo
DEL,CCU,6E,IndiGo,6E 247,2026-10-04,30,economy,,,9080.0,False,23:30,ok,2026-09-04T12:14:42.766616+05:30,2026-09-04_1214IST,airline_direct,IndiGo
DEL,CCU,6E,IndiGo,6E 894,2026-10-04,30,business,,,22600.0,False,10:15,ok,2026-09-04T12:14:42.766616+05:30,2026-09-04_1214IST,airline_direct,IndiGo
DEL,CCU,6E,IndiGo,6E 894,2026-10-04,30,economy,,,10077.0,False,10:15,ok,2026-09-04T12:14:42.766616+05:30,2026-09-04_1214IST,airline_direct,IndiGo
DEL,CCU,6E,IndiGo,6E 910,2026-10-04,30,business,,,22600.0,False,14:25,ok,2026-09-04T12:14:42.766616+05:30,2026-09-04_1214IST,airline_direct,IndiGo
DEL,CCU,6E,IndiGo,6E 910,2026-10-04,30,economy,,,10077.0,False,14:25,ok,2026-09-04T12:14:42.766616+05:30,2026-09-04_1214IST,airline_direct,IndiGo
DEL,CCU,6E,IndiGo,6E 389,2026-10-04,30,business,,,22600.0,False,21:50,ok,2026-09-04T12:14:42.766616+05:30,2026-09-04_1214IST,airline_direct,IndiGo
DEL,CCU,6E,IndiGo,6E 389,2026-10-04,30,economy,,,10077.0,False,21:50,ok,2026-09-04T12:14:42.766616+05:30,2026-09-04_1214IST,airline_direct,IndiGo
DEL,CCU,6E,IndiGo,6E 897,2026-10-04,30,business,,,22600.0,False,12:45,ok,2026-09-04T12:14:42.766616+05:30,2026-09-04_1214IST,airline_direct,IndiGo
DEL,CCU,6E,IndiGo,6E 897,2026-10-04,30,economy,,,10707.0,False,12:45,ok,2026-09-04T12:14:42.766616+05:30,2026-09-04_1214IST,airline_direct,IndiGo
DEL,CCU,6E,IndiGo,6E 2276,2026-10-04,30,business,,,22600.0,False,17:55,ok,2026-09-04T12:14:42.766616+05:30,2026-09-04_1214IST,airline_direct,IndiGo
DEL,CCU,6E,IndiGo,6E 2276,2026-10-04,30,economy,,,11442.0,False,17:55,ok,2026-09-04T12:14:42.766616+05:30,2026-09-04_1214IST,airline_direct,IndiGo
DEL,CCU,6E,IndiGo,6E 6415,2026-10-04,30,business,,,22600.0,False,16:00,ok,2026-09-04T12:14:42.766616+05:30,2026-09-04_1214IST,airline_direct,IndiGo
DEL,CCU,6E,IndiGo,6E 6415,2026-10-04,30,economy,,,12230.0,False,16:00,ok,2026-09-04T12:14:42.766616+05:30,2026-09-04_1214IST,airline_direct,IndiGo
DEL,CCU,6E,IndiGo,6E 6517,2026-10-04,30,business,,,22600.0,False,19:30,ok,2026-09-04T12:14:42.766616+05:30,2026-09-04_1214IST,airline_direct,IndiGo
DEL,CCU,6E,IndiGo,6E 6517,2026-10-04,30,economy,,,12230.0,False,19:30,ok,2026-09-04T12:14:42.766616+05:30,2026-09-04_1214IST,airline_direct,IndiGo
DEL,CCU,6E,IndiGo,6E 6246,2026-10-04,30,economy,,,8115.0,False,05:25,ok,2026-09-04T12:14:42.766616+05:30,2026-09-04_1214IST,airline_direct,IndiGo
DEL,CCU,6E,IndiGo,6E 6459,2026-10-04,30,economy,,,8115.0,False,05:55,ok,2026-09-04T12:14:42.766616+05:30,2026-09-04_1214IST,airline_direct,IndiGo
DEL,CCU,6E,IndiGo,6E 6312,2026-10-04,30,economy,,,8115.0,False,14:25,ok,2026-09-04T12:14:42.766616+05:30,2026-09-04_1214IST,airline_direct,IndiGo
DEL,CCU,6E,IndiGo,6E 2361,2026-10-04,30,economy,,,8115.0,False,14:35,ok,2026-09-04T12:14:42.766616+05:30,2026-09-04_1214IST,airline_direct,IndiGo
DEL,CCU,6E,IndiGo,6E 6073,2026-10-04,30,economy,,,8194.0,False,05:00,ok,2026-09-04T12:14:42.766616+05:30,2026-09-04_1214IST,airline_direct,IndiGo
DEL,CCU,6E,IndiGo,6E 6190,2026-10-04,30,economy,,,8194.0,False,07:40,ok,2026-09-04T12:14:42.766616+05:30,2026-09-04_1214IST,airline_direct,IndiGo
DEL,CCU,6E,IndiGo,6E 6190,2026-10-04,30,economy,,,8194.0,False,07:40,ok,2026-09-04T12:14:42.766616+05:30,2026-09-04_1214IST,airline_direct,IndiGo
DEL,CCU,6E,IndiGo,6E 5298,2026-10-04,30,economy,,,8194.0,False,09:00,ok,2026-09-04T12:14:42.766616+05:30,2026-09-04_1214IST,airline_direct,IndiGo
DEL,CCU,6E,IndiGo,6E 2296,2026-10-04,30,economy,,,8194.0,False,09:20,ok,2026-09-04T12:14:42.766616+05:30,2026-09-04_1214IST,airline_direct,IndiGo
DEL,CCU,6E,IndiGo,6E 5038,2026-10-04,30,economy,,,8194.0,False,14:00,ok,2026-09-04T12:14:42.766616+05:30,2026-09-04_1214IST,airline_direct,IndiGo
DEL,CCU,6E,IndiGo,6E 5033,2026-10-04,30,economy,,,8194.0,False,15:50,ok,2026-09-04T12:14:42.766616+05:30,2026-09-04_1214IST,airline_direct,IndiGo
DEL,CCU,6E,IndiGo,6E 5215,2026-10-04,30,economy,,,8299.0,False,07:40,ok,2026-09-04T12:14:42.766616+05:30,2026-09-04_1214IST,airline_direct,IndiGo
DEL,CCU,6E,IndiGo,6E 5041,2026-10-04,30,economy,,,8299.0,False,15:10,ok,2026-09-04T12:14:42.766616+05:30,2026-09-04_1214IST,airline_direct,IndiGo
DEL,CCU,6E,IndiGo,6E 2316,2026-10-04,30,economy,,,8299.0,False,17:30,ok,2026-09-04T12:14:42.766616+05:30,2026-09-04_1214IST,airline_direct,IndiGo
DEL,CCU,6E,IndiGo,6E 6829,2026-10-04,30,economy,,,8325.0,False,17:20,ok,2026-09-04T12:14:42.766616+05:30,2026-09-04_1214IST,airline_direct,IndiGo
DEL,CCU,6E,IndiGo,6E 6503,2026-10-04,30,economy,,,8509.0,False,13:25,ok,2026-09-04T12:14:42.766616+05:30,2026-09-04_1214IST,airline_direct,IndiGo
DEL,CCU,6E,IndiGo,6E 6503,2026-10-04,30,economy,,,8509.0,False,13:25,ok,2026-09-04T12:14:42.766616+05:30,2026-09-04_1214IST,airline_direct,IndiGo
DEL,CCU,6E,IndiGo,6E 5119,2026-10-04,30,economy,,,8535.0,False,05:10,ok,2026-09-04T12:14:42.766616+05:30,2026-09-04_1214IST,airline_direct,IndiGo
DEL,CCU,6E,IndiGo,6E 203,2026-10-04,30,business,,,27847.0,False,07:10,ok,2026-09-04T12:14:42.766616+05:30,2026-09-04_1214IST,airline_direct,IndiGo
DEL,CCU,6E,IndiGo,6E 203,2026-10-04,30,economy,,,8535.0,False,07:10,ok,2026-09-04T12:14:42.766616+05:30,2026-09-04_1214IST,airline_direct,IndiGo
DEL,CCU,6E,IndiGo,6E 705,2026-10-04,30,business,,,27847.0,False,08:30,ok,2026-09-04T12:14:42.766616+05:30,2026-09-04_1214IST,airline_direct,IndiGo
DEL,CCU,6E,IndiGo,6E 705,2026-10-04,30,economy,,,8535.0,False,08:30,ok,2026-09-04T12:14:42.766616+05:30,2026-09-04_1214IST,airline_direct,IndiGo
DEL,CCU,6E,IndiGo,6E 705,2026-10-04,30,business,,,27847.0,False,08:30,ok,2026-09-04T12:14:42.766616+05:30,2026-09-04_1214IST,airline_direct,IndiGo
DEL,CCU,6E,IndiGo,6E 705,2026-10-04,30,economy,,,8535.0,False,08:30,ok,2026-09-04T12:14:42.766616+05:30,2026-09-04_1214IST,airline_direct,IndiGo
DEL,CCU,6E,IndiGo,6E 6293,2026-10-04,30,business,,,27847.0,False,09:55,ok,2026-09-04T12:14:42.766616+05:30,2026-09-04_1214IST,airline_direct,IndiGo
DEL,CCU,6E,IndiGo,6E 6293,2026-10-04,30,economy,,,8535.0,False,09:55,ok,2026-09-04T12:14:42.766616+05:30,2026-09-04_1214IST,airline_direct,IndiGo
DEL,CCU,6E,IndiGo,6E 2331,2026-10-04,30,economy,,,8535.0,False,12:20,ok,2026-09-04T12:14:42.766616+05:30,2026-09-04_1214IST,airline_direct,IndiGo
DEL,CCU,6E,IndiGo,6E 6282,2026-10-04,30,business,,,27847.0,False,13:30,ok,2026-09-04T12:14:42.766616+05:30,2026-09-04_1214IST,airline_direct,IndiGo
DEL,CCU,6E,IndiGo,6E 6282,2026-10-04,30,economy,,,8535.0,False,13:30,ok,2026-09-04T12:14:42.766616+05:30,2026-09-04_1214IST,airline_direct,IndiGo
DEL,CCU,6E,IndiGo,6E 6217,2026-10-04,30,business,,,27493.0,False,16:15,ok,2026-09-04T12:14:42.766616+05:30,2026-09-04_1214IST,airline_direct,IndiGo
DEL,CCU,6E,IndiGo,6E 6217,2026-10-04,30,economy,,,8535.0,False,16:15,ok,2026-09-04T12:14:42.766616+05:30,2026-09-04_1214IST,airline_direct,IndiGo
DEL,CCU,6E,IndiGo,6E 717,2026-10-04,30,business,,,27493.0,False,17:55,ok,2026-09-04T12:14:42.766616+05:30,2026-09-04_1214IST,airline_direct,IndiGo
DEL,CCU,6E,IndiGo,6E 717,2026-10-04,30,economy,,,8535.0,False,17:55,ok,2026-09-04T12:14:42.766616+05:30,2026-09-04_1214IST,airline_direct,IndiGo
DEL,CCU,6E,IndiGo,6E 717,2026-10-04,30,business,,,27493.0,False,17:55,ok,2026-09-04T12:14:42.766616+05:30,2026-09-04_1214IST,airline_direct,IndiGo
DEL,CCU,6E,IndiGo,6E 717,2026-10-04,30,economy,,,8535.0,False,17:55,ok,2026-09-04T12:14:42.766616+05:30,2026-09-04_1214IST,airline_direct,IndiGo
DEL,CCU,6E,IndiGo,6E 6371,2026-10-04,30,economy,,,8640.0,False,06:20,ok,2026-09-04T12:14:42.766616+05:30,2026-09-04_1214IST,airline_direct,IndiGo
DEL,CCU,6E,IndiGo,6E 6551,2026-10-04,30,economy,,,8640.0,False,12:00,ok,2026-09-04T12:14:42.766616+05:30,2026-09-04_1214IST,airline_direct,IndiGo
DEL,CCU,6E,IndiGo,6E 6245,2026-10-04,30,economy,,,8652.0,False,06:20,ok,2026-09-04T12:14:42.766616+05:30,2026-09-04_1214IST,airline_direct,IndiGo
DEL,CCU,6E,IndiGo,6E 2769,2026-10-04,30,economy,,,8652.0,False,08:10,ok,2026-09-04T12:14:42.766616+05:30,2026-09-04_1214IST,airline_direct,IndiGo
DEL,CCU,6E,IndiGo,6E 2373,2026-10-04,30,economy,,,8652.0,False,11:10,ok,2026-09-04T12:14:42.766616+05:30,2026-09-04_1214IST,airline_direct,IndiGo
DEL,CCU,6E,IndiGo,6E 2453,2026-10-04,30,economy,,,8652.0,False,13:35,ok,2026-09-04T12:14:42.766616+05:30,2026-09-04_1214IST,airline_direct,IndiGo
DEL,CCU,6E,IndiGo,6E 2453,2026-10-04,30,economy,,,8652.0,False,13:35,ok,2026-09-04T12:14:42.766616+05:30,2026-09-04_1214IST,airline_direct,IndiGo
DEL,CCU,6E,IndiGo,6E 6236,2026-10-04,30,economy,,,8652.0,False,16:20,ok,2026-09-04T12:14:42.766616+05:30,2026-09-04_1214IST,airline_direct,IndiGo
DEL,CCU,6E,IndiGo,6E 2267,2026-10-04,30,economy,,,8652.0,False,16:40,ok,2026-09-04T12:14:42.766616+05:30,2026-09-04_1214IST,airline_direct,IndiGo
DEL,CCU,6E,IndiGo,6E 5036,2026-10-04,30,economy,,,8783.0,False,08:00,ok,2026-09-04T12:14:42.766616+05:30,2026-09-04_1214IST,airline_direct,IndiGo
DEL,CCU,6E,IndiGo,6E 734,2026-10-04,30,economy,,,8783.0,False,16:20,ok,2026-09-04T12:14:42.766616+05:30,2026-09-04_1214IST,airline_direct,IndiGo
DEL,CCU,6E,IndiGo,6E 2296,2026-10-04,30,economy,,,8862.0,False,09:20,ok,2026-09-04T12:14:42.766616+05:30,2026-09-04_1214IST,airline_direct,IndiGo
DEL,CCU,6E,IndiGo,6E 2259,2026-10-04,30,economy,,,8862.0,False,12:20,ok,2026-09-04T12:14:42.766616+05:30,2026-09-04_1214IST,airline_direct,IndiGo
DEL,CCU,6E,IndiGo,6E 6053,2026-10-04,30,economy,,,8862.0,False,13:05,ok,2026-09-04T12:14:42.766616+05:30,2026-09-04_1214IST,airline_direct,IndiGo
DEL,CCU,6E,IndiGo,6E 2614,2026-10-04,30,economy,,,8862.0,False,14:40,ok,2026-09-04T12:14:42.766616+05:30,2026-09-04_1214IST,airline_direct,IndiGo
DEL,CCU,6E,IndiGo,6E 704,2026-10-04,30,business,,,27493.0,False,02:25,ok,2026-09-04T12:14:42.766616+05:30,2026-09-04_1214IST,airline_direct,IndiGo
DEL,CCU,6E,IndiGo,6E 704,2026-10-04,30,economy,,,9203.0,False,02:25,ok,2026-09-04T12:14:42.766616+05:30,2026-09-04_1214IST,airline_direct,IndiGo
DEL,CCU,6E,IndiGo,6E 5073,2026-10-04,30,economy,,,9938.0,False,17:05,ok,2026-09-04T12:14:42.766616+05:30,2026-09-04_1214IST,airline_direct,IndiGo
DEL,CCU,6E,IndiGo,6E 6378,2026-10-04,30,economy,,,11396.0,False,14:40,ok,2026-09-04T12:14:42.766616+05:30,2026-09-04_1214IST,airline_direct,IndiGo
DEL,CCU,6E,IndiGo,6E 5041,2026-10-04,30,economy,,,12373.0,False,15:10,ok,2026-09-04T12:14:42.766616+05:30,2026-09-04_1214IST,airline_direct,IndiGo
DEL,CCU,6E,IndiGo,6E 5307,2026-10-04,30,economy,,,14625.0,False,10:50,ok,2026-09-04T12:14:42.766616+05:30,2026-09-04_1214IST,airline_direct,IndiGo
DEL,CCU,6E,IndiGo,6E 5307,2026-10-04,30,economy,,,29394.0,False,10:50,ok,2026-09-04T12:14:42.766616+05:30,2026-09-04_1214IST,airline_direct,IndiGo
BLR,HYD,6E,IndiGo,6E 484,2026-10-04,30,economy,,,4235.0,False,08:15,ok,2026-09-04T12:15:51.572923+05:30,2026-09-04_1215IST,airline_direct,IndiGo
BLR,HYD,6E,IndiGo,6E 537,2026-10-04,30,economy,,,4235.0,False,10:15,ok,2026-09-04T12:15:51.572923+05:30,2026-09-04_1215IST,airline_direct,IndiGo
BLR,HYD,6E,IndiGo,6E 6178,2026-10-04,30,economy,,,4561.0,False,06:10,ok,2026-09-04T12:15:51.572923+05:30,2026-09-04_1215IST,airline_direct,IndiGo
BLR,HYD,6E,IndiGo,6E 6067,2026-10-04,30,economy,,,4561.0,False,16:30,ok,2026-09-04T12:15:51.572923+05:30,2026-09-04_1215IST,airline_direct,IndiGo
BLR,HYD,6E,IndiGo,6E 6784,2026-10-04,30,economy,,,4561.0,False,21:25,ok,2026-09-04T12:15:51.572923+05:30,2026-09-04_1215IST,airline_direct,IndiGo
BLR,HYD,6E,IndiGo,6E 312,2026-10-04,30,economy,,,4921.0,False,09:15,ok,2026-09-04T12:15:51.572923+05:30,2026-09-04_1215IST,airline_direct,IndiGo
BLR,HYD,6E,IndiGo,6E 6404,2026-10-04,30,economy,,,4921.0,False,11:35,ok,2026-09-04T12:15:51.572923+05:30,2026-09-04_1215IST,airline_direct,IndiGo
BLR,HYD,6E,IndiGo,6E 638,2026-10-04,30,economy,,,4921.0,False,18:35,ok,2026-09-04T12:15:51.572923+05:30,2026-09-04_1215IST,airline_direct,IndiGo
BLR,HYD,6E,IndiGo,6E 855,2026-10-04,30,economy,,,5318.0,False,19:45,ok,2026-09-04T12:15:51.572923+05:30,2026-09-04_1215IST,airline_direct,IndiGo
BLR,HYD,6E,IndiGo,6E 684,2026-10-04,30,economy,,,5318.0,False,22:30,ok,2026-09-04T12:15:51.572923+05:30,2026-09-04_1215IST,airline_direct,IndiGo
BLR,HYD,6E,IndiGo,6E 6563,2026-10-04,30,economy,,,5463.0,False,01:05,ok,2026-09-04T12:15:51.572923+05:30,2026-09-04_1215IST,airline_direct,IndiGo
BLR,HYD,6E,IndiGo,6E 6876,2026-10-04,30,economy,,,5463.0,False,02:40,ok,2026-09-04T12:15:51.572923+05:30,2026-09-04_1215IST,airline_direct,IndiGo
BLR,HYD,6E,IndiGo,6E 763,2026-10-04,30,economy,,,5463.0,False,07:10,ok,2026-09-04T12:15:51.572923+05:30,2026-09-04_1215IST,airline_direct,IndiGo
BLR,HYD,6E,IndiGo,6E 763,2026-10-04,30,economy,,,5463.0,False,07:10,ok,2026-09-04T12:15:51.572923+05:30,2026-09-04_1215IST,airline_direct,IndiGo
BLR,HYD,6E,IndiGo,6E 6269,2026-10-04,30,economy,,,5463.0,False,07:15,ok,2026-09-04T12:15:51.572923+05:30,2026-09-04_1215IST,airline_direct,IndiGo
BLR,HYD,6E,IndiGo,6E 6269,2026-10-04,30,economy,,,5463.0,False,07:15,ok,2026-09-04T12:15:51.572923+05:30,2026-09-04_1215IST,airline_direct,IndiGo
BLR,HYD,6E,IndiGo,6E 904,2026-10-04,30,economy,,,5463.0,False,10:50,ok,2026-09-04T12:15:51.572923+05:30,2026-09-04_1215IST,airline_direct,IndiGo
BLR,HYD,6E,IndiGo,6E 6208,2026-10-04,30,economy,,,5463.0,False,12:45,ok,2026-09-04T12:15:51.572923+05:30,2026-09-04_1215IST,airline_direct,IndiGo
BLR,HYD,6E,IndiGo,6E 356,2026-10-04,30,economy,,,5463.0,False,17:15,ok,2026-09-04T12:15:51.572923+05:30,2026-09-04_1215IST,airline_direct,IndiGo
BLR,HYD,6E,IndiGo,6E 356,2026-10-04,30,economy,,,5463.0,False,17:15,ok,2026-09-04T12:15:51.572923+05:30,2026-09-04_1215IST,airline_direct,IndiGo
BLR,HYD,6E,IndiGo,6E 356,2026-10-04,30,economy,,,5463.0,False,17:15,ok,2026-09-04T12:15:51.572923+05:30,2026-09-04_1215IST,airline_direct,IndiGo
BLR,HYD,6E,IndiGo,6E 6017,2026-10-04,30,economy,,,5463.0,False,18:15,ok,2026-09-04T12:15:51.572923+05:30,2026-09-04_1215IST,airline_direct,IndiGo
BLR,HYD,6E,IndiGo,6E 6017,2026-10-04,30,economy,,,5463.0,False,18:15,ok,2026-09-04T12:15:51.572923+05:30,2026-09-04_1215IST,airline_direct,IndiGo
BLR,HYD,6E,IndiGo,6E 6336,2026-10-04,30,economy,,,5594.0,False,12:40,ok,2026-09-04T12:15:51.572923+05:30,2026-09-04_1215IST,airline_direct,IndiGo
BLR,HYD,6E,IndiGo,6E 6336,2026-10-04,30,economy,,,5594.0,False,12:40,ok,2026-09-04T12:15:51.572923+05:30,2026-09-04_1215IST,airline_direct,IndiGo
BLR,HYD,6E,IndiGo,6E 857,2026-10-04,30,economy,,,5793.0,False,07:05,ok,2026-09-04T12:15:51.572923+05:30,2026-09-04_1215IST,airline_direct,IndiGo
BLR,HYD,6E,IndiGo,6E 7737,2026-10-04,30,economy,,,6021.0,False,15:15,ok,2026-09-04T12:15:51.572923+05:30,2026-09-04_1215IST,airline_direct,IndiGo
BLR,HYD,6E,IndiGo,6E 7737,2026-10-04,30,economy,,,6021.0,False,15:15,ok,2026-09-04T12:15:51.572923+05:30,2026-09-04_1215IST,airline_direct,IndiGo
BLR,HYD,6E,IndiGo,6E 7204,2026-10-04,30,economy,,,6153.0,False,06:50,ok,2026-09-04T12:15:51.572923+05:30,2026-09-04_1215IST,airline_direct,IndiGo
BLR,HYD,6E,IndiGo,6E 7005,2026-10-04,30,economy,,,6153.0,False,08:05,ok,2026-09-04T12:15:51.572923+05:30,2026-09-04_1215IST,airline_direct,IndiGo
BLR,HYD,6E,IndiGo,6E 7071,2026-10-04,30,economy,,,6153.0,False,10:55,ok,2026-09-04T12:15:51.572923+05:30,2026-09-04_1215IST,airline_direct,IndiGo
BLR,HYD,6E,IndiGo,6E 7227,2026-10-04,30,economy,,,6412.0,False,06:25,ok,2026-09-04T12:15:51.572923+05:30,2026-09-04_1215IST,airline_direct,IndiGo
BLR,HYD,6E,IndiGo,6E 7204,2026-10-04,30,economy,,,6543.0,False,06:50,ok,2026-09-04T12:15:51.572923+05:30,2026-09-04_1215IST,airline_direct,IndiGo
BLR,HYD,6E,IndiGo,6E 857,2026-10-04,30,economy,,,6543.0,False,07:05,ok,2026-09-04T12:15:51.572923+05:30,2026-09-04_1215IST,airline_direct,IndiGo
BLR,HYD,6E,IndiGo,6E 763,2026-10-04,30,economy,,,6543.0,False,07:10,ok,2026-09-04T12:15:51.572923+05:30,2026-09-04_1215IST,airline_direct,IndiGo
BLR,HYD,6E,IndiGo,6E 7223,2026-10-04,30,economy,,,6543.0,False,15:30,ok,2026-09-04T12:15:51.572923+05:30,2026-09-04_1215IST,airline_direct,IndiGo
BLR,HYD,6E,IndiGo,6E 6003,2026-10-04,30,economy,,,6969.0,False,15:35,ok,2026-09-04T12:15:51.572923+05:30,2026-09-04_1215IST,airline_direct,IndiGo
BLR,HYD,6E,IndiGo,6E 6583,2026-10-04,30,economy,,,7101.0,False,10:40,ok,2026-09-04T12:15:51.572923+05:30,2026-09-04_1215IST,airline_direct,IndiGo
BLR,HYD,6E,IndiGo,6E 7005,2026-10-04,30,economy,,,7432.0,False,08:05,ok,2026-09-04T12:15:51.572923+05:30,2026-09-04_1215IST,airline_direct,IndiGo
BLR,HYD,6E,IndiGo,6E 6753,2026-10-04,30,economy,,,7432.0,False,15:15,ok,2026-09-04T12:15:51.572923+05:30,2026-09-04_1215IST,airline_direct,IndiGo
BLR,HYD,6E,IndiGo,6E 6753,2026-10-04,30,economy,,,7432.0,False,15:15,ok,2026-09-04T12:15:51.572923+05:30,2026-09-04_1215IST,airline_direct,IndiGo
BLR,HYD,6E,IndiGo,6E 6168,2026-10-04,30,economy,,,7432.0,False,17:40,ok,2026-09-04T12:15:51.572923+05:30,2026-09-04_1215IST,airline_direct,IndiGo
BLR,HYD,6E,IndiGo,6E 6168,2026-10-04,30,economy,,,7432.0,False,17:40,ok,2026-09-04T12:15:51.572923+05:30,2026-09-04_1215IST,airline_direct,IndiGo
BLR,HYD,6E,IndiGo,6E 6554,2026-10-04,30,economy,,,7432.0,False,19:15,ok,2026-09-04T12:15:51.572923+05:30,2026-09-04_1215IST,airline_direct,IndiGo
BLR,HYD,6E,IndiGo,6E 6162,2026-10-04,30,economy,,,7935.0,False,18:50,ok,2026-09-04T12:15:51.572923+05:30,2026-09-04_1215IST,airline_direct,IndiGo
BLR,HYD,6E,IndiGo,6E 6653,2026-10-04,30,economy,,,9081.0,False,12:35,ok,2026-09-04T12:15:51.572923+05:30,2026-09-04_1215IST,airline_direct,IndiGo
BLR,HYD,6E,IndiGo,6E 6653,2026-10-04,30,economy,,,9081.0,False,12:35,ok,2026-09-04T12:15:51.572923+05:30,2026-09-04_1215IST,airline_direct,IndiGo
BLR,HYD,6E,IndiGo,6E 6208,2026-10-04,30,economy,,,9081.0,False,12:45,ok,2026-09-04T12:15:51.572923+05:30,2026-09-04_1215IST,airline_direct,IndiGo
BLR,HYD,6E,IndiGo,6E 574,2026-10-04,30,economy,,,9212.0,False,11:05,ok,2026-09-04T12:15:51.572923+05:30,2026-09-04_1215IST,airline_direct,IndiGo
BLR,HYD,6E,IndiGo,6E 116,2026-10-04,30,economy,,,9389.0,False,23:05,ok,2026-09-04T12:15:51.572923+05:30,2026-09-04_1215IST,airline_direct,IndiGo
BLR,HYD,6E,IndiGo,6E 105,2026-10-04,30,economy,,,10435.0,False,18:50,ok,2026-09-04T12:15:51.572923+05:30,2026-09-04_1215IST,airline_direct,IndiGo
BLR,HYD,6E,IndiGo,6E 6077,2026-10-04,30,economy,,,10489.0,False,20:20,ok,2026-09-04T12:15:51.572923+05:30,2026-09-04_1215IST,airline_direct,IndiGo
BLR,HYD,6E,IndiGo,6E 7285,2026-10-04,30,economy,,,10529.0,False,06:50,ok,2026-09-04T12:15:51.572923+05:30,2026-09-04_1215IST,airline_direct,IndiGo
BLR,HYD,6E,IndiGo,6E 441,2026-10-04,30,economy,,,10627.0,False,20:40,ok,2026-09-04T12:15:51.572923+05:30,2026-09-04_1215IST,airline_direct,IndiGo
BLR,HYD,6E,IndiGo,6E 528,2026-10-04,30,economy,,,10627.0,False,21:40,ok,2026-09-04T12:15:51.572923+05:30,2026-09-04_1215IST,airline_direct,IndiGo
BLR,HYD,6E,IndiGo,6E 6445,2026-10-04,30,economy,,,12041.0,False,10:25,ok,2026-09-04T12:15:51.572923+05:30,2026-09-04_1215IST,airline_direct,IndiGo
BLR,HYD,6E,IndiGo,6E 6445,2026-10-04,30,economy,,,13940.0,False,10:25,ok,2026-09-04T12:15:51.572923+05:30,2026-09-04_1215IST,airline_direct,IndiGo
BLR,HYD,6E,IndiGo,6E 703,2026-10-04,30,economy,,,13940.0,False,12:55,ok,2026-09-04T12:15:51.572923+05:30,2026-09-04_1215IST,airline_direct,IndiGo
BLR,HYD,6E,IndiGo,6E 109,2026-10-04,30,economy,,,14230.0,False,17:00,ok,2026-09-04T12:15:51.572923+05:30,2026-09-04_1215IST,airline_direct,IndiGo
BLR,HYD,6E,IndiGo,6E 6104,2026-10-04,30,economy,,,16991.0,False,11:40,ok,2026-09-04T12:15:51.572923+05:30,2026-09-04_1215IST,airline_direct,IndiGo
MAA,DEL,6E,IndiGo,6E 953,2026-10-04,30,business,,,24700.0,False,02:45,ok,2026-09-04T12:16:55.553119+05:30,2026-09-04_1216IST,airline_direct,IndiGo
MAA,DEL,6E,IndiGo,6E 953,2026-10-04,30,economy,,,9830.0,False,02:45,ok,2026-09-04T12:16:55.553119+05:30,2026-09-04_1216IST,airline_direct,IndiGo
MAA,DEL,6E,IndiGo,6E 937,2026-10-04,30,business,,,24700.0,False,06:30,ok,2026-09-04T12:16:55.553119+05:30,2026-09-04_1216IST,airline_direct,IndiGo
MAA,DEL,6E,IndiGo,6E 937,2026-10-04,30,economy,,,9830.0,False,06:30,ok,2026-09-04T12:16:55.553119+05:30,2026-09-04_1216IST,airline_direct,IndiGo
MAA,DEL,6E,IndiGo,6E 613,2026-10-04,30,business,,,24700.0,False,19:00,ok,2026-09-04T12:16:55.553119+05:30,2026-09-04_1216IST,airline_direct,IndiGo
MAA,DEL,6E,IndiGo,6E 613,2026-10-04,30,economy,,,9830.0,False,19:00,ok,2026-09-04T12:16:55.553119+05:30,2026-09-04_1216IST,airline_direct,IndiGo
MAA,DEL,6E,IndiGo,6E 951,2026-10-04,30,business,,,24700.0,False,21:50,ok,2026-09-04T12:16:55.553119+05:30,2026-09-04_1216IST,airline_direct,IndiGo
MAA,DEL,6E,IndiGo,6E 951,2026-10-04,30,economy,,,9830.0,False,21:50,ok,2026-09-04T12:16:55.553119+05:30,2026-09-04_1216IST,airline_direct,IndiGo
MAA,DEL,6E,IndiGo,6E 2369,2026-10-04,30,business,,,24700.0,False,23:45,ok,2026-09-04T12:16:55.553119+05:30,2026-09-04_1216IST,airline_direct,IndiGo
MAA,DEL,6E,IndiGo,6E 2369,2026-10-04,30,economy,,,9830.0,False,23:45,ok,2026-09-04T12:16:55.553119+05:30,2026-09-04_1216IST,airline_direct,IndiGo
MAA,DEL,6E,IndiGo,6E 404,2026-10-04,30,business,,,24700.0,False,09:15,ok,2026-09-04T12:16:55.553119+05:30,2026-09-04_1216IST,airline_direct,IndiGo
MAA,DEL,6E,IndiGo,6E 404,2026-10-04,30,economy,,,10295.0,False,09:15,ok,2026-09-04T12:16:55.553119+05:30,2026-09-04_1216IST,airline_direct,IndiGo
MAA,DEL,6E,IndiGo,6E 6002,2026-10-04,30,business,,,24700.0,False,11:10,ok,2026-09-04T12:16:55.553119+05:30,2026-09-04_1216IST,airline_direct,IndiGo
MAA,DEL,6E,IndiGo,6E 6002,2026-10-04,30,economy,,,10295.0,False,11:10,ok,2026-09-04T12:16:55.553119+05:30,2026-09-04_1216IST,airline_direct,IndiGo
MAA,DEL,6E,IndiGo,6E 939,2026-10-04,30,business,,,24700.0,False,13:00,ok,2026-09-04T12:16:55.553119+05:30,2026-09-04_1216IST,airline_direct,IndiGo
MAA,DEL,6E,IndiGo,6E 939,2026-10-04,30,economy,,,10295.0,False,13:00,ok,2026-09-04T12:16:55.553119+05:30,2026-09-04_1216IST,airline_direct,IndiGo
MAA,DEL,6E,IndiGo,6E 948,2026-10-04,30,business,,,24700.0,False,14:30,ok,2026-09-04T12:16:55.553119+05:30,2026-09-04_1216IST,airline_direct,IndiGo
MAA,DEL,6E,IndiGo,6E 948,2026-10-04,30,economy,,,10295.0,False,14:30,ok,2026-09-04T12:16:55.553119+05:30,2026-09-04_1216IST,airline_direct,IndiGo
MAA,DEL,6E,IndiGo,6E 698,2026-10-04,30,business,,,24700.0,False,16:45,ok,2026-09-04T12:16:55.553119+05:30,2026-09-04_1216IST,airline_direct,IndiGo
MAA,DEL,6E,IndiGo,6E 698,2026-10-04,30,economy,,,10785.0,False,16:45,ok,2026-09-04T12:16:55.553119+05:30,2026-09-04_1216IST,airline_direct,IndiGo
MAA,DEL,6E,IndiGo,6E 6797,2026-10-04,30,economy,,,9568.0,False,13:10,ok,2026-09-04T12:16:55.553119+05:30,2026-09-04_1216IST,airline_direct,IndiGo
MAA,DEL,6E,IndiGo,6E 916,2026-10-04,30,business,,,28415.0,False,01:10,ok,2026-09-04T12:16:55.553119+05:30,2026-09-04_1216IST,airline_direct,IndiGo
MAA,DEL,6E,IndiGo,6E 916,2026-10-04,30,economy,,,9778.0,False,01:10,ok,2026-09-04T12:16:55.553119+05:30,2026-09-04_1216IST,airline_direct,IndiGo
MAA,DEL,6E,IndiGo,6E 253,2026-10-04,30,business,,,28061.0,False,03:10,ok,2026-09-04T12:16:55.553119+05:30,2026-09-04_1216IST,airline_direct,IndiGo
MAA,DEL,6E,IndiGo,6E 253,2026-10-04,30,economy,,,9778.0,False,03:10,ok,2026-09-04T12:16:55.553119+05:30,2026-09-04_1216IST,airline_direct,IndiGo
MAA,DEL,6E,IndiGo,6E 607,2026-10-04,30,business,,,28061.0,False,05:40,ok,2026-09-04T12:16:55.553119+05:30,2026-09-04_1216IST,airline_direct,IndiGo
MAA,DEL,6E,IndiGo,6E 607,2026-10-04,30,economy,,,9778.0,False,05:40,ok,2026-09-04T12:16:55.553119+05:30,2026-09-04_1216IST,airline_direct,IndiGo
MAA,DEL,6E,IndiGo,6E 495,2026-10-04,30,business,,,26457.0,False,07:10,ok,2026-09-04T12:16:55.553119+05:30,2026-09-04_1216IST,airline_direct,IndiGo
MAA,DEL,6E,IndiGo,6E 495,2026-10-04,30,economy,,,9778.0,False,07:10,ok,2026-09-04T12:16:55.553119+05:30,2026-09-04_1216IST,airline_direct,IndiGo
MAA,DEL,6E,IndiGo,6E 401,2026-10-04,30,economy,,,9778.0,False,08:10,ok,2026-09-04T12:16:55.553119+05:30,2026-09-04_1216IST,airline_direct,IndiGo
MAA,DEL,6E,IndiGo,6E 834,2026-10-04,30,business,,,26457.0,False,09:05,ok,2026-09-04T12:16:55.553119+05:30,2026-09-04_1216IST,airline_direct,IndiGo
MAA,DEL,6E,IndiGo,6E 834,2026-10-04,30,economy,,,9778.0,False,09:05,ok,2026-09-04T12:16:55.553119+05:30,2026-09-04_1216IST,airline_direct,IndiGo
MAA,DEL,6E,IndiGo,6E 834,2026-10-04,30,business,,,26457.0,False,09:05,ok,2026-09-04T12:16:55.553119+05:30,2026-09-04_1216IST,airline_direct,IndiGo
MAA,DEL,6E,IndiGo,6E 834,2026-10-04,30,economy,,,9778.0,False,09:05,ok,2026-09-04T12:16:55.553119+05:30,2026-09-04_1216IST,airline_direct,IndiGo
MAA,DEL,6E,IndiGo,6E 372,2026-10-04,30,business,,,26398.0,False,09:55,ok,2026-09-04T12:16:55.553119+05:30,2026-09-04_1216IST,airline_direct,IndiGo
MAA,DEL,6E,IndiGo,6E 372,2026-10-04,30,economy,,,9778.0,False,09:55,ok,2026-09-04T12:16:55.553119+05:30,2026-09-04_1216IST,airline_direct,IndiGo
MAA,DEL,6E,IndiGo,6E 6079,2026-10-04,30,economy,,,9778.0,False,10:15,ok,2026-09-04T12:16:55.553119+05:30,2026-09-04_1216IST,airline_direct,IndiGo
MAA,DEL,6E,IndiGo,6E 539,2026-10-04,30,economy,,,9778.0,False,11:25,ok,2026-09-04T12:16:55.553119+05:30,2026-09-04_1216IST,airline_direct,IndiGo
MAA,DEL,6E,IndiGo,6E 6158,2026-10-04,30,business,,,26457.0,False,16:10,ok,2026-09-04T12:16:55.553119+05:30,2026-09-04_1216IST,airline_direct,IndiGo
MAA,DEL,6E,IndiGo,6E 6158,2026-10-04,30,economy,,,9778.0,False,16:10,ok,2026-09-04T12:16:55.553119+05:30,2026-09-04_1216IST,airline_direct,IndiGo
MAA,DEL,6E,IndiGo,6E 489,2026-10-04,30,economy,,,9778.0,False,18:15,ok,2026-09-04T12:16:55.553119+05:30,2026-09-04_1216IST,airline_direct,IndiGo
MAA,DEL,6E,IndiGo,6E 193,2026-10-04,30,business,,,26457.0,False,20:00,ok,2026-09-04T12:16:55.553119+05:30,2026-09-04_1216IST,airline_direct,IndiGo
MAA,DEL,6E,IndiGo,6E 193,2026-10-04,30,economy,,,9778.0,False,20:00,ok,2026-09-04T12:16:55.553119+05:30,2026-09-04_1216IST,airline_direct,IndiGo
MAA,DEL,6E,IndiGo,6E 6487,2026-10-04,30,business,,,26398.0,False,21:25,ok,2026-09-04T12:16:55.553119+05:30,2026-09-04_1216IST,airline_direct,IndiGo
MAA,DEL,6E,IndiGo,6E 6487,2026-10-04,30,economy,,,9778.0,False,21:25,ok,2026-09-04T12:16:55.553119+05:30,2026-09-04_1216IST,airline_direct,IndiGo
MAA,DEL,6E,IndiGo,6E 6571,2026-10-04,30,economy,,,9857.0,False,06:15,ok,2026-09-04T12:16:55.553119+05:30,2026-09-04_1216IST,airline_direct,IndiGo
MAA,DEL,6E,IndiGo,6E 6081,2026-10-04,30,business,,,29704.0,False,07:05,ok,2026-09-04T12:16:55.553119+05:30,2026-09-04_1216IST,airline_direct,IndiGo
MAA,DEL,6E,IndiGo,6E 6081,2026-10-04,30,economy,,,9857.0,False,07:05,ok,2026-09-04T12:16:55.553119+05:30,2026-09-04_1216IST,airline_direct,IndiGo
MAA,DEL,6E,IndiGo,6E 6081,2026-10-04,30,business,,,29704.0,False,07:05,ok,2026-09-04T12:16:55.553119+05:30,2026-09-04_1216IST,airline_direct,IndiGo
MAA,DEL,6E,IndiGo,6E 6081,2026-10-04,30,economy,,,9857.0,False,07:05,ok,2026-09-04T12:16:55.553119+05:30,2026-09-04_1216IST,airline_direct,IndiGo
MAA,DEL,6E,IndiGo,6E 6815,2026-10-04,30,business,,,29704.0,False,08:55,ok,2026-09-04T12:16:55.553119+05:30,2026-09-04_1216IST,airline_direct,IndiGo
MAA,DEL,6E,IndiGo,6E 6815,2026-10-04,30,economy,,,9857.0,False,08:55,ok,2026-09-04T12:16:55.553119+05:30,2026-09-04_1216IST,airline_direct,IndiGo
MAA,DEL,6E,IndiGo,6E 6892,2026-10-04,30,business,,,29704.0,False,10:55,ok,2026-09-04T12:16:55.553119+05:30,2026-09-04_1216IST,airline_direct,IndiGo
MAA,DEL,6E,IndiGo,6E 6892,2026-10-04,30,economy,,,9857.0,False,10:55,ok,2026-09-04T12:16:55.553119+05:30,2026-09-04_1216IST,airline_direct,IndiGo
MAA,DEL,6E,IndiGo,6E 6892,2026-10-04,30,business,,,29704.0,False,10:55,ok,2026-09-04T12:16:55.553119+05:30,2026-09-04_1216IST,airline_direct,IndiGo
MAA,DEL,6E,IndiGo,6E 6892,2026-10-04,30,economy,,,9857.0,False,10:55,ok,2026-09-04T12:16:55.553119+05:30,2026-09-04_1216IST,airline_direct,IndiGo
MAA,DEL,6E,IndiGo,6E 189,2026-10-04,30,business,,,30424.0,False,19:05,ok,2026-09-04T12:16:55.553119+05:30,2026-09-04_1216IST,airline_direct,IndiGo
MAA,DEL,6E,IndiGo,6E 189,2026-10-04,30,economy,,,9857.0,False,19:05,ok,2026-09-04T12:16:55.553119+05:30,2026-09-04_1216IST,airline_direct,IndiGo
MAA,DEL,6E,IndiGo,6E 6812,2026-10-04,30,economy,,,9857.0,False,20:00,ok,2026-09-04T12:16:55.553119+05:30,2026-09-04_1216IST,airline_direct,IndiGo
MAA,DEL,6E,IndiGo,6E 6140,2026-10-04,30,business,,,29944.0,False,02:30,ok,2026-09-04T12:16:55.553119+05:30,2026-09-04_1216IST,airline_direct,IndiGo
MAA,DEL,6E,IndiGo,6E 6140,2026-10-04,30,economy,,,9988.0,False,02:30,ok,2026-09-04T12:16:55.553119+05:30,2026-09-04_1216IST,airline_direct,IndiGo
MAA,DEL,6E,IndiGo,6E 5093,2026-10-04,30,business,,,35375.0,False,05:00,ok,2026-09-04T12:16:55.553119+05:30,2026-09-04_1216IST,airline_direct,IndiGo
MAA,DEL,6E,IndiGo,6E 5093,2026-10-04,30,economy,,,9988.0,False,05:00,ok,2026-09-04T12:16:55.553119+05:30,2026-09-04_1216IST,airline_direct,IndiGo
MAA,DEL,6E,IndiGo,6E 6348,2026-10-04,30,business,,,35375.0,False,09:00,ok,2026-09-04T12:16:55.553119+05:30,2026-09-04_1216IST,airline_direct,IndiGo
MAA,DEL,6E,IndiGo,6E 6348,2026-10-04,30,economy,,,9988.0,False,09:00,ok,2026-09-04T12:16:55.553119+05:30,2026-09-04_1216IST,airline_direct,IndiGo
MAA,DEL,6E,IndiGo,6E 6348,2026-10-04,30,business,,,35375.0,False,09:00,ok,2026-09-04T12:16:55.553119+05:30,2026-09-04_1216IST,airline_direct,IndiGo
MAA,DEL,6E,IndiGo,6E 6348,2026-10-04,30,economy,,,9988.0,False,09:00,ok,2026-09-04T12:16:55.553119+05:30,2026-09-04_1216IST,airline_direct,IndiGo
MAA,DEL,6E,IndiGo,6E 5258,2026-10-04,30,business,,,35375.0,False,12:45,ok,2026-09-04T12:16:55.553119+05:30,2026-09-04_1216IST,airline_direct,IndiGo
MAA,DEL,6E,IndiGo,6E 5258,2026-10-04,30,economy,,,9988.0,False,12:45,ok,2026-09-04T12:16:55.553119+05:30,2026-09-04_1216IST,airline_direct,IndiGo
MAA,DEL,6E,IndiGo,6E 6113,2026-10-04,30,economy,,,9988.0,False,17:00,ok,2026-09-04T12:16:55.553119+05:30,2026-09-04_1216IST,airline_direct,IndiGo
MAA,DEL,6E,IndiGo,6E 5367,2026-10-04,30,business,,,35375.0,False,18:15,ok,2026-09-04T12:16:55.553119+05:30,2026-09-04_1216IST,airline_direct,IndiGo
MAA,DEL,6E,IndiGo,6E 5367,2026-10-04,30,economy,,,9988.0,False,18:15,ok,2026-09-04T12:16:55.553119+05:30,2026-09-04_1216IST,airline_direct,IndiGo
MAA,DEL,6E,IndiGo,6E 848,2026-10-04,30,economy,,,11366.0,False,17:50,ok,2026-09-04T12:16:55.553119+05:30,2026-09-04_1216IST,airline_direct,IndiGo
MAA,DEL,6E,IndiGo,6E 321,2026-10-04,30,business,,,30096.0,False,08:20,ok,2026-09-04T12:16:55.553119+05:30,2026-09-04_1216IST,airline_direct,IndiGo
MAA,DEL,6E,IndiGo,6E 321,2026-10-04,30,economy,,,11576.0,False,08:20,ok,2026-09-04T12:16:55.553119+05:30,2026-09-04_1216IST,airline_direct,IndiGo
MAA,DEL,6E,IndiGo,6E 986,2026-10-04,30,business,,,30568.0,False,15:05,ok,2026-09-04T12:16:55.553119+05:30,2026-09-04_1216IST,airline_direct,IndiGo
MAA,DEL,6E,IndiGo,6E 986,2026-10-04,30,economy,,,11576.0,False,15:05,ok,2026-09-04T12:16:55.553119+05:30,2026-09-04_1216IST,airline_direct,IndiGo
MAA,DEL,6E,IndiGo,6E 796,2026-10-04,30,business,,,29704.0,False,22:00,ok,2026-09-04T12:16:55.553119+05:30,2026-09-04_1216IST,airline_direct,IndiGo
MAA,DEL,6E,IndiGo,6E 796,2026-10-04,30,economy,,,11725.0,False,22:00,ok,2026-09-04T12:16:55.553119+05:30,2026-09-04_1216IST,airline_direct,IndiGo
MAA,DEL,6E,IndiGo,6E 6209,2026-10-04,30,business,,,30048.0,False,14:35,ok,2026-09-04T12:16:55.553119+05:30,2026-09-04_1216IST,airline_direct,IndiGo
MAA,DEL,6E,IndiGo,6E 6209,2026-10-04,30,economy,,,12277.0,False,14:35,ok,2026-09-04T12:16:55.553119+05:30,2026-09-04_1216IST,airline_direct,IndiGo
MAA,DEL,6E,IndiGo,6E 847,2026-10-04,30,business,,,30424.0,False,16:15,ok,2026-09-04T12:16:55.553119+05:30,2026-09-04_1216IST,airline_direct,IndiGo
MAA,DEL,6E,IndiGo,6E 847,2026-10-04,30,economy,,,12612.0,False,16:15,ok,2026-09-04T12:16:55.553119+05:30,2026-09-04_1216IST,airline_direct,IndiGo
MAA,DEL,6E,IndiGo,6E 597,2026-10-04,30,economy,,,12645.0,False,17:45,ok,2026-09-04T12:16:55.553119+05:30,2026-09-04_1216IST,airline_direct,IndiGo
MAA,DEL,6E,IndiGo,6E 341,2026-10-04,30,business,,,26398.0,False,22:35,ok,2026-09-04T12:16:55.553119+05:30,2026-09-04_1216IST,airline_direct,IndiGo
MAA,DEL,6E,IndiGo,6E 341,2026-10-04,30,economy,,,12828.0,False,22:35,ok,2026-09-04T12:16:55.553119+05:30,2026-09-04_1216IST,airline_direct,IndiGo
MAA,DEL,6E,IndiGo,6E 264,2026-10-04,30,business,,,29801.0,False,23:20,ok,2026-09-04T12:16:55.553119+05:30,2026-09-04_1216IST,airline_direct,IndiGo
MAA,DEL,6E,IndiGo,6E 264,2026-10-04,30,economy,,,12936.0,False,23:20,ok,2026-09-04T12:16:55.553119+05:30,2026-09-04_1216IST,airline_direct,IndiGo
MAA,DEL,6E,IndiGo,6E 6209,2026-10-04,30,business,,,30048.0,False,14:35,ok,2026-09-04T12:16:55.553119+05:30,2026-09-04_1216IST,airline_direct,IndiGo
MAA,DEL,6E,IndiGo,6E 6209,2026-10-04,30,economy,,,13219.0,False,14:35,ok,2026-09-04T12:16:55.553119+05:30,2026-09-04_1216IST,airline_direct,IndiGo
MAA,DEL,6E,IndiGo,6E 6925,2026-10-04,30,business,,,26457.0,False,12:00,ok,2026-09-04T12:16:55.553119+05:30,2026-09-04_1216IST,airline_direct,IndiGo
MAA,DEL,6E,IndiGo,6E 6925,2026-10-04,30,economy,,,13244.0,False,12:00,ok,2026-09-04T12:16:55.553119+05:30,2026-09-04_1216IST,airline_direct,IndiGo
MAA,DEL,6E,IndiGo,6E 502,2026-10-04,30,business,,,28887.0,False,11:10,ok,2026-09-04T12:16:55.553119+05:30,2026-09-04_1216IST,airline_direct,IndiGo
MAA,DEL,6E,IndiGo,6E 502,2026-10-04,30,economy,,,13474.0,False,11:10,ok,2026-09-04T12:16:55.553119+05:30,2026-09-04_1216IST,airline_direct,IndiGo
MAA,DEL,6E,IndiGo,6E 5214,2026-10-04,30,business,,,35375.0,False,11:00,ok,2026-09-04T12:16:55.553119+05:30,2026-09-04_1216IST,airline_direct,IndiGo
MAA,DEL,6E,IndiGo,6E 5214,2026-10-04,30,economy,,,13885.0,False,11:00,ok,2026-09-04T12:16:55.553119+05:30,2026-09-04_1216IST,airline_direct,IndiGo
MAA,DEL,6E,IndiGo,6E 6225,2026-10-04,30,business,,,35375.0,False,22:30,ok,2026-09-04T12:16:55.553119+05:30,2026-09-04_1216IST,airline_direct,IndiGo
MAA,DEL,6E,IndiGo,6E 6225,2026-10-04,30,economy,,,14473.0,False,22:30,ok,2026-09-04T12:16:55.553119+05:30,2026-09-04_1216IST,airline_direct,IndiGo
MAA,DEL,6E,IndiGo,6E 5371,2026-10-04,30,business,,,35375.0,False,14:45,ok,2026-09-04T12:16:55.553119+05:30,2026-09-04_1216IST,airline_direct,IndiGo
MAA,DEL,6E,IndiGo,6E 5371,2026-10-04,30,economy,,,14542.0,False,14:45,ok,2026-09-04T12:16:55.553119+05:30,2026-09-04_1216IST,airline_direct,IndiGo
MAA,DEL,6E,IndiGo,6E 562,2026-10-04,30,business,,,26457.0,False,18:20,ok,2026-09-04T12:16:55.553119+05:30,2026-09-04_1216IST,airline_direct,IndiGo
MAA,DEL,6E,IndiGo,6E 562,2026-10-04,30,economy,,,14670.0,False,18:20,ok,2026-09-04T12:16:55.553119+05:30,2026-09-04_1216IST,airline_direct,IndiGo
MAA,DEL,6E,IndiGo,6E 561,2026-10-04,30,business,,,30893.0,False,22:20,ok,2026-09-04T12:16:55.553119+05:30,2026-09-04_1216IST,airline_direct,IndiGo
MAA,DEL,6E,IndiGo,6E 561,2026-10-04,30,economy,,,16579.0,False,22:20,ok,2026-09-04T12:16:55.553119+05:30,2026-09-04_1216IST,airline_direct,IndiGo
MAA,DEL,6E,IndiGo,6E 973,2026-10-04,30,business,,,40493.0,False,11:55,ok,2026-09-04T12:16:55.553119+05:30,2026-09-04_1216IST,airline_direct,IndiGo
MAA,DEL,6E,IndiGo,6E 973,2026-10-04,30,economy,,,19937.0,False,11:55,ok,2026-09-04T12:16:55.553119+05:30,2026-09-04_1216IST,airline_direct,IndiGo
MAA,DEL,6E,IndiGo,6E 588,2026-10-04,30,business,,,36717.0,False,17:40,ok,2026-09-04T12:16:55.553119+05:30,2026-09-04_1216IST,airline_direct,IndiGo
MAA,DEL,6E,IndiGo,6E 588,2026-10-04,30,economy,,,20147.0,False,17:40,ok,2026-09-04T12:16:55.553119+05:30,2026-09-04_1216IST,airline_direct,IndiGo
DEL,BOM,6E,IndiGo,6E 353,2026-10-19,45,business,,,21900.0,False,03:00,ok,2026-09-04T12:17:55.168261+05:30,2026-09-04_1217IST,airline_direct,IndiGo
DEL,BOM,6E,IndiGo,6E 353,2026-10-19,45,economy,,,6546.0,False,03:00,ok,2026-09-04T12:17:55.168261+05:30,2026-09-04_1217IST,airline_direct,IndiGo
DEL,BOM,6E,IndiGo,6E 449,2026-10-19,45,business,,,21900.0,False,05:00,ok,2026-09-04T12:17:55.168261+05:30,2026-09-04_1217IST,airline_direct,IndiGo
DEL,BOM,6E,IndiGo,6E 449,2026-10-19,45,economy,,,6546.0,False,05:00,ok,2026-09-04T12:17:55.168261+05:30,2026-09-04_1217IST,airline_direct,IndiGo
DEL,BOM,6E,IndiGo,6E 6218,2026-10-19,45,business,,,21900.0,False,06:05,ok,2026-09-04T12:17:55.168261+05:30,2026-09-04_1217IST,airline_direct,IndiGo
DEL,BOM,6E,IndiGo,6E 6218,2026-10-19,45,economy,,,6546.0,False,06:05,ok,2026-09-04T12:17:55.168261+05:30,2026-09-04_1217IST,airline_direct,IndiGo
DEL,BOM,6E,IndiGo,6E 675,2026-10-19,45,business,,,21900.0,False,08:45,ok,2026-09-04T12:17:55.168261+05:30,2026-09-04_1217IST,airline_direct,IndiGo
DEL,BOM,6E,IndiGo,6E 675,2026-10-19,45,economy,,,6546.0,False,08:45,ok,2026-09-04T12:17:55.168261+05:30,2026-09-04_1217IST,airline_direct,IndiGo
DEL,BOM,6E,IndiGo,6E 6107,2026-10-19,45,business,,,21900.0,False,09:30,ok,2026-09-04T12:17:55.168261+05:30,2026-09-04_1217IST,airline_direct,IndiGo
DEL,BOM,6E,IndiGo,6E 6107,2026-10-19,45,economy,,,6546.0,False,09:30,ok,2026-09-04T12:17:55.168261+05:30,2026-09-04_1217IST,airline_direct,IndiGo
DEL,BOM,6E,IndiGo,6E 6328,2026-10-19,45,business,,,21900.0,False,10:15,ok,2026-09-04T12:17:55.168261+05:30,2026-09-04_1217IST,airline_direct,IndiGo
DEL,BOM,6E,IndiGo,6E 6328,2026-10-19,45,economy,,,6546.0,False,10:15,ok,2026-09-04T12:17:55.168261+05:30,2026-09-04_1217IST,airline_direct,IndiGo
DEL,BOM,6E,IndiGo,6E 6047,2026-10-19,45,business,,,21900.0,False,11:00,ok,2026-09-04T12:17:55.168261+05:30,2026-09-04_1217IST,airline_direct,IndiGo
DEL,BOM,6E,IndiGo,6E 6047,2026-10-19,45,economy,,,6546.0,False,11:00,ok,2026-09-04T12:17:55.168261+05:30,2026-09-04_1217IST,airline_direct,IndiGo
DEL,BOM,6E,IndiGo,6E 6676,2026-10-19,45,business,,,21900.0,False,12:00,ok,2026-09-04T12:17:55.168261+05:30,2026-09-04_1217IST,airline_direct,IndiGo
DEL,BOM,6E,IndiGo,6E 6676,2026-10-19,45,economy,,,6546.0,False,12:00,ok,2026-09-04T12:17:55.168261+05:30,2026-09-04_1217IST,airline_direct,IndiGo
DEL,BOM,6E,IndiGo,6E 324,2026-10-19,45,business,,,21900.0,False,13:00,ok,2026-09-04T12:17:55.168261+05:30,2026-09-04_1217IST,airline_direct,IndiGo
DEL,BOM,6E,IndiGo,6E 324,2026-10-19,45,economy,,,6546.0,False,13:00,ok,2026-09-04T12:17:55.168261+05:30,2026-09-04_1217IST,airline_direct,IndiGo
DEL,BOM,6E,IndiGo,6E 6022,2026-10-19,45,business,,,21900.0,False,14:00,ok,2026-09-04T12:17:55.168261+05:30,2026-09-04_1217IST,airline_direct,IndiGo
DEL,BOM,6E,IndiGo,6E 6022,2026-10-19,45,economy,,,6546.0,False,14:00,ok,2026-09-04T12:17:55.168261+05:30,2026-09-04_1217IST,airline_direct,IndiGo
DEL,BOM,6E,IndiGo,6E 6318,2026-10-19,45,business,,,21900.0,False,14:45,ok,2026-09-04T12:17:55.168261+05:30,2026-09-04_1217IST,airline_direct,IndiGo
DEL,BOM,6E,IndiGo,6E 6318,2026-10-19,45,economy,,,6546.0,False,14:45,ok,2026-09-04T12:17:55.168261+05:30,2026-09-04_1217IST,airline_direct,IndiGo
DEL,BOM,6E,IndiGo,6E 864,2026-10-19,45,business,,,21900.0,False,15:30,ok,2026-09-04T12:17:55.168261+05:30,2026-09-04_1217IST,airline_direct,IndiGo
DEL,BOM,6E,IndiGo,6E 864,2026-10-19,45,economy,,,6546.0,False,15:30,ok,2026-09-04T12:17:55.168261+05:30,2026-09-04_1217IST,airline_direct,IndiGo
DEL,BOM,6E,IndiGo,6E 327,2026-10-19,45,business,,,21900.0,False,16:15,ok,2026-09-04T12:17:55.168261+05:30,2026-09-04_1217IST,airline_direct,IndiGo
DEL,BOM,6E,IndiGo,6E 327,2026-10-19,45,economy,,,6546.0,False,16:15,ok,2026-09-04T12:17:55.168261+05:30,2026-09-04_1217IST,airline_direct,IndiGo
DEL,BOM,6E,IndiGo,6E 6706,2026-10-19,45,business,,,21900.0,False,17:00,ok,2026-09-04T12:17:55.168261+05:30,2026-09-04_1217IST,airline_direct,IndiGo
DEL,BOM,6E,IndiGo,6E 6706,2026-10-19,45,economy,,,6546.0,False,17:00,ok,2026-09-04T12:17:55.168261+05:30,2026-09-04_1217IST,airline_direct,IndiGo
DEL,BOM,6E,IndiGo,6E 329,2026-10-19,45,business,,,21900.0,False,18:00,ok,2026-09-04T12:17:55.168261+05:30,2026-09-04_1217IST,airline_direct,IndiGo
DEL,BOM,6E,IndiGo,6E 329,2026-10-19,45,economy,,,6546.0,False,18:00,ok,2026-09-04T12:17:55.168261+05:30,2026-09-04_1217IST,airline_direct,IndiGo
DEL,BOM,6E,IndiGo,6E 354,2026-10-19,45,business,,,21900.0,False,19:00,ok,2026-09-04T12:17:55.168261+05:30,2026-09-04_1217IST,airline_direct,IndiGo
DEL,BOM,6E,IndiGo,6E 354,2026-10-19,45,economy,,,6546.0,False,19:00,ok,2026-09-04T12:17:55.168261+05:30,2026-09-04_1217IST,airline_direct,IndiGo
DEL,BOM,6E,IndiGo,6E 303,2026-10-19,45,business,,,21900.0,False,20:00,ok,2026-09-04T12:17:55.168261+05:30,2026-09-04_1217IST,airline_direct,IndiGo
DEL,BOM,6E,IndiGo,6E 303,2026-10-19,45,economy,,,6546.0,False,20:00,ok,2026-09-04T12:17:55.168261+05:30,2026-09-04_1217IST,airline_direct,IndiGo
DEL,BOM,6E,IndiGo,6E 853,2026-10-19,45,business,,,21900.0,False,20:45,ok,2026-09-04T12:17:55.168261+05:30,2026-09-04_1217IST,airline_direct,IndiGo
DEL,BOM,6E,IndiGo,6E 853,2026-10-19,45,economy,,,6546.0,False,20:45,ok,2026-09-04T12:17:55.168261+05:30,2026-09-04_1217IST,airline_direct,IndiGo
DEL,BOM,6E,IndiGo,6E 395,2026-10-19,45,business,,,21900.0,False,21:45,ok,2026-09-04T12:17:55.168261+05:30,2026-09-04_1217IST,airline_direct,IndiGo
DEL,BOM,6E,IndiGo,6E 395,2026-10-19,45,economy,,,6546.0,False,21:45,ok,2026-09-04T12:17:55.168261+05:30,2026-09-04_1217IST,airline_direct,IndiGo
DEL,BOM,6E,IndiGo,6E 6114,2026-10-19,45,business,,,21900.0,False,22:45,ok,2026-09-04T12:17:55.168261+05:30,2026-09-04_1217IST,airline_direct,IndiGo
DEL,BOM,6E,IndiGo,6E 6114,2026-10-19,45,economy,,,6546.0,False,22:45,ok,2026-09-04T12:17:55.168261+05:30,2026-09-04_1217IST,airline_direct,IndiGo
DEL,BOM,6E,IndiGo,6E 322,2026-10-19,45,business,,,21900.0,False,23:30,ok,2026-09-04T12:17:55.168261+05:30,2026-09-04_1217IST,airline_direct,IndiGo
DEL,BOM,6E,IndiGo,6E 322,2026-10-19,45,economy,,,6546.0,False,23:30,ok,2026-09-04T12:17:55.168261+05:30,2026-09-04_1217IST,airline_direct,IndiGo
DEL,BOM,6E,IndiGo,6E 6814,2026-10-19,45,business,,,21900.0,False,07:15,ok,2026-09-04T12:17:55.168261+05:30,2026-09-04_1217IST,airline_direct,IndiGo
DEL,BOM,6E,IndiGo,6E 6814,2026-10-19,45,economy,,,6996.0,False,07:15,ok,2026-09-04T12:17:55.168261+05:30,2026-09-04_1217IST,airline_direct,IndiGo
DEL,BOM,6E,IndiGo,6E 320,2026-10-19,45,business,,,21900.0,False,08:00,ok,2026-09-04T12:17:55.168261+05:30,2026-09-04_1217IST,airline_direct,IndiGo
DEL,BOM,6E,IndiGo,6E 320,2026-10-19,45,economy,,,6996.0,False,08:00,ok,2026-09-04T12:17:55.168261+05:30,2026-09-04_1217IST,airline_direct,IndiGo
DEL,BOM,6E,IndiGo,6E 6261,2026-10-19,45,economy,,,6618.0,False,00:15,ok,2026-09-04T12:17:55.168261+05:30,2026-09-04_1217IST,airline_direct,IndiGo
DEL,BOM,6E,IndiGo,6E 5119,2026-10-19,45,economy,,,6618.0,False,05:10,ok,2026-09-04T12:17:55.168261+05:30,2026-09-04_1217IST,airline_direct,IndiGo
DEL,BOM,6E,IndiGo,6E 5119,2026-10-19,45,economy,,,6618.0,False,05:10,ok,2026-09-04T12:17:55.168261+05:30,2026-09-04_1217IST,airline_direct,IndiGo
DEL,BOM,6E,IndiGo,6E 6171,2026-10-19,45,economy,,,6618.0,False,05:40,ok,2026-09-04T12:17:55.168261+05:30,2026-09-04_1217IST,airline_direct,IndiGo
DEL,BOM,6E,IndiGo,6E 2076,2026-10-19,45,economy,,,6618.0,False,07:30,ok,2026-09-04T12:17:55.168261+05:30,2026-09-04_1217IST,airline_direct,IndiGo
DEL,BOM,6E,IndiGo,6E 2331,2026-10-19,45,economy,,,6618.0,False,12:20,ok,2026-09-04T12:17:55.168261+05:30,2026-09-04_1217IST,airline_direct,IndiGo
DEL,BOM,6E,IndiGo,6E 2341,2026-10-19,45,economy,,,6618.0,False,14:50,ok,2026-09-04T12:17:55.168261+05:30,2026-09-04_1217IST,airline_direct,IndiGo
DEL,BOM,6E,IndiGo,6E 5073,2026-10-19,45,economy,,,6618.0,False,17:05,ok,2026-09-04T12:17:55.168261+05:30,2026-09-04_1217IST,airline_direct,IndiGo
DEL,BOM,6E,IndiGo,6E 5073,2026-10-19,45,economy,,,6618.0,False,17:05,ok,2026-09-04T12:17:55.168261+05:30,2026-09-04_1217IST,airline_direct,IndiGo
DEL,BOM,6E,IndiGo,6E 931,2026-10-19,45,economy,,,6618.0,False,19:30,ok,2026-09-04T12:17:55.168261+05:30,2026-09-04_1217IST,airline_direct,IndiGo
DEL,BOM,6E,IndiGo,6E 2013,2026-10-19,45,economy,,,6618.0,False,21:50,ok,2026-09-04T12:17:55.168261+05:30,2026-09-04_1217IST,airline_direct,IndiGo
DEL,BOM,6E,IndiGo,6E 6569,2026-10-19,45,economy,,,6750.0,False,05:00,ok,2026-09-04T12:17:55.168261+05:30,2026-09-04_1217IST,airline_direct,IndiGo
DEL,BOM,6E,IndiGo,6E 6459,2026-10-19,45,economy,,,6750.0,False,05:55,ok,2026-09-04T12:17:55.168261+05:30,2026-09-04_1217IST,airline_direct,IndiGo
DEL,BOM,6E,IndiGo,6E 6443,2026-10-19,45,economy,,,6750.0,False,09:00,ok,2026-09-04T12:17:55.168261+05:30,2026-09-04_1217IST,airline_direct,IndiGo
DEL,BOM,6E,IndiGo,6E 2249,2026-10-19,45,economy,,,6750.0,False,15:00,ok,2026-09-04T12:17:55.168261+05:30,2026-09-04_1217IST,airline_direct,IndiGo
DEL,BOM,6E,IndiGo,6E 6433,2026-10-19,45,economy,,,6750.0,False,16:30,ok,2026-09-04T12:17:55.168261+05:30,2026-09-04_1217IST,airline_direct,IndiGo
DEL,BOM,6E,IndiGo,6E 6829,2026-10-19,45,economy,,,6750.0,False,17:20,ok,2026-09-04T12:17:55.168261+05:30,2026-09-04_1217IST,airline_direct,IndiGo
DEL,BOM,6E,IndiGo,6E 6829,2026-10-19,45,economy,,,6750.0,False,17:20,ok,2026-09-04T12:17:55.168261+05:30,2026-09-04_1217IST,airline_direct,IndiGo
DEL,BOM,6E,IndiGo,6E 2169,2026-10-19,45,economy,,,6750.0,False,19:40,ok,2026-09-04T12:17:55.168261+05:30,2026-09-04_1217IST,airline_direct,IndiGo
DEL,BOM,6E,IndiGo,6E 2113,2026-10-19,45,economy,,,6828.0,False,13:20,ok,2026-09-04T12:17:55.168261+05:30,2026-09-04_1217IST,airline_direct,IndiGo
DEL,BOM,6E,IndiGo,6E 758,2026-10-19,45,economy,,,6828.0,False,16:10,ok,2026-09-04T12:17:55.168261+05:30,2026-09-04_1217IST,airline_direct,IndiGo
DEL,BOM,6E,IndiGo,6E 2151,2026-10-19,45,economy,,,6828.0,False,19:45,ok,2026-09-04T12:17:55.168261+05:30,2026-09-04_1217IST,airline_direct,IndiGo
DEL,BOM,6E,IndiGo,6E 6479,2026-10-19,45,economy,,,6828.0,False,21:25,ok,2026-09-04T12:17:55.168261+05:30,2026-09-04_1217IST,airline_direct,IndiGo
DEL,BOM,6E,IndiGo,6E 717,2026-10-19,45,business,,,29617.0,False,17:55,ok,2026-09-04T12:17:55.168261+05:30,2026-09-04_1217IST,airline_direct,IndiGo
DEL,BOM,6E,IndiGo,6E 717,2026-10-19,45,economy,,,6960.0,False,17:55,ok,2026-09-04T12:17:55.168261+05:30,2026-09-04_1217IST,airline_direct,IndiGo
DEL,BOM,6E,IndiGo,6E 5014,2026-10-19,45,economy,,,7142.0,False,18:30,ok,2026-09-04T12:17:55.168261+05:30,2026-09-04_1217IST,airline_direct,IndiGo
DEL,BOM,6E,IndiGo,6E 6488,2026-10-19,45,economy,,,7274.0,False,11:20,ok,2026-09-04T12:17:55.168261+05:30,2026-09-04_1217IST,airline_direct,IndiGo
DEL,BOM,6E,IndiGo,6E 6050,2026-10-19,45,economy,,,7352.0,False,08:15,ok,2026-09-04T12:17:55.168261+05:30,2026-09-04_1217IST,airline_direct,IndiGo
DEL,BOM,6E,IndiGo,6E 357,2026-10-19,45,business,,,36497.0,False,19:30,ok,2026-09-04T12:17:55.168261+05:30,2026-09-04_1217IST,airline_direct,IndiGo
DEL,BOM,6E,IndiGo,6E 357,2026-10-19,45,economy,,,7562.0,False,19:30,ok,2026-09-04T12:17:55.168261+05:30,2026-09-04_1217IST,airline_direct,IndiGo
DEL,BOM,6E,IndiGo,6E 5298,2026-10-19,45,economy,,,7928.0,False,09:00,ok,2026-09-04T12:17:55.168261+05:30,2026-09-04_1217IST,airline_direct,IndiGo
DEL,BOM,6E,IndiGo,6E 5038,2026-10-19,45,economy,,,7928.0,False,14:00,ok,2026-09-04T12:17:55.168261+05:30,2026-09-04_1217IST,airline_direct,IndiGo
DEL,BOM,6E,IndiGo,6E 6026,2026-10-19,45,business,,,29617.0,False,05:30,ok,2026-09-04T12:17:55.168261+05:30,2026-09-04_1217IST,airline_direct,IndiGo
DEL,BOM,6E,IndiGo,6E 6026,2026-10-19,45,economy,,,8059.0,False,05:30,ok,2026-09-04T12:17:55.168261+05:30,2026-09-04_1217IST,airline_direct,IndiGo
DEL,BOM,6E,IndiGo,6E 705,2026-10-19,45,business,,,29617.0,False,08:30,ok,2026-09-04T12:17:55.168261+05:30,2026-09-04_1217IST,airline_direct,IndiGo
DEL,BOM,6E,IndiGo,6E 705,2026-10-19,45,economy,,,8059.0,False,08:30,ok,2026-09-04T12:17:55.168261+05:30,2026-09-04_1217IST,airline_direct,IndiGo
DEL,BOM,6E,IndiGo,6E 6293,2026-10-19,45,business,,,29617.0,False,09:55,ok,2026-09-04T12:17:55.168261+05:30,2026-09-04_1217IST,airline_direct,IndiGo
DEL,BOM,6E,IndiGo,6E 6293,2026-10-19,45,economy,,,8059.0,False,09:55,ok,2026-09-04T12:17:55.168261+05:30,2026-09-04_1217IST,airline_direct,IndiGo
DEL,BOM,6E,IndiGo,6E 6212,2026-10-19,45,business,,,29617.0,False,14:45,ok,2026-09-04T12:17:55.168261+05:30,2026-09-04_1217IST,airline_direct,IndiGo
DEL,BOM,6E,IndiGo,6E 6212,2026-10-19,45,economy,,,8059.0,False,14:45,ok,2026-09-04T12:17:55.168261+05:30,2026-09-04_1217IST,airline_direct,IndiGo
DEL,BOM,6E,IndiGo,6E 5138,2026-10-19,45,economy,,,8482.0,False,19:10,ok,2026-09-04T12:17:55.168261+05:30,2026-09-04_1217IST,airline_direct,IndiGo
DEL,BOM,6E,IndiGo,6E 6282,2026-10-19,45,business,,,29617.0,False,13:30,ok,2026-09-04T12:17:55.168261+05:30,2026-09-04_1217IST,airline_direct,IndiGo
DEL,BOM,6E,IndiGo,6E 6282,2026-10-19,45,economy,,,8692.0,False,13:30,ok,2026-09-04T12:17:55.168261+05:30,2026-09-04_1217IST,airline_direct,IndiGo
DEL,BOM,6E,IndiGo,6E 6497,2026-10-19,45,economy,,,8692.0,False,18:40,ok,2026-09-04T12:17:55.168261+05:30,2026-09-04_1217IST,airline_direct,IndiGo
DEL,BOM,6E,IndiGo,6E 358,2026-10-19,45,business,,,36143.0,False,12:10,ok,2026-09-04T12:17:55.168261+05:30,2026-09-04_1217IST,airline_direct,IndiGo
DEL,BOM,6E,IndiGo,6E 358,2026-10-19,45,economy,,,8771.0,False,12:10,ok,2026-09-04T12:17:55.168261+05:30,2026-09-04_1217IST,airline_direct,IndiGo
DEL,BOM,6E,IndiGo,6E 6983,2026-10-19,45,economy,,,9047.0,False,15:35,ok,2026-09-04T12:17:55.168261+05:30,2026-09-04_1217IST,airline_direct,IndiGo
DEL,BOM,6E,IndiGo,6E 2349,2026-10-19,45,economy,,,9374.0,False,10:55,ok,2026-09-04T12:17:55.168261+05:30,2026-09-04_1217IST,airline_direct,IndiGo
DEL,BOM,6E,IndiGo,6E 882,2026-10-19,45,business,,,26937.0,False,23:15,ok,2026-09-04T12:17:55.168261+05:30,2026-09-04_1217IST,airline_direct,IndiGo
DEL,BOM,6E,IndiGo,6E 882,2026-10-19,45,economy,,,10153.0,False,23:15,ok,2026-09-04T12:17:55.168261+05:30,2026-09-04_1217IST,airline_direct,IndiGo
DEL,BOM,6E,IndiGo,6E 2496,2026-10-19,45,economy,,,10468.0,False,12:40,ok,2026-09-04T12:17:55.168261+05:30,2026-09-04_1217IST,airline_direct,IndiGo
DEL,BOM,6E,IndiGo,6E 704,2026-10-19,45,business,,,29617.0,False,02:25,ok,2026-09-04T12:17:55.168261+05:30,2026-09-04_1217IST,airline_direct,IndiGo
DEL,BOM,6E,IndiGo,6E 704,2026-10-19,45,economy,,,10994.0,False,02:25,ok,2026-09-04T12:17:55.168261+05:30,2026-09-04_1217IST,airline_direct,IndiGo
DEL,BOM,6E,IndiGo,6E 6601,2026-10-19,45,business,,,29617.0,False,19:45,ok,2026-09-04T12:17:55.168261+05:30,2026-09-04_1217IST,airline_direct,IndiGo
DEL,BOM,6E,IndiGo,6E 6601,2026-10-19,45,economy,,,10994.0,False,19:45,ok,2026-09-04T12:17:55.168261+05:30,2026-09-04_1217IST,airline_direct,IndiGo
DEL,BLR,6E,IndiGo,6E 6054,2026-10-19,45,business,,,26048.0,False,01:05,ok,2026-09-04T12:19:09.083719+05:30,2026-09-04_1219IST,airline_direct,IndiGo
DEL,BLR,6E,IndiGo,6E 6054,2026-10-19,45,economy,,,9890.0,False,01:05,ok,2026-09-04T12:19:09.083719+05:30,2026-09-04_1219IST,airline_direct,IndiGo
DEL,BLR,6E,IndiGo,6E 820,2026-10-19,45,business,,,26048.0,False,03:00,ok,2026-09-04T12:19:09.083719+05:30,2026-09-04_1219IST,airline_direct,IndiGo
DEL,BLR,6E,IndiGo,6E 820,2026-10-19,45,economy,,,9890.0,False,03:00,ok,2026-09-04T12:19:09.083719+05:30,2026-09-04_1219IST,airline_direct,IndiGo
DEL,BLR,6E,IndiGo,6E 2314,2026-10-19,45,business,,,26048.0,False,05:45,ok,2026-09-04T12:19:09.083719+05:30,2026-09-04_1219IST,airline_direct,IndiGo
DEL,BLR,6E,IndiGo,6E 2314,2026-10-19,45,economy,,,9890.0,False,05:45,ok,2026-09-04T12:19:09.083719+05:30,2026-09-04_1219IST,airline_direct,IndiGo
DEL,BLR,6E,IndiGo,6E 810,2026-10-19,45,business,,,26048.0,False,07:05,ok,2026-09-04T12:19:09.083719+05:30,2026-09-04_1219IST,airline_direct,IndiGo
DEL,BLR,6E,IndiGo,6E 810,2026-10-19,45,economy,,,9890.0,False,07:05,ok,2026-09-04T12:19:09.083719+05:30,2026-09-04_1219IST,airline_direct,IndiGo
DEL,BLR,6E,IndiGo,6E 873,2026-10-19,45,business,,,26048.0,False,08:20,ok,2026-09-04T12:19:09.083719+05:30,2026-09-04_1219IST,airline_direct,IndiGo
DEL,BLR,6E,IndiGo,6E 873,2026-10-19,45,economy,,,9890.0,False,08:20,ok,2026-09-04T12:19:09.083719+05:30,2026-09-04_1219IST,airline_direct,IndiGo
DEL,BLR,6E,IndiGo,6E 826,2026-10-19,45,business,,,26048.0,False,09:30,ok,2026-09-04T12:19:09.083719+05:30,2026-09-04_1219IST,airline_direct,IndiGo
DEL,BLR,6E,IndiGo,6E 826,2026-10-19,45,economy,,,9890.0,False,09:30,ok,2026-09-04T12:19:09.083719+05:30,2026-09-04_1219IST,airline_direct,IndiGo
DEL,BLR,6E,IndiGo,6E 842,2026-10-19,45,business,,,26048.0,False,10:45,ok,2026-09-04T12:19:09.083719+05:30,2026-09-04_1219IST,airline_direct,IndiGo
DEL,BLR,6E,IndiGo,6E 842,2026-10-19,45,economy,,,9890.0,False,10:45,ok,2026-09-04T12:19:09.083719+05:30,2026-09-04_1219IST,airline_direct,IndiGo
DEL,BLR,6E,IndiGo,6E 850,2026-10-19,45,business,,,26048.0,False,12:15,ok,2026-09-04T12:19:09.083719+05:30,2026-09-04_1219IST,airline_direct,IndiGo
DEL,BLR,6E,IndiGo,6E 850,2026-10-19,45,economy,,,9890.0,False,12:15,ok,2026-09-04T12:19:09.083719+05:30,2026-09-04_1219IST,airline_direct,IndiGo
DEL,BLR,6E,IndiGo,6E 176,2026-10-19,45,business,,,26048.0,False,13:15,ok,2026-09-04T12:19:09.083719+05:30,2026-09-04_1219IST,airline_direct,IndiGo
DEL,BLR,6E,IndiGo,6E 176,2026-10-19,45,economy,,,9890.0,False,13:15,ok,2026-09-04T12:19:09.083719+05:30,2026-09-04_1219IST,airline_direct,IndiGo
DEL,BLR,6E,IndiGo,6E 828,2026-10-19,45,business,,,26048.0,False,14:30,ok,2026-09-04T12:19:09.083719+05:30,2026-09-04_1219IST,airline_direct,IndiGo
DEL,BLR,6E,IndiGo,6E 828,2026-10-19,45,economy,,,9890.0,False,14:30,ok,2026-09-04T12:19:09.083719+05:30,2026-09-04_1219IST,airline_direct,IndiGo
DEL,BLR,6E,IndiGo,6E 880,2026-10-19,45,business,,,26048.0,False,15:45,ok,2026-09-04T12:19:09.083719+05:30,2026-09-04_1219IST,airline_direct,IndiGo
DEL,BLR,6E,IndiGo,6E 880,2026-10-19,45,economy,,,9890.0,False,15:45,ok,2026-09-04T12:19:09.083719+05:30,2026-09-04_1219IST,airline_direct,IndiGo
DEL,BLR,6E,IndiGo,6E 837,2026-10-19,45,business,,,26048.0,False,17:00,ok,2026-09-04T12:19:09.083719+05:30,2026-09-04_1219IST,airline_direct,IndiGo
DEL,BLR,6E,IndiGo,6E 837,2026-10-19,45,economy,,,9890.0,False,17:00,ok,2026-09-04T12:19:09.083719+05:30,2026-09-04_1219IST,airline_direct,IndiGo
DEL,BLR,6E,IndiGo,6E 811,2026-10-19,45,business,,,26048.0,False,18:20,ok,2026-09-04T12:19:09.083719+05:30,2026-09-04_1219IST,airline_direct,IndiGo
DEL,BLR,6E,IndiGo,6E 811,2026-10-19,45,economy,,,9890.0,False,18:20,ok,2026-09-04T12:19:09.083719+05:30,2026-09-04_1219IST,airline_direct,IndiGo
DEL,BLR,6E,IndiGo,6E 861,2026-10-19,45,business,,,26048.0,False,19:30,ok,2026-09-04T12:19:09.083719+05:30,2026-09-04_1219IST,airline_direct,IndiGo
DEL,BLR,6E,IndiGo,6E 861,2026-10-19,45,economy,,,9890.0,False,19:30,ok,2026-09-04T12:19:09.083719+05:30,2026-09-04_1219IST,airline_direct,IndiGo
DEL,BLR,6E,IndiGo,6E 6515,2026-10-19,45,business,,,26048.0,False,20:45,ok,2026-09-04T12:19:09.083719+05:30,2026-09-04_1219IST,airline_direct,IndiGo
DEL,BLR,6E,IndiGo,6E 6515,2026-10-19,45,economy,,,9890.0,False,20:45,ok,2026-09-04T12:19:09.083719+05:30,2026-09-04_1219IST,airline_direct,IndiGo
DEL,BLR,6E,IndiGo,6E 871,2026-10-19,45,business,,,26048.0,False,23:30,ok,2026-09-04T12:19:09.083719+05:30,2026-09-04_1219IST,airline_direct,IndiGo
DEL,BLR,6E,IndiGo,6E 871,2026-10-19,45,economy,,,9890.0,False,23:30,ok,2026-09-04T12:19:09.083719+05:30,2026-09-04_1219IST,airline_direct,IndiGo
DEL,BLR,6E,IndiGo,6E 846,2026-10-19,45,business,,,26048.0,False,22:00,ok,2026-09-04T12:19:09.083719+05:30,2026-09-04_1219IST,airline_direct,IndiGo
DEL,BLR,6E,IndiGo,6E 846,2026-10-19,45,economy,,,10192.0,False,22:00,ok,2026-09-04T12:19:09.083719+05:30,2026-09-04_1219IST,airline_direct,IndiGo
DEL,BLR,6E,IndiGo,6E 6476,2026-10-19,45,economy,,,9370.0,False,07:05,ok,2026-09-04T12:19:09.083719+05:30,2026-09-04_1219IST,airline_direct,IndiGo
DEL,BLR,6E,IndiGo,6E 6026,2026-10-19,45,business,,,25312.0,False,05:30,ok,2026-09-04T12:19:09.083719+05:30,2026-09-04_1219IST,airline_direct,IndiGo
DEL,BLR,6E,IndiGo,6E 6026,2026-10-19,45,economy,,,9946.0,False,05:30,ok,2026-09-04T12:19:09.083719+05:30,2026-09-04_1219IST,airline_direct,IndiGo
DEL,BLR,6E,IndiGo,6E 6293,2026-10-19,45,business,,,24908.0,False,09:55,ok,2026-09-04T12:19:09.083719+05:30,2026-09-04_1219IST,airline_direct,IndiGo
DEL,BLR,6E,IndiGo,6E 6293,2026-10-19,45,economy,,,9946.0,False,09:55,ok,2026-09-04T12:19:09.083719+05:30,2026-09-04_1219IST,airline_direct,IndiGo
DEL,BLR,6E,IndiGo,6E 884,2026-10-19,45,business,,,25312.0,False,11:45,ok,2026-09-04T12:19:09.083719+05:30,2026-09-04_1219IST,airline_direct,IndiGo
DEL,BLR,6E,IndiGo,6E 884,2026-10-19,45,economy,,,9946.0,False,11:45,ok,2026-09-04T12:19:09.083719+05:30,2026-09-04_1219IST,airline_direct,IndiGo
DEL,BLR,6E,IndiGo,6E 6282,2026-10-19,45,business,,,25312.0,False,13:30,ok,2026-09-04T12:19:09.083719+05:30,2026-09-04_1219IST,airline_direct,IndiGo
DEL,BLR,6E,IndiGo,6E 6282,2026-10-19,45,economy,,,9946.0,False,13:30,ok,2026-09-04T12:19:09.083719+05:30,2026-09-04_1219IST,airline_direct,IndiGo
DEL,BLR,6E,IndiGo,6E 6212,2026-10-19,45,business,,,25312.0,False,14:45,ok,2026-09-04T12:19:09.083719+05:30,2026-09-04_1219IST,airline_direct,IndiGo
DEL,BLR,6E,IndiGo,6E 6212,2026-10-19,45,economy,,,9946.0,False,14:45,ok,2026-09-04T12:19:09.083719+05:30,2026-09-04_1219IST,airline_direct,IndiGo
DEL,BLR,6E,IndiGo,6E 758,2026-10-19,45,economy,,,9946.0,False,16:10,ok,2026-09-04T12:19:09.083719+05:30,2026-09-04_1219IST,airline_direct,IndiGo
DEL,BLR,6E,IndiGo,6E 6217,2026-10-19,45,business,,,24542.0,False,16:15,ok,2026-09-04T12:19:09.083719+05:30,2026-09-04_1219IST,airline_direct,IndiGo
DEL,BLR,6E,IndiGo,6E 6217,2026-10-19,45,economy,,,9946.0,False,16:15,ok,2026-09-04T12:19:09.083719+05:30,2026-09-04_1219IST,airline_direct,IndiGo
DEL,BLR,6E,IndiGo,6E 717,2026-10-19,45,business,,,24542.0,False,17:55,ok,2026-09-04T12:19:09.083719+05:30,2026-09-04_1219IST,airline_direct,IndiGo
DEL,BLR,6E,IndiGo,6E 717,2026-10-19,45,economy,,,9946.0,False,17:55,ok,2026-09-04T12:19:09.083719+05:30,2026-09-04_1219IST,airline_direct,IndiGo
DEL,BLR,6E,IndiGo,6E 2343,2026-10-19,45,business,,,27281.0,False,02:20,ok,2026-09-04T12:19:09.083719+05:30,2026-09-04_1219IST,airline_direct,IndiGo
DEL,BLR,6E,IndiGo,6E 2343,2026-10-19,45,economy,,,10077.0,False,02:20,ok,2026-09-04T12:19:09.083719+05:30,2026-09-04_1219IST,airline_direct,IndiGo
DEL,BLR,6E,IndiGo,6E 6569,2026-10-19,45,economy,,,10077.0,False,05:00,ok,2026-09-04T12:19:09.083719+05:30,2026-09-04_1219IST,airline_direct,IndiGo
DEL,BLR,6E,IndiGo,6E 5119,2026-10-19,45,economy,,,10077.0,False,05:10,ok,2026-09-04T12:19:09.083719+05:30,2026-09-04_1219IST,airline_direct,IndiGo
DEL,BLR,6E,IndiGo,6E 6459,2026-10-19,45,economy,,,10077.0,False,05:55,ok,2026-09-04T12:19:09.083719+05:30,2026-09-04_1219IST,airline_direct,IndiGo
DEL,BLR,6E,IndiGo,6E 6488,2026-10-19,45,economy,,,10077.0,False,11:20,ok,2026-09-04T12:19:09.083719+05:30,2026-09-04_1219IST,airline_direct,IndiGo
DEL,BLR,6E,IndiGo,6E 2361,2026-10-19,45,economy,,,10077.0,False,14:35,ok,2026-09-04T12:19:09.083719+05:30,2026-09-04_1219IST,airline_direct,IndiGo
DEL,BLR,6E,IndiGo,6E 990,2026-10-19,45,economy,,,10077.0,False,14:50,ok,2026-09-04T12:19:09.083719+05:30,2026-09-04_1219IST,airline_direct,IndiGo
DEL,BLR,6E,IndiGo,6E 2557,2026-10-19,45,economy,,,10077.0,False,15:20,ok,2026-09-04T12:19:09.083719+05:30,2026-09-04_1219IST,airline_direct,IndiGo
DEL,BLR,6E,IndiGo,6E 864,2026-10-19,45,business,,,34636.0,False,15:30,ok,2026-09-04T12:19:09.083719+05:30,2026-09-04_1219IST,airline_direct,IndiGo
DEL,BLR,6E,IndiGo,6E 864,2026-10-19,45,economy,,,10077.0,False,15:30,ok,2026-09-04T12:19:09.083719+05:30,2026-09-04_1219IST,airline_direct,IndiGo
DEL,BLR,6E,IndiGo,6E 734,2026-10-19,45,economy,,,10077.0,False,16:20,ok,2026-09-04T12:19:09.083719+05:30,2026-09-04_1219IST,airline_direct,IndiGo
DEL,BLR,6E,IndiGo,6E 6437,2026-10-19,45,business,,,26475.0,False,16:25,ok,2026-09-04T12:19:09.083719+05:30,2026-09-04_1219IST,airline_direct,IndiGo
DEL,BLR,6E,IndiGo,6E 6437,2026-10-19,45,economy,,,10077.0,False,16:25,ok,2026-09-04T12:19:09.083719+05:30,2026-09-04_1219IST,airline_direct,IndiGo
DEL,BLR,6E,IndiGo,6E 5073,2026-10-19,45,economy,,,10077.0,False,17:05,ok,2026-09-04T12:19:09.083719+05:30,2026-09-04_1219IST,airline_direct,IndiGo
DEL,BLR,6E,IndiGo,6E 329,2026-10-19,45,business,,,34636.0,False,18:00,ok,2026-09-04T12:19:09.083719+05:30,2026-09-04_1219IST,airline_direct,IndiGo
DEL,BLR,6E,IndiGo,6E 329,2026-10-19,45,economy,,,10077.0,False,18:00,ok,2026-09-04T12:19:09.083719+05:30,2026-09-04_1219IST,airline_direct,IndiGo
DEL,BLR,6E,IndiGo,6E 6179,2026-10-19,45,economy,,,10077.0,False,18:30,ok,2026-09-04T12:19:09.083719+05:30,2026-09-04_1219IST,airline_direct,IndiGo
DEL,BLR,6E,IndiGo,6E 931,2026-10-19,45,economy,,,10077.0,False,19:30,ok,2026-09-04T12:19:09.083719+05:30,2026-09-04_1219IST,airline_direct,IndiGo
DEL,BLR,6E,IndiGo,6E 6673,2026-10-19,45,business,,,27281.0,False,21:15,ok,2026-09-04T12:19:09.083719+05:30,2026-09-04_1219IST,airline_direct,IndiGo
DEL,BLR,6E,IndiGo,6E 6673,2026-10-19,45,economy,,,10077.0,False,21:15,ok,2026-09-04T12:19:09.083719+05:30,2026-09-04_1219IST,airline_direct,IndiGo
DEL,BLR,6E,IndiGo,6E 2618,2026-10-19,45,business,,,26475.0,False,23:00,ok,2026-09-04T12:19:09.083719+05:30,2026-09-04_1219IST,airline_direct,IndiGo
DEL,BLR,6E,IndiGo,6E 2618,2026-10-19,45,economy,,,10077.0,False,23:00,ok,2026-09-04T12:19:09.083719+05:30,2026-09-04_1219IST,airline_direct,IndiGo
DEL,BLR,6E,IndiGo,6E 933,2026-10-19,45,business,,,28318.0,False,02:55,ok,2026-09-04T12:19:09.083719+05:30,2026-09-04_1219IST,airline_direct,IndiGo
DEL,BLR,6E,IndiGo,6E 933,2026-10-19,45,economy,,,10156.0,False,02:55,ok,2026-09-04T12:19:09.083719+05:30,2026-09-04_1219IST,airline_direct,IndiGo
DEL,BLR,6E,IndiGo,6E 2277,2026-10-19,45,business,,,36469.0,False,10:25,ok,2026-09-04T12:19:09.083719+05:30,2026-09-04_1219IST,airline_direct,IndiGo
DEL,BLR,6E,IndiGo,6E 2277,2026-10-19,45,economy,,,10156.0,False,10:25,ok,2026-09-04T12:19:09.083719+05:30,2026-09-04_1219IST,airline_direct,IndiGo
DEL,BLR,6E,IndiGo,6E 358,2026-10-19,45,business,,,35820.0,False,12:10,ok,2026-09-04T12:19:09.083719+05:30,2026-09-04_1219IST,airline_direct,IndiGo
DEL,BLR,6E,IndiGo,6E 358,2026-10-19,45,economy,,,10156.0,False,12:10,ok,2026-09-04T12:19:09.083719+05:30,2026-09-04_1219IST,airline_direct,IndiGo
DEL,BLR,6E,IndiGo,6E 6115,2026-10-19,45,business,,,28318.0,False,13:10,ok,2026-09-04T12:19:09.083719+05:30,2026-09-04_1219IST,airline_direct,IndiGo
DEL,BLR,6E,IndiGo,6E 6115,2026-10-19,45,economy,,,10156.0,False,13:10,ok,2026-09-04T12:19:09.083719+05:30,2026-09-04_1219IST,airline_direct,IndiGo
DEL,BLR,6E,IndiGo,6E 5038,2026-10-19,45,economy,,,10156.0,False,14:00,ok,2026-09-04T12:19:09.083719+05:30,2026-09-04_1219IST,airline_direct,IndiGo
DEL,BLR,6E,IndiGo,6E 6091,2026-10-19,45,business,,,28318.0,False,15:15,ok,2026-09-04T12:19:09.083719+05:30,2026-09-04_1219IST,airline_direct,IndiGo
DEL,BLR,6E,IndiGo,6E 6091,2026-10-19,45,economy,,,10156.0,False,15:15,ok,2026-09-04T12:19:09.083719+05:30,2026-09-04_1219IST,airline_direct,IndiGo
DEL,BLR,6E,IndiGo,6E 5033,2026-10-19,45,economy,,,10156.0,False,15:50,ok,2026-09-04T12:19:09.083719+05:30,2026-09-04_1219IST,airline_direct,IndiGo
DEL,BLR,6E,IndiGo,6E 2150,2026-10-19,45,business,,,35053.0,False,16:55,ok,2026-09-04T12:19:09.083719+05:30,2026-09-04_1219IST,airline_direct,IndiGo
DEL,BLR,6E,IndiGo,6E 2150,2026-10-19,45,economy,,,10156.0,False,16:55,ok,2026-09-04T12:19:09.083719+05:30,2026-09-04_1219IST,airline_direct,IndiGo
DEL,BLR,6E,IndiGo,6E 6456,2026-10-19,45,economy,,,10156.0,False,17:30,ok,2026-09-04T12:19:09.083719+05:30,2026-09-04_1219IST,airline_direct,IndiGo
DEL,BLR,6E,IndiGo,6E 6632,2026-10-19,45,economy,,,10156.0,False,17:50,ok,2026-09-04T12:19:09.083719+05:30,2026-09-04_1219IST,airline_direct,IndiGo
DEL,BLR,6E,IndiGo,6E 950,2026-10-19,45,business,,,28318.0,False,18:15,ok,2026-09-04T12:19:09.083719+05:30,2026-09-04_1219IST,airline_direct,IndiGo
DEL,BLR,6E,IndiGo,6E 950,2026-10-19,45,economy,,,10156.0,False,18:15,ok,2026-09-04T12:19:09.083719+05:30,2026-09-04_1219IST,airline_direct,IndiGo
DEL,BLR,6E,IndiGo,6E 357,2026-10-19,45,business,,,33637.0,False,19:30,ok,2026-09-04T12:19:09.083719+05:30,2026-09-04_1219IST,airline_direct,IndiGo
DEL,BLR,6E,IndiGo,6E 357,2026-10-19,45,economy,,,10156.0,False,19:30,ok,2026-09-04T12:19:09.083719+05:30,2026-09-04_1219IST,airline_direct,IndiGo
DEL,BLR,6E,IndiGo,6E 2769,2026-10-19,45,economy,,,10287.0,False,08:10,ok,2026-09-04T12:19:09.083719+05:30,2026-09-04_1219IST,airline_direct,IndiGo
DEL,BLR,6E,IndiGo,6E 6497,2026-10-19,45,economy,,,10287.0,False,18:40,ok,2026-09-04T12:19:09.083719+05:30,2026-09-04_1219IST,airline_direct,IndiGo
DEL,BLR,6E,IndiGo,6E 2482,2026-10-19,45,economy,,,10287.0,False,19:55,ok,2026-09-04T12:19:09.083719+05:30,2026-09-04_1219IST,airline_direct,IndiGo
DEL,BLR,6E,IndiGo,6E 754,2026-10-19,45,economy,,,10314.0,False,17:10,ok,2026-09-04T12:19:09.083719+05:30,2026-09-04_1219IST,airline_direct,IndiGo
DEL,BLR,6E,IndiGo,6E 704,2026-10-19,45,business,,,24908.0,False,02:25,ok,2026-09-04T12:19:09.083719+05:30,2026-09-04_1219IST,airline_direct,IndiGo
DEL,BLR,6E,IndiGo,6E 704,2026-10-19,45,economy,,,10720.0,False,02:25,ok,2026-09-04T12:19:09.083719+05:30,2026-09-04_1219IST,airline_direct,IndiGo
DEL,BLR,6E,IndiGo,6E 704,2026-10-19,45,business,,,24908.0,False,02:25,ok,2026-09-04T12:19:09.083719+05:30,2026-09-04_1219IST,airline_direct,IndiGo
DEL,BLR,6E,IndiGo,6E 704,2026-10-19,45,economy,,,10720.0,False,02:25,ok,2026-09-04T12:19:09.083719+05:30,2026-09-04_1219IST,airline_direct,IndiGo
DEL,BLR,6E,IndiGo,6E 2349,2026-10-19,45,economy,,,11337.0,False,10:55,ok,2026-09-04T12:19:09.083719+05:30,2026-09-04_1219IST,airline_direct,IndiGo
DEL,BLR,6E,IndiGo,6E 6601,2026-10-19,45,business,,,24908.0,False,19:45,ok,2026-09-04T12:19:09.083719+05:30,2026-09-04_1219IST,airline_direct,IndiGo
DEL,BLR,6E,IndiGo,6E 6601,2026-10-19,45,economy,,,13499.0,False,19:45,ok,2026-09-04T12:19:09.083719+05:30,2026-09-04_1219IST,airline_direct,IndiGo
DEL,BLR,6E,IndiGo,6E 5191,2026-10-19,45,business,,,32815.0,False,05:00,ok,2026-09-04T12:19:09.083719+05:30,2026-09-04_1219IST,airline_direct,IndiGo
DEL,BLR,6E,IndiGo,6E 5191,2026-10-19,45,economy,,,16978.0,False,05:00,ok,2026-09-04T12:19:09.083719+05:30,2026-09-04_1219IST,airline_direct,IndiGo
DEL,BLR,6E,IndiGo,6E 513,2026-10-19,45,business,,,32815.0,False,08:30,ok,2026-09-04T12:19:09.083719+05:30,2026-09-04_1219IST,airline_direct,IndiGo
DEL,BLR,6E,IndiGo,6E 513,2026-10-19,45,economy,,,17646.0,False,08:30,ok,2026-09-04T12:19:09.083719+05:30,2026-09-04_1219IST,airline_direct,IndiGo
BOM,BLR,6E,IndiGo,6E 5323,2026-10-19,45,business,,,18948.0,False,01:10,ok,2026-09-04T12:20:19.026009+05:30,2026-09-04_1220IST,airline_direct,IndiGo
BOM,BLR,6E,IndiGo,6E 5323,2026-10-19,45,economy,,,6747.0,False,01:10,ok,2026-09-04T12:20:19.026009+05:30,2026-09-04_1220IST,airline_direct,IndiGo
BOM,BLR,6E,IndiGo,6E 5294,2026-10-19,45,business,,,18948.0,False,04:30,ok,2026-09-04T12:20:19.026009+05:30,2026-09-04_1220IST,airline_direct,IndiGo
BOM,BLR,6E,IndiGo,6E 5294,2026-10-19,45,economy,,,6747.0,False,04:30,ok,2026-09-04T12:20:19.026009+05:30,2026-09-04_1220IST,airline_direct,IndiGo
BOM,BLR,6E,IndiGo,6E 5296,2026-10-19,45,business,,,18948.0,False,06:15,ok,2026-09-04T12:20:19.026009+05:30,2026-09-04_1220IST,airline_direct,IndiGo
BOM,BLR,6E,IndiGo,6E 5296,2026-10-19,45,economy,,,6747.0,False,06:15,ok,2026-09-04T12:20:19.026009+05:30,2026-09-04_1220IST,airline_direct,IndiGo
BOM,BLR,6E,IndiGo,6E 5193,2026-10-19,45,business,,,18948.0,False,07:45,ok,2026-09-04T12:20:19.026009+05:30,2026-09-04_1220IST,airline_direct,IndiGo
BOM,BLR,6E,IndiGo,6E 5193,2026-10-19,45,economy,,,6747.0,False,07:45,ok,2026-09-04T12:20:19.026009+05:30,2026-09-04_1220IST,airline_direct,IndiGo
BOM,BLR,6E,IndiGo,6E 5217,2026-10-19,45,business,,,18948.0,False,11:00,ok,2026-09-04T12:20:19.026009+05:30,2026-09-04_1220IST,airline_direct,IndiGo
BOM,BLR,6E,IndiGo,6E 5217,2026-10-19,45,economy,,,6747.0,False,11:00,ok,2026-09-04T12:20:19.026009+05:30,2026-09-04_1220IST,airline_direct,IndiGo
BOM,BLR,6E,IndiGo,6E 5184,2026-10-19,45,business,,,18948.0,False,12:30,ok,2026-09-04T12:20:19.026009+05:30,2026-09-04_1220IST,airline_direct,IndiGo
BOM,BLR,6E,IndiGo,6E 5184,2026-10-19,45,economy,,,6747.0,False,12:30,ok,2026-09-04T12:20:19.026009+05:30,2026-09-04_1220IST,airline_direct,IndiGo
BOM,BLR,6E,IndiGo,6E 5382,2026-10-19,45,business,,,18948.0,False,14:30,ok,2026-09-04T12:20:19.026009+05:30,2026-09-04_1220IST,airline_direct,IndiGo
BOM,BLR,6E,IndiGo,6E 5382,2026-10-19,45,economy,,,6747.0,False,14:30,ok,2026-09-04T12:20:19.026009+05:30,2026-09-04_1220IST,airline_direct,IndiGo
BOM,BLR,6E,IndiGo,6E 5032,2026-10-19,45,business,,,18948.0,False,19:50,ok,2026-09-04T12:20:19.026009+05:30,2026-09-04_1220IST,airline_direct,IndiGo
BOM,BLR,6E,IndiGo,6E 5032,2026-10-19,45,economy,,,6747.0,False,19:50,ok,2026-09-04T12:20:19.026009+05:30,2026-09-04_1220IST,airline_direct,IndiGo
BOM,BLR,6E,IndiGo,6E 6188,2026-10-19,45,business,,,18948.0,False,21:30,ok,2026-09-04T12:20:19.026009+05:30,2026-09-04_1220IST,airline_direct,IndiGo
BOM,BLR,6E,IndiGo,6E 6188,2026-10-19,45,economy,,,6747.0,False,21:30,ok,2026-09-04T12:20:19.026009+05:30,2026-09-04_1220IST,airline_direct,IndiGo
BOM,BLR,6E,IndiGo,6E 5388,2026-10-19,45,business,,,18948.0,False,22:20,ok,2026-09-04T12:20:19.026009+05:30,2026-09-04_1220IST,airline_direct,IndiGo
BOM,BLR,6E,IndiGo,6E 5388,2026-10-19,45,economy,,,6747.0,False,22:20,ok,2026-09-04T12:20:19.026009+05:30,2026-09-04_1220IST,airline_direct,IndiGo
BOM,BLR,6E,IndiGo,6E 5092,2026-10-19,45,business,,,18948.0,False,09:50,ok,2026-09-04T12:20:19.026009+05:30,2026-09-04_1220IST,airline_direct,IndiGo
BOM,BLR,6E,IndiGo,6E 5092,2026-10-19,45,economy,,,7377.0,False,09:50,ok,2026-09-04T12:20:19.026009+05:30,2026-09-04_1220IST,airline_direct,IndiGo
BOM,BLR,6E,IndiGo,6E 5221,2026-10-19,45,business,,,18948.0,False,17:00,ok,2026-09-04T12:20:19.026009+05:30,2026-09-04_1220IST,airline_direct,IndiGo
BOM,BLR,6E,IndiGo,6E 5221,2026-10-19,45,economy,,,7377.0,False,17:00,ok,2026-09-04T12:20:19.026009+05:30,2026-09-04_1220IST,airline_direct,IndiGo
BOM,BLR,6E,IndiGo,6E 5047,2026-10-19,45,business,,,18948.0,False,18:30,ok,2026-09-04T12:20:19.026009+05:30,2026-09-04_1220IST,airline_direct,IndiGo
BOM,BLR,6E,IndiGo,6E 5047,2026-10-19,45,economy,,,7377.0,False,18:30,ok,2026-09-04T12:20:19.026009+05:30,2026-09-04_1220IST,airline_direct,IndiGo
BOM,BLR,6E,IndiGo,6E 261,2026-10-19,45,economy,,,7243.0,False,11:20,ok,2026-09-04T12:20:19.026009+05:30,2026-09-04_1220IST,airline_direct,IndiGo
BOM,BLR,6E,IndiGo,6E 261,2026-10-19,45,economy,,,7243.0,False,11:20,ok,2026-09-04T12:20:19.026009+05:30,2026-09-04_1220IST,airline_direct,IndiGo
BOM,BLR,6E,IndiGo,6E 230,2026-10-19,45,economy,,,7243.0,False,13:55,ok,2026-09-04T12:20:19.026009+05:30,2026-09-04_1220IST,airline_direct,IndiGo
BOM,BLR,6E,IndiGo,6E 230,2026-10-19,45,economy,,,7243.0,False,13:55,ok,2026-09-04T12:20:19.026009+05:30,2026-09-04_1220IST,airline_direct,IndiGo
BOM,BLR,6E,IndiGo,6E 5241,2026-10-19,45,economy,,,7243.0,False,16:40,ok,2026-09-04T12:20:19.026009+05:30,2026-09-04_1220IST,airline_direct,IndiGo
BOM,BLR,6E,IndiGo,6E 5241,2026-10-19,45,economy,,,7243.0,False,16:40,ok,2026-09-04T12:20:19.026009+05:30,2026-09-04_1220IST,airline_direct,IndiGo
BOM,BLR,6E,IndiGo,6E 5179,2026-10-19,45,business,,,20036.0,False,02:45,ok,2026-09-04T12:20:19.026009+05:30,2026-09-04_1220IST,airline_direct,IndiGo
BOM,BLR,6E,IndiGo,6E 5179,2026-10-19,45,economy,,,7374.0,False,02:45,ok,2026-09-04T12:20:19.026009+05:30,2026-09-04_1220IST,airline_direct,IndiGo
BOM,BLR,6E,IndiGo,6E 5179,2026-10-19,45,business,,,20036.0,False,02:45,ok,2026-09-04T12:20:19.026009+05:30,2026-09-04_1220IST,airline_direct,IndiGo
BOM,BLR,6E,IndiGo,6E 5179,2026-10-19,45,economy,,,7374.0,False,02:45,ok,2026-09-04T12:20:19.026009+05:30,2026-09-04_1220IST,airline_direct,IndiGo
BOM,BLR,6E,IndiGo,6E 6674,2026-10-19,45,economy,,,7374.0,False,09:05,ok,2026-09-04T12:20:19.026009+05:30,2026-09-04_1220IST,airline_direct,IndiGo
BOM,BLR,6E,IndiGo,6E 6057,2026-10-19,45,economy,,,7374.0,False,09:15,ok,2026-09-04T12:20:19.026009+05:30,2026-09-04_1220IST,airline_direct,IndiGo
BOM,BLR,6E,IndiGo,6E 5318,2026-10-19,45,business,,,20036.0,False,10:15,ok,2026-09-04T12:20:19.026009+05:30,2026-09-04_1220IST,airline_direct,IndiGo
BOM,BLR,6E,IndiGo,6E 5318,2026-10-19,45,economy,,,7374.0,False,10:15,ok,2026-09-04T12:20:19.026009+05:30,2026-09-04_1220IST,airline_direct,IndiGo
BOM,BLR,6E,IndiGo,6E 5178,2026-10-19,45,business,,,20036.0,False,11:45,ok,2026-09-04T12:20:19.026009+05:30,2026-09-04_1220IST,airline_direct,IndiGo
BOM,BLR,6E,IndiGo,6E 5178,2026-10-19,45,economy,,,7374.0,False,11:45,ok,2026-09-04T12:20:19.026009+05:30,2026-09-04_1220IST,airline_direct,IndiGo
BOM,BLR,6E,IndiGo,6E 5178,2026-10-19,45,business,,,20441.0,False,11:45,ok,2026-09-04T12:20:19.026009+05:30,2026-09-04_1220IST,airline_direct,IndiGo
BOM,BLR,6E,IndiGo,6E 5178,2026-10-19,45,economy,,,7374.0,False,11:45,ok,2026-09-04T12:20:19.026009+05:30,2026-09-04_1220IST,airline_direct,IndiGo
BOM,BLR,6E,IndiGo,6E 5386,2026-10-19,45,business,,,20441.0,False,15:10,ok,2026-09-04T12:20:19.026009+05:30,2026-09-04_1220IST,airline_direct,IndiGo
BOM,BLR,6E,IndiGo,6E 5386,2026-10-19,45,economy,,,7374.0,False,15:10,ok,2026-09-04T12:20:19.026009+05:30,2026-09-04_1220IST,airline_direct,IndiGo
BOM,BLR,6E,IndiGo,6E 5386,2026-10-19,45,business,,,20441.0,False,15:10,ok,2026-09-04T12:20:19.026009+05:30,2026-09-04_1220IST,airline_direct,IndiGo
BOM,BLR,6E,IndiGo,6E 5386,2026-10-19,45,economy,,,7374.0,False,15:10,ok,2026-09-04T12:20:19.026009+05:30,2026-09-04_1220IST,airline_direct,IndiGo
BOM,BLR,6E,IndiGo,6E 5386,2026-10-19,45,business,,,19670.0,False,15:10,ok,2026-09-04T12:20:19.026009+05:30,2026-09-04_1220IST,airline_direct,IndiGo
BOM,BLR,6E,IndiGo,6E 5386,2026-10-19,45,economy,,,7374.0,False,15:10,ok,2026-09-04T12:20:19.026009+05:30,2026-09-04_1220IST,airline_direct,IndiGo
BOM,BLR,6E,IndiGo,6E 5228,2026-10-19,45,business,,,19670.0,False,16:45,ok,2026-09-04T12:20:19.026009+05:30,2026-09-04_1220IST,airline_direct,IndiGo
BOM,BLR,6E,IndiGo,6E 5228,2026-10-19,45,economy,,,7374.0,False,16:45,ok,2026-09-04T12:20:19.026009+05:30,2026-09-04_1220IST,airline_direct,IndiGo
BOM,BLR,6E,IndiGo,6E 5228,2026-10-19,45,business,,,19670.0,False,16:45,ok,2026-09-04T12:20:19.026009+05:30,2026-09-04_1220IST,airline_direct,IndiGo
BOM,BLR,6E,IndiGo,6E 5228,2026-10-19,45,economy,,,7374.0,False,16:45,ok,2026-09-04T12:20:19.026009+05:30,2026-09-04_1220IST,airline_direct,IndiGo
BOM,BLR,6E,IndiGo,6E 6549,2026-10-19,45,economy,,,7374.0,False,18:50,ok,2026-09-04T12:20:19.026009+05:30,2026-09-04_1220IST,airline_direct,IndiGo
BOM,BLR,6E,IndiGo,6E 5326,2026-10-19,45,business,,,20036.0,False,19:40,ok,2026-09-04T12:20:19.026009+05:30,2026-09-04_1220IST,airline_direct,IndiGo
BOM,BLR,6E,IndiGo,6E 5326,2026-10-19,45,economy,,,7374.0,False,19:40,ok,2026-09-04T12:20:19.026009+05:30,2026-09-04_1220IST,airline_direct,IndiGo
BOM,BLR,6E,IndiGo,6E 911,2026-10-19,45,economy,,,7584.0,False,01:30,ok,2026-09-04T12:20:19.026009+05:30,2026-09-04_1220IST,airline_direct,IndiGo
BOM,BLR,6E,IndiGo,6E 632,2026-10-19,45,economy,,,7584.0,False,04:00,ok,2026-09-04T12:20:19.026009+05:30,2026-09-04_1220IST,airline_direct,IndiGo
BOM,BLR,6E,IndiGo,6E 136,2026-10-19,45,business,,,24040.0,False,04:05,ok,2026-09-04T12:20:19.026009+05:30,2026-09-04_1220IST,airline_direct,IndiGo
BOM,BLR,6E,IndiGo,6E 136,2026-10-19,45,economy,,,7584.0,False,04:05,ok,2026-09-04T12:20:19.026009+05:30,2026-09-04_1220IST,airline_direct,IndiGo
BOM,BLR,6E,IndiGo,6E 136,2026-10-19,45,business,,,24040.0,False,04:05,ok,2026-09-04T12:20:19.026009+05:30,2026-09-04_1220IST,airline_direct,IndiGo
BOM,BLR,6E,IndiGo,6E 136,2026-10-19,45,economy,,,7584.0,False,04:05,ok,2026-09-04T12:20:19.026009+05:30,2026-09-04_1220IST,airline_direct,IndiGo
BOM,BLR,6E,IndiGo,6E 6701,2026-10-19,45,economy,,,7584.0,False,05:35,ok,2026-09-04T12:20:19.026009+05:30,2026-09-04_1220IST,airline_direct,IndiGo
BOM,BLR,6E,IndiGo,6E 5188,2026-10-19,45,business,,,24040.0,False,06:15,ok,2026-09-04T12:20:19.026009+05:30,2026-09-04_1220IST,airline_direct,IndiGo
BOM,BLR,6E,IndiGo,6E 5188,2026-10-19,45,economy,,,7584.0,False,06:15,ok,2026-09-04T12:20:19.026009+05:30,2026-09-04_1220IST,airline_direct,IndiGo
BOM,BLR,6E,IndiGo,6E 5109,2026-10-19,45,economy,,,7584.0,False,09:35,ok,2026-09-04T12:20:19.026009+05:30,2026-09-04_1220IST,airline_direct,IndiGo
BOM,BLR,6E,IndiGo,6E 5313,2026-10-19,45,business,,,24040.0,False,09:50,ok,2026-09-04T12:20:19.026009+05:30,2026-09-04_1220IST,airline_direct,IndiGo
BOM,BLR,6E,IndiGo,6E 5313,2026-10-19,45,economy,,,7584.0,False,09:50,ok,2026-09-04T12:20:19.026009+05:30,2026-09-04_1220IST,airline_direct,IndiGo
BOM,BLR,6E,IndiGo,6E 6349,2026-10-19,45,business,,,24040.0,False,11:40,ok,2026-09-04T12:20:19.026009+05:30,2026-09-04_1220IST,airline_direct,IndiGo
BOM,BLR,6E,IndiGo,6E 6349,2026-10-19,45,economy,,,7584.0,False,11:40,ok,2026-09-04T12:20:19.026009+05:30,2026-09-04_1220IST,airline_direct,IndiGo
BOM,BLR,6E,IndiGo,6E 6349,2026-10-19,45,business,,,24040.0,False,11:40,ok,2026-09-04T12:20:19.026009+05:30,2026-09-04_1220IST,airline_direct,IndiGo
BOM,BLR,6E,IndiGo,6E 6349,2026-10-19,45,economy,,,7584.0,False,11:40,ok,2026-09-04T12:20:19.026009+05:30,2026-09-04_1220IST,airline_direct,IndiGo
BOM,BLR,6E,IndiGo,6E 2284,2026-10-19,45,economy,,,7584.0,False,12:05,ok,2026-09-04T12:20:19.026009+05:30,2026-09-04_1220IST,airline_direct,IndiGo
BOM,BLR,6E,IndiGo,6E 5196,2026-10-19,45,business,,,24040.0,False,15:25,ok,2026-09-04T12:20:19.026009+05:30,2026-09-04_1220IST,airline_direct,IndiGo
BOM,BLR,6E,IndiGo,6E 5196,2026-10-19,45,economy,,,7584.0,False,15:25,ok,2026-09-04T12:20:19.026009+05:30,2026-09-04_1220IST,airline_direct,IndiGo
BOM,BLR,6E,IndiGo,6E 240,2026-10-19,45,economy,,,7584.0,False,15:45,ok,2026-09-04T12:20:19.026009+05:30,2026-09-04_1220IST,airline_direct,IndiGo
BOM,BLR,6E,IndiGo,6E 437,2026-10-19,45,economy,,,7584.0,False,17:10,ok,2026-09-04T12:20:19.026009+05:30,2026-09-04_1220IST,airline_direct,IndiGo
BOM,BLR,6E,IndiGo,6E 5048,2026-10-19,45,business,,,24040.0,False,17:25,ok,2026-09-04T12:20:19.026009+05:30,2026-09-04_1220IST,airline_direct,IndiGo
BOM,BLR,6E,IndiGo,6E 5048,2026-10-19,45,economy,,,7584.0,False,17:25,ok,2026-09-04T12:20:19.026009+05:30,2026-09-04_1220IST,airline_direct,IndiGo
BOM,BLR,6E,IndiGo,6E 5126,2026-10-19,45,economy,,,7584.0,False,18:15,ok,2026-09-04T12:20:19.026009+05:30,2026-09-04_1220IST,airline_direct,IndiGo
BOM,BLR,6E,IndiGo,6E 2237,2026-10-19,45,economy,,,7584.0,False,18:40,ok,2026-09-04T12:20:19.026009+05:30,2026-09-04_1220IST,airline_direct,IndiGo
BOM,BLR,6E,IndiGo,6E 5107,2026-10-19,45,economy,,,7584.0,False,20:00,ok,2026-09-04T12:20:19.026009+05:30,2026-09-04_1220IST,airline_direct,IndiGo
BOM,BLR,6E,IndiGo,6E 5181,2026-10-19,45,economy,,,7715.0,False,10:25,ok,2026-09-04T12:20:19.026009+05:30,2026-09-04_1220IST,airline_direct,IndiGo
BOM,BLR,6E,IndiGo,6E 6599,2026-10-19,45,economy,,,7715.0,False,16:50,ok,2026-09-04T12:20:19.026009+05:30,2026-09-04_1220IST,airline_direct,IndiGo
BOM,BLR,6E,IndiGo,6E 5273,2026-10-19,45,economy,,,7715.0,False,18:35,ok,2026-09-04T12:20:19.026009+05:30,2026-09-04_1220IST,airline_direct,IndiGo
BOM,BLR,6E,IndiGo,6E 673,2026-10-19,45,economy,,,8126.0,False,12:30,ok,2026-09-04T12:20:19.026009+05:30,2026-09-04_1220IST,airline_direct,IndiGo
BOM,BLR,6E,IndiGo,6E 5337,2026-10-19,45,business,,,24040.0,False,13:45,ok,2026-09-04T12:20:19.026009+05:30,2026-09-04_1220IST,airline_direct,IndiGo
BOM,BLR,6E,IndiGo,6E 5337,2026-10-19,45,economy,,,8126.0,False,13:45,ok,2026-09-04T12:20:19.026009+05:30,2026-09-04_1220IST,airline_direct,IndiGo
BOM,BLR,6E,IndiGo,6E 5337,2026-10-19,45,business,,,24040.0,False,13:45,ok,2026-09-04T12:20:19.026009+05:30,2026-09-04_1220IST,airline_direct,IndiGo
BOM,BLR,6E,IndiGo,6E 5337,2026-10-19,45,economy,,,8126.0,False,13:45,ok,2026-09-04T12:20:19.026009+05:30,2026-09-04_1220IST,airline_direct,IndiGo
BOM,BLR,6E,IndiGo,6E 6361,2026-10-19,45,economy,,,8377.0,False,05:00,ok,2026-09-04T12:20:19.026009+05:30,2026-09-04_1220IST,airline_direct,IndiGo
BOM,BLR,6E,IndiGo,6E 5082,2026-10-19,45,economy,,,8377.0,False,18:05,ok,2026-09-04T12:20:19.026009+05:30,2026-09-04_1220IST,airline_direct,IndiGo
DEL,CCU,6E,IndiGo,6E 5191,2026-10-19,45,business,,,22600.0,False,05:00,ok,2026-09-04T12:21:19.229946+05:30,2026-09-04_1221IST,airline_direct,IndiGo
DEL,CCU,6E,IndiGo,6E 5191,2026-10-19,45,economy,,,8765.0,False,05:00,ok,2026-09-04T12:21:19.229946+05:30,2026-09-04_1221IST,airline_direct,IndiGo
DEL,CCU,6E,IndiGo,6E 389,2026-10-19,45,business,,,22600.0,False,21:50,ok,2026-09-04T12:21:19.229946+05:30,2026-09-04_1221IST,airline_direct,IndiGo
DEL,CCU,6E,IndiGo,6E 389,2026-10-19,45,economy,,,8765.0,False,21:50,ok,2026-09-04T12:21:19.229946+05:30,2026-09-04_1221IST,airline_direct,IndiGo
DEL,CCU,6E,IndiGo,6E 247,2026-10-19,45,business,,,22600.0,False,23:30,ok,2026-09-04T12:21:19.229946+05:30,2026-09-04_1221IST,airline_direct,IndiGo
DEL,CCU,6E,IndiGo,6E 247,2026-10-19,45,economy,,,8765.0,False,23:30,ok,2026-09-04T12:21:19.229946+05:30,2026-09-04_1221IST,airline_direct,IndiGo
DEL,CCU,6E,IndiGo,6E 930,2026-10-19,45,business,,,22600.0,False,02:45,ok,2026-09-04T12:21:19.229946+05:30,2026-09-04_1221IST,airline_direct,IndiGo
DEL,CCU,6E,IndiGo,6E 930,2026-10-19,45,economy,,,9080.0,False,02:45,ok,2026-09-04T12:21:19.229946+05:30,2026-09-04_1221IST,airline_direct,IndiGo
DEL,CCU,6E,IndiGo,6E 340,2026-10-19,45,business,,,22600.0,False,07:20,ok,2026-09-04T12:21:19.229946+05:30,2026-09-04_1221IST,airline_direct,IndiGo
DEL,CCU,6E,IndiGo,6E 340,2026-10-19,45,economy,,,9080.0,False,07:20,ok,2026-09-04T12:21:19.229946+05:30,2026-09-04_1221IST,airline_direct,IndiGo
DEL,CCU,6E,IndiGo,6E 513,2026-10-19,45,business,,,22600.0,False,08:30,ok,2026-09-04T12:21:19.229946+05:30,2026-09-04_1221IST,airline_direct,IndiGo
DEL,CCU,6E,IndiGo,6E 513,2026-10-19,45,economy,,,9080.0,False,08:30,ok,2026-09-04T12:21:19.229946+05:30,2026-09-04_1221IST,airline_direct,IndiGo
DEL,CCU,6E,IndiGo,6E 910,2026-10-19,45,business,,,22600.0,False,14:25,ok,2026-09-04T12:21:19.229946+05:30,2026-09-04_1221IST,airline_direct,IndiGo
DEL,CCU,6E,IndiGo,6E 910,2026-10-19,45,economy,,,9552.0,False,14:25,ok,2026-09-04T12:21:19.229946+05:30,2026-09-04_1221IST,airline_direct,IndiGo
DEL,CCU,6E,IndiGo,6E 6415,2026-10-19,45,business,,,22600.0,False,16:00,ok,2026-09-04T12:21:19.229946+05:30,2026-09-04_1221IST,airline_direct,IndiGo
DEL,CCU,6E,IndiGo,6E 6415,2026-10-19,45,economy,,,9552.0,False,16:00,ok,2026-09-04T12:21:19.229946+05:30,2026-09-04_1221IST,airline_direct,IndiGo
DEL,CCU,6E,IndiGo,6E 2276,2026-10-19,45,business,,,22600.0,False,17:55,ok,2026-09-04T12:21:19.229946+05:30,2026-09-04_1221IST,airline_direct,IndiGo
DEL,CCU,6E,IndiGo,6E 2276,2026-10-19,45,economy,,,9552.0,False,17:55,ok,2026-09-04T12:21:19.229946+05:30,2026-09-04_1221IST,airline_direct,IndiGo
DEL,CCU,6E,IndiGo,6E 6517,2026-10-19,45,business,,,22600.0,False,19:30,ok,2026-09-04T12:21:19.229946+05:30,2026-09-04_1221IST,airline_direct,IndiGo
DEL,CCU,6E,IndiGo,6E 6517,2026-10-19,45,economy,,,9552.0,False,19:30,ok,2026-09-04T12:21:19.229946+05:30,2026-09-04_1221IST,airline_direct,IndiGo
DEL,CCU,6E,IndiGo,6E 894,2026-10-19,45,business,,,22600.0,False,10:15,ok,2026-09-04T12:21:19.229946+05:30,2026-09-04_1221IST,airline_direct,IndiGo
DEL,CCU,6E,IndiGo,6E 894,2026-10-19,45,economy,,,10077.0,False,10:15,ok,2026-09-04T12:21:19.229946+05:30,2026-09-04_1221IST,airline_direct,IndiGo
DEL,CCU,6E,IndiGo,6E 897,2026-10-19,45,business,,,22600.0,False,12:45,ok,2026-09-04T12:21:19.229946+05:30,2026-09-04_1221IST,airline_direct,IndiGo
DEL,CCU,6E,IndiGo,6E 897,2026-10-19,45,economy,,,10077.0,False,12:45,ok,2026-09-04T12:21:19.229946+05:30,2026-09-04_1221IST,airline_direct,IndiGo
DEL,CCU,6E,IndiGo,6E 2267,2026-10-19,45,economy,,,7376.0,False,16:40,ok,2026-09-04T12:21:19.229946+05:30,2026-09-04_1221IST,airline_direct,IndiGo
DEL,CCU,6E,IndiGo,6E 5036,2026-10-19,45,economy,,,7507.0,False,08:00,ok,2026-09-04T12:21:19.229946+05:30,2026-09-04_1221IST,airline_direct,IndiGo
DEL,CCU,6E,IndiGo,6E 734,2026-10-19,45,economy,,,7507.0,False,16:20,ok,2026-09-04T12:21:19.229946+05:30,2026-09-04_1221IST,airline_direct,IndiGo
DEL,CCU,6E,IndiGo,6E 6190,2026-10-19,45,economy,,,7586.0,False,07:40,ok,2026-09-04T12:21:19.229946+05:30,2026-09-04_1221IST,airline_direct,IndiGo
DEL,CCU,6E,IndiGo,6E 6190,2026-10-19,45,economy,,,7586.0,False,07:40,ok,2026-09-04T12:21:19.229946+05:30,2026-09-04_1221IST,airline_direct,IndiGo
DEL,CCU,6E,IndiGo,6E 5298,2026-10-19,45,economy,,,7586.0,False,09:00,ok,2026-09-04T12:21:19.229946+05:30,2026-09-04_1221IST,airline_direct,IndiGo
DEL,CCU,6E,IndiGo,6E 2296,2026-10-19,45,economy,,,7586.0,False,09:20,ok,2026-09-04T12:21:19.229946+05:30,2026-09-04_1221IST,airline_direct,IndiGo
DEL,CCU,6E,IndiGo,6E 6053,2026-10-19,45,economy,,,7586.0,False,13:05,ok,2026-09-04T12:21:19.229946+05:30,2026-09-04_1221IST,airline_direct,IndiGo
DEL,CCU,6E,IndiGo,6E 5033,2026-10-19,45,economy,,,7586.0,False,15:50,ok,2026-09-04T12:21:19.229946+05:30,2026-09-04_1221IST,airline_direct,IndiGo
DEL,CCU,6E,IndiGo,6E 6503,2026-10-19,45,economy,,,7901.0,False,13:25,ok,2026-09-04T12:21:19.229946+05:30,2026-09-04_1221IST,airline_direct,IndiGo
DEL,CCU,6E,IndiGo,6E 704,2026-10-19,45,business,,,28201.0,False,02:25,ok,2026-09-04T12:21:19.229946+05:30,2026-09-04_1221IST,airline_direct,IndiGo
DEL,CCU,6E,IndiGo,6E 704,2026-10-19,45,economy,,,7927.0,False,02:25,ok,2026-09-04T12:21:19.229946+05:30,2026-09-04_1221IST,airline_direct,IndiGo
DEL,CCU,6E,IndiGo,6E 6459,2026-10-19,45,economy,,,8115.0,False,05:55,ok,2026-09-04T12:21:19.229946+05:30,2026-09-04_1221IST,airline_direct,IndiGo
DEL,CCU,6E,IndiGo,6E 6312,2026-10-19,45,economy,,,8115.0,False,14:25,ok,2026-09-04T12:21:19.229946+05:30,2026-09-04_1221IST,airline_direct,IndiGo
DEL,CCU,6E,IndiGo,6E 5119,2026-10-19,45,economy,,,8535.0,False,05:10,ok,2026-09-04T12:21:19.229946+05:30,2026-09-04_1221IST,airline_direct,IndiGo
DEL,CCU,6E,IndiGo,6E 2331,2026-10-19,45,economy,,,8535.0,False,12:20,ok,2026-09-04T12:21:19.229946+05:30,2026-09-04_1221IST,airline_direct,IndiGo
DEL,CCU,6E,IndiGo,6E 5073,2026-10-19,45,economy,,,8535.0,False,17:05,ok,2026-09-04T12:21:19.229946+05:30,2026-09-04_1221IST,airline_direct,IndiGo
DEL,CCU,6E,IndiGo,6E 6371,2026-10-19,45,economy,,,8640.0,False,06:20,ok,2026-09-04T12:21:19.229946+05:30,2026-09-04_1221IST,airline_direct,IndiGo
DEL,CCU,6E,IndiGo,6E 6551,2026-10-19,45,economy,,,8640.0,False,12:00,ok,2026-09-04T12:21:19.229946+05:30,2026-09-04_1221IST,airline_direct,IndiGo
DEL,CCU,6E,IndiGo,6E 6236,2026-10-19,45,economy,,,9130.0,False,16:20,ok,2026-09-04T12:21:19.229946+05:30,2026-09-04_1221IST,airline_direct,IndiGo
DEL,CCU,6E,IndiGo,6E 203,2026-10-19,45,business,,,27847.0,False,07:10,ok,2026-09-04T12:21:19.229946+05:30,2026-09-04_1221IST,airline_direct,IndiGo
DEL,CCU,6E,IndiGo,6E 203,2026-10-19,45,economy,,,9203.0,False,07:10,ok,2026-09-04T12:21:19.229946+05:30,2026-09-04_1221IST,airline_direct,IndiGo
DEL,CCU,6E,IndiGo,6E 705,2026-10-19,45,business,,,27847.0,False,08:30,ok,2026-09-04T12:21:19.229946+05:30,2026-09-04_1221IST,airline_direct,IndiGo
DEL,CCU,6E,IndiGo,6E 705,2026-10-19,45,economy,,,9203.0,False,08:30,ok,2026-09-04T12:21:19.229946+05:30,2026-09-04_1221IST,airline_direct,IndiGo
DEL,CCU,6E,IndiGo,6E 705,2026-10-19,45,business,,,27847.0,False,08:30,ok,2026-09-04T12:21:19.229946+05:30,2026-09-04_1221IST,airline_direct,IndiGo
DEL,CCU,6E,IndiGo,6E 705,2026-10-19,45,economy,,,9203.0,False,08:30,ok,2026-09-04T12:21:19.229946+05:30,2026-09-04_1221IST,airline_direct,IndiGo
DEL,CCU,6E,IndiGo,6E 6293,2026-10-19,45,business,,,27847.0,False,09:55,ok,2026-09-04T12:21:19.229946+05:30,2026-09-04_1221IST,airline_direct,IndiGo
DEL,CCU,6E,IndiGo,6E 6293,2026-10-19,45,economy,,,9203.0,False,09:55,ok,2026-09-04T12:21:19.229946+05:30,2026-09-04_1221IST,airline_direct,IndiGo
DEL,CCU,6E,IndiGo,6E 717,2026-10-19,45,business,,,27139.0,False,17:55,ok,2026-09-04T12:21:19.229946+05:30,2026-09-04_1221IST,airline_direct,IndiGo
DEL,CCU,6E,IndiGo,6E 717,2026-10-19,45,economy,,,9203.0,False,17:55,ok,2026-09-04T12:21:19.229946+05:30,2026-09-04_1221IST,airline_direct,IndiGo
DEL,CCU,6E,IndiGo,6E 6245,2026-10-19,45,economy,,,9288.0,False,06:20,ok,2026-09-04T12:21:19.229946+05:30,2026-09-04_1221IST,airline_direct,IndiGo
DEL,CCU,6E,IndiGo,6E 2769,2026-10-19,45,economy,,,9288.0,False,08:10,ok,2026-09-04T12:21:19.229946+05:30,2026-09-04_1221IST,airline_direct,IndiGo
DEL,CCU,6E,IndiGo,6E 2296,2026-10-19,45,economy,,,9597.0,False,09:20,ok,2026-09-04T12:21:19.229946+05:30,2026-09-04_1221IST,airline_direct,IndiGo
DEL,CCU,6E,IndiGo,6E 2373,2026-10-19,45,economy,,,9647.0,False,11:10,ok,2026-09-04T12:21:19.229946+05:30,2026-09-04_1221IST,airline_direct,IndiGo
DEL,CCU,6E,IndiGo,6E 2453,2026-10-19,45,economy,,,9647.0,False,13:35,ok,2026-09-04T12:21:19.229946+05:30,2026-09-04_1221IST,airline_direct,IndiGo
DEL,CCU,6E,IndiGo,6E 2453,2026-10-19,45,economy,,,9647.0,False,13:35,ok,2026-09-04T12:21:19.229946+05:30,2026-09-04_1221IST,airline_direct,IndiGo
DEL,CCU,6E,IndiGo,6E 2259,2026-10-19,45,economy,,,9763.0,False,12:20,ok,2026-09-04T12:21:19.229946+05:30,2026-09-04_1221IST,airline_direct,IndiGo
DEL,CCU,6E,IndiGo,6E 2614,2026-10-19,45,economy,,,9763.0,False,14:40,ok,2026-09-04T12:21:19.229946+05:30,2026-09-04_1221IST,airline_direct,IndiGo
DEL,CCU,6E,IndiGo,6E 6282,2026-10-19,45,business,,,27493.0,False,13:30,ok,2026-09-04T12:21:19.229946+05:30,2026-09-04_1221IST,airline_direct,IndiGo
DEL,CCU,6E,IndiGo,6E 6282,2026-10-19,45,economy,,,9938.0,False,13:30,ok,2026-09-04T12:21:19.229946+05:30,2026-09-04_1221IST,airline_direct,IndiGo
DEL,CCU,6E,IndiGo,6E 6217,2026-10-19,45,business,,,27139.0,False,16:15,ok,2026-09-04T12:21:19.229946+05:30,2026-09-04_1221IST,airline_direct,IndiGo
DEL,CCU,6E,IndiGo,6E 6217,2026-10-19,45,economy,,,9938.0,False,16:15,ok,2026-09-04T12:21:19.229946+05:30,2026-09-04_1221IST,airline_direct,IndiGo
DEL,CCU,6E,IndiGo,6E 717,2026-10-19,45,business,,,27139.0,False,17:55,ok,2026-09-04T12:21:19.229946+05:30,2026-09-04_1221IST,airline_direct,IndiGo
DEL,CCU,6E,IndiGo,6E 717,2026-10-19,45,economy,,,9938.0,False,17:55,ok,2026-09-04T12:21:19.229946+05:30,2026-09-04_1221IST,airline_direct,IndiGo
DEL,CCU,6E,IndiGo,6E 6073,2026-10-19,45,economy,,,10404.0,False,05:00,ok,2026-09-04T12:21:19.229946+05:30,2026-09-04_1221IST,airline_direct,IndiGo
DEL,CCU,6E,IndiGo,6E 6829,2026-10-19,45,economy,,,10535.0,False,17:20,ok,2026-09-04T12:21:19.229946+05:30,2026-09-04_1221IST,airline_direct,IndiGo
DEL,CCU,6E,IndiGo,6E 5038,2026-10-19,45,economy,,,11291.0,False,14:00,ok,2026-09-04T12:21:19.229946+05:30,2026-09-04_1221IST,airline_direct,IndiGo
DEL,CCU,6E,IndiGo,6E 6124,2026-10-19,45,economy,,,12373.0,False,07:30,ok,2026-09-04T12:21:19.229946+05:30,2026-09-04_1221IST,airline_direct,IndiGo
DEL,CCU,6E,IndiGo,6E 6246,2026-10-19,45,economy,,,13147.0,False,05:25,ok,2026-09-04T12:21:19.229946+05:30,2026-09-04_1221IST,airline_direct,IndiGo
DEL,CCU,6E,IndiGo,6E 2316,2026-10-19,45,economy,,,13417.0,False,17:30,ok,2026-09-04T12:21:19.229946+05:30,2026-09-04_1221IST,airline_direct,IndiGo
DEL,CCU,6E,IndiGo,6E 6378,2026-10-19,45,economy,,,13445.0,False,14:40,ok,2026-09-04T12:21:19.229946+05:30,2026-09-04_1221IST,airline_direct,IndiGo
DEL,CCU,6E,IndiGo,6E 5041,2026-10-19,45,economy,,,13732.0,False,15:10,ok,2026-09-04T12:21:19.229946+05:30,2026-09-04_1221IST,airline_direct,IndiGo
DEL,CCU,6E,IndiGo,6E 5307,2026-10-19,45,economy,,,14625.0,False,10:50,ok,2026-09-04T12:21:19.229946+05:30,2026-09-04_1221IST,airline_direct,IndiGo
DEL,CCU,6E,IndiGo,6E 5307,2026-10-19,45,economy,,,14625.0,False,10:50,ok,2026-09-04T12:21:19.229946+05:30,2026-09-04_1221IST,airline_direct,IndiGo
DEL,CCU,6E,IndiGo,6E 5215,2026-10-19,45,economy,,,14730.0,False,07:40,ok,2026-09-04T12:21:19.229946+05:30,2026-09-04_1221IST,airline_direct,IndiGo
DEL,CCU,6E,IndiGo,6E 5041,2026-10-19,45,economy,,,14887.0,False,15:10,ok,2026-09-04T12:21:19.229946+05:30,2026-09-04_1221IST,airline_direct,IndiGo
DEL,CCU,6E,IndiGo,6E 2361,2026-10-19,45,economy,,,15471.0,False,14:35,ok,2026-09-04T12:21:19.229946+05:30,2026-09-04_1221IST,airline_direct,IndiGo
BLR,HYD,6E,IndiGo,6E 484,2026-10-19,45,economy,,,4235.0,False,08:15,ok,2026-09-04T12:22:25.218364+05:30,2026-09-04_1222IST,airline_direct,IndiGo
BLR,HYD,6E,IndiGo,6E 6178,2026-10-19,45,economy,,,4561.0,False,06:10,ok,2026-09-04T12:22:25.218364+05:30,2026-09-04_1222IST,airline_direct,IndiGo
BLR,HYD,6E,IndiGo,6E 6067,2026-10-19,45,economy,,,4561.0,False,16:30,ok,2026-09-04T12:22:25.218364+05:30,2026-09-04_1222IST,airline_direct,IndiGo
BLR,HYD,6E,IndiGo,6E 6784,2026-10-19,45,economy,,,4561.0,False,21:25,ok,2026-09-04T12:22:25.218364+05:30,2026-09-04_1222IST,airline_direct,IndiGo
BLR,HYD,6E,IndiGo,6E 684,2026-10-19,45,economy,,,4561.0,False,22:30,ok,2026-09-04T12:22:25.218364+05:30,2026-09-04_1222IST,airline_direct,IndiGo
BLR,HYD,6E,IndiGo,6E 312,2026-10-19,45,economy,,,4921.0,False,09:15,ok,2026-09-04T12:22:25.218364+05:30,2026-09-04_1222IST,airline_direct,IndiGo
BLR,HYD,6E,IndiGo,6E 537,2026-10-19,45,economy,,,4921.0,False,10:15,ok,2026-09-04T12:22:25.218364+05:30,2026-09-04_1222IST,airline_direct,IndiGo
BLR,HYD,6E,IndiGo,6E 6404,2026-10-19,45,economy,,,4921.0,False,11:35,ok,2026-09-04T12:22:25.218364+05:30,2026-09-04_1222IST,airline_direct,IndiGo
BLR,HYD,6E,IndiGo,6E 638,2026-10-19,45,economy,,,5756.0,False,18:35,ok,2026-09-04T12:22:25.218364+05:30,2026-09-04_1222IST,airline_direct,IndiGo
BLR,HYD,6E,IndiGo,6E 855,2026-10-19,45,economy,,,6239.0,False,19:45,ok,2026-09-04T12:22:25.218364+05:30,2026-09-04_1222IST,airline_direct,IndiGo
BLR,HYD,6E,IndiGo,6E 7227,2026-10-19,45,economy,,,5331.0,False,06:25,ok,2026-09-04T12:22:25.218364+05:30,2026-09-04_1222IST,airline_direct,IndiGo
BLR,HYD,6E,IndiGo,6E 7737,2026-10-19,45,economy,,,5331.0,False,10:50,ok,2026-09-04T12:22:25.218364+05:30,2026-09-04_1222IST,airline_direct,IndiGo
BLR,HYD,6E,IndiGo,6E 7737,2026-10-19,45,economy,,,5331.0,False,10:50,ok,2026-09-04T12:22:25.218364+05:30,2026-09-04_1222IST,airline_direct,IndiGo
BLR,HYD,6E,IndiGo,6E 7737,2026-10-19,45,economy,,,5331.0,False,10:50,ok,2026-09-04T12:22:25.218364+05:30,2026-09-04_1222IST,airline_direct,IndiGo
BLR,HYD,6E,IndiGo,6E 6563,2026-10-19,45,economy,,,5463.0,False,01:05,ok,2026-09-04T12:22:25.218364+05:30,2026-09-04_1222IST,airline_direct,IndiGo
BLR,HYD,6E,IndiGo,6E 6876,2026-10-19,45,economy,,,5463.0,False,02:40,ok,2026-09-04T12:22:25.218364+05:30,2026-09-04_1222IST,airline_direct,IndiGo
BLR,HYD,6E,IndiGo,6E 7204,2026-10-19,45,economy,,,5463.0,False,06:50,ok,2026-09-04T12:22:25.218364+05:30,2026-09-04_1222IST,airline_direct,IndiGo
BLR,HYD,6E,IndiGo,6E 857,2026-10-19,45,economy,,,5463.0,False,07:05,ok,2026-09-04T12:22:25.218364+05:30,2026-09-04_1222IST,airline_direct,IndiGo
BLR,HYD,6E,IndiGo,6E 857,2026-10-19,45,economy,,,5463.0,False,07:05,ok,2026-09-04T12:22:25.218364+05:30,2026-09-04_1222IST,airline_direct,IndiGo
BLR,HYD,6E,IndiGo,6E 763,2026-10-19,45,economy,,,5463.0,False,07:10,ok,2026-09-04T12:22:25.218364+05:30,2026-09-04_1222IST,airline_direct,IndiGo
BLR,HYD,6E,IndiGo,6E 763,2026-10-19,45,economy,,,5463.0,False,07:10,ok,2026-09-04T12:22:25.218364+05:30,2026-09-04_1222IST,airline_direct,IndiGo
BLR,HYD,6E,IndiGo,6E 6269,2026-10-19,45,economy,,,5463.0,False,07:15,ok,2026-09-04T12:22:25.218364+05:30,2026-09-04_1222IST,airline_direct,IndiGo
BLR,HYD,6E,IndiGo,6E 6269,2026-10-19,45,economy,,,5463.0,False,07:15,ok,2026-09-04T12:22:25.218364+05:30,2026-09-04_1222IST,airline_direct,IndiGo
BLR,HYD,6E,IndiGo,6E 7005,2026-10-19,45,economy,,,5463.0,False,08:05,ok,2026-09-04T12:22:25.218364+05:30,2026-09-04_1222IST,airline_direct,IndiGo
BLR,HYD,6E,IndiGo,6E 904,2026-10-19,45,economy,,,5463.0,False,10:45,ok,2026-09-04T12:22:25.218364+05:30,2026-09-04_1222IST,airline_direct,IndiGo
BLR,HYD,6E,IndiGo,6E 6753,2026-10-19,45,economy,,,5463.0,False,15:15,ok,2026-09-04T12:22:25.218364+05:30,2026-09-04_1222IST,airline_direct,IndiGo
BLR,HYD,6E,IndiGo,6E 6753,2026-10-19,45,economy,,,5463.0,False,15:15,ok,2026-09-04T12:22:25.218364+05:30,2026-09-04_1222IST,airline_direct,IndiGo
BLR,HYD,6E,IndiGo,6E 7223,2026-10-19,45,economy,,,5463.0,False,15:30,ok,2026-09-04T12:22:25.218364+05:30,2026-09-04_1222IST,airline_direct,IndiGo
BLR,HYD,6E,IndiGo,6E 6003,2026-10-19,45,economy,,,5463.0,False,15:35,ok,2026-09-04T12:22:25.218364+05:30,2026-09-04_1222IST,airline_direct,IndiGo
BLR,HYD,6E,IndiGo,6E 356,2026-10-19,45,economy,,,5463.0,False,17:15,ok,2026-09-04T12:22:25.218364+05:30,2026-09-04_1222IST,airline_direct,IndiGo
BLR,HYD,6E,IndiGo,6E 356,2026-10-19,45,economy,,,5463.0,False,17:15,ok,2026-09-04T12:22:25.218364+05:30,2026-09-04_1222IST,airline_direct,IndiGo
BLR,HYD,6E,IndiGo,6E 356,2026-10-19,45,economy,,,5463.0,False,17:15,ok,2026-09-04T12:22:25.218364+05:30,2026-09-04_1222IST,airline_direct,IndiGo
BLR,HYD,6E,IndiGo,6E 6168,2026-10-19,45,economy,,,5463.0,False,17:40,ok,2026-09-04T12:22:25.218364+05:30,2026-09-04_1222IST,airline_direct,IndiGo
BLR,HYD,6E,IndiGo,6E 6168,2026-10-19,45,economy,,,5463.0,False,17:40,ok,2026-09-04T12:22:25.218364+05:30,2026-09-04_1222IST,airline_direct,IndiGo
BLR,HYD,6E,IndiGo,6E 6017,2026-10-19,45,economy,,,5463.0,False,18:15,ok,2026-09-04T12:22:25.218364+05:30,2026-09-04_1222IST,airline_direct,IndiGo
BLR,HYD,6E,IndiGo,6E 6017,2026-10-19,45,economy,,,5463.0,False,18:15,ok,2026-09-04T12:22:25.218364+05:30,2026-09-04_1222IST,airline_direct,IndiGo
BLR,HYD,6E,IndiGo,6E 6162,2026-10-19,45,economy,,,5463.0,False,18:50,ok,2026-09-04T12:22:25.218364+05:30,2026-09-04_1222IST,airline_direct,IndiGo
BLR,HYD,6E,IndiGo,6E 105,2026-10-19,45,economy,,,5463.0,False,18:50,ok,2026-09-04T12:22:25.218364+05:30,2026-09-04_1222IST,airline_direct,IndiGo
BLR,HYD,6E,IndiGo,6E 6554,2026-10-19,45,economy,,,5463.0,False,19:15,ok,2026-09-04T12:22:25.218364+05:30,2026-09-04_1222IST,airline_direct,IndiGo
BLR,HYD,6E,IndiGo,6E 6012,2026-10-19,45,economy,,,5463.0,False,19:30,ok,2026-09-04T12:22:25.218364+05:30,2026-09-04_1222IST,airline_direct,IndiGo
BLR,HYD,6E,IndiGo,6E 6875,2026-10-19,45,economy,,,5463.0,False,19:55,ok,2026-09-04T12:22:25.218364+05:30,2026-09-04_1222IST,airline_direct,IndiGo
BLR,HYD,6E,IndiGo,6E 6077,2026-10-19,45,economy,,,5463.0,False,20:20,ok,2026-09-04T12:22:25.218364+05:30,2026-09-04_1222IST,airline_direct,IndiGo
BLR,HYD,6E,IndiGo,6E 6336,2026-10-19,45,economy,,,5594.0,False,12:40,ok,2026-09-04T12:22:25.218364+05:30,2026-09-04_1222IST,airline_direct,IndiGo
BLR,HYD,6E,IndiGo,6E 6336,2026-10-19,45,economy,,,5594.0,False,12:40,ok,2026-09-04T12:22:25.218364+05:30,2026-09-04_1222IST,airline_direct,IndiGo
BLR,HYD,6E,IndiGo,6E 109,2026-10-19,45,economy,,,5793.0,False,17:00,ok,2026-09-04T12:22:25.218364+05:30,2026-09-04_1222IST,airline_direct,IndiGo
BLR,HYD,6E,IndiGo,6E 6583,2026-10-19,45,economy,,,5925.0,False,10:40,ok,2026-09-04T12:22:25.218364+05:30,2026-09-04_1222IST,airline_direct,IndiGo
BLR,HYD,6E,IndiGo,6E 6653,2026-10-19,45,economy,,,6153.0,False,12:35,ok,2026-09-04T12:22:25.218364+05:30,2026-09-04_1222IST,airline_direct,IndiGo
BLR,HYD,6E,IndiGo,6E 6208,2026-10-19,45,economy,,,6153.0,False,12:45,ok,2026-09-04T12:22:25.218364+05:30,2026-09-04_1222IST,airline_direct,IndiGo
BLR,HYD,6E,IndiGo,6E 6208,2026-10-19,45,economy,,,6153.0,False,12:45,ok,2026-09-04T12:22:25.218364+05:30,2026-09-04_1222IST,airline_direct,IndiGo
BLR,HYD,6E,IndiGo,6E 6104,2026-10-19,45,economy,,,6543.0,False,11:40,ok,2026-09-04T12:22:25.218364+05:30,2026-09-04_1222IST,airline_direct,IndiGo
BLR,HYD,6E,IndiGo,6E 441,2026-10-19,45,economy,,,6543.0,False,20:40,ok,2026-09-04T12:22:25.218364+05:30,2026-09-04_1222IST,airline_direct,IndiGo
BLR,HYD,6E,IndiGo,6E 574,2026-10-19,45,economy,,,6674.0,False,11:05,ok,2026-09-04T12:22:25.218364+05:30,2026-09-04_1222IST,airline_direct,IndiGo
BLR,HYD,6E,IndiGo,6E 6653,2026-10-19,45,economy,,,6969.0,False,12:35,ok,2026-09-04T12:22:25.218364+05:30,2026-09-04_1222IST,airline_direct,IndiGo
BLR,HYD,6E,IndiGo,6E 528,2026-10-19,45,economy,,,7935.0,False,21:40,ok,2026-09-04T12:22:25.218364+05:30,2026-09-04_1222IST,airline_direct,IndiGo
BLR,HYD,6E,IndiGo,6E 116,2026-10-19,45,economy,,,7935.0,False,23:05,ok,2026-09-04T12:22:25.218364+05:30,2026-09-04_1222IST,airline_direct,IndiGo
BLR,HYD,6E,IndiGo,6E 7285,2026-10-19,45,economy,,,9507.0,False,06:50,ok,2026-09-04T12:22:25.218364+05:30,2026-09-04_1222IST,airline_direct,IndiGo
BLR,HYD,6E,IndiGo,6E 7005,2026-10-19,45,economy,,,12950.0,False,08:05,ok,2026-09-04T12:22:25.218364+05:30,2026-09-04_1222IST,airline_direct,IndiGo
BLR,HYD,6E,IndiGo,6E 6445,2026-10-19,45,economy,,,16191.0,False,10:25,ok,2026-09-04T12:22:25.218364+05:30,2026-09-04_1222IST,airline_direct,IndiGo
BLR,HYD,6E,IndiGo,6E 6445,2026-10-19,45,economy,,,17466.0,False,10:25,ok,2026-09-04T12:22:25.218364+05:30,2026-09-04_1222IST,airline_direct,IndiGo
BLR,HYD,6E,IndiGo,6E 703,2026-10-19,45,economy,,,25363.0,False,12:55,ok,2026-09-04T12:22:25.218364+05:30,2026-09-04_1222IST,airline_direct,IndiGo
MAA,DEL,6E,IndiGo,6E 953,2026-10-19,45,business,,,24700.0,False,02:45,ok,2026-09-04T12:23:31.776219+05:30,2026-09-04_1223IST,airline_direct,IndiGo
MAA,DEL,6E,IndiGo,6E 953,2026-10-19,45,economy,,,9830.0,False,02:45,ok,2026-09-04T12:23:31.776219+05:30,2026-09-04_1223IST,airline_direct,IndiGo
MAA,DEL,6E,IndiGo,6E 937,2026-10-19,45,business,,,24700.0,False,06:30,ok,2026-09-04T12:23:31.776219+05:30,2026-09-04_1223IST,airline_direct,IndiGo
MAA,DEL,6E,IndiGo,6E 937,2026-10-19,45,economy,,,9830.0,False,06:30,ok,2026-09-04T12:23:31.776219+05:30,2026-09-04_1223IST,airline_direct,IndiGo
MAA,DEL,6E,IndiGo,6E 404,2026-10-19,45,business,,,24700.0,False,09:15,ok,2026-09-04T12:23:31.776219+05:30,2026-09-04_1223IST,airline_direct,IndiGo
MAA,DEL,6E,IndiGo,6E 404,2026-10-19,45,economy,,,9830.0,False,09:15,ok,2026-09-04T12:23:31.776219+05:30,2026-09-04_1223IST,airline_direct,IndiGo
MAA,DEL,6E,IndiGo,6E 6002,2026-10-19,45,business,,,24700.0,False,11:10,ok,2026-09-04T12:23:31.776219+05:30,2026-09-04_1223IST,airline_direct,IndiGo
MAA,DEL,6E,IndiGo,6E 6002,2026-10-19,45,economy,,,9830.0,False,11:10,ok,2026-09-04T12:23:31.776219+05:30,2026-09-04_1223IST,airline_direct,IndiGo
MAA,DEL,6E,IndiGo,6E 939,2026-10-19,45,business,,,24700.0,False,13:00,ok,2026-09-04T12:23:31.776219+05:30,2026-09-04_1223IST,airline_direct,IndiGo
MAA,DEL,6E,IndiGo,6E 939,2026-10-19,45,economy,,,9830.0,False,13:00,ok,2026-09-04T12:23:31.776219+05:30,2026-09-04_1223IST,airline_direct,IndiGo
MAA,DEL,6E,IndiGo,6E 948,2026-10-19,45,business,,,24700.0,False,14:30,ok,2026-09-04T12:23:31.776219+05:30,2026-09-04_1223IST,airline_direct,IndiGo
MAA,DEL,6E,IndiGo,6E 948,2026-10-19,45,economy,,,9830.0,False,14:30,ok,2026-09-04T12:23:31.776219+05:30,2026-09-04_1223IST,airline_direct,IndiGo
MAA,DEL,6E,IndiGo,6E 698,2026-10-19,45,business,,,24700.0,False,16:45,ok,2026-09-04T12:23:31.776219+05:30,2026-09-04_1223IST,airline_direct,IndiGo
MAA,DEL,6E,IndiGo,6E 698,2026-10-19,45,economy,,,9830.0,False,16:45,ok,2026-09-04T12:23:31.776219+05:30,2026-09-04_1223IST,airline_direct,IndiGo
MAA,DEL,6E,IndiGo,6E 613,2026-10-19,45,business,,,24700.0,False,19:00,ok,2026-09-04T12:23:31.776219+05:30,2026-09-04_1223IST,airline_direct,IndiGo
MAA,DEL,6E,IndiGo,6E 613,2026-10-19,45,economy,,,9830.0,False,19:00,ok,2026-09-04T12:23:31.776219+05:30,2026-09-04_1223IST,airline_direct,IndiGo
MAA,DEL,6E,IndiGo,6E 951,2026-10-19,45,business,,,24700.0,False,21:50,ok,2026-09-04T12:23:31.776219+05:30,2026-09-04_1223IST,airline_direct,IndiGo
MAA,DEL,6E,IndiGo,6E 951,2026-10-19,45,economy,,,9830.0,False,21:50,ok,2026-09-04T12:23:31.776219+05:30,2026-09-04_1223IST,airline_direct,IndiGo
MAA,DEL,6E,IndiGo,6E 2369,2026-10-19,45,business,,,24700.0,False,23:45,ok,2026-09-04T12:23:31.776219+05:30,2026-09-04_1223IST,airline_direct,IndiGo
MAA,DEL,6E,IndiGo,6E 2369,2026-10-19,45,economy,,,9830.0,False,23:45,ok,2026-09-04T12:23:31.776219+05:30,2026-09-04_1223IST,airline_direct,IndiGo
MAA,DEL,6E,IndiGo,6E 6797,2026-10-19,45,economy,,,9568.0,False,13:10,ok,2026-09-04T12:23:31.776219+05:30,2026-09-04_1223IST,airline_direct,IndiGo
MAA,DEL,6E,IndiGo,6E 916,2026-10-19,45,business,,,28061.0,False,01:10,ok,2026-09-04T12:23:31.776219+05:30,2026-09-04_1223IST,airline_direct,IndiGo
MAA,DEL,6E,IndiGo,6E 916,2026-10-19,45,economy,,,9778.0,False,01:10,ok,2026-09-04T12:23:31.776219+05:30,2026-09-04_1223IST,airline_direct,IndiGo
MAA,DEL,6E,IndiGo,6E 253,2026-10-19,45,business,,,28061.0,False,03:10,ok,2026-09-04T12:23:31.776219+05:30,2026-09-04_1223IST,airline_direct,IndiGo
MAA,DEL,6E,IndiGo,6E 253,2026-10-19,45,economy,,,9778.0,False,03:10,ok,2026-09-04T12:23:31.776219+05:30,2026-09-04_1223IST,airline_direct,IndiGo
MAA,DEL,6E,IndiGo,6E 607,2026-10-19,45,business,,,28061.0,False,05:40,ok,2026-09-04T12:23:31.776219+05:30,2026-09-04_1223IST,airline_direct,IndiGo
MAA,DEL,6E,IndiGo,6E 607,2026-10-19,45,economy,,,9778.0,False,05:40,ok,2026-09-04T12:23:31.776219+05:30,2026-09-04_1223IST,airline_direct,IndiGo
MAA,DEL,6E,IndiGo,6E 495,2026-10-19,45,business,,,26457.0,False,07:10,ok,2026-09-04T12:23:31.776219+05:30,2026-09-04_1223IST,airline_direct,IndiGo
MAA,DEL,6E,IndiGo,6E 495,2026-10-19,45,economy,,,9778.0,False,07:10,ok,2026-09-04T12:23:31.776219+05:30,2026-09-04_1223IST,airline_direct,IndiGo
MAA,DEL,6E,IndiGo,6E 834,2026-10-19,45,business,,,26457.0,False,09:05,ok,2026-09-04T12:23:31.776219+05:30,2026-09-04_1223IST,airline_direct,IndiGo
MAA,DEL,6E,IndiGo,6E 834,2026-10-19,45,economy,,,9778.0,False,09:05,ok,2026-09-04T12:23:31.776219+05:30,2026-09-04_1223IST,airline_direct,IndiGo
MAA,DEL,6E,IndiGo,6E 834,2026-10-19,45,business,,,26457.0,False,09:05,ok,2026-09-04T12:23:31.776219+05:30,2026-09-04_1223IST,airline_direct,IndiGo
MAA,DEL,6E,IndiGo,6E 834,2026-10-19,45,economy,,,9778.0,False,09:05,ok,2026-09-04T12:23:31.776219+05:30,2026-09-04_1223IST,airline_direct,IndiGo
MAA,DEL,6E,IndiGo,6E 372,2026-10-19,45,business,,,26398.0,False,09:55,ok,2026-09-04T12:23:31.776219+05:30,2026-09-04_1223IST,airline_direct,IndiGo
MAA,DEL,6E,IndiGo,6E 372,2026-10-19,45,economy,,,9778.0,False,09:55,ok,2026-09-04T12:23:31.776219+05:30,2026-09-04_1223IST,airline_direct,IndiGo
MAA,DEL,6E,IndiGo,6E 502,2026-10-19,45,business,,,28533.0,False,11:10,ok,2026-09-04T12:23:31.776219+05:30,2026-09-04_1223IST,airline_direct,IndiGo
MAA,DEL,6E,IndiGo,6E 502,2026-10-19,45,economy,,,9778.0,False,11:10,ok,2026-09-04T12:23:31.776219+05:30,2026-09-04_1223IST,airline_direct,IndiGo
MAA,DEL,6E,IndiGo,6E 973,2026-10-19,45,business,,,36245.0,False,11:55,ok,2026-09-04T12:23:31.776219+05:30,2026-09-04_1223IST,airline_direct,IndiGo
MAA,DEL,6E,IndiGo,6E 973,2026-10-19,45,economy,,,9778.0,False,11:55,ok,2026-09-04T12:23:31.776219+05:30,2026-09-04_1223IST,airline_direct,IndiGo
MAA,DEL,6E,IndiGo,6E 6925,2026-10-19,45,business,,,26457.0,False,12:00,ok,2026-09-04T12:23:31.776219+05:30,2026-09-04_1223IST,airline_direct,IndiGo
MAA,DEL,6E,IndiGo,6E 6925,2026-10-19,45,economy,,,9778.0,False,12:00,ok,2026-09-04T12:23:31.776219+05:30,2026-09-04_1223IST,airline_direct,IndiGo
MAA,DEL,6E,IndiGo,6E 6158,2026-10-19,45,business,,,27970.0,False,16:10,ok,2026-09-04T12:23:31.776219+05:30,2026-09-04_1223IST,airline_direct,IndiGo
MAA,DEL,6E,IndiGo,6E 6158,2026-10-19,45,economy,,,9778.0,False,16:10,ok,2026-09-04T12:23:31.776219+05:30,2026-09-04_1223IST,airline_direct,IndiGo
MAA,DEL,6E,IndiGo,6E 489,2026-10-19,45,economy,,,9778.0,False,18:15,ok,2026-09-04T12:23:31.776219+05:30,2026-09-04_1223IST,airline_direct,IndiGo
MAA,DEL,6E,IndiGo,6E 562,2026-10-19,45,business,,,27420.0,False,18:20,ok,2026-09-04T12:23:31.776219+05:30,2026-09-04_1223IST,airline_direct,IndiGo
MAA,DEL,6E,IndiGo,6E 562,2026-10-19,45,economy,,,9778.0,False,18:20,ok,2026-09-04T12:23:31.776219+05:30,2026-09-04_1223IST,airline_direct,IndiGo
MAA,DEL,6E,IndiGo,6E 193,2026-10-19,45,business,,,26457.0,False,20:00,ok,2026-09-04T12:23:31.776219+05:30,2026-09-04_1223IST,airline_direct,IndiGo
MAA,DEL,6E,IndiGo,6E 193,2026-10-19,45,economy,,,9778.0,False,20:00,ok,2026-09-04T12:23:31.776219+05:30,2026-09-04_1223IST,airline_direct,IndiGo
MAA,DEL,6E,IndiGo,6E 6487,2026-10-19,45,business,,,26398.0,False,21:25,ok,2026-09-04T12:23:31.776219+05:30,2026-09-04_1223IST,airline_direct,IndiGo
MAA,DEL,6E,IndiGo,6E 6487,2026-10-19,45,economy,,,9778.0,False,21:25,ok,2026-09-04T12:23:31.776219+05:30,2026-09-04_1223IST,airline_direct,IndiGo
MAA,DEL,6E,IndiGo,6E 561,2026-10-19,45,business,,,28061.0,False,22:20,ok,2026-09-04T12:23:31.776219+05:30,2026-09-04_1223IST,airline_direct,IndiGo
MAA,DEL,6E,IndiGo,6E 561,2026-10-19,45,economy,,,9778.0,False,22:20,ok,2026-09-04T12:23:31.776219+05:30,2026-09-04_1223IST,airline_direct,IndiGo
MAA,DEL,6E,IndiGo,6E 341,2026-10-19,45,business,,,26398.0,False,22:35,ok,2026-09-04T12:23:31.776219+05:30,2026-09-04_1223IST,airline_direct,IndiGo
MAA,DEL,6E,IndiGo,6E 341,2026-10-19,45,economy,,,9778.0,False,22:35,ok,2026-09-04T12:23:31.776219+05:30,2026-09-04_1223IST,airline_direct,IndiGo
MAA,DEL,6E,IndiGo,6E 6571,2026-10-19,45,economy,,,9857.0,False,06:15,ok,2026-09-04T12:23:31.776219+05:30,2026-09-04_1223IST,airline_direct,IndiGo
MAA,DEL,6E,IndiGo,6E 6081,2026-10-19,45,business,,,29704.0,False,07:05,ok,2026-09-04T12:23:31.776219+05:30,2026-09-04_1223IST,airline_direct,IndiGo
MAA,DEL,6E,IndiGo,6E 6081,2026-10-19,45,economy,,,9857.0,False,07:05,ok,2026-09-04T12:23:31.776219+05:30,2026-09-04_1223IST,airline_direct,IndiGo
MAA,DEL,6E,IndiGo,6E 6081,2026-10-19,45,business,,,29704.0,False,07:05,ok,2026-09-04T12:23:31.776219+05:30,2026-09-04_1223IST,airline_direct,IndiGo
MAA,DEL,6E,IndiGo,6E 6081,2026-10-19,45,economy,,,9857.0,False,07:05,ok,2026-09-04T12:23:31.776219+05:30,2026-09-04_1223IST,airline_direct,IndiGo
MAA,DEL,6E,IndiGo,6E 6815,2026-10-19,45,business,,,29704.0,False,08:55,ok,2026-09-04T12:23:31.776219+05:30,2026-09-04_1223IST,airline_direct,IndiGo
MAA,DEL,6E,IndiGo,6E 6815,2026-10-19,45,economy,,,9857.0,False,08:55,ok,2026-09-04T12:23:31.776219+05:30,2026-09-04_1223IST,airline_direct,IndiGo
MAA,DEL,6E,IndiGo,6E 6892,2026-10-19,45,business,,,29704.0,False,10:55,ok,2026-09-04T12:23:31.776219+05:30,2026-09-04_1223IST,airline_direct,IndiGo
MAA,DEL,6E,IndiGo,6E 6892,2026-10-19,45,economy,,,9857.0,False,10:55,ok,2026-09-04T12:23:31.776219+05:30,2026-09-04_1223IST,airline_direct,IndiGo
MAA,DEL,6E,IndiGo,6E 6892,2026-10-19,45,business,,,29704.0,False,10:55,ok,2026-09-04T12:23:31.776219+05:30,2026-09-04_1223IST,airline_direct,IndiGo
MAA,DEL,6E,IndiGo,6E 6892,2026-10-19,45,economy,,,9857.0,False,10:55,ok,2026-09-04T12:23:31.776219+05:30,2026-09-04_1223IST,airline_direct,IndiGo
MAA,DEL,6E,IndiGo,6E 6209,2026-10-19,45,business,,,29704.0,False,14:35,ok,2026-09-04T12:23:31.776219+05:30,2026-09-04_1223IST,airline_direct,IndiGo
MAA,DEL,6E,IndiGo,6E 6209,2026-10-19,45,economy,,,9857.0,False,14:35,ok,2026-09-04T12:23:31.776219+05:30,2026-09-04_1223IST,airline_direct,IndiGo
MAA,DEL,6E,IndiGo,6E 6209,2026-10-19,45,business,,,29704.0,False,14:35,ok,2026-09-04T12:23:31.776219+05:30,2026-09-04_1223IST,airline_direct,IndiGo
MAA,DEL,6E,IndiGo,6E 6209,2026-10-19,45,economy,,,9857.0,False,14:35,ok,2026-09-04T12:23:31.776219+05:30,2026-09-04_1223IST,airline_direct,IndiGo
MAA,DEL,6E,IndiGo,6E 847,2026-10-19,45,business,,,29704.0,False,16:15,ok,2026-09-04T12:23:31.776219+05:30,2026-09-04_1223IST,airline_direct,IndiGo
MAA,DEL,6E,IndiGo,6E 847,2026-10-19,45,economy,,,9857.0,False,16:15,ok,2026-09-04T12:23:31.776219+05:30,2026-09-04_1223IST,airline_direct,IndiGo
MAA,DEL,6E,IndiGo,6E 365,2026-10-19,45,business,,,29704.0,False,17:45,ok,2026-09-04T12:23:31.776219+05:30,2026-09-04_1223IST,airline_direct,IndiGo
MAA,DEL,6E,IndiGo,6E 365,2026-10-19,45,economy,,,9857.0,False,17:45,ok,2026-09-04T12:23:31.776219+05:30,2026-09-04_1223IST,airline_direct,IndiGo
MAA,DEL,6E,IndiGo,6E 189,2026-10-19,45,business,,,29704.0,False,19:05,ok,2026-09-04T12:23:31.776219+05:30,2026-09-04_1223IST,airline_direct,IndiGo
MAA,DEL,6E,IndiGo,6E 189,2026-10-19,45,economy,,,9857.0,False,19:05,ok,2026-09-04T12:23:31.776219+05:30,2026-09-04_1223IST,airline_direct,IndiGo
MAA,DEL,6E,IndiGo,6E 6812,2026-10-19,45,economy,,,9857.0,False,20:00,ok,2026-09-04T12:23:31.776219+05:30,2026-09-04_1223IST,airline_direct,IndiGo
MAA,DEL,6E,IndiGo,6E 796,2026-10-19,45,business,,,29704.0,False,22:00,ok,2026-09-04T12:23:31.776219+05:30,2026-09-04_1223IST,airline_direct,IndiGo
MAA,DEL,6E,IndiGo,6E 796,2026-10-19,45,economy,,,9857.0,False,22:00,ok,2026-09-04T12:23:31.776219+05:30,2026-09-04_1223IST,airline_direct,IndiGo
MAA,DEL,6E,IndiGo,6E 6140,2026-10-19,45,business,,,29944.0,False,02:30,ok,2026-09-04T12:23:31.776219+05:30,2026-09-04_1223IST,airline_direct,IndiGo
MAA,DEL,6E,IndiGo,6E 6140,2026-10-19,45,economy,,,9988.0,False,02:30,ok,2026-09-04T12:23:31.776219+05:30,2026-09-04_1223IST,airline_direct,IndiGo
MAA,DEL,6E,IndiGo,6E 5093,2026-10-19,45,business,,,35375.0,False,05:00,ok,2026-09-04T12:23:31.776219+05:30,2026-09-04_1223IST,airline_direct,IndiGo
MAA,DEL,6E,IndiGo,6E 5093,2026-10-19,45,economy,,,9988.0,False,05:00,ok,2026-09-04T12:23:31.776219+05:30,2026-09-04_1223IST,airline_direct,IndiGo
MAA,DEL,6E,IndiGo,6E 6348,2026-10-19,45,business,,,35375.0,False,09:00,ok,2026-09-04T12:23:31.776219+05:30,2026-09-04_1223IST,airline_direct,IndiGo
MAA,DEL,6E,IndiGo,6E 6348,2026-10-19,45,economy,,,9988.0,False,09:00,ok,2026-09-04T12:23:31.776219+05:30,2026-09-04_1223IST,airline_direct,IndiGo
MAA,DEL,6E,IndiGo,6E 6348,2026-10-19,45,business,,,35375.0,False,09:00,ok,2026-09-04T12:23:31.776219+05:30,2026-09-04_1223IST,airline_direct,IndiGo
MAA,DEL,6E,IndiGo,6E 6348,2026-10-19,45,economy,,,9988.0,False,09:00,ok,2026-09-04T12:23:31.776219+05:30,2026-09-04_1223IST,airline_direct,IndiGo
MAA,DEL,6E,IndiGo,6E 5214,2026-10-19,45,business,,,35375.0,False,11:00,ok,2026-09-04T12:23:31.776219+05:30,2026-09-04_1223IST,airline_direct,IndiGo
MAA,DEL,6E,IndiGo,6E 5214,2026-10-19,45,economy,,,9988.0,False,11:00,ok,2026-09-04T12:23:31.776219+05:30,2026-09-04_1223IST,airline_direct,IndiGo
MAA,DEL,6E,IndiGo,6E 5258,2026-10-19,45,business,,,35375.0,False,12:45,ok,2026-09-04T12:23:31.776219+05:30,2026-09-04_1223IST,airline_direct,IndiGo
MAA,DEL,6E,IndiGo,6E 5258,2026-10-19,45,economy,,,9988.0,False,12:45,ok,2026-09-04T12:23:31.776219+05:30,2026-09-04_1223IST,airline_direct,IndiGo
MAA,DEL,6E,IndiGo,6E 5371,2026-10-19,45,business,,,35375.0,False,14:45,ok,2026-09-04T12:23:31.776219+05:30,2026-09-04_1223IST,airline_direct,IndiGo
MAA,DEL,6E,IndiGo,6E 5371,2026-10-19,45,economy,,,9988.0,False,14:45,ok,2026-09-04T12:23:31.776219+05:30,2026-09-04_1223IST,airline_direct,IndiGo
MAA,DEL,6E,IndiGo,6E 6113,2026-10-19,45,economy,,,9988.0,False,17:00,ok,2026-09-04T12:23:31.776219+05:30,2026-09-04_1223IST,airline_direct,IndiGo
MAA,DEL,6E,IndiGo,6E 588,2026-10-19,45,business,,,36481.0,False,17:40,ok,2026-09-04T12:23:31.776219+05:30,2026-09-04_1223IST,airline_direct,IndiGo
MAA,DEL,6E,IndiGo,6E 588,2026-10-19,45,economy,,,9988.0,False,17:40,ok,2026-09-04T12:23:31.776219+05:30,2026-09-04_1223IST,airline_direct,IndiGo
MAA,DEL,6E,IndiGo,6E 5367,2026-10-19,45,business,,,35375.0,False,18:15,ok,2026-09-04T12:23:31.776219+05:30,2026-09-04_1223IST,airline_direct,IndiGo
MAA,DEL,6E,IndiGo,6E 5367,2026-10-19,45,economy,,,9988.0,False,18:15,ok,2026-09-04T12:23:31.776219+05:30,2026-09-04_1223IST,airline_direct,IndiGo
MAA,DEL,6E,IndiGo,6E 597,2026-10-19,45,economy,,,10146.0,False,17:45,ok,2026-09-04T12:23:31.776219+05:30,2026-09-04_1223IST,airline_direct,IndiGo
MAA,DEL,6E,IndiGo,6E 401,2026-10-19,45,economy,,,11366.0,False,08:10,ok,2026-09-04T12:23:31.776219+05:30,2026-09-04_1223IST,airline_direct,IndiGo
MAA,DEL,6E,IndiGo,6E 244,2026-10-19,45,economy,,,12336.0,False,03:55,ok,2026-09-04T12:23:31.776219+05:30,2026-09-04_1223IST,airline_direct,IndiGo
MAA,DEL,6E,IndiGo,6E 6079,2026-10-19,45,economy,,,12336.0,False,10:15,ok,2026-09-04T12:23:31.776219+05:30,2026-09-04_1223IST,airline_direct,IndiGo
MAA,DEL,6E,IndiGo,6E 848,2026-10-19,45,economy,,,12441.0,False,17:50,ok,2026-09-04T12:23:31.776219+05:30,2026-09-04_1223IST,airline_direct,IndiGo
MAA,DEL,6E,IndiGo,6E 539,2026-10-19,45,economy,,,13277.0,False,11:25,ok,2026-09-04T12:23:31.776219+05:30,2026-09-04_1223IST,airline_direct,IndiGo
MAA,DEL,6E,IndiGo,6E 264,2026-10-19,45,economy,,,24299.0,False,23:20,ok,2026-09-04T12:23:31.776219+05:30,2026-09-04_1223IST,airline_direct,IndiGo
MAA,DEL,6E,IndiGo,6E 321,2026-10-19,45,business,,,30096.0,False,08:20,ok,2026-09-04T12:23:31.776219+05:30,2026-09-04_1223IST,airline_direct,IndiGo
MAA,DEL,6E,IndiGo,6E 321,2026-10-19,45,economy,,,28394.0,False,08:20,ok,2026-09-04T12:23:31.776219+05:30,2026-09-04_1223IST,airline_direct,IndiGo
