origin,destination,carrier_code,carrier_name,flight_num,travel_date,advance_purchase_days,fare_class,base_fare,taxes_and_fees,total_fare,fare_split_estimated,departure_time,status,scraped_at,capture_run,source,source_name
DEL,BOM,6E,IndiGo,6E 449,2026-09-05,1,business,,,24260.0,False,05:00,ok,2026-09-04T04:15:07.572842+05:30,2026-09-04_0415IST,airline_direct,IndiGo
DEL,BOM,6E,IndiGo,6E 449,2026-09-05,1,economy,,,6305.0,False,05:00,ok,2026-09-04T04:15:07.572842+05:30,2026-09-04_0415IST,airline_direct,IndiGo
DEL,BOM,6E,IndiGo,6E 6218,2026-09-05,1,business,,,24260.0,False,06:05,ok,2026-09-04T04:15:07.572842+05:30,2026-09-04_0415IST,airline_direct,IndiGo
DEL,BOM,6E,IndiGo,6E 6218,2026-09-05,1,economy,,,6305.0,False,06:05,ok,2026-09-04T04:15:07.572842+05:30,2026-09-04_0415IST,airline_direct,IndiGo
DEL,BOM,6E,IndiGo,6E 6814,2026-09-05,1,business,,,24260.0,False,07:15,ok,2026-09-04T04:15:07.572842+05:30,2026-09-04_0415IST,airline_direct,IndiGo
DEL,BOM,6E,IndiGo,6E 6814,2026-09-05,1,economy,,,6305.0,False,07:15,ok,2026-09-04T04:15:07.572842+05:30,2026-09-04_0415IST,airline_direct,IndiGo
DEL,BOM,6E,IndiGo,6E 320,2026-09-05,1,business,,,28443.0,False,08:00,ok,2026-09-04T04:15:07.572842+05:30,2026-09-04_0415IST,airline_direct,IndiGo
DEL,BOM,6E,IndiGo,6E 320,2026-09-05,1,economy,,,6305.0,False,08:00,ok,2026-09-04T04:15:07.572842+05:30,2026-09-04_0415IST,airline_direct,IndiGo
DEL,BOM,6E,IndiGo,6E 675,2026-09-05,1,business,,,28443.0,False,08:45,ok,2026-09-04T04:15:07.572842+05:30,2026-09-04_0415IST,airline_direct,IndiGo
DEL,BOM,6E,IndiGo,6E 675,2026-09-05,1,economy,,,6305.0,False,08:45,ok,2026-09-04T04:15:07.572842+05:30,2026-09-04_0415IST,airline_direct,IndiGo
DEL,BOM,6E,IndiGo,6E 6107,2026-09-05,1,business,,,24260.0,False,09:30,ok,2026-09-04T04:15:07.572842+05:30,2026-09-04_0415IST,airline_direct,IndiGo
DEL,BOM,6E,IndiGo,6E 6107,2026-09-05,1,economy,,,6305.0,False,09:30,ok,2026-09-04T04:15:07.572842+05:30,2026-09-04_0415IST,airline_direct,IndiGo
DEL,BOM,6E,IndiGo,6E 6328,2026-09-05,1,business,,,24260.0,False,10:15,ok,2026-09-04T04:15:07.572842+05:30,2026-09-04_0415IST,airline_direct,IndiGo
DEL,BOM,6E,IndiGo,6E 6328,2026-09-05,1,economy,,,6305.0,False,10:15,ok,2026-09-04T04:15:07.572842+05:30,2026-09-04_0415IST,airline_direct,IndiGo
DEL,BOM,6E,IndiGo,6E 6047,2026-09-05,1,business,,,24260.0,False,11:00,ok,2026-09-04T04:15:07.572842+05:30,2026-09-04_0415IST,airline_direct,IndiGo
DEL,BOM,6E,IndiGo,6E 6047,2026-09-05,1,economy,,,6305.0,False,11:00,ok,2026-09-04T04:15:07.572842+05:30,2026-09-04_0415IST,airline_direct,IndiGo
DEL,BOM,6E,IndiGo,6E 6676,2026-09-05,1,business,,,28443.0,False,12:00,ok,2026-09-04T04:15:07.572842+05:30,2026-09-04_0415IST,airline_direct,IndiGo
DEL,BOM,6E,IndiGo,6E 6676,2026-09-05,1,economy,,,6305.0,False,12:00,ok,2026-09-04T04:15:07.572842+05:30,2026-09-04_0415IST,airline_direct,IndiGo
DEL,BOM,6E,IndiGo,6E 324,2026-09-05,1,business,,,24260.0,False,13:00,ok,2026-09-04T04:15:07.572842+05:30,2026-09-04_0415IST,airline_direct,IndiGo
DEL,BOM,6E,IndiGo,6E 324,2026-09-05,1,economy,,,6305.0,False,13:00,ok,2026-09-04T04:15:07.572842+05:30,2026-09-04_0415IST,airline_direct,IndiGo
DEL,BOM,6E,IndiGo,6E 6022,2026-09-05,1,business,,,24260.0,False,14:00,ok,2026-09-04T04:15:07.572842+05:30,2026-09-04_0415IST,airline_direct,IndiGo
DEL,BOM,6E,IndiGo,6E 6022,2026-09-05,1,economy,,,6305.0,False,14:00,ok,2026-09-04T04:15:07.572842+05:30,2026-09-04_0415IST,airline_direct,IndiGo
DEL,BOM,6E,IndiGo,6E 6318,2026-09-05,1,business,,,24260.0,False,14:45,ok,2026-09-04T04:15:07.572842+05:30,2026-09-04_0415IST,airline_direct,IndiGo
DEL,BOM,6E,IndiGo,6E 6318,2026-09-05,1,economy,,,6305.0,False,14:45,ok,2026-09-04T04:15:07.572842+05:30,2026-09-04_0415IST,airline_direct,IndiGo
DEL,BOM,6E,IndiGo,6E 864,2026-09-05,1,business,,,24260.0,False,15:30,ok,2026-09-04T04:15:07.572842+05:30,2026-09-04_0415IST,airline_direct,IndiGo
DEL,BOM,6E,IndiGo,6E 864,2026-09-05,1,economy,,,6305.0,False,15:30,ok,2026-09-04T04:15:07.572842+05:30,2026-09-04_0415IST,airline_direct,IndiGo
DEL,BOM,6E,IndiGo,6E 327,2026-09-05,1,business,,,24260.0,False,16:15,ok,2026-09-04T04:15:07.572842+05:30,2026-09-04_0415IST,airline_direct,IndiGo
DEL,BOM,6E,IndiGo,6E 327,2026-09-05,1,economy,,,6305.0,False,16:15,ok,2026-09-04T04:15:07.572842+05:30,2026-09-04_0415IST,airline_direct,IndiGo
DEL,BOM,6E,IndiGo,6E 6706,2026-09-05,1,business,,,24260.0,False,17:00,ok,2026-09-04T04:15:07.572842+05:30,2026-09-04_0415IST,airline_direct,IndiGo
DEL,BOM,6E,IndiGo,6E 6706,2026-09-05,1,economy,,,6305.0,False,17:00,ok,2026-09-04T04:15:07.572842+05:30,2026-09-04_0415IST,airline_direct,IndiGo
DEL,BOM,6E,IndiGo,6E 329,2026-09-05,1,business,,,24260.0,False,18:00,ok,2026-09-04T04:15:07.572842+05:30,2026-09-04_0415IST,airline_direct,IndiGo
DEL,BOM,6E,IndiGo,6E 329,2026-09-05,1,economy,,,6305.0,False,18:00,ok,2026-09-04T04:15:07.572842+05:30,2026-09-04_0415IST,airline_direct,IndiGo
DEL,BOM,6E,IndiGo,6E 354,2026-09-05,1,business,,,24260.0,False,19:00,ok,2026-09-04T04:15:07.572842+05:30,2026-09-04_0415IST,airline_direct,IndiGo
DEL,BOM,6E,IndiGo,6E 354,2026-09-05,1,economy,,,6305.0,False,19:00,ok,2026-09-04T04:15:07.572842+05:30,2026-09-04_0415IST,airline_direct,IndiGo
DEL,BOM,6E,IndiGo,6E 303,2026-09-05,1,business,,,24260.0,False,20:00,ok,2026-09-04T04:15:07.572842+05:30,2026-09-04_0415IST,airline_direct,IndiGo
DEL,BOM,6E,IndiGo,6E 303,2026-09-05,1,economy,,,6305.0,False,20:00,ok,2026-09-04T04:15:07.572842+05:30,2026-09-04_0415IST,airline_direct,IndiGo
DEL,BOM,6E,IndiGo,6E 395,2026-09-05,1,business,,,24260.0,False,21:45,ok,2026-09-04T04:15:07.572842+05:30,2026-09-04_0415IST,airline_direct,IndiGo
DEL,BOM,6E,IndiGo,6E 395,2026-09-05,1,economy,,,6305.0,False,21:45,ok,2026-09-04T04:15:07.572842+05:30,2026-09-04_0415IST,airline_direct,IndiGo
DEL,BOM,6E,IndiGo,6E 6114,2026-09-05,1,business,,,24260.0,False,22:45,ok,2026-09-04T04:15:07.572842+05:30,2026-09-04_0415IST,airline_direct,IndiGo
DEL,BOM,6E,IndiGo,6E 6114,2026-09-05,1,economy,,,6305.0,False,22:45,ok,2026-09-04T04:15:07.572842+05:30,2026-09-04_0415IST,airline_direct,IndiGo
DEL,BOM,6E,IndiGo,6E 322,2026-09-05,1,business,,,24260.0,False,23:30,ok,2026-09-04T04:15:07.572842+05:30,2026-09-04_0415IST,airline_direct,IndiGo
DEL,BOM,6E,IndiGo,6E 322,2026-09-05,1,economy,,,6305.0,False,23:30,ok,2026-09-04T04:15:07.572842+05:30,2026-09-04_0415IST,airline_direct,IndiGo
DEL,BOM,6E,IndiGo,6E 6171,2026-09-05,1,economy,,,6090.0,False,05:40,ok,2026-09-04T04:15:07.572842+05:30,2026-09-04_0415IST,airline_direct,IndiGo
DEL,BOM,6E,IndiGo,6E 2298,2026-09-05,1,economy,,,6090.0,False,09:45,ok,2026-09-04T04:15:07.572842+05:30,2026-09-04_0415IST,airline_direct,IndiGo
DEL,BOM,6E,IndiGo,6E 2331,2026-09-05,1,economy,,,6090.0,False,12:20,ok,2026-09-04T04:15:07.572842+05:30,2026-09-04_0415IST,airline_direct,IndiGo
DEL,BOM,6E,IndiGo,6E 2341,2026-09-05,1,economy,,,6090.0,False,14:50,ok,2026-09-04T04:15:07.572842+05:30,2026-09-04_0415IST,airline_direct,IndiGo
DEL,BOM,6E,IndiGo,6E 6983,2026-09-05,1,economy,,,6090.0,False,15:35,ok,2026-09-04T04:15:07.572842+05:30,2026-09-04_0415IST,airline_direct,IndiGo
DEL,BOM,6E,IndiGo,6E 5073,2026-09-05,1,economy,,,6090.0,False,17:05,ok,2026-09-04T04:15:07.572842+05:30,2026-09-04_0415IST,airline_direct,IndiGo
DEL,BOM,6E,IndiGo,6E 5073,2026-09-05,1,economy,,,6090.0,False,17:05,ok,2026-09-04T04:15:07.572842+05:30,2026-09-04_0415IST,airline_direct,IndiGo
DEL,BOM,6E,IndiGo,6E 5014,2026-09-05,1,economy,,,6090.0,False,18:30,ok,2026-09-04T04:15:07.572842+05:30,2026-09-04_0415IST,airline_direct,IndiGo
DEL,BOM,6E,IndiGo,6E 2013,2026-09-05,1,economy,,,6090.0,False,21:50,ok,2026-09-04T04:15:07.572842+05:30,2026-09-04_0415IST,airline_direct,IndiGo
DEL,BOM,6E,IndiGo,6E 6459,2026-09-05,1,economy,,,6222.0,False,05:55,ok,2026-09-04T04:15:07.572842+05:30,2026-09-04_0415IST,airline_direct,IndiGo
DEL,BOM,6E,IndiGo,6E 6443,2026-09-05,1,economy,,,6222.0,False,09:00,ok,2026-09-04T04:15:07.572842+05:30,2026-09-04_0415IST,airline_direct,IndiGo
DEL,BOM,6E,IndiGo,6E 5138,2026-09-05,1,economy,,,6222.0,False,19:10,ok,2026-09-04T04:15:07.572842+05:30,2026-09-04_0415IST,airline_direct,IndiGo
DEL,BOM,6E,IndiGo,6E 6050,2026-09-05,1,economy,,,6300.0,False,08:15,ok,2026-09-04T04:15:07.572842+05:30,2026-09-04_0415IST,airline_direct,IndiGo
DEL,BOM,6E,IndiGo,6E 2319,2026-09-05,1,economy,,,6300.0,False,09:55,ok,2026-09-04T04:15:07.572842+05:30,2026-09-04_0415IST,airline_direct,IndiGo
DEL,BOM,6E,IndiGo,6E 2147,2026-09-05,1,economy,,,6300.0,False,11:10,ok,2026-09-04T04:15:07.572842+05:30,2026-09-04_0415IST,airline_direct,IndiGo
DEL,BOM,6E,IndiGo,6E 5206,2026-09-05,1,economy,,,6300.0,False,13:20,ok,2026-09-04T04:15:07.572842+05:30,2026-09-04_0415IST,airline_direct,IndiGo
DEL,BOM,6E,IndiGo,6E 5038,2026-09-05,1,economy,,,6300.0,False,14:00,ok,2026-09-04T04:15:07.572842+05:30,2026-09-04_0415IST,airline_direct,IndiGo
DEL,BOM,6E,IndiGo,6E 2151,2026-09-05,1,economy,,,6300.0,False,19:45,ok,2026-09-04T04:15:07.572842+05:30,2026-09-04_0415IST,airline_direct,IndiGo
DEL,BOM,6E,IndiGo,6E 6479,2026-09-05,1,economy,,,6300.0,False,21:25,ok,2026-09-04T04:15:07.572842+05:30,2026-09-04_0415IST,airline_direct,IndiGo
DEL,BOM,6E,IndiGo,6E 705,2026-09-05,1,business,,,38630.0,False,08:30,ok,2026-09-04T04:15:07.572842+05:30,2026-09-04_0415IST,airline_direct,IndiGo
DEL,BOM,6E,IndiGo,6E 705,2026-09-05,1,economy,,,6432.0,False,08:30,ok,2026-09-04T04:15:07.572842+05:30,2026-09-04_0415IST,airline_direct,IndiGo
DEL,BOM,6E,IndiGo,6E 6293,2026-09-05,1,business,,,36166.0,False,09:55,ok,2026-09-04T04:15:07.572842+05:30,2026-09-04_0415IST,airline_direct,IndiGo
DEL,BOM,6E,IndiGo,6E 6293,2026-09-05,1,economy,,,6432.0,False,09:55,ok,2026-09-04T04:15:07.572842+05:30,2026-09-04_0415IST,airline_direct,IndiGo
DEL,BOM,6E,IndiGo,6E 6497,2026-09-05,1,economy,,,6432.0,False,18:40,ok,2026-09-04T04:15:07.572842+05:30,2026-09-04_0415IST,airline_direct,IndiGo
DEL,BOM,6E,IndiGo,6E 6601,2026-09-05,1,business,,,36166.0,False,19:45,ok,2026-09-04T04:15:07.572842+05:30,2026-09-04_0415IST,airline_direct,IndiGo
DEL,BOM,6E,IndiGo,6E 6601,2026-09-05,1,economy,,,6432.0,False,19:45,ok,2026-09-04T04:15:07.572842+05:30,2026-09-04_0415IST,airline_direct,IndiGo
DEL,BOM,6E,IndiGo,6E 882,2026-09-05,1,business,,,29592.0,False,23:15,ok,2026-09-04T04:15:07.572842+05:30,2026-09-04_0415IST,airline_direct,IndiGo
DEL,BOM,6E,IndiGo,6E 882,2026-09-05,1,economy,,,6432.0,False,23:15,ok,2026-09-04T04:15:07.572842+05:30,2026-09-04_0415IST,airline_direct,IndiGo
DEL,BOM,6E,IndiGo,6E 5033,2026-09-05,1,economy,,,7080.0,False,15:50,ok,2026-09-04T04:15:07.572842+05:30,2026-09-04_0415IST,airline_direct,IndiGo
DEL,BOM,6E,IndiGo,6E 6829,2026-09-05,1,economy,,,7212.0,False,17:20,ok,2026-09-04T04:15:07.572842+05:30,2026-09-04_0415IST,airline_direct,IndiGo
DEL,BOM,6E,IndiGo,6E 704,2026-09-05,1,business,,,38630.0,False,02:25,ok,2026-09-04T04:15:07.572842+05:30,2026-09-04_0415IST,airline_direct,IndiGo
DEL,BOM,6E,IndiGo,6E 704,2026-09-05,1,economy,,,7422.0,False,02:25,ok,2026-09-04T04:15:07.572842+05:30,2026-09-04_0415IST,airline_direct,IndiGo
DEL,BOM,6E,IndiGo,6E 6433,2026-09-05,1,economy,,,7781.0,False,16:30,ok,2026-09-04T04:15:07.572842+05:30,2026-09-04_0415IST,airline_direct,IndiGo
DEL,BOM,6E,IndiGo,6E 6829,2026-09-05,1,economy,,,7781.0,False,17:20,ok,2026-09-04T04:15:07.572842+05:30,2026-09-04_0415IST,airline_direct,IndiGo
DEL,BOM,6E,IndiGo,6E 5298,2026-09-05,1,economy,,,7860.0,False,09:00,ok,2026-09-04T04:15:07.572842+05:30,2026-09-04_0415IST,airline_direct,IndiGo
DEL,BOM,6E,IndiGo,6E 758,2026-09-05,1,economy,,,8486.0,False,16:10,ok,2026-09-04T04:15:07.572842+05:30,2026-09-04_0415IST,airline_direct,IndiGo
DEL,BOM,6E,IndiGo,6E 6282,2026-09-05,1,business,,,36166.0,False,13:30,ok,2026-09-04T04:15:07.572842+05:30,2026-09-04_0415IST,airline_direct,IndiGo
DEL,BOM,6E,IndiGo,6E 6282,2026-09-05,1,economy,,,8618.0,False,13:30,ok,2026-09-04T04:15:07.572842+05:30,2026-09-04_0415IST,airline_direct,IndiGo
DEL,BOM,6E,IndiGo,6E 2381,2026-09-05,1,economy,,,8618.0,False,13:45,ok,2026-09-04T04:15:07.572842+05:30,2026-09-04_0415IST,airline_direct,IndiGo
DEL,BOM,6E,IndiGo,6E 357,2026-09-05,1,economy,,,8696.0,False,19:30,ok,2026-09-04T04:15:07.572842+05:30,2026-09-04_0415IST,airline_direct,IndiGo
DEL,BOM,6E,IndiGo,6E 2496,2026-09-05,1,economy,,,8933.0,False,12:40,ok,2026-09-04T04:15:07.572842+05:30,2026-09-04_0415IST,airline_direct,IndiGo
DEL,BOM,6E,IndiGo,6E 358,2026-09-05,1,economy,,,9384.0,False,12:15,ok,2026-09-04T04:15:07.572842+05:30,2026-09-04_0415IST,airline_direct,IndiGo
DEL,BOM,6E,IndiGo,6E 6261,2026-09-05,1,economy,,,10668.0,False,00:15,ok,2026-09-04T04:15:07.572842+05:30,2026-09-04_0415IST,airline_direct,IndiGo
DEL,BOM,6E,IndiGo,6E 2249,2026-09-05,1,economy,,,10685.0,False,15:00,ok,2026-09-04T04:15:07.572842+05:30,2026-09-04_0415IST,airline_direct,IndiGo
DEL,BOM,6E,IndiGo,6E 931,2026-09-05,1,economy,,,12473.0,False,19:35,ok,2026-09-04T04:15:07.572842+05:30,2026-09-04_0415IST,airline_direct,IndiGo
DEL,BOM,6E,IndiGo,6E 6488,2026-09-05,1,economy,,,12605.0,False,11:20,ok,2026-09-04T04:15:07.572842+05:30,2026-09-04_0415IST,airline_direct,IndiGo
DEL,BOM,6E,IndiGo,6E 5119,2026-09-05,1,economy,,,12609.0,False,05:10,ok,2026-09-04T04:15:07.572842+05:30,2026-09-04_0415IST,airline_direct,IndiGo
DEL,BOM,6E,IndiGo,6E 2169,2026-09-05,1,economy,,,13030.0,False,19:40,ok,2026-09-04T04:15:07.572842+05:30,2026-09-04_0415IST,airline_direct,IndiGo
DEL,BOM,6E,IndiGo,6E 5119,2026-09-05,1,economy,,,13579.0,False,05:10,ok,2026-09-04T04:15:07.572842+05:30,2026-09-04_0415IST,airline_direct,IndiGo
DEL,BOM,6E,IndiGo,6E 2076,2026-09-05,1,economy,,,13579.0,False,07:30,ok,2026-09-04T04:15:07.572842+05:30,2026-09-04_0415IST,airline_direct,IndiGo
DEL,BOM,6E,IndiGo,6E 449,2026-09-05,1,business,,,24260.0,False,05:00,ok,2026-09-04T04:15:38.416589+05:30,2026-09-04_0415IST,airline_direct,IndiGo
DEL,BOM,6E,IndiGo,6E 449,2026-09-05,1,economy,,,6305.0,False,05:00,ok,2026-09-04T04:15:38.416589+05:30,2026-09-04_0415IST,airline_direct,IndiGo
DEL,BOM,6E,IndiGo,6E 6218,2026-09-05,1,business,,,24260.0,False,06:05,ok,2026-09-04T04:15:38.416589+05:30,2026-09-04_0415IST,airline_direct,IndiGo
DEL,BOM,6E,IndiGo,6E 6218,2026-09-05,1,economy,,,6305.0,False,06:05,ok,2026-09-04T04:15:38.416589+05:30,2026-09-04_0415IST,airline_direct,IndiGo
DEL,BOM,6E,IndiGo,6E 6814,2026-09-05,1,business,,,24260.0,False,07:15,ok,2026-09-04T04:15:38.416589+05:30,2026-09-04_0415IST,airline_direct,IndiGo
DEL,BOM,6E,IndiGo,6E 6814,2026-09-05,1,economy,,,6305.0,False,07:15,ok,2026-09-04T04:15:38.416589+05:30,2026-09-04_0415IST,airline_direct,IndiGo
DEL,BOM,6E,IndiGo,6E 320,2026-09-05,1,business,,,28443.0,False,08:00,ok,2026-09-04T04:15:38.416589+05:30,2026-09-04_0415IST,airline_direct,IndiGo
DEL,BOM,6E,IndiGo,6E 320,2026-09-05,1,economy,,,6305.0,False,08:00,ok,2026-09-04T04:15:38.416589+05:30,2026-09-04_0415IST,airline_direct,IndiGo
DEL,BOM,6E,IndiGo,6E 675,2026-09-05,1,business,,,28443.0,False,08:45,ok,2026-09-04T04:15:38.416589+05:30,2026-09-04_0415IST,airline_direct,IndiGo
DEL,BOM,6E,IndiGo,6E 675,2026-09-05,1,economy,,,6305.0,False,08:45,ok,2026-09-04T04:15:38.416589+05:30,2026-09-04_0415IST,airline_direct,IndiGo
DEL,BOM,6E,IndiGo,6E 6107,2026-09-05,1,business,,,24260.0,False,09:30,ok,2026-09-04T04:15:38.416589+05:30,2026-09-04_0415IST,airline_direct,IndiGo
DEL,BOM,6E,IndiGo,6E 6107,2026-09-05,1,economy,,,6305.0,False,09:30,ok,2026-09-04T04:15:38.416589+05:30,2026-09-04_0415IST,airline_direct,IndiGo
DEL,BOM,6E,IndiGo,6E 6328,2026-09-05,1,business,,,24260.0,False,10:15,ok,2026-09-04T04:15:38.416589+05:30,2026-09-04_0415IST,airline_direct,IndiGo
DEL,BOM,6E,IndiGo,6E 6328,2026-09-05,1,economy,,,6305.0,False,10:15,ok,2026-09-04T04:15:38.416589+05:30,2026-09-04_0415IST,airline_direct,IndiGo
DEL,BOM,6E,IndiGo,6E 6047,2026-09-05,1,business,,,24260.0,False,11:00,ok,2026-09-04T04:15:38.416589+05:30,2026-09-04_0415IST,airline_direct,IndiGo
DEL,BOM,6E,IndiGo,6E 6047,2026-09-05,1,economy,,,6305.0,False,11:00,ok,2026-09-04T04:15:38.416589+05:30,2026-09-04_0415IST,airline_direct,IndiGo
DEL,BOM,6E,IndiGo,6E 6676,2026-09-05,1,business,,,28443.0,False,12:00,ok,2026-09-04T04:15:38.416589+05:30,2026-09-04_0415IST,airline_direct,IndiGo
DEL,BOM,6E,IndiGo,6E 6676,2026-09-05,1,economy,,,6305.0,False,12:00,ok,2026-09-04T04:15:38.416589+05:30,2026-09-04_0415IST,airline_direct,IndiGo
DEL,BOM,6E,IndiGo,6E 324,2026-09-05,1,business,,,24260.0,False,13:00,ok,2026-09-04T04:15:38.416589+05:30,2026-09-04_0415IST,airline_direct,IndiGo
DEL,BOM,6E,IndiGo,6E 324,2026-09-05,1,economy,,,6305.0,False,13:00,ok,2026-09-04T04:15:38.416589+05:30,2026-09-04_0415IST,airline_direct,IndiGo
DEL,BOM,6E,IndiGo,6E 6022,2026-09-05,1,business,,,24260.0,False,14:00,ok,2026-09-04T04:15:38.416589+05:30,2026-09-04_0415IST,airline_direct,IndiGo
DEL,BOM,6E,IndiGo,6E 6022,2026-09-05,1,economy,,,6305.0,False,14:00,ok,2026-09-04T04:15:38.416589+05:30,2026-09-04_0415IST,airline_direct,IndiGo
DEL,BOM,6E,IndiGo,6E 6318,2026-09-05,1,business,,,24260.0,False,14:45,ok,2026-09-04T04:15:38.416589+05:30,2026-09-04_0415IST,airline_direct,IndiGo
DEL,BOM,6E,IndiGo,6E 6318,2026-09-05,1,economy,,,6305.0,False,14:45,ok,2026-09-04T04:15:38.416589+05:30,2026-09-04_0415IST,airline_direct,IndiGo
DEL,BOM,6E,IndiGo,6E 864,2026-09-05,1,business,,,24260.0,False,15:30,ok,2026-09-04T04:15:38.416589+05:30,2026-09-04_0415IST,airline_direct,IndiGo
DEL,BOM,6E,IndiGo,6E 864,2026-09-05,1,economy,,,6305.0,False,15:30,ok,2026-09-04T04:15:38.416589+05:30,2026-09-04_0415IST,airline_direct,IndiGo
DEL,BOM,6E,IndiGo,6E 327,2026-09-05,1,business,,,24260.0,False,16:15,ok,2026-09-04T04:15:38.416589+05:30,2026-09-04_0415IST,airline_direct,IndiGo
DEL,BOM,6E,IndiGo,6E 327,2026-09-05,1,economy,,,6305.0,False,16:15,ok,2026-09-04T04:15:38.416589+05:30,2026-09-04_0415IST,airline_direct,IndiGo
DEL,BOM,6E,IndiGo,6E 6706,2026-09-05,1,business,,,24260.0,False,17:00,ok,2026-09-04T04:15:38.416589+05:30,2026-09-04_0415IST,airline_direct,IndiGo
DEL,BOM,6E,IndiGo,6E 6706,2026-09-05,1,economy,,,6305.0,False,17:00,ok,2026-09-04T04:15:38.416589+05:30,2026-09-04_0415IST,airline_direct,IndiGo
DEL,BOM,6E,IndiGo,6E 329,2026-09-05,1,business,,,24260.0,False,18:00,ok,2026-09-04T04:15:38.416589+05:30,2026-09-04_0415IST,airline_direct,IndiGo
DEL,BOM,6E,IndiGo,6E 329,2026-09-05,1,economy,,,6305.0,False,18:00,ok,2026-09-04T04:15:38.416589+05:30,2026-09-04_0415IST,airline_direct,IndiGo
DEL,BOM,6E,IndiGo,6E 354,2026-09-05,1,business,,,24260.0,False,19:00,ok,2026-09-04T04:15:38.416589+05:30,2026-09-04_0415IST,airline_direct,IndiGo
DEL,BOM,6E,IndiGo,6E 354,2026-09-05,1,economy,,,6305.0,False,19:00,ok,2026-09-04T04:15:38.416589+05:30,2026-09-04_0415IST,airline_direct,IndiGo
DEL,BOM,6E,IndiGo,6E 303,2026-09-05,1,business,,,24260.0,False,20:00,ok,2026-09-04T04:15:38.416589+05:30,2026-09-04_0415IST,airline_direct,IndiGo
DEL,BOM,6E,IndiGo,6E 303,2026-09-05,1,economy,,,6305.0,False,20:00,ok,2026-09-04T04:15:38.416589+05:30,2026-09-04_0415IST,airline_direct,IndiGo
DEL,BOM,6E,IndiGo,6E 395,2026-09-05,1,business,,,24260.0,False,21:45,ok,2026-09-04T04:15:38.416589+05:30,2026-09-04_0415IST,airline_direct,IndiGo
DEL,BOM,6E,IndiGo,6E 395,2026-09-05,1,economy,,,6305.0,False,21:45,ok,2026-09-04T04:15:38.416589+05:30,2026-09-04_0415IST,airline_direct,IndiGo
DEL,BOM,6E,IndiGo,6E 6114,2026-09-05,1,business,,,24260.0,False,22:45,ok,2026-09-04T04:15:38.416589+05:30,2026-09-04_0415IST,airline_direct,IndiGo
DEL,BOM,6E,IndiGo,6E 6114,2026-09-05,1,economy,,,6305.0,False,22:45,ok,2026-09-04T04:15:38.416589+05:30,2026-09-04_0415IST,airline_direct,IndiGo
DEL,BOM,6E,IndiGo,6E 322,2026-09-05,1,business,,,24260.0,False,23:30,ok,2026-09-04T04:15:38.416589+05:30,2026-09-04_0415IST,airline_direct,IndiGo
DEL,BOM,6E,IndiGo,6E 322,2026-09-05,1,economy,,,6305.0,False,23:30,ok,2026-09-04T04:15:38.416589+05:30,2026-09-04_0415IST,airline_direct,IndiGo
DEL,BOM,6E,IndiGo,6E 6171,2026-09-05,1,economy,,,6090.0,False,05:40,ok,2026-09-04T04:15:38.416589+05:30,2026-09-04_0415IST,airline_direct,IndiGo
DEL,BOM,6E,IndiGo,6E 2298,2026-09-05,1,economy,,,6090.0,False,09:45,ok,2026-09-04T04:15:38.416589+05:30,2026-09-04_0415IST,airline_direct,IndiGo
DEL,BOM,6E,IndiGo,6E 2331,2026-09-05,1,economy,,,6090.0,False,12:20,ok,2026-09-04T04:15:38.416589+05:30,2026-09-04_0415IST,airline_direct,IndiGo
DEL,BOM,6E,IndiGo,6E 2341,2026-09-05,1,economy,,,6090.0,False,14:50,ok,2026-09-04T04:15:38.416589+05:30,2026-09-04_0415IST,airline_direct,IndiGo
DEL,BOM,6E,IndiGo,6E 6983,2026-09-05,1,economy,,,6090.0,False,15:35,ok,2026-09-04T04:15:38.416589+05:30,2026-09-04_0415IST,airline_direct,IndiGo
DEL,BOM,6E,IndiGo,6E 5073,2026-09-05,1,economy,,,6090.0,False,17:05,ok,2026-09-04T04:15:38.416589+05:30,2026-09-04_0415IST,airline_direct,IndiGo
DEL,BOM,6E,IndiGo,6E 5073,2026-09-05,1,economy,,,6090.0,False,17:05,ok,2026-09-04T04:15:38.416589+05:30,2026-09-04_0415IST,airline_direct,IndiGo
DEL,BOM,6E,IndiGo,6E 5014,2026-09-05,1,economy,,,6090.0,False,18:30,ok,2026-09-04T04:15:38.416589+05:30,2026-09-04_0415IST,airline_direct,IndiGo
DEL,BOM,6E,IndiGo,6E 2013,2026-09-05,1,economy,,,6090.0,False,21:50,ok,2026-09-04T04:15:38.416589+05:30,2026-09-04_0415IST,airline_direct,IndiGo
DEL,BOM,6E,IndiGo,6E 6459,2026-09-05,1,economy,,,6222.0,False,05:55,ok,2026-09-04T04:15:38.416589+05:30,2026-09-04_0415IST,airline_direct,IndiGo
DEL,BOM,6E,IndiGo,6E 6443,2026-09-05,1,economy,,,6222.0,False,09:00,ok,2026-09-04T04:15:38.416589+05:30,2026-09-04_0415IST,airline_direct,IndiGo
DEL,BOM,6E,IndiGo,6E 5138,2026-09-05,1,economy,,,6222.0,False,19:10,ok,2026-09-04T04:15:38.416589+05:30,2026-09-04_0415IST,airline_direct,IndiGo
DEL,BOM,6E,IndiGo,6E 6050,2026-09-05,1,economy,,,6300.0,False,08:15,ok,2026-09-04T04:15:38.416589+05:30,2026-09-04_0415IST,airline_direct,IndiGo
DEL,BOM,6E,IndiGo,6E 2319,2026-09-05,1,economy,,,6300.0,False,09:55,ok,2026-09-04T04:15:38.416589+05:30,2026-09-04_0415IST,airline_direct,IndiGo
DEL,BOM,6E,IndiGo,6E 2147,2026-09-05,1,economy,,,6300.0,False,11:10,ok,2026-09-04T04:15:38.416589+05:30,2026-09-04_0415IST,airline_direct,IndiGo
DEL,BOM,6E,IndiGo,6E 5206,2026-09-05,1,economy,,,6300.0,False,13:20,ok,2026-09-04T04:15:38.416589+05:30,2026-09-04_0415IST,airline_direct,IndiGo
DEL,BOM,6E,IndiGo,6E 5038,2026-09-05,1,economy,,,6300.0,False,14:00,ok,2026-09-04T04:15:38.416589+05:30,2026-09-04_0415IST,airline_direct,IndiGo
DEL,BOM,6E,IndiGo,6E 2151,2026-09-05,1,economy,,,6300.0,False,19:45,ok,2026-09-04T04:15:38.416589+05:30,2026-09-04_0415IST,airline_direct,IndiGo
DEL,BOM,6E,IndiGo,6E 6479,2026-09-05,1,economy,,,6300.0,False,21:25,ok,2026-09-04T04:15:38.416589+05:30,2026-09-04_0415IST,airline_direct,IndiGo
DEL,BOM,6E,IndiGo,6E 705,2026-09-05,1,business,,,38630.0,False,08:30,ok,2026-09-04T04:15:38.416589+05:30,2026-09-04_0415IST,airline_direct,IndiGo
DEL,BOM,6E,IndiGo,6E 705,2026-09-05,1,economy,,,6432.0,False,08:30,ok,2026-09-04T04:15:38.416589+05:30,2026-09-04_0415IST,airline_direct,IndiGo
DEL,BOM,6E,IndiGo,6E 6293,2026-09-05,1,business,,,36166.0,False,09:55,ok,2026-09-04T04:15:38.416589+05:30,2026-09-04_0415IST,airline_direct,IndiGo
DEL,BOM,6E,IndiGo,6E 6293,2026-09-05,1,economy,,,6432.0,False,09:55,ok,2026-09-04T04:15:38.416589+05:30,2026-09-04_0415IST,airline_direct,IndiGo
DEL,BOM,6E,IndiGo,6E 6497,2026-09-05,1,economy,,,6432.0,False,18:40,ok,2026-09-04T04:15:38.416589+05:30,2026-09-04_0415IST,airline_direct,IndiGo
DEL,BOM,6E,IndiGo,6E 6601,2026-09-05,1,business,,,36166.0,False,19:45,ok,2026-09-04T04:15:38.416589+05:30,2026-09-04_0415IST,airline_direct,IndiGo
DEL,BOM,6E,IndiGo,6E 6601,2026-09-05,1,economy,,,6432.0,False,19:45,ok,2026-09-04T04:15:38.416589+05:30,2026-09-04_0415IST,airline_direct,IndiGo
DEL,BOM,6E,IndiGo,6E 882,2026-09-05,1,business,,,29592.0,False,23:15,ok,2026-09-04T04:15:38.416589+05:30,2026-09-04_0415IST,airline_direct,IndiGo
DEL,BOM,6E,IndiGo,6E 882,2026-09-05,1,economy,,,6432.0,False,23:15,ok,2026-09-04T04:15:38.416589+05:30,2026-09-04_0415IST,airline_direct,IndiGo
DEL,BOM,6E,IndiGo,6E 5033,2026-09-05,1,economy,,,7080.0,False,15:50,ok,2026-09-04T04:15:38.416589+05:30,2026-09-04_0415IST,airline_direct,IndiGo
DEL,BOM,6E,IndiGo,6E 6829,2026-09-05,1,economy,,,7212.0,False,17:20,ok,2026-09-04T04:15:38.416589+05:30,2026-09-04_0415IST,airline_direct,IndiGo
DEL,BOM,6E,IndiGo,6E 704,2026-09-05,1,business,,,38630.0,False,02:25,ok,2026-09-04T04:15:38.416589+05:30,2026-09-04_0415IST,airline_direct,IndiGo
DEL,BOM,6E,IndiGo,6E 704,2026-09-05,1,economy,,,7422.0,False,02:25,ok,2026-09-04T04:15:38.416589+05:30,2026-09-04_0415IST,airline_direct,IndiGo
DEL,BOM,6E,IndiGo,6E 6433,2026-09-05,1,economy,,,7781.0,False,16:30,ok,2026-09-04T04:15:38.416589+05:30,2026-09-04_0415IST,airline_direct,IndiGo
DEL,BOM,6E,IndiGo,6E 6829,2026-09-05,1,economy,,,7781.0,False,17:20,ok,2026-09-04T04:15:38.416589+05:30,2026-09-04_0415IST,airline_direct,IndiGo
DEL,BOM,6E,IndiGo,6E 5298,2026-09-05,1,economy,,,7860.0,False,09:00,ok,2026-09-04T04:15:38.416589+05:30,2026-09-04_0415IST,airline_direct,IndiGo
DEL,BOM,6E,IndiGo,6E 758,2026-09-05,1,economy,,,8486.0,False,16:10,ok,2026-09-04T04:15:38.416589+05:30,2026-09-04_0415IST,airline_direct,IndiGo
DEL,BOM,6E,IndiGo,6E 6282,2026-09-05,1,business,,,36166.0,False,13:30,ok,2026-09-04T04:15:38.416589+05:30,2026-09-04_0415IST,airline_direct,IndiGo
DEL,BOM,6E,IndiGo,6E 6282,2026-09-05,1,economy,,,8618.0,False,13:30,ok,2026-09-04T04:15:38.416589+05:30,2026-09-04_0415IST,airline_direct,IndiGo
DEL,BOM,6E,IndiGo,6E 2381,2026-09-05,1,economy,,,8618.0,False,13:45,ok,2026-09-04T04:15:38.416589+05:30,2026-09-04_0415IST,airline_direct,IndiGo
DEL,BOM,6E,IndiGo,6E 357,2026-09-05,1,economy,,,8696.0,False,19:30,ok,2026-09-04T04:15:38.416589+05:30,2026-09-04_0415IST,airline_direct,IndiGo
DEL,BOM,6E,IndiGo,6E 2496,2026-09-05,1,economy,,,8933.0,False,12:40,ok,2026-09-04T04:15:38.416589+05:30,2026-09-04_0415IST,airline_direct,IndiGo
DEL,BOM,6E,IndiGo,6E 358,2026-09-05,1,economy,,,9384.0,False,12:15,ok,2026-09-04T04:15:38.416589+05:30,2026-09-04_0415IST,airline_direct,IndiGo
DEL,BOM,6E,IndiGo,6E 6261,2026-09-05,1,economy,,,10668.0,False,00:15,ok,2026-09-04T04:15:38.416589+05:30,2026-09-04_0415IST,airline_direct,IndiGo
DEL,BOM,6E,IndiGo,6E 2249,2026-09-05,1,economy,,,10685.0,False,15:00,ok,2026-09-04T04:15:38.416589+05:30,2026-09-04_0415IST,airline_direct,IndiGo
DEL,BOM,6E,IndiGo,6E 931,2026-09-05,1,economy,,,12473.0,False,19:35,ok,2026-09-04T04:15:38.416589+05:30,2026-09-04_0415IST,airline_direct,IndiGo
DEL,BOM,6E,IndiGo,6E 6488,2026-09-05,1,economy,,,12605.0,False,11:20,ok,2026-09-04T04:15:38.416589+05:30,2026-09-04_0415IST,airline_direct,IndiGo
DEL,BOM,6E,IndiGo,6E 5119,2026-09-05,1,economy,,,12609.0,False,05:10,ok,2026-09-04T04:15:38.416589+05:30,2026-09-04_0415IST,airline_direct,IndiGo
DEL,BOM,6E,IndiGo,6E 2169,2026-09-05,1,economy,,,13030.0,False,19:40,ok,2026-09-04T04:15:38.416589+05:30,2026-09-04_0415IST,airline_direct,IndiGo
DEL,BOM,6E,IndiGo,6E 5119,2026-09-05,1,economy,,,13579.0,False,05:10,ok,2026-09-04T04:15:38.416589+05:30,2026-09-04_0415IST,airline_direct,IndiGo
DEL,BOM,6E,IndiGo,6E 2076,2026-09-05,1,economy,,,13579.0,False,07:30,ok,2026-09-04T04:15:38.416589+05:30,2026-09-04_0415IST,airline_direct,IndiGo
DEL,BLR,6E,IndiGo,6E 2314,2026-09-05,1,business,,,29942.0,False,05:45,ok,2026-09-04T04:16:35.293318+05:30,2026-09-04_0416IST,airline_direct,IndiGo
DEL,BLR,6E,IndiGo,6E 2314,2026-09-05,1,economy,,,9128.0,False,05:45,ok,2026-09-04T04:16:35.293318+05:30,2026-09-04_0416IST,airline_direct,IndiGo
DEL,BLR,6E,IndiGo,6E 820,2026-09-05,1,business,,,29942.0,False,03:00,ok,2026-09-04T04:16:35.293318+05:30,2026-09-04_0416IST,airline_direct,IndiGo
DEL,BLR,6E,IndiGo,6E 820,2026-09-05,1,economy,,,9613.0,False,03:00,ok,2026-09-04T04:16:35.293318+05:30,2026-09-04_0416IST,airline_direct,IndiGo
DEL,BLR,6E,IndiGo,6E 810,2026-09-05,1,business,,,29942.0,False,07:05,ok,2026-09-04T04:16:35.293318+05:30,2026-09-04_0416IST,airline_direct,IndiGo
DEL,BLR,6E,IndiGo,6E 810,2026-09-05,1,economy,,,9613.0,False,07:05,ok,2026-09-04T04:16:35.293318+05:30,2026-09-04_0416IST,airline_direct,IndiGo
DEL,BLR,6E,IndiGo,6E 861,2026-09-05,1,business,,,29942.0,False,19:30,ok,2026-09-04T04:16:35.293318+05:30,2026-09-04_0416IST,airline_direct,IndiGo
DEL,BLR,6E,IndiGo,6E 861,2026-09-05,1,economy,,,9613.0,False,19:30,ok,2026-09-04T04:16:35.293318+05:30,2026-09-04_0416IST,airline_direct,IndiGo
DEL,BLR,6E,IndiGo,6E 6515,2026-09-05,1,business,,,29942.0,False,20:45,ok,2026-09-04T04:16:35.293318+05:30,2026-09-04_0416IST,airline_direct,IndiGo
DEL,BLR,6E,IndiGo,6E 6515,2026-09-05,1,economy,,,9613.0,False,20:45,ok,2026-09-04T04:16:35.293318+05:30,2026-09-04_0416IST,airline_direct,IndiGo
DEL,BLR,6E,IndiGo,6E 846,2026-09-05,1,business,,,29942.0,False,22:00,ok,2026-09-04T04:16:35.293318+05:30,2026-09-04_0416IST,airline_direct,IndiGo
DEL,BLR,6E,IndiGo,6E 846,2026-09-05,1,economy,,,9613.0,False,22:00,ok,2026-09-04T04:16:35.293318+05:30,2026-09-04_0416IST,airline_direct,IndiGo
DEL,BLR,6E,IndiGo,6E 873,2026-09-05,1,business,,,29942.0,False,08:20,ok,2026-09-04T04:16:35.293318+05:30,2026-09-04_0416IST,airline_direct,IndiGo
DEL,BLR,6E,IndiGo,6E 873,2026-09-05,1,economy,,,10128.0,False,08:20,ok,2026-09-04T04:16:35.293318+05:30,2026-09-04_0416IST,airline_direct,IndiGo
DEL,BLR,6E,IndiGo,6E 880,2026-09-05,1,business,,,29942.0,False,15:45,ok,2026-09-04T04:16:35.293318+05:30,2026-09-04_0416IST,airline_direct,IndiGo
DEL,BLR,6E,IndiGo,6E 880,2026-09-05,1,economy,,,10128.0,False,15:45,ok,2026-09-04T04:16:35.293318+05:30,2026-09-04_0416IST,airline_direct,IndiGo
DEL,BLR,6E,IndiGo,6E 837,2026-09-05,1,business,,,29942.0,False,17:00,ok,2026-09-04T04:16:35.293318+05:30,2026-09-04_0416IST,airline_direct,IndiGo
DEL,BLR,6E,IndiGo,6E 837,2026-09-05,1,economy,,,10128.0,False,17:00,ok,2026-09-04T04:16:35.293318+05:30,2026-09-04_0416IST,airline_direct,IndiGo
DEL,BLR,6E,IndiGo,6E 811,2026-09-05,1,business,,,29942.0,False,18:20,ok,2026-09-04T04:16:35.293318+05:30,2026-09-04_0416IST,airline_direct,IndiGo
DEL,BLR,6E,IndiGo,6E 811,2026-09-05,1,economy,,,10128.0,False,18:20,ok,2026-09-04T04:16:35.293318+05:30,2026-09-04_0416IST,airline_direct,IndiGo
DEL,BLR,6E,IndiGo,6E 850,2026-09-05,1,business,,,29942.0,False,12:20,ok,2026-09-04T04:16:35.293318+05:30,2026-09-04_0416IST,airline_direct,IndiGo
DEL,BLR,6E,IndiGo,6E 850,2026-09-05,1,economy,,,10675.0,False,12:20,ok,2026-09-04T04:16:35.293318+05:30,2026-09-04_0416IST,airline_direct,IndiGo
DEL,BLR,6E,IndiGo,6E 176,2026-09-05,1,business,,,29942.0,False,13:15,ok,2026-09-04T04:16:35.293318+05:30,2026-09-04_0416IST,airline_direct,IndiGo
DEL,BLR,6E,IndiGo,6E 176,2026-09-05,1,economy,,,10675.0,False,13:15,ok,2026-09-04T04:16:35.293318+05:30,2026-09-04_0416IST,airline_direct,IndiGo
DEL,BLR,6E,IndiGo,6E 828,2026-09-05,1,business,,,29942.0,False,14:30,ok,2026-09-04T04:16:35.293318+05:30,2026-09-04_0416IST,airline_direct,IndiGo
DEL,BLR,6E,IndiGo,6E 828,2026-09-05,1,economy,,,10675.0,False,14:30,ok,2026-09-04T04:16:35.293318+05:30,2026-09-04_0416IST,airline_direct,IndiGo
DEL,BLR,6E,IndiGo,6E 826,2026-09-05,1,business,,,29942.0,False,09:30,ok,2026-09-04T04:16:35.293318+05:30,2026-09-04_0416IST,airline_direct,IndiGo
DEL,BLR,6E,IndiGo,6E 826,2026-09-05,1,economy,,,11257.0,False,09:30,ok,2026-09-04T04:16:35.293318+05:30,2026-09-04_0416IST,airline_direct,IndiGo
DEL,BLR,6E,IndiGo,6E 842,2026-09-05,1,business,,,29942.0,False,10:45,ok,2026-09-04T04:16:35.293318+05:30,2026-09-04_0416IST,airline_direct,IndiGo
DEL,BLR,6E,IndiGo,6E 842,2026-09-05,1,economy,,,11257.0,False,10:45,ok,2026-09-04T04:16:35.293318+05:30,2026-09-04_0416IST,airline_direct,IndiGo
DEL,BLR,6E,IndiGo,6E 329,2026-09-05,1,business,,,40536.0,False,18:00,ok,2026-09-04T04:16:35.293318+05:30,2026-09-04_0416IST,airline_direct,IndiGo
DEL,BLR,6E,IndiGo,6E 329,2026-09-05,1,economy,,,10286.0,False,18:00,ok,2026-09-04T04:16:35.293318+05:30,2026-09-04_0416IST,airline_direct,IndiGo
DEL,BLR,6E,IndiGo,6E 6706,2026-09-05,1,business,,,40536.0,False,17:00,ok,2026-09-04T04:16:35.293318+05:30,2026-09-04_0416IST,airline_direct,IndiGo
DEL,BLR,6E,IndiGo,6E 6706,2026-09-05,1,economy,,,10663.0,False,17:00,ok,2026-09-04T04:16:35.293318+05:30,2026-09-04_0416IST,airline_direct,IndiGo
DEL,BLR,6E,IndiGo,6E 329,2026-09-05,1,business,,,40536.0,False,18:00,ok,2026-09-04T04:16:35.293318+05:30,2026-09-04_0416IST,airline_direct,IndiGo
DEL,BLR,6E,IndiGo,6E 329,2026-09-05,1,economy,,,10663.0,False,18:00,ok,2026-09-04T04:16:35.293318+05:30,2026-09-04_0416IST,airline_direct,IndiGo
DEL,BLR,6E,IndiGo,6E 320,2026-09-05,1,business,,,44135.0,False,08:00,ok,2026-09-04T04:16:35.293318+05:30,2026-09-04_0416IST,airline_direct,IndiGo
DEL,BLR,6E,IndiGo,6E 320,2026-09-05,1,economy,,,11078.0,False,08:00,ok,2026-09-04T04:16:35.293318+05:30,2026-09-04_0416IST,airline_direct,IndiGo
DEL,BLR,6E,IndiGo,6E 6047,2026-09-05,1,business,,,40536.0,False,11:00,ok,2026-09-04T04:16:35.293318+05:30,2026-09-04_0416IST,airline_direct,IndiGo
DEL,BLR,6E,IndiGo,6E 6047,2026-09-05,1,economy,,,11078.0,False,11:00,ok,2026-09-04T04:16:35.293318+05:30,2026-09-04_0416IST,airline_direct,IndiGo
DEL,BLR,6E,IndiGo,6E 6470,2026-09-05,1,economy,,,11083.0,False,06:55,ok,2026-09-04T04:16:35.293318+05:30,2026-09-04_0416IST,airline_direct,IndiGo
DEL,BLR,6E,IndiGo,6E 2618,2026-09-05,1,business,,,26816.0,False,23:00,ok,2026-09-04T04:16:35.293318+05:30,2026-09-04_0416IST,airline_direct,IndiGo
DEL,BLR,6E,IndiGo,6E 2618,2026-09-05,1,economy,,,11414.0,False,23:00,ok,2026-09-04T04:16:35.293318+05:30,2026-09-04_0416IST,airline_direct,IndiGo
DEL,BLR,6E,IndiGo,6E 2557,2026-09-05,1,economy,,,11598.0,False,15:20,ok,2026-09-04T04:16:35.293318+05:30,2026-09-04_0416IST,airline_direct,IndiGo
DEL,BLR,6E,IndiGo,6E 6437,2026-09-05,1,business,,,26816.0,False,16:25,ok,2026-09-04T04:16:35.293318+05:30,2026-09-04_0416IST,airline_direct,IndiGo
DEL,BLR,6E,IndiGo,6E 6437,2026-09-05,1,economy,,,11598.0,False,16:25,ok,2026-09-04T04:16:35.293318+05:30,2026-09-04_0416IST,airline_direct,IndiGo
DEL,BLR,6E,IndiGo,6E 5073,2026-09-05,1,economy,,,11598.0,False,17:05,ok,2026-09-04T04:16:35.293318+05:30,2026-09-04_0416IST,airline_direct,IndiGo
DEL,BLR,6E,IndiGo,6E 6673,2026-09-05,1,economy,,,11764.0,False,21:15,ok,2026-09-04T04:16:35.293318+05:30,2026-09-04_0416IST,airline_direct,IndiGo
DEL,BLR,6E,IndiGo,6E 2343,2026-09-05,1,business,,,28270.0,False,02:20,ok,2026-09-04T04:16:35.293318+05:30,2026-09-04_0416IST,airline_direct,IndiGo
DEL,BLR,6E,IndiGo,6E 2343,2026-09-05,1,economy,,,11795.0,False,02:20,ok,2026-09-04T04:16:35.293318+05:30,2026-09-04_0416IST,airline_direct,IndiGo
DEL,BLR,6E,IndiGo,6E 513,2026-09-05,1,business,,,37476.0,False,08:30,ok,2026-09-04T04:16:35.293318+05:30,2026-09-04_0416IST,airline_direct,IndiGo
DEL,BLR,6E,IndiGo,6E 513,2026-09-05,1,economy,,,12018.0,False,08:30,ok,2026-09-04T04:16:35.293318+05:30,2026-09-04_0416IST,airline_direct,IndiGo
DEL,BLR,6E,IndiGo,6E 705,2026-09-05,1,economy,,,12445.0,False,08:30,ok,2026-09-04T04:16:35.293318+05:30,2026-09-04_0416IST,airline_direct,IndiGo
DEL,BLR,6E,IndiGo,6E 6293,2026-09-05,1,economy,,,12445.0,False,09:55,ok,2026-09-04T04:16:35.293318+05:30,2026-09-04_0416IST,airline_direct,IndiGo
DEL,BLR,6E,IndiGo,6E 6282,2026-09-05,1,business,,,33488.0,False,13:30,ok,2026-09-04T04:16:35.293318+05:30,2026-09-04_0416IST,airline_direct,IndiGo
DEL,BLR,6E,IndiGo,6E 6282,2026-09-05,1,economy,,,12445.0,False,13:30,ok,2026-09-04T04:16:35.293318+05:30,2026-09-04_0416IST,airline_direct,IndiGo
DEL,BLR,6E,IndiGo,6E 758,2026-09-05,1,economy,,,12445.0,False,16:10,ok,2026-09-04T04:16:35.293318+05:30,2026-09-04_0416IST,airline_direct,IndiGo
DEL,BLR,6E,IndiGo,6E 6217,2026-09-05,1,business,,,32599.0,False,16:15,ok,2026-09-04T04:16:35.293318+05:30,2026-09-04_0416IST,airline_direct,IndiGo
DEL,BLR,6E,IndiGo,6E 6217,2026-09-05,1,economy,,,12445.0,False,16:15,ok,2026-09-04T04:16:35.293318+05:30,2026-09-04_0416IST,airline_direct,IndiGo
DEL,BLR,6E,IndiGo,6E 5119,2026-09-05,1,economy,,,12576.0,False,05:10,ok,2026-09-04T04:16:35.293318+05:30,2026-09-04_0416IST,airline_direct,IndiGo
DEL,BLR,6E,IndiGo,6E 6022,2026-09-05,1,business,,,40536.0,False,14:00,ok,2026-09-04T04:16:35.293318+05:30,2026-09-04_0416IST,airline_direct,IndiGo
DEL,BLR,6E,IndiGo,6E 6022,2026-09-05,1,economy,,,12576.0,False,14:00,ok,2026-09-04T04:16:35.293318+05:30,2026-09-04_0416IST,airline_direct,IndiGo
DEL,BLR,6E,IndiGo,6E 6829,2026-09-05,1,economy,,,12576.0,False,17:20,ok,2026-09-04T04:16:35.293318+05:30,2026-09-04_0416IST,airline_direct,IndiGo
DEL,BLR,6E,IndiGo,6E 931,2026-09-05,1,economy,,,12576.0,False,19:35,ok,2026-09-04T04:16:35.293318+05:30,2026-09-04_0416IST,airline_direct,IndiGo
DEL,BLR,6E,IndiGo,6E 940,2026-09-05,1,economy,,,12655.0,False,09:15,ok,2026-09-04T04:16:35.293318+05:30,2026-09-04_0416IST,airline_direct,IndiGo
DEL,BLR,6E,IndiGo,6E 434,2026-09-05,1,economy,,,12655.0,False,11:00,ok,2026-09-04T04:16:35.293318+05:30,2026-09-04_0416IST,airline_direct,IndiGo
DEL,BLR,6E,IndiGo,6E 6115,2026-09-05,1,economy,,,12655.0,False,13:10,ok,2026-09-04T04:16:35.293318+05:30,2026-09-04_0416IST,airline_direct,IndiGo
DEL,BLR,6E,IndiGo,6E 5038,2026-09-05,1,economy,,,12655.0,False,14:00,ok,2026-09-04T04:16:35.293318+05:30,2026-09-04_0416IST,airline_direct,IndiGo
DEL,BLR,6E,IndiGo,6E 5033,2026-09-05,1,economy,,,12655.0,False,15:50,ok,2026-09-04T04:16:35.293318+05:30,2026-09-04_0416IST,airline_direct,IndiGo
DEL,BLR,6E,IndiGo,6E 947,2026-09-05,1,economy,,,12655.0,False,16:40,ok,2026-09-04T04:16:35.293318+05:30,2026-09-04_0416IST,airline_direct,IndiGo
DEL,BLR,6E,IndiGo,6E 2151,2026-09-05,1,economy,,,12655.0,False,19:45,ok,2026-09-04T04:16:35.293318+05:30,2026-09-04_0416IST,airline_direct,IndiGo
DEL,BLR,6E,IndiGo,6E 6497,2026-09-05,1,economy,,,12786.0,False,18:40,ok,2026-09-04T04:16:35.293318+05:30,2026-09-04_0416IST,airline_direct,IndiGo
DEL,BLR,6E,IndiGo,6E 717,2026-09-05,1,business,,,31793.0,False,17:55,ok,2026-09-04T04:16:35.293318+05:30,2026-09-04_0416IST,airline_direct,IndiGo
DEL,BLR,6E,IndiGo,6E 717,2026-09-05,1,economy,,,13520.0,False,17:55,ok,2026-09-04T04:16:35.293318+05:30,2026-09-04_0416IST,airline_direct,IndiGo
DEL,BLR,6E,IndiGo,6E 6091,2026-09-05,1,economy,,,13730.0,False,15:15,ok,2026-09-04T04:16:35.293318+05:30,2026-09-04_0416IST,airline_direct,IndiGo
DEL,BLR,6E,IndiGo,6E 6632,2026-09-05,1,economy,,,13730.0,False,17:50,ok,2026-09-04T04:16:35.293318+05:30,2026-09-04_0416IST,airline_direct,IndiGo
DEL,BLR,6E,IndiGo,6E 950,2026-09-05,1,economy,,,13730.0,False,18:15,ok,2026-09-04T04:16:35.293318+05:30,2026-09-04_0416IST,airline_direct,IndiGo
DEL,BLR,6E,IndiGo,6E 5001,2026-09-05,1,economy,,,13888.0,False,17:10,ok,2026-09-04T04:16:35.293318+05:30,2026-09-04_0416IST,airline_direct,IndiGo
DEL,BLR,6E,IndiGo,6E 704,2026-09-05,1,economy,,,15585.0,False,02:25,ok,2026-09-04T04:16:35.293318+05:30,2026-09-04_0416IST,airline_direct,IndiGo
DEL,BLR,6E,IndiGo,6E 358,2026-09-05,1,economy,,,16213.0,False,12:15,ok,2026-09-04T04:16:35.293318+05:30,2026-09-04_0416IST,airline_direct,IndiGo
DEL,BLR,6E,IndiGo,6E 6433,2026-09-05,1,economy,,,16291.0,False,16:30,ok,2026-09-04T04:16:35.293318+05:30,2026-09-04_0416IST,airline_direct,IndiGo
DEL,BLR,6E,IndiGo,6E 5191,2026-09-05,1,business,,,37476.0,False,05:00,ok,2026-09-04T04:16:35.293318+05:30,2026-09-04_0416IST,airline_direct,IndiGo
DEL,BLR,6E,IndiGo,6E 5191,2026-09-05,1,economy,,,16554.0,False,05:00,ok,2026-09-04T04:16:35.293318+05:30,2026-09-04_0416IST,airline_direct,IndiGo
DEL,BLR,6E,IndiGo,6E 6459,2026-09-05,1,economy,,,17650.0,False,05:55,ok,2026-09-04T04:16:35.293318+05:30,2026-09-04_0416IST,airline_direct,IndiGo
DEL,BLR,6E,IndiGo,6E 2262,2026-09-05,1,business,,,32200.0,False,06:10,ok,2026-09-04T04:16:35.293318+05:30,2026-09-04_0416IST,airline_direct,IndiGo
DEL,BLR,6E,IndiGo,6E 2262,2026-09-05,1,economy,,,17710.0,False,06:10,ok,2026-09-04T04:16:35.293318+05:30,2026-09-04_0416IST,airline_direct,IndiGo
DEL,BLR,6E,IndiGo,6E 6476,2026-09-05,1,economy,,,17938.0,False,07:05,ok,2026-09-04T04:16:35.293318+05:30,2026-09-04_0416IST,airline_direct,IndiGo
DEL,BLR,6E,IndiGo,6E 884,2026-09-05,1,economy,,,18490.0,False,11:45,ok,2026-09-04T04:16:35.293318+05:30,2026-09-04_0416IST,airline_direct,IndiGo
DEL,BLR,6E,IndiGo,6E 2277,2026-09-05,1,economy,,,20776.0,False,10:25,ok,2026-09-04T04:16:35.293318+05:30,2026-09-04_0416IST,airline_direct,IndiGo
DEL,BLR,6E,IndiGo,6E 6488,2026-09-05,1,economy,,,21868.0,False,11:20,ok,2026-09-04T04:16:35.293318+05:30,2026-09-04_0416IST,airline_direct,IndiGo
BOM,BLR,6E,IndiGo,6E 5323,2026-09-05,1,business,,,22488.0,False,01:10,ok,2026-09-04T04:17:34.411613+05:30,2026-09-04_0417IST,airline_direct,IndiGo
BOM,BLR,6E,IndiGo,6E 5323,2026-09-05,1,economy,,,5406.0,False,01:10,ok,2026-09-04T04:17:34.411613+05:30,2026-09-04_0417IST,airline_direct,IndiGo
BOM,BLR,6E,IndiGo,6E 5294,2026-09-05,1,business,,,22488.0,False,04:30,ok,2026-09-04T04:17:34.411613+05:30,2026-09-04_0417IST,airline_direct,IndiGo
BOM,BLR,6E,IndiGo,6E 5294,2026-09-05,1,economy,,,5721.0,False,04:30,ok,2026-09-04T04:17:34.411613+05:30,2026-09-04_0417IST,airline_direct,IndiGo
BOM,BLR,6E,IndiGo,6E 5296,2026-09-05,1,business,,,22488.0,False,06:30,ok,2026-09-04T04:17:34.411613+05:30,2026-09-04_0417IST,airline_direct,IndiGo
BOM,BLR,6E,IndiGo,6E 5296,2026-09-05,1,economy,,,6747.0,False,06:30,ok,2026-09-04T04:17:34.411613+05:30,2026-09-04_0417IST,airline_direct,IndiGo
BOM,BLR,6E,IndiGo,6E 5388,2026-09-05,1,business,,,22488.0,False,22:20,ok,2026-09-04T04:17:34.411613+05:30,2026-09-04_0417IST,airline_direct,IndiGo
BOM,BLR,6E,IndiGo,6E 5388,2026-09-05,1,economy,,,6747.0,False,22:20,ok,2026-09-04T04:17:34.411613+05:30,2026-09-04_0417IST,airline_direct,IndiGo
BOM,BLR,6E,IndiGo,6E 5193,2026-09-05,1,economy,,,7062.0,False,08:05,ok,2026-09-04T04:17:34.411613+05:30,2026-09-04_0417IST,airline_direct,IndiGo
BOM,BLR,6E,IndiGo,6E 5092,2026-09-05,1,business,,,22488.0,False,09:50,ok,2026-09-04T04:17:34.411613+05:30,2026-09-04_0417IST,airline_direct,IndiGo
BOM,BLR,6E,IndiGo,6E 5092,2026-09-05,1,economy,,,7062.0,False,09:50,ok,2026-09-04T04:17:34.411613+05:30,2026-09-04_0417IST,airline_direct,IndiGo
BOM,BLR,6E,IndiGo,6E 5382,2026-09-05,1,business,,,22488.0,False,14:30,ok,2026-09-04T04:17:34.411613+05:30,2026-09-04_0417IST,airline_direct,IndiGo
BOM,BLR,6E,IndiGo,6E 5382,2026-09-05,1,economy,,,7062.0,False,14:30,ok,2026-09-04T04:17:34.411613+05:30,2026-09-04_0417IST,airline_direct,IndiGo
BOM,BLR,6E,IndiGo,6E 5221,2026-09-05,1,business,,,22488.0,False,17:00,ok,2026-09-04T04:17:34.411613+05:30,2026-09-04_0417IST,airline_direct,IndiGo
BOM,BLR,6E,IndiGo,6E 5221,2026-09-05,1,economy,,,7062.0,False,17:00,ok,2026-09-04T04:17:34.411613+05:30,2026-09-04_0417IST,airline_direct,IndiGo
BOM,BLR,6E,IndiGo,6E 6188,2026-09-05,1,business,,,22488.0,False,21:30,ok,2026-09-04T04:17:34.411613+05:30,2026-09-04_0417IST,airline_direct,IndiGo
BOM,BLR,6E,IndiGo,6E 6188,2026-09-05,1,economy,,,7062.0,False,21:30,ok,2026-09-04T04:17:34.411613+05:30,2026-09-04_0417IST,airline_direct,IndiGo
BOM,BLR,6E,IndiGo,6E 5184,2026-09-05,1,business,,,22488.0,False,12:30,ok,2026-09-04T04:17:34.411613+05:30,2026-09-04_0417IST,airline_direct,IndiGo
BOM,BLR,6E,IndiGo,6E 5184,2026-09-05,1,economy,,,7377.0,False,12:30,ok,2026-09-04T04:17:34.411613+05:30,2026-09-04_0417IST,airline_direct,IndiGo
BOM,BLR,6E,IndiGo,6E 5071,2026-09-05,1,business,,,22488.0,False,15:35,ok,2026-09-04T04:17:34.411613+05:30,2026-09-04_0417IST,airline_direct,IndiGo
BOM,BLR,6E,IndiGo,6E 5071,2026-09-05,1,economy,,,7377.0,False,15:35,ok,2026-09-04T04:17:34.411613+05:30,2026-09-04_0417IST,airline_direct,IndiGo
BOM,BLR,6E,IndiGo,6E 5217,2026-09-05,1,business,,,22488.0,False,11:00,ok,2026-09-04T04:17:34.411613+05:30,2026-09-04_0417IST,airline_direct,IndiGo
BOM,BLR,6E,IndiGo,6E 5217,2026-09-05,1,economy,,,7797.0,False,11:00,ok,2026-09-04T04:17:34.411613+05:30,2026-09-04_0417IST,airline_direct,IndiGo
BOM,BLR,6E,IndiGo,6E 5047,2026-09-05,1,business,,,22488.0,False,18:30,ok,2026-09-04T04:17:34.411613+05:30,2026-09-04_0417IST,airline_direct,IndiGo
BOM,BLR,6E,IndiGo,6E 5047,2026-09-05,1,economy,,,8742.0,False,18:30,ok,2026-09-04T04:17:34.411613+05:30,2026-09-04_0417IST,airline_direct,IndiGo
BOM,BLR,6E,IndiGo,6E 5386,2026-09-05,1,business,,,30432.0,False,15:10,ok,2026-09-04T04:17:34.411613+05:30,2026-09-04_0417IST,airline_direct,IndiGo
BOM,BLR,6E,IndiGo,6E 5386,2026-09-05,1,economy,,,5253.0,False,15:10,ok,2026-09-04T04:17:34.411613+05:30,2026-09-04_0417IST,airline_direct,IndiGo
BOM,BLR,6E,IndiGo,6E 5386,2026-09-05,1,business,,,29543.0,False,15:10,ok,2026-09-04T04:17:34.411613+05:30,2026-09-04_0417IST,airline_direct,IndiGo
BOM,BLR,6E,IndiGo,6E 5386,2026-09-05,1,economy,,,5253.0,False,15:10,ok,2026-09-04T04:17:34.411613+05:30,2026-09-04_0417IST,airline_direct,IndiGo
BOM,BLR,6E,IndiGo,6E 5228,2026-09-05,1,business,,,28258.0,False,16:45,ok,2026-09-04T04:17:34.411613+05:30,2026-09-04_0417IST,airline_direct,IndiGo
BOM,BLR,6E,IndiGo,6E 5228,2026-09-05,1,economy,,,5253.0,False,16:45,ok,2026-09-04T04:17:34.411613+05:30,2026-09-04_0417IST,airline_direct,IndiGo
BOM,BLR,6E,IndiGo,6E 5228,2026-09-05,1,business,,,27453.0,False,16:45,ok,2026-09-04T04:17:34.411613+05:30,2026-09-04_0417IST,airline_direct,IndiGo
BOM,BLR,6E,IndiGo,6E 5228,2026-09-05,1,economy,,,5253.0,False,16:45,ok,2026-09-04T04:17:34.411613+05:30,2026-09-04_0417IST,airline_direct,IndiGo
BOM,BLR,6E,IndiGo,6E 6349,2026-09-05,1,economy,,,5463.0,False,11:40,ok,2026-09-04T04:17:34.411613+05:30,2026-09-04_0417IST,airline_direct,IndiGo
BOM,BLR,6E,IndiGo,6E 5337,2026-09-05,1,economy,,,5463.0,False,13:45,ok,2026-09-04T04:17:34.411613+05:30,2026-09-04_0417IST,airline_direct,IndiGo
BOM,BLR,6E,IndiGo,6E 437,2026-09-05,1,economy,,,5463.0,False,17:10,ok,2026-09-04T04:17:34.411613+05:30,2026-09-04_0417IST,airline_direct,IndiGo
BOM,BLR,6E,IndiGo,6E 2284,2026-09-05,1,economy,,,5840.0,False,12:05,ok,2026-09-04T04:17:34.411613+05:30,2026-09-04_0417IST,airline_direct,IndiGo
BOM,BLR,6E,IndiGo,6E 5048,2026-09-05,1,economy,,,6255.0,False,17:25,ok,2026-09-04T04:17:34.411613+05:30,2026-09-04_0417IST,airline_direct,IndiGo
BOM,BLR,6E,IndiGo,6E 230,2026-09-05,1,economy,,,6369.0,False,13:55,ok,2026-09-04T04:17:34.411613+05:30,2026-09-04_0417IST,airline_direct,IndiGo
BOM,BLR,6E,IndiGo,6E 230,2026-09-05,1,economy,,,6369.0,False,13:55,ok,2026-09-04T04:17:34.411613+05:30,2026-09-04_0417IST,airline_direct,IndiGo
BOM,BLR,6E,IndiGo,6E 136,2026-09-05,1,economy,,,6710.0,False,04:05,ok,2026-09-04T04:17:34.411613+05:30,2026-09-04_0417IST,airline_direct,IndiGo
BOM,BLR,6E,IndiGo,6E 5337,2026-09-05,1,economy,,,6710.0,False,13:45,ok,2026-09-04T04:17:34.411613+05:30,2026-09-04_0417IST,airline_direct,IndiGo
BOM,BLR,6E,IndiGo,6E 5196,2026-09-05,1,economy,,,6710.0,False,15:25,ok,2026-09-04T04:17:34.411613+05:30,2026-09-04_0417IST,airline_direct,IndiGo
BOM,BLR,6E,IndiGo,6E 6361,2026-09-05,1,economy,,,6869.0,False,05:00,ok,2026-09-04T04:17:34.411613+05:30,2026-09-04_0417IST,airline_direct,IndiGo
BOM,BLR,6E,IndiGo,6E 261,2026-09-05,1,economy,,,6869.0,False,11:20,ok,2026-09-04T04:17:34.411613+05:30,2026-09-04_0417IST,airline_direct,IndiGo
BOM,BLR,6E,IndiGo,6E 261,2026-09-05,1,economy,,,6869.0,False,11:20,ok,2026-09-04T04:17:34.411613+05:30,2026-09-04_0417IST,airline_direct,IndiGo
BOM,BLR,6E,IndiGo,6E 5109,2026-09-05,1,economy,,,7210.0,False,09:35,ok,2026-09-04T04:17:34.411613+05:30,2026-09-04_0417IST,airline_direct,IndiGo
BOM,BLR,6E,IndiGo,6E 5313,2026-09-05,1,economy,,,7210.0,False,09:50,ok,2026-09-04T04:17:34.411613+05:30,2026-09-04_0417IST,airline_direct,IndiGo
BOM,BLR,6E,IndiGo,6E 5313,2026-09-05,1,economy,,,7210.0,False,09:50,ok,2026-09-04T04:17:34.411613+05:30,2026-09-04_0417IST,airline_direct,IndiGo
BOM,BLR,6E,IndiGo,6E 6349,2026-09-05,1,economy,,,7210.0,False,11:40,ok,2026-09-04T04:17:34.411613+05:30,2026-09-04_0417IST,airline_direct,IndiGo
BOM,BLR,6E,IndiGo,6E 240,2026-09-05,1,economy,,,7210.0,False,15:45,ok,2026-09-04T04:17:34.411613+05:30,2026-09-04_0417IST,airline_direct,IndiGo
BOM,BLR,6E,IndiGo,6E 5241,2026-09-05,1,economy,,,7420.0,False,16:40,ok,2026-09-04T04:17:34.411613+05:30,2026-09-04_0417IST,airline_direct,IndiGo
BOM,BLR,6E,IndiGo,6E 632,2026-09-05,1,economy,,,7761.0,False,04:00,ok,2026-09-04T04:17:34.411613+05:30,2026-09-04_0417IST,airline_direct,IndiGo
BOM,BLR,6E,IndiGo,6E 5204,2026-09-05,1,economy,,,7761.0,False,08:15,ok,2026-09-04T04:17:34.411613+05:30,2026-09-04_0417IST,airline_direct,IndiGo
BOM,BLR,6E,IndiGo,6E 5241,2026-09-05,1,economy,,,8025.0,False,16:40,ok,2026-09-04T04:17:34.411613+05:30,2026-09-04_0417IST,airline_direct,IndiGo
BOM,BLR,6E,IndiGo,6E 6362,2026-09-05,1,economy,,,8156.0,False,05:45,ok,2026-09-04T04:17:34.411613+05:30,2026-09-04_0417IST,airline_direct,IndiGo
BOM,BLR,6E,IndiGo,6E 6057,2026-09-05,1,economy,,,8156.0,False,09:15,ok,2026-09-04T04:17:34.411613+05:30,2026-09-04_0417IST,airline_direct,IndiGo
BOM,BLR,6E,IndiGo,6E 6802,2026-09-05,1,economy,,,8288.0,False,16:55,ok,2026-09-04T04:17:34.411613+05:30,2026-09-04_0417IST,airline_direct,IndiGo
BOM,BLR,6E,IndiGo,6E 6701,2026-09-05,1,economy,,,8366.0,False,05:35,ok,2026-09-04T04:17:34.411613+05:30,2026-09-04_0417IST,airline_direct,IndiGo
BOM,BLR,6E,IndiGo,6E 673,2026-09-05,1,economy,,,8366.0,False,12:30,ok,2026-09-04T04:17:34.411613+05:30,2026-09-04_0417IST,airline_direct,IndiGo
BOM,BLR,6E,IndiGo,6E 5082,2026-09-05,1,economy,,,8690.0,False,18:05,ok,2026-09-04T04:17:34.411613+05:30,2026-09-04_0417IST,airline_direct,IndiGo
BOM,BLR,6E,IndiGo,6E 2237,2026-09-05,1,economy,,,9031.0,False,18:40,ok,2026-09-04T04:17:34.411613+05:30,2026-09-04_0417IST,airline_direct,IndiGo
BOM,BLR,6E,IndiGo,6E 5123,2026-09-05,1,economy,,,9684.0,False,14:40,ok,2026-09-04T04:17:34.411613+05:30,2026-09-04_0417IST,airline_direct,IndiGo
BOM,BLR,6E,IndiGo,6E 136,2026-09-05,1,economy,,,9763.0,False,04:05,ok,2026-09-04T04:17:34.411613+05:30,2026-09-04_0417IST,airline_direct,IndiGo
BOM,BLR,6E,IndiGo,6E 673,2026-09-05,1,economy,,,9763.0,False,12:30,ok,2026-09-04T04:17:34.411613+05:30,2026-09-04_0417IST,airline_direct,IndiGo
BOM,BLR,6E,IndiGo,6E 2016,2026-09-05,1,economy,,,9763.0,False,13:35,ok,2026-09-04T04:17:34.411613+05:30,2026-09-04_0417IST,airline_direct,IndiGo
BOM,BLR,6E,IndiGo,6E 6599,2026-09-05,1,economy,,,9894.0,False,16:50,ok,2026-09-04T04:17:34.411613+05:30,2026-09-04_0417IST,airline_direct,IndiGo
BOM,BLR,6E,IndiGo,6E 5107,2026-09-05,1,economy,,,10566.0,False,20:00,ok,2026-09-04T04:17:34.411613+05:30,2026-09-04_0417IST,airline_direct,IndiGo
BOM,BLR,6E,IndiGo,6E 5126,2026-09-05,1,economy,,,11450.0,False,18:15,ok,2026-09-04T04:17:34.411613+05:30,2026-09-04_0417IST,airline_direct,IndiGo
BOM,BLR,6E,IndiGo,6E 5188,2026-09-05,1,economy,,,11974.0,False,06:15,ok,2026-09-04T04:17:34.411613+05:30,2026-09-04_0417IST,airline_direct,IndiGo
BOM,BLR,6E,IndiGo,6E 5246,2026-09-05,1,economy,,,12211.0,False,07:15,ok,2026-09-04T04:17:34.411613+05:30,2026-09-04_0417IST,airline_direct,IndiGo
BOM,BLR,6E,IndiGo,6E 5201,2026-09-05,1,economy,,,14663.0,False,14:55,ok,2026-09-04T04:17:34.411613+05:30,2026-09-04_0417IST,airline_direct,IndiGo
BOM,BLR,6E,IndiGo,6E 5178,2026-09-05,1,economy,,,14806.0,False,11:40,ok,2026-09-04T04:17:34.411613+05:30,2026-09-04_0417IST,airline_direct,IndiGo
BOM,BLR,6E,IndiGo,6E 5318,2026-09-05,1,economy,,,15255.0,False,10:15,ok,2026-09-04T04:17:34.411613+05:30,2026-09-04_0417IST,airline_direct,IndiGo
BOM,BLR,6E,IndiGo,6E 5178,2026-09-05,1,economy,,,15639.0,False,11:40,ok,2026-09-04T04:17:34.411613+05:30,2026-09-04_0417IST,airline_direct,IndiGo
BOM,BLR,6E,IndiGo,6E 5318,2026-09-05,1,economy,,,16088.0,False,10:15,ok,2026-09-04T04:17:34.411613+05:30,2026-09-04_0417IST,airline_direct,IndiGo
BOM,BLR,6E,IndiGo,6E 5181,2026-09-05,1,economy,,,21215.0,False,10:25,ok,2026-09-04T04:17:34.411613+05:30,2026-09-04_0417IST,airline_direct,IndiGo
DEL,CCU,6E,IndiGo,6E 340,2026-09-05,1,business,,,26140.0,False,07:20,ok,2026-09-04T04:18:36.770352+05:30,2026-09-04_0418IST,airline_direct,IndiGo
DEL,CCU,6E,IndiGo,6E 340,2026-09-05,1,economy,,,8502.0,False,07:20,ok,2026-09-04T04:18:36.770352+05:30,2026-09-04_0418IST,airline_direct,IndiGo
DEL,CCU,6E,IndiGo,6E 513,2026-09-05,1,business,,,26140.0,False,08:30,ok,2026-09-04T04:18:36.770352+05:30,2026-09-04_0418IST,airline_direct,IndiGo
DEL,CCU,6E,IndiGo,6E 513,2026-09-05,1,economy,,,8502.0,False,08:30,ok,2026-09-04T04:18:36.770352+05:30,2026-09-04_0418IST,airline_direct,IndiGo
DEL,CCU,6E,IndiGo,6E 894,2026-09-05,1,business,,,26140.0,False,10:15,ok,2026-09-04T04:18:36.770352+05:30,2026-09-04_0418IST,airline_direct,IndiGo
DEL,CCU,6E,IndiGo,6E 894,2026-09-05,1,economy,,,8502.0,False,10:15,ok,2026-09-04T04:18:36.770352+05:30,2026-09-04_0418IST,airline_direct,IndiGo
DEL,CCU,6E,IndiGo,6E 2487,2026-09-05,1,business,,,26140.0,False,11:50,ok,2026-09-04T04:18:36.770352+05:30,2026-09-04_0418IST,airline_direct,IndiGo
DEL,CCU,6E,IndiGo,6E 2487,2026-09-05,1,economy,,,8502.0,False,11:50,ok,2026-09-04T04:18:36.770352+05:30,2026-09-04_0418IST,airline_direct,IndiGo
DEL,CCU,6E,IndiGo,6E 897,2026-09-05,1,business,,,26140.0,False,12:45,ok,2026-09-04T04:18:36.770352+05:30,2026-09-04_0418IST,airline_direct,IndiGo
DEL,CCU,6E,IndiGo,6E 897,2026-09-05,1,economy,,,8502.0,False,12:45,ok,2026-09-04T04:18:36.770352+05:30,2026-09-04_0418IST,airline_direct,IndiGo
DEL,CCU,6E,IndiGo,6E 910,2026-09-05,1,business,,,26140.0,False,14:25,ok,2026-09-04T04:18:36.770352+05:30,2026-09-04_0418IST,airline_direct,IndiGo
DEL,CCU,6E,IndiGo,6E 910,2026-09-05,1,economy,,,8502.0,False,14:25,ok,2026-09-04T04:18:36.770352+05:30,2026-09-04_0418IST,airline_direct,IndiGo
DEL,CCU,6E,IndiGo,6E 6415,2026-09-05,1,business,,,26140.0,False,16:00,ok,2026-09-04T04:18:36.770352+05:30,2026-09-04_0418IST,airline_direct,IndiGo
DEL,CCU,6E,IndiGo,6E 6415,2026-09-05,1,economy,,,8502.0,False,16:00,ok,2026-09-04T04:18:36.770352+05:30,2026-09-04_0418IST,airline_direct,IndiGo
DEL,CCU,6E,IndiGo,6E 2276,2026-09-05,1,business,,,26140.0,False,17:55,ok,2026-09-04T04:18:36.770352+05:30,2026-09-04_0418IST,airline_direct,IndiGo
DEL,CCU,6E,IndiGo,6E 2276,2026-09-05,1,economy,,,8502.0,False,17:55,ok,2026-09-04T04:18:36.770352+05:30,2026-09-04_0418IST,airline_direct,IndiGo
DEL,CCU,6E,IndiGo,6E 247,2026-09-05,1,business,,,26140.0,False,23:30,ok,2026-09-04T04:18:36.770352+05:30,2026-09-04_0418IST,airline_direct,IndiGo
DEL,CCU,6E,IndiGo,6E 247,2026-09-05,1,economy,,,8502.0,False,23:30,ok,2026-09-04T04:18:36.770352+05:30,2026-09-04_0418IST,airline_direct,IndiGo
DEL,CCU,6E,IndiGo,6E 5191,2026-09-05,1,business,,,26140.0,False,05:00,ok,2026-09-04T04:18:36.770352+05:30,2026-09-04_0418IST,airline_direct,IndiGo
DEL,CCU,6E,IndiGo,6E 5191,2026-09-05,1,economy,,,8765.0,False,05:00,ok,2026-09-04T04:18:36.770352+05:30,2026-09-04_0418IST,airline_direct,IndiGo
DEL,CCU,6E,IndiGo,6E 6517,2026-09-05,1,business,,,26140.0,False,19:30,ok,2026-09-04T04:18:36.770352+05:30,2026-09-04_0418IST,airline_direct,IndiGo
DEL,CCU,6E,IndiGo,6E 6517,2026-09-05,1,economy,,,8765.0,False,19:30,ok,2026-09-04T04:18:36.770352+05:30,2026-09-04_0418IST,airline_direct,IndiGo
DEL,CCU,6E,IndiGo,6E 2203,2026-09-05,1,economy,,,7683.0,False,04:45,ok,2026-09-04T04:18:36.770352+05:30,2026-09-04_0418IST,airline_direct,IndiGo
DEL,CCU,6E,IndiGo,6E 2331,2026-09-05,1,economy,,,7920.0,False,12:20,ok,2026-09-04T04:18:36.770352+05:30,2026-09-04_0418IST,airline_direct,IndiGo
DEL,CCU,6E,IndiGo,6E 2341,2026-09-05,1,economy,,,7920.0,False,14:50,ok,2026-09-04T04:18:36.770352+05:30,2026-09-04_0418IST,airline_direct,IndiGo
DEL,CCU,6E,IndiGo,6E 5073,2026-09-05,1,economy,,,7920.0,False,17:05,ok,2026-09-04T04:18:36.770352+05:30,2026-09-04_0418IST,airline_direct,IndiGo
DEL,CCU,6E,IndiGo,6E 717,2026-09-05,1,business,,,33334.0,False,17:55,ok,2026-09-04T04:18:36.770352+05:30,2026-09-04_0418IST,airline_direct,IndiGo
DEL,CCU,6E,IndiGo,6E 717,2026-09-05,1,economy,,,7920.0,False,17:55,ok,2026-09-04T04:18:36.770352+05:30,2026-09-04_0418IST,airline_direct,IndiGo
DEL,CCU,6E,IndiGo,6E 882,2026-09-05,1,economy,,,7920.0,False,23:15,ok,2026-09-04T04:18:36.770352+05:30,2026-09-04_0418IST,airline_direct,IndiGo
DEL,CCU,6E,IndiGo,6E 5206,2026-09-05,1,economy,,,7975.0,False,13:20,ok,2026-09-04T04:18:36.770352+05:30,2026-09-04_0418IST,airline_direct,IndiGo
DEL,CCU,6E,IndiGo,6E 2453,2026-09-05,1,economy,,,7975.0,False,13:35,ok,2026-09-04T04:18:36.770352+05:30,2026-09-04_0418IST,airline_direct,IndiGo
DEL,CCU,6E,IndiGo,6E 6440,2026-09-05,1,economy,,,7975.0,False,16:40,ok,2026-09-04T04:18:36.770352+05:30,2026-09-04_0418IST,airline_direct,IndiGo
DEL,CCU,6E,IndiGo,6E 6371,2026-09-05,1,economy,,,8025.0,False,06:20,ok,2026-09-04T04:18:36.770352+05:30,2026-09-04_0418IST,airline_direct,IndiGo
DEL,CCU,6E,IndiGo,6E 2361,2026-09-05,1,economy,,,8107.0,False,14:35,ok,2026-09-04T04:18:36.770352+05:30,2026-09-04_0418IST,airline_direct,IndiGo
DEL,CCU,6E,IndiGo,6E 5038,2026-09-05,1,economy,,,8185.0,False,14:00,ok,2026-09-04T04:18:36.770352+05:30,2026-09-04_0418IST,airline_direct,IndiGo
DEL,CCU,6E,IndiGo,6E 6124,2026-09-05,1,economy,,,8290.0,False,07:30,ok,2026-09-04T04:18:36.770352+05:30,2026-09-04_0418IST,airline_direct,IndiGo
DEL,CCU,6E,IndiGo,6E 5215,2026-09-05,1,economy,,,8290.0,False,07:45,ok,2026-09-04T04:18:36.770352+05:30,2026-09-04_0418IST,airline_direct,IndiGo
DEL,CCU,6E,IndiGo,6E 5307,2026-09-05,1,economy,,,8290.0,False,10:50,ok,2026-09-04T04:18:36.770352+05:30,2026-09-04_0418IST,airline_direct,IndiGo
DEL,CCU,6E,IndiGo,6E 5307,2026-09-05,1,economy,,,8290.0,False,10:50,ok,2026-09-04T04:18:36.770352+05:30,2026-09-04_0418IST,airline_direct,IndiGo
DEL,CCU,6E,IndiGo,6E 5041,2026-09-05,1,economy,,,8290.0,False,15:10,ok,2026-09-04T04:18:36.770352+05:30,2026-09-04_0418IST,airline_direct,IndiGo
DEL,CCU,6E,IndiGo,6E 5041,2026-09-05,1,economy,,,8290.0,False,15:10,ok,2026-09-04T04:18:36.770352+05:30,2026-09-04_0418IST,airline_direct,IndiGo
DEL,CCU,6E,IndiGo,6E 6503,2026-09-05,1,economy,,,8500.0,False,13:25,ok,2026-09-04T04:18:36.770352+05:30,2026-09-04_0418IST,airline_direct,IndiGo
DEL,CCU,6E,IndiGo,6E 705,2026-09-05,1,business,,,33806.0,False,08:30,ok,2026-09-04T04:18:36.770352+05:30,2026-09-04_0418IST,airline_direct,IndiGo
DEL,CCU,6E,IndiGo,6E 705,2026-09-05,1,economy,,,8527.0,False,08:30,ok,2026-09-04T04:18:36.770352+05:30,2026-09-04_0418IST,airline_direct,IndiGo
DEL,CCU,6E,IndiGo,6E 6236,2026-09-05,1,economy,,,8643.0,False,16:20,ok,2026-09-04T04:18:36.770352+05:30,2026-09-04_0418IST,airline_direct,IndiGo
DEL,CCU,6E,IndiGo,6E 2296,2026-09-05,1,economy,,,8853.0,False,09:20,ok,2026-09-04T04:18:36.770352+05:30,2026-09-04_0418IST,airline_direct,IndiGo
DEL,CCU,6E,IndiGo,6E 2259,2026-09-05,1,economy,,,8853.0,False,12:20,ok,2026-09-04T04:18:36.770352+05:30,2026-09-04_0418IST,airline_direct,IndiGo
DEL,CCU,6E,IndiGo,6E 2614,2026-09-05,1,economy,,,8853.0,False,14:40,ok,2026-09-04T04:18:36.770352+05:30,2026-09-04_0418IST,airline_direct,IndiGo
DEL,CCU,6E,IndiGo,6E 2614,2026-09-05,1,economy,,,8853.0,False,14:40,ok,2026-09-04T04:18:36.770352+05:30,2026-09-04_0418IST,airline_direct,IndiGo
DEL,CCU,6E,IndiGo,6E 5033,2026-09-05,1,economy,,,8853.0,False,15:50,ok,2026-09-04T04:18:36.770352+05:30,2026-09-04_0418IST,airline_direct,IndiGo
DEL,CCU,6E,IndiGo,6E 6378,2026-09-05,1,economy,,,8958.0,False,14:40,ok,2026-09-04T04:18:36.770352+05:30,2026-09-04_0418IST,airline_direct,IndiGo
DEL,CCU,6E,IndiGo,6E 2037,2026-09-05,1,economy,,,9587.0,False,10:55,ok,2026-09-04T04:18:36.770352+05:30,2026-09-04_0418IST,airline_direct,IndiGo
DEL,CCU,6E,IndiGo,6E 2037,2026-09-05,1,economy,,,9587.0,False,10:55,ok,2026-09-04T04:18:36.770352+05:30,2026-09-04_0418IST,airline_direct,IndiGo
DEL,CCU,6E,IndiGo,6E 2259,2026-09-05,1,economy,,,9587.0,False,12:20,ok,2026-09-04T04:18:36.770352+05:30,2026-09-04_0418IST,airline_direct,IndiGo
DEL,CCU,6E,IndiGo,6E 6190,2026-09-05,1,economy,,,10011.0,False,07:40,ok,2026-09-04T04:18:36.770352+05:30,2026-09-04_0418IST,airline_direct,IndiGo
DEL,CCU,6E,IndiGo,6E 6190,2026-09-05,1,economy,,,10011.0,False,07:40,ok,2026-09-04T04:18:36.770352+05:30,2026-09-04_0418IST,airline_direct,IndiGo
DEL,CCU,6E,IndiGo,6E 6245,2026-09-05,1,economy,,,10307.0,False,06:20,ok,2026-09-04T04:18:36.770352+05:30,2026-09-04_0418IST,airline_direct,IndiGo
DEL,CCU,6E,IndiGo,6E 884,2026-09-05,1,business,,,33806.0,False,11:45,ok,2026-09-04T04:18:36.770352+05:30,2026-09-04_0418IST,airline_direct,IndiGo
DEL,CCU,6E,IndiGo,6E 884,2026-09-05,1,economy,,,10735.0,False,11:45,ok,2026-09-04T04:18:36.770352+05:30,2026-09-04_0418IST,airline_direct,IndiGo
DEL,CCU,6E,IndiGo,6E 6312,2026-09-05,1,economy,,,11201.0,False,14:25,ok,2026-09-04T04:18:36.770352+05:30,2026-09-04_0418IST,airline_direct,IndiGo
DEL,CCU,6E,IndiGo,6E 734,2026-09-05,1,economy,,,11201.0,False,16:20,ok,2026-09-04T04:18:36.770352+05:30,2026-09-04_0418IST,airline_direct,IndiGo
DEL,CCU,6E,IndiGo,6E 6217,2026-09-05,1,business,,,33334.0,False,16:15,ok,2026-09-04T04:18:36.770352+05:30,2026-09-04_0418IST,airline_direct,IndiGo
DEL,CCU,6E,IndiGo,6E 6217,2026-09-05,1,economy,,,11621.0,False,16:15,ok,2026-09-04T04:18:36.770352+05:30,2026-09-04_0418IST,airline_direct,IndiGo
DEL,CCU,6E,IndiGo,6E 6282,2026-09-05,1,business,,,33806.0,False,13:30,ok,2026-09-04T04:18:36.770352+05:30,2026-09-04_0418IST,airline_direct,IndiGo
DEL,CCU,6E,IndiGo,6E 6282,2026-09-05,1,economy,,,12595.0,False,13:30,ok,2026-09-04T04:18:36.770352+05:30,2026-09-04_0418IST,airline_direct,IndiGo
DEL,CCU,6E,IndiGo,6E 5119,2026-09-05,1,economy,,,13170.0,False,05:10,ok,2026-09-04T04:18:36.770352+05:30,2026-09-04_0418IST,airline_direct,IndiGo
DEL,CCU,6E,IndiGo,6E 6130,2026-09-05,1,economy,,,13326.0,False,12:55,ok,2026-09-04T04:18:36.770352+05:30,2026-09-04_0418IST,airline_direct,IndiGo
DEL,CCU,6E,IndiGo,6E 6829,2026-09-05,1,economy,,,13457.0,False,17:20,ok,2026-09-04T04:18:36.770352+05:30,2026-09-04_0418IST,airline_direct,IndiGo
DEL,CCU,6E,IndiGo,6E 704,2026-09-05,1,business,,,33334.0,False,02:25,ok,2026-09-04T04:18:36.770352+05:30,2026-09-04_0418IST,airline_direct,IndiGo
DEL,CCU,6E,IndiGo,6E 704,2026-09-05,1,economy,,,13667.0,False,02:25,ok,2026-09-04T04:18:36.770352+05:30,2026-09-04_0418IST,airline_direct,IndiGo
DEL,CCU,6E,IndiGo,6E 704,2026-09-05,1,business,,,33806.0,False,02:25,ok,2026-09-04T04:18:36.770352+05:30,2026-09-04_0418IST,airline_direct,IndiGo
DEL,CCU,6E,IndiGo,6E 704,2026-09-05,1,economy,,,14845.0,False,02:25,ok,2026-09-04T04:18:36.770352+05:30,2026-09-04_0418IST,airline_direct,IndiGo
DEL,CCU,6E,IndiGo,6E 203,2026-09-05,1,business,,,33806.0,False,07:10,ok,2026-09-04T04:18:36.770352+05:30,2026-09-04_0418IST,airline_direct,IndiGo
DEL,CCU,6E,IndiGo,6E 203,2026-09-05,1,economy,,,14845.0,False,07:10,ok,2026-09-04T04:18:36.770352+05:30,2026-09-04_0418IST,airline_direct,IndiGo
DEL,CCU,6E,IndiGo,6E 2296,2026-09-05,1,economy,,,15799.0,False,09:20,ok,2026-09-04T04:18:36.770352+05:30,2026-09-04_0418IST,airline_direct,IndiGo
DEL,CCU,6E,IndiGo,6E 6459,2026-09-05,1,economy,,,16336.0,False,05:55,ok,2026-09-04T04:18:36.770352+05:30,2026-09-04_0418IST,airline_direct,IndiGo
DEL,CCU,6E,IndiGo,6E 6073,2026-09-05,1,economy,,,18550.0,False,05:00,ok,2026-09-04T04:18:36.770352+05:30,2026-09-04_0418IST,airline_direct,IndiGo
BLR,HYD,6E,IndiGo,6E 3102,2026-09-05,1,economy,,,4235.0,False,05:10,ok,2026-09-04T04:19:43.429961+05:30,2026-09-04_0419IST,airline_direct,IndiGo
BLR,HYD,6E,IndiGo,6E 6178,2026-09-05,1,economy,,,7361.0,False,06:25,ok,2026-09-04T04:19:43.429961+05:30,2026-09-04_0419IST,airline_direct,IndiGo
BLR,HYD,6E,IndiGo,6E 312,2026-09-05,1,economy,,,8010.0,False,09:15,ok,2026-09-04T04:19:43.429961+05:30,2026-09-04_0419IST,airline_direct,IndiGo
BLR,HYD,6E,IndiGo,6E 407,2026-09-05,1,economy,,,8010.0,False,14:50,ok,2026-09-04T04:19:43.429961+05:30,2026-09-04_0419IST,airline_direct,IndiGo
BLR,HYD,6E,IndiGo,6E 6067,2026-09-05,1,economy,,,8010.0,False,16:30,ok,2026-09-04T04:19:43.429961+05:30,2026-09-04_0419IST,airline_direct,IndiGo
BLR,HYD,6E,IndiGo,6E 6784,2026-09-05,1,economy,,,8010.0,False,21:30,ok,2026-09-04T04:19:43.429961+05:30,2026-09-04_0419IST,airline_direct,IndiGo
BLR,HYD,6E,IndiGo,6E 6404,2026-09-05,1,economy,,,8727.0,False,11:35,ok,2026-09-04T04:19:43.429961+05:30,2026-09-04_0419IST,airline_direct,IndiGo
BLR,HYD,6E,IndiGo,6E 484,2026-09-05,1,economy,,,9518.0,False,08:15,ok,2026-09-04T04:19:43.429961+05:30,2026-09-04_0419IST,airline_direct,IndiGo
BLR,HYD,6E,IndiGo,6E 537,2026-09-05,1,economy,,,9518.0,False,10:15,ok,2026-09-04T04:19:43.429961+05:30,2026-09-04_0419IST,airline_direct,IndiGo
BLR,HYD,6E,IndiGo,6E 638,2026-09-05,1,economy,,,9518.0,False,18:35,ok,2026-09-04T04:19:43.429961+05:30,2026-09-04_0419IST,airline_direct,IndiGo
BLR,HYD,6E,IndiGo,6E 855,2026-09-05,1,economy,,,9518.0,False,19:45,ok,2026-09-04T04:19:43.429961+05:30,2026-09-04_0419IST,airline_direct,IndiGo
BLR,HYD,6E,IndiGo,6E 6269,2026-09-05,1,economy,,,4553.0,False,07:15,ok,2026-09-04T04:19:43.429961+05:30,2026-09-04_0419IST,airline_direct,IndiGo
BLR,HYD,6E,IndiGo,6E 6208,2026-09-05,1,economy,,,4553.0,False,12:50,ok,2026-09-04T04:19:43.429961+05:30,2026-09-04_0419IST,airline_direct,IndiGo
BLR,HYD,6E,IndiGo,6E 356,2026-09-05,1,economy,,,4553.0,False,17:15,ok,2026-09-04T04:19:43.429961+05:30,2026-09-04_0419IST,airline_direct,IndiGo
BLR,HYD,6E,IndiGo,6E 356,2026-09-05,1,economy,,,4553.0,False,17:15,ok,2026-09-04T04:19:43.429961+05:30,2026-09-04_0419IST,airline_direct,IndiGo
BLR,HYD,6E,IndiGo,6E 6017,2026-09-05,1,economy,,,4553.0,False,18:15,ok,2026-09-04T04:19:43.429961+05:30,2026-09-04_0419IST,airline_direct,IndiGo
BLR,HYD,6E,IndiGo,6E 105,2026-09-05,1,economy,,,4553.0,False,18:45,ok,2026-09-04T04:19:43.429961+05:30,2026-09-04_0419IST,airline_direct,IndiGo
BLR,HYD,6E,IndiGo,6E 105,2026-09-05,1,economy,,,4553.0,False,18:45,ok,2026-09-04T04:19:43.429961+05:30,2026-09-04_0419IST,airline_direct,IndiGo
BLR,HYD,6E,IndiGo,6E 441,2026-09-05,1,economy,,,4553.0,False,20:40,ok,2026-09-04T04:19:43.429961+05:30,2026-09-04_0419IST,airline_direct,IndiGo
BLR,HYD,6E,IndiGo,6E 528,2026-09-05,1,economy,,,4553.0,False,21:40,ok,2026-09-04T04:19:43.429961+05:30,2026-09-04_0419IST,airline_direct,IndiGo
BLR,HYD,6E,IndiGo,6E 116,2026-09-05,1,economy,,,4553.0,False,23:05,ok,2026-09-04T04:19:43.429961+05:30,2026-09-04_0419IST,airline_direct,IndiGo
BLR,HYD,6E,IndiGo,6E 6336,2026-09-05,1,economy,,,4967.0,False,12:40,ok,2026-09-04T04:19:43.429961+05:30,2026-09-04_0419IST,airline_direct,IndiGo
BLR,HYD,6E,IndiGo,6E 7071,2026-09-05,1,economy,,,5146.0,False,10:55,ok,2026-09-04T04:19:43.429961+05:30,2026-09-04_0419IST,airline_direct,IndiGo
BLR,HYD,6E,IndiGo,6E 6208,2026-09-05,1,economy,,,5146.0,False,12:50,ok,2026-09-04T04:19:43.429961+05:30,2026-09-04_0419IST,airline_direct,IndiGo
BLR,HYD,6E,IndiGo,6E 6208,2026-09-05,1,economy,,,5146.0,False,12:50,ok,2026-09-04T04:19:43.429961+05:30,2026-09-04_0419IST,airline_direct,IndiGo
BLR,HYD,6E,IndiGo,6E 576,2026-09-05,1,economy,,,5146.0,False,16:25,ok,2026-09-04T04:19:43.429961+05:30,2026-09-04_0419IST,airline_direct,IndiGo
BLR,HYD,6E,IndiGo,6E 6336,2026-09-05,1,economy,,,5277.0,False,12:40,ok,2026-09-04T04:19:43.429961+05:30,2026-09-04_0419IST,airline_direct,IndiGo
BLR,HYD,6E,IndiGo,6E 6702,2026-09-05,1,economy,,,5486.0,False,05:20,ok,2026-09-04T04:19:43.429961+05:30,2026-09-04_0419IST,airline_direct,IndiGo
BLR,HYD,6E,IndiGo,6E 6445,2026-09-05,1,economy,,,5486.0,False,10:25,ok,2026-09-04T04:19:43.429961+05:30,2026-09-04_0419IST,airline_direct,IndiGo
BLR,HYD,6E,IndiGo,6E 904,2026-09-05,1,economy,,,5486.0,False,10:50,ok,2026-09-04T04:19:43.429961+05:30,2026-09-04_0419IST,airline_direct,IndiGo
BLR,HYD,6E,IndiGo,6E 6445,2026-09-05,1,economy,,,5861.0,False,10:25,ok,2026-09-04T04:19:43.429961+05:30,2026-09-04_0419IST,airline_direct,IndiGo
BLR,HYD,6E,IndiGo,6E 414,2026-09-05,1,economy,,,5861.0,False,14:45,ok,2026-09-04T04:19:43.429961+05:30,2026-09-04_0419IST,airline_direct,IndiGo
BLR,HYD,6E,IndiGo,6E 6554,2026-09-05,1,economy,,,5861.0,False,19:15,ok,2026-09-04T04:19:43.429961+05:30,2026-09-04_0419IST,airline_direct,IndiGo
BLR,HYD,6E,IndiGo,6E 6542,2026-09-05,1,economy,,,6271.0,False,13:10,ok,2026-09-04T04:19:43.429961+05:30,2026-09-04_0419IST,airline_direct,IndiGo
BLR,HYD,6E,IndiGo,6E 6542,2026-09-05,1,economy,,,6271.0,False,13:10,ok,2026-09-04T04:19:43.429961+05:30,2026-09-04_0419IST,airline_direct,IndiGo
BLR,HYD,6E,IndiGo,6E 6269,2026-09-05,1,economy,,,6724.0,False,07:15,ok,2026-09-04T04:19:43.429961+05:30,2026-09-04_0419IST,airline_direct,IndiGo
BLR,HYD,6E,IndiGo,6E 6168,2026-09-05,1,economy,,,6724.0,False,17:40,ok,2026-09-04T04:19:43.429961+05:30,2026-09-04_0419IST,airline_direct,IndiGo
BLR,HYD,6E,IndiGo,6E 7227,2026-09-05,1,economy,,,7090.0,False,06:25,ok,2026-09-04T04:19:43.429961+05:30,2026-09-04_0419IST,airline_direct,IndiGo
BLR,HYD,6E,IndiGo,6E 6702,2026-09-05,1,economy,,,7221.0,False,05:20,ok,2026-09-04T04:19:43.429961+05:30,2026-09-04_0419IST,airline_direct,IndiGo
BLR,HYD,6E,IndiGo,6E 857,2026-09-05,1,economy,,,7221.0,False,07:05,ok,2026-09-04T04:19:43.429961+05:30,2026-09-04_0419IST,airline_direct,IndiGo
BLR,HYD,6E,IndiGo,6E 763,2026-09-05,1,economy,,,7221.0,False,07:05,ok,2026-09-04T04:19:43.429961+05:30,2026-09-04_0419IST,airline_direct,IndiGo
BLR,HYD,6E,IndiGo,6E 857,2026-09-05,1,economy,,,7221.0,False,07:05,ok,2026-09-04T04:19:43.429961+05:30,2026-09-04_0419IST,airline_direct,IndiGo
BLR,HYD,6E,IndiGo,6E 763,2026-09-05,1,economy,,,7221.0,False,07:05,ok,2026-09-04T04:19:43.429961+05:30,2026-09-04_0419IST,airline_direct,IndiGo
BLR,HYD,6E,IndiGo,6E 763,2026-09-05,1,economy,,,7221.0,False,07:05,ok,2026-09-04T04:19:43.429961+05:30,2026-09-04_0419IST,airline_direct,IndiGo
BLR,HYD,6E,IndiGo,6E 6104,2026-09-05,1,economy,,,7221.0,False,11:40,ok,2026-09-04T04:19:43.429961+05:30,2026-09-04_0419IST,airline_direct,IndiGo
BLR,HYD,6E,IndiGo,6E 6753,2026-09-05,1,economy,,,7221.0,False,15:15,ok,2026-09-04T04:19:43.429961+05:30,2026-09-04_0419IST,airline_direct,IndiGo
BLR,HYD,6E,IndiGo,6E 6168,2026-09-05,1,economy,,,7221.0,False,17:40,ok,2026-09-04T04:19:43.429961+05:30,2026-09-04_0419IST,airline_direct,IndiGo
BLR,HYD,6E,IndiGo,6E 6563,2026-09-05,1,economy,,,7767.0,False,01:05,ok,2026-09-04T04:19:43.429961+05:30,2026-09-04_0419IST,airline_direct,IndiGo
BLR,HYD,6E,IndiGo,6E 6876,2026-09-05,1,economy,,,7767.0,False,02:40,ok,2026-09-04T04:19:43.429961+05:30,2026-09-04_0419IST,airline_direct,IndiGo
BLR,HYD,6E,IndiGo,6E 6104,2026-09-05,1,economy,,,7767.0,False,11:40,ok,2026-09-04T04:19:43.429961+05:30,2026-09-04_0419IST,airline_direct,IndiGo
BLR,HYD,6E,IndiGo,6E 6653,2026-09-05,1,economy,,,7767.0,False,12:35,ok,2026-09-04T04:19:43.429961+05:30,2026-09-04_0419IST,airline_direct,IndiGo
BLR,HYD,6E,IndiGo,6E 703,2026-09-05,1,economy,,,7767.0,False,12:55,ok,2026-09-04T04:19:43.429961+05:30,2026-09-04_0419IST,airline_direct,IndiGo
BLR,HYD,6E,IndiGo,6E 7204,2026-09-05,1,economy,,,7961.0,False,06:50,ok,2026-09-04T04:19:43.429961+05:30,2026-09-04_0419IST,airline_direct,IndiGo
BLR,HYD,6E,IndiGo,6E 904,2026-09-05,1,economy,,,8369.0,False,10:50,ok,2026-09-04T04:19:43.429961+05:30,2026-09-04_0419IST,airline_direct,IndiGo
BLR,HYD,6E,IndiGo,6E 6653,2026-09-05,1,economy,,,8369.0,False,12:35,ok,2026-09-04T04:19:43.429961+05:30,2026-09-04_0419IST,airline_direct,IndiGo
BLR,HYD,6E,IndiGo,6E 7204,2026-09-05,1,economy,,,10554.0,False,06:50,ok,2026-09-04T04:19:43.429961+05:30,2026-09-04_0419IST,airline_direct,IndiGo
BLR,HYD,6E,IndiGo,6E 6583,2026-09-05,1,economy,,,10685.0,False,10:40,ok,2026-09-04T04:19:43.429961+05:30,2026-09-04_0419IST,airline_direct,IndiGo
BLR,HYD,6E,IndiGo,6E 6583,2026-09-05,1,economy,,,10685.0,False,10:40,ok,2026-09-04T04:19:43.429961+05:30,2026-09-04_0419IST,airline_direct,IndiGo
BLR,HYD,6E,IndiGo,6E 5306,2026-09-05,1,economy,,,12396.0,False,14:35,ok,2026-09-04T04:19:43.429961+05:30,2026-09-04_0419IST,airline_direct,IndiGo
BLR,HYD,6E,IndiGo,6E 109,2026-09-05,1,economy,,,12396.0,False,17:00,ok,2026-09-04T04:19:43.429961+05:30,2026-09-04_0419IST,airline_direct,IndiGo
BLR,HYD,6E,IndiGo,6E 6162,2026-09-05,1,economy,,,12396.0,False,18:50,ok,2026-09-04T04:19:43.429961+05:30,2026-09-04_0419IST,airline_direct,IndiGo
MAA,DEL,6E,IndiGo,6E 404,2026-09-05,1,business,,,28240.0,False,09:15,ok,2026-09-04T04:20:37.512594+05:30,2026-09-04_0420IST,airline_direct,IndiGo
MAA,DEL,6E,IndiGo,6E 404,2026-09-05,1,economy,,,9830.0,False,09:15,ok,2026-09-04T04:20:37.512594+05:30,2026-09-04_0420IST,airline_direct,IndiGo
MAA,DEL,6E,IndiGo,6E 937,2026-09-05,1,business,,,28240.0,False,06:30,ok,2026-09-04T04:20:37.512594+05:30,2026-09-04_0420IST,airline_direct,IndiGo
MAA,DEL,6E,IndiGo,6E 937,2026-09-05,1,economy,,,10295.0,False,06:30,ok,2026-09-04T04:20:37.512594+05:30,2026-09-04_0420IST,airline_direct,IndiGo
MAA,DEL,6E,IndiGo,6E 6002,2026-09-05,1,business,,,28240.0,False,11:10,ok,2026-09-04T04:20:37.512594+05:30,2026-09-04_0420IST,airline_direct,IndiGo
MAA,DEL,6E,IndiGo,6E 6002,2026-09-05,1,economy,,,10295.0,False,11:10,ok,2026-09-04T04:20:37.512594+05:30,2026-09-04_0420IST,airline_direct,IndiGo
MAA,DEL,6E,IndiGo,6E 939,2026-09-05,1,business,,,28240.0,False,13:00,ok,2026-09-04T04:20:37.512594+05:30,2026-09-04_0420IST,airline_direct,IndiGo
MAA,DEL,6E,IndiGo,6E 939,2026-09-05,1,economy,,,10295.0,False,13:00,ok,2026-09-04T04:20:37.512594+05:30,2026-09-04_0420IST,airline_direct,IndiGo
MAA,DEL,6E,IndiGo,6E 948,2026-09-05,1,business,,,28240.0,False,14:30,ok,2026-09-04T04:20:37.512594+05:30,2026-09-04_0420IST,airline_direct,IndiGo
MAA,DEL,6E,IndiGo,6E 948,2026-09-05,1,economy,,,11850.0,False,14:30,ok,2026-09-04T04:20:37.512594+05:30,2026-09-04_0420IST,airline_direct,IndiGo
MAA,DEL,6E,IndiGo,6E 698,2026-09-05,1,business,,,28240.0,False,16:45,ok,2026-09-04T04:20:37.512594+05:30,2026-09-04_0420IST,airline_direct,IndiGo
MAA,DEL,6E,IndiGo,6E 698,2026-09-05,1,economy,,,14354.0,False,16:45,ok,2026-09-04T04:20:37.512594+05:30,2026-09-04_0420IST,airline_direct,IndiGo
MAA,DEL,6E,IndiGo,6E 2369,2026-09-05,1,business,,,28240.0,False,23:45,ok,2026-09-04T04:20:37.512594+05:30,2026-09-04_0420IST,airline_direct,IndiGo
MAA,DEL,6E,IndiGo,6E 2369,2026-09-05,1,economy,,,15824.0,False,23:45,ok,2026-09-04T04:20:37.512594+05:30,2026-09-04_0420IST,airline_direct,IndiGo
MAA,DEL,6E,IndiGo,6E 613,2026-09-05,1,business,,,28240.0,False,19:00,ok,2026-09-04T04:20:37.512594+05:30,2026-09-04_0420IST,airline_direct,IndiGo
MAA,DEL,6E,IndiGo,6E 613,2026-09-05,1,economy,,,16620.0,False,19:00,ok,2026-09-04T04:20:37.512594+05:30,2026-09-04_0420IST,airline_direct,IndiGo
MAA,DEL,6E,IndiGo,6E 6518,2026-09-05,1,economy,,,11733.0,False,12:15,ok,2026-09-04T04:20:37.512594+05:30,2026-09-04_0420IST,airline_direct,IndiGo
MAA,DEL,6E,IndiGo,6E 253,2026-09-05,1,economy,,,11835.0,False,03:10,ok,2026-09-04T04:20:37.512594+05:30,2026-09-04_0420IST,airline_direct,IndiGo
MAA,DEL,6E,IndiGo,6E 6797,2026-09-05,1,economy,,,11913.0,False,13:10,ok,2026-09-04T04:20:37.512594+05:30,2026-09-04_0420IST,airline_direct,IndiGo
MAA,DEL,6E,IndiGo,6E 244,2026-09-05,1,economy,,,12123.0,False,03:55,ok,2026-09-04T04:20:37.512594+05:30,2026-09-04_0420IST,airline_direct,IndiGo
MAA,DEL,6E,IndiGo,6E 607,2026-09-05,1,economy,,,12123.0,False,04:50,ok,2026-09-04T04:20:37.512594+05:30,2026-09-04_0420IST,airline_direct,IndiGo
MAA,DEL,6E,IndiGo,6E 495,2026-09-05,1,economy,,,12123.0,False,07:10,ok,2026-09-04T04:20:37.512594+05:30,2026-09-04_0420IST,airline_direct,IndiGo
MAA,DEL,6E,IndiGo,6E 495,2026-09-05,1,economy,,,12123.0,False,07:10,ok,2026-09-04T04:20:37.512594+05:30,2026-09-04_0420IST,airline_direct,IndiGo
MAA,DEL,6E,IndiGo,6E 834,2026-09-05,1,economy,,,12123.0,False,09:05,ok,2026-09-04T04:20:37.512594+05:30,2026-09-04_0420IST,airline_direct,IndiGo
MAA,DEL,6E,IndiGo,6E 834,2026-09-05,1,economy,,,12123.0,False,09:05,ok,2026-09-04T04:20:37.512594+05:30,2026-09-04_0420IST,airline_direct,IndiGo
MAA,DEL,6E,IndiGo,6E 372,2026-09-05,1,economy,,,12123.0,False,09:55,ok,2026-09-04T04:20:37.512594+05:30,2026-09-04_0420IST,airline_direct,IndiGo
MAA,DEL,6E,IndiGo,6E 372,2026-09-05,1,economy,,,12123.0,False,09:55,ok,2026-09-04T04:20:37.512594+05:30,2026-09-04_0420IST,airline_direct,IndiGo
MAA,DEL,6E,IndiGo,6E 539,2026-09-05,1,economy,,,12123.0,False,11:25,ok,2026-09-04T04:20:37.512594+05:30,2026-09-04_0420IST,airline_direct,IndiGo
MAA,DEL,6E,IndiGo,6E 973,2026-09-05,1,economy,,,12123.0,False,11:55,ok,2026-09-04T04:20:37.512594+05:30,2026-09-04_0420IST,airline_direct,IndiGo
MAA,DEL,6E,IndiGo,6E 6925,2026-09-05,1,economy,,,12123.0,False,12:00,ok,2026-09-04T04:20:37.512594+05:30,2026-09-04_0420IST,airline_direct,IndiGo
MAA,DEL,6E,IndiGo,6E 6925,2026-09-05,1,economy,,,12123.0,False,12:00,ok,2026-09-04T04:20:37.512594+05:30,2026-09-04_0420IST,airline_direct,IndiGo
MAA,DEL,6E,IndiGo,6E 183,2026-09-05,1,business,,,34079.0,False,16:35,ok,2026-09-04T04:20:37.512594+05:30,2026-09-04_0420IST,airline_direct,IndiGo
MAA,DEL,6E,IndiGo,6E 183,2026-09-05,1,economy,,,12123.0,False,16:35,ok,2026-09-04T04:20:37.512594+05:30,2026-09-04_0420IST,airline_direct,IndiGo
MAA,DEL,6E,IndiGo,6E 848,2026-09-05,1,economy,,,12123.0,False,17:50,ok,2026-09-04T04:20:37.512594+05:30,2026-09-04_0420IST,airline_direct,IndiGo
MAA,DEL,6E,IndiGo,6E 193,2026-09-05,1,economy,,,12123.0,False,20:00,ok,2026-09-04T04:20:37.512594+05:30,2026-09-04_0420IST,airline_direct,IndiGo
MAA,DEL,6E,IndiGo,6E 6487,2026-09-05,1,economy,,,12123.0,False,21:25,ok,2026-09-04T04:20:37.512594+05:30,2026-09-04_0420IST,airline_direct,IndiGo
MAA,DEL,6E,IndiGo,6E 561,2026-09-05,1,business,,,35965.0,False,22:20,ok,2026-09-04T04:20:37.512594+05:30,2026-09-04_0420IST,airline_direct,IndiGo
MAA,DEL,6E,IndiGo,6E 561,2026-09-05,1,economy,,,12123.0,False,22:20,ok,2026-09-04T04:20:37.512594+05:30,2026-09-04_0420IST,airline_direct,IndiGo
MAA,DEL,6E,IndiGo,6E 6081,2026-09-05,1,economy,,,12202.0,False,07:05,ok,2026-09-04T04:20:37.512594+05:30,2026-09-04_0420IST,airline_direct,IndiGo
MAA,DEL,6E,IndiGo,6E 6081,2026-09-05,1,economy,,,12202.0,False,07:05,ok,2026-09-04T04:20:37.512594+05:30,2026-09-04_0420IST,airline_direct,IndiGo
MAA,DEL,6E,IndiGo,6E 6815,2026-09-05,1,economy,,,12202.0,False,08:55,ok,2026-09-04T04:20:37.512594+05:30,2026-09-04_0420IST,airline_direct,IndiGo
MAA,DEL,6E,IndiGo,6E 6892,2026-09-05,1,economy,,,12202.0,False,10:55,ok,2026-09-04T04:20:37.512594+05:30,2026-09-04_0420IST,airline_direct,IndiGo
MAA,DEL,6E,IndiGo,6E 6892,2026-09-05,1,economy,,,12202.0,False,10:55,ok,2026-09-04T04:20:37.512594+05:30,2026-09-04_0420IST,airline_direct,IndiGo
MAA,DEL,6E,IndiGo,6E 6209,2026-09-05,1,economy,,,12202.0,False,14:35,ok,2026-09-04T04:20:37.512594+05:30,2026-09-04_0420IST,airline_direct,IndiGo
MAA,DEL,6E,IndiGo,6E 6209,2026-09-05,1,economy,,,12202.0,False,14:35,ok,2026-09-04T04:20:37.512594+05:30,2026-09-04_0420IST,airline_direct,IndiGo
MAA,DEL,6E,IndiGo,6E 847,2026-09-05,1,economy,,,12202.0,False,16:15,ok,2026-09-04T04:20:37.512594+05:30,2026-09-04_0420IST,airline_direct,IndiGo
MAA,DEL,6E,IndiGo,6E 726,2026-09-05,1,economy,,,12202.0,False,18:20,ok,2026-09-04T04:20:37.512594+05:30,2026-09-04_0420IST,airline_direct,IndiGo
MAA,DEL,6E,IndiGo,6E 5093,2026-09-05,1,business,,,44565.0,False,05:00,ok,2026-09-04T04:20:37.512594+05:30,2026-09-04_0420IST,airline_direct,IndiGo
MAA,DEL,6E,IndiGo,6E 5093,2026-09-05,1,economy,,,12333.0,False,05:00,ok,2026-09-04T04:20:37.512594+05:30,2026-09-04_0420IST,airline_direct,IndiGo
MAA,DEL,6E,IndiGo,6E 5314,2026-09-05,1,business,,,43340.0,False,06:45,ok,2026-09-04T04:20:37.512594+05:30,2026-09-04_0420IST,airline_direct,IndiGo
MAA,DEL,6E,IndiGo,6E 5314,2026-09-05,1,economy,,,12333.0,False,06:45,ok,2026-09-04T04:20:37.512594+05:30,2026-09-04_0420IST,airline_direct,IndiGo
MAA,DEL,6E,IndiGo,6E 321,2026-09-05,1,business,,,36291.0,False,08:20,ok,2026-09-04T04:20:37.512594+05:30,2026-09-04_0420IST,airline_direct,IndiGo
MAA,DEL,6E,IndiGo,6E 321,2026-09-05,1,economy,,,12333.0,False,08:20,ok,2026-09-04T04:20:37.512594+05:30,2026-09-04_0420IST,airline_direct,IndiGo
MAA,DEL,6E,IndiGo,6E 6348,2026-09-05,1,business,,,43340.0,False,09:00,ok,2026-09-04T04:20:37.512594+05:30,2026-09-04_0420IST,airline_direct,IndiGo
MAA,DEL,6E,IndiGo,6E 6348,2026-09-05,1,economy,,,12333.0,False,09:00,ok,2026-09-04T04:20:37.512594+05:30,2026-09-04_0420IST,airline_direct,IndiGo
MAA,DEL,6E,IndiGo,6E 6348,2026-09-05,1,business,,,43340.0,False,09:00,ok,2026-09-04T04:20:37.512594+05:30,2026-09-04_0420IST,airline_direct,IndiGo
MAA,DEL,6E,IndiGo,6E 6348,2026-09-05,1,economy,,,12333.0,False,09:00,ok,2026-09-04T04:20:37.512594+05:30,2026-09-04_0420IST,airline_direct,IndiGo
MAA,DEL,6E,IndiGo,6E 5214,2026-09-05,1,business,,,43340.0,False,11:00,ok,2026-09-04T04:20:37.512594+05:30,2026-09-04_0420IST,airline_direct,IndiGo
MAA,DEL,6E,IndiGo,6E 5214,2026-09-05,1,economy,,,12333.0,False,11:00,ok,2026-09-04T04:20:37.512594+05:30,2026-09-04_0420IST,airline_direct,IndiGo
MAA,DEL,6E,IndiGo,6E 6326,2026-09-05,1,business,,,37825.0,False,11:45,ok,2026-09-04T04:20:37.512594+05:30,2026-09-04_0420IST,airline_direct,IndiGo
MAA,DEL,6E,IndiGo,6E 6326,2026-09-05,1,economy,,,12333.0,False,11:45,ok,2026-09-04T04:20:37.512594+05:30,2026-09-04_0420IST,airline_direct,IndiGo
MAA,DEL,6E,IndiGo,6E 5258,2026-09-05,1,business,,,39741.0,False,12:45,ok,2026-09-04T04:20:37.512594+05:30,2026-09-04_0420IST,airline_direct,IndiGo
MAA,DEL,6E,IndiGo,6E 5258,2026-09-05,1,economy,,,12333.0,False,12:45,ok,2026-09-04T04:20:37.512594+05:30,2026-09-04_0420IST,airline_direct,IndiGo
MAA,DEL,6E,IndiGo,6E 5258,2026-09-05,1,business,,,39741.0,False,12:45,ok,2026-09-04T04:20:37.512594+05:30,2026-09-04_0420IST,airline_direct,IndiGo
MAA,DEL,6E,IndiGo,6E 5258,2026-09-05,1,economy,,,12333.0,False,12:45,ok,2026-09-04T04:20:37.512594+05:30,2026-09-04_0420IST,airline_direct,IndiGo
MAA,DEL,6E,IndiGo,6E 5371,2026-09-05,1,business,,,47116.0,False,14:45,ok,2026-09-04T04:20:37.512594+05:30,2026-09-04_0420IST,airline_direct,IndiGo
MAA,DEL,6E,IndiGo,6E 5371,2026-09-05,1,economy,,,12333.0,False,14:45,ok,2026-09-04T04:20:37.512594+05:30,2026-09-04_0420IST,airline_direct,IndiGo
MAA,DEL,6E,IndiGo,6E 5104,2026-09-05,1,business,,,39741.0,False,16:40,ok,2026-09-04T04:20:37.512594+05:30,2026-09-04_0420IST,airline_direct,IndiGo
MAA,DEL,6E,IndiGo,6E 5104,2026-09-05,1,economy,,,12333.0,False,16:40,ok,2026-09-04T04:20:37.512594+05:30,2026-09-04_0420IST,airline_direct,IndiGo
MAA,DEL,6E,IndiGo,6E 6113,2026-09-05,1,economy,,,12333.0,False,17:00,ok,2026-09-04T04:20:37.512594+05:30,2026-09-04_0420IST,airline_direct,IndiGo
MAA,DEL,6E,IndiGo,6E 606,2026-09-05,1,business,,,36291.0,False,18:05,ok,2026-09-04T04:20:37.512594+05:30,2026-09-04_0420IST,airline_direct,IndiGo
MAA,DEL,6E,IndiGo,6E 606,2026-09-05,1,economy,,,12333.0,False,18:05,ok,2026-09-04T04:20:37.512594+05:30,2026-09-04_0420IST,airline_direct,IndiGo
MAA,DEL,6E,IndiGo,6E 5367,2026-09-05,1,business,,,39741.0,False,18:15,ok,2026-09-04T04:20:37.512594+05:30,2026-09-04_0420IST,airline_direct,IndiGo
MAA,DEL,6E,IndiGo,6E 5367,2026-09-05,1,economy,,,12333.0,False,18:15,ok,2026-09-04T04:20:37.512594+05:30,2026-09-04_0420IST,airline_direct,IndiGo
MAA,DEL,6E,IndiGo,6E 562,2026-09-05,1,economy,,,12366.0,False,18:20,ok,2026-09-04T04:20:37.512594+05:30,2026-09-04_0420IST,airline_direct,IndiGo
MAA,DEL,6E,IndiGo,6E 597,2026-09-05,1,economy,,,12490.0,False,17:45,ok,2026-09-04T04:20:37.512594+05:30,2026-09-04_0420IST,airline_direct,IndiGo
MAA,DEL,6E,IndiGo,6E 6158,2026-09-05,1,economy,,,12812.0,False,16:10,ok,2026-09-04T04:20:37.512594+05:30,2026-09-04_0420IST,airline_direct,IndiGo
MAA,DEL,6E,IndiGo,6E 7084,2026-09-05,1,economy,,,14103.0,False,07:35,ok,2026-09-04T04:20:37.512594+05:30,2026-09-04_0420IST,airline_direct,IndiGo
MAA,DEL,6E,IndiGo,6E 365,2026-09-05,1,economy,,,14849.0,False,17:45,ok,2026-09-04T04:20:37.512594+05:30,2026-09-04_0420IST,airline_direct,IndiGo
MAA,DEL,6E,IndiGo,6E 401,2026-09-05,1,economy,,,27722.0,False,08:10,ok,2026-09-04T04:20:37.512594+05:30,2026-09-04_0420IST,airline_direct,IndiGo
DEL,BOM,6E,IndiGo,6E 449,2026-09-11,7,business,,,24260.0,False,05:00,ok,2026-09-04T04:21:31.847950+05:30,2026-09-04_0421IST,airline_direct,IndiGo
DEL,BOM,6E,IndiGo,6E 449,2026-09-11,7,economy,,,6305.0,False,05:00,ok,2026-09-04T04:21:31.847950+05:30,2026-09-04_0421IST,airline_direct,IndiGo
DEL,BOM,6E,IndiGo,6E 675,2026-09-11,7,business,,,24260.0,False,08:45,ok,2026-09-04T04:21:31.847950+05:30,2026-09-04_0421IST,airline_direct,IndiGo
DEL,BOM,6E,IndiGo,6E 675,2026-09-11,7,economy,,,6305.0,False,08:45,ok,2026-09-04T04:21:31.847950+05:30,2026-09-04_0421IST,airline_direct,IndiGo
DEL,BOM,6E,IndiGo,6E 6107,2026-09-11,7,business,,,24260.0,False,09:30,ok,2026-09-04T04:21:31.847950+05:30,2026-09-04_0421IST,airline_direct,IndiGo
DEL,BOM,6E,IndiGo,6E 6107,2026-09-11,7,economy,,,6305.0,False,09:30,ok,2026-09-04T04:21:31.847950+05:30,2026-09-04_0421IST,airline_direct,IndiGo
DEL,BOM,6E,IndiGo,6E 6328,2026-09-11,7,business,,,24260.0,False,10:15,ok,2026-09-04T04:21:31.847950+05:30,2026-09-04_0421IST,airline_direct,IndiGo
DEL,BOM,6E,IndiGo,6E 6328,2026-09-11,7,economy,,,6305.0,False,10:15,ok,2026-09-04T04:21:31.847950+05:30,2026-09-04_0421IST,airline_direct,IndiGo
DEL,BOM,6E,IndiGo,6E 6047,2026-09-11,7,business,,,24260.0,False,11:00,ok,2026-09-04T04:21:31.847950+05:30,2026-09-04_0421IST,airline_direct,IndiGo
DEL,BOM,6E,IndiGo,6E 6047,2026-09-11,7,economy,,,6305.0,False,11:00,ok,2026-09-04T04:21:31.847950+05:30,2026-09-04_0421IST,airline_direct,IndiGo
DEL,BOM,6E,IndiGo,6E 6676,2026-09-11,7,business,,,24260.0,False,12:00,ok,2026-09-04T04:21:31.847950+05:30,2026-09-04_0421IST,airline_direct,IndiGo
DEL,BOM,6E,IndiGo,6E 6676,2026-09-11,7,economy,,,6305.0,False,12:00,ok,2026-09-04T04:21:31.847950+05:30,2026-09-04_0421IST,airline_direct,IndiGo
DEL,BOM,6E,IndiGo,6E 324,2026-09-11,7,business,,,24260.0,False,13:00,ok,2026-09-04T04:21:31.847950+05:30,2026-09-04_0421IST,airline_direct,IndiGo
DEL,BOM,6E,IndiGo,6E 324,2026-09-11,7,economy,,,6305.0,False,13:00,ok,2026-09-04T04:21:31.847950+05:30,2026-09-04_0421IST,airline_direct,IndiGo
DEL,BOM,6E,IndiGo,6E 6022,2026-09-11,7,business,,,24260.0,False,14:00,ok,2026-09-04T04:21:31.847950+05:30,2026-09-04_0421IST,airline_direct,IndiGo
DEL,BOM,6E,IndiGo,6E 6022,2026-09-11,7,economy,,,6305.0,False,14:00,ok,2026-09-04T04:21:31.847950+05:30,2026-09-04_0421IST,airline_direct,IndiGo
DEL,BOM,6E,IndiGo,6E 6318,2026-09-11,7,business,,,24260.0,False,14:45,ok,2026-09-04T04:21:31.847950+05:30,2026-09-04_0421IST,airline_direct,IndiGo
DEL,BOM,6E,IndiGo,6E 6318,2026-09-11,7,economy,,,6305.0,False,14:45,ok,2026-09-04T04:21:31.847950+05:30,2026-09-04_0421IST,airline_direct,IndiGo
DEL,BOM,6E,IndiGo,6E 864,2026-09-11,7,business,,,24260.0,False,15:30,ok,2026-09-04T04:21:31.847950+05:30,2026-09-04_0421IST,airline_direct,IndiGo
DEL,BOM,6E,IndiGo,6E 864,2026-09-11,7,economy,,,6305.0,False,15:30,ok,2026-09-04T04:21:31.847950+05:30,2026-09-04_0421IST,airline_direct,IndiGo
DEL,BOM,6E,IndiGo,6E 6218,2026-09-11,7,business,,,24260.0,False,06:05,ok,2026-09-04T04:21:31.847950+05:30,2026-09-04_0421IST,airline_direct,IndiGo
DEL,BOM,6E,IndiGo,6E 6218,2026-09-11,7,economy,,,6357.0,False,06:05,ok,2026-09-04T04:21:31.847950+05:30,2026-09-04_0421IST,airline_direct,IndiGo
DEL,BOM,6E,IndiGo,6E 327,2026-09-11,7,business,,,24260.0,False,16:15,ok,2026-09-04T04:21:31.847950+05:30,2026-09-04_0421IST,airline_direct,IndiGo
DEL,BOM,6E,IndiGo,6E 327,2026-09-11,7,economy,,,6357.0,False,16:15,ok,2026-09-04T04:21:31.847950+05:30,2026-09-04_0421IST,airline_direct,IndiGo
DEL,BOM,6E,IndiGo,6E 322,2026-09-11,7,business,,,24260.0,False,23:30,ok,2026-09-04T04:21:31.847950+05:30,2026-09-04_0421IST,airline_direct,IndiGo
DEL,BOM,6E,IndiGo,6E 322,2026-09-11,7,economy,,,6357.0,False,23:30,ok,2026-09-04T04:21:31.847950+05:30,2026-09-04_0421IST,airline_direct,IndiGo
DEL,BOM,6E,IndiGo,6E 6814,2026-09-11,7,business,,,24260.0,False,07:15,ok,2026-09-04T04:21:31.847950+05:30,2026-09-04_0421IST,airline_direct,IndiGo
DEL,BOM,6E,IndiGo,6E 6814,2026-09-11,7,economy,,,6431.0,False,07:15,ok,2026-09-04T04:21:31.847950+05:30,2026-09-04_0421IST,airline_direct,IndiGo
DEL,BOM,6E,IndiGo,6E 320,2026-09-11,7,business,,,24260.0,False,08:00,ok,2026-09-04T04:21:31.847950+05:30,2026-09-04_0421IST,airline_direct,IndiGo
DEL,BOM,6E,IndiGo,6E 320,2026-09-11,7,economy,,,6431.0,False,08:00,ok,2026-09-04T04:21:31.847950+05:30,2026-09-04_0421IST,airline_direct,IndiGo
DEL,BOM,6E,IndiGo,6E 6114,2026-09-11,7,business,,,24260.0,False,22:45,ok,2026-09-04T04:21:31.847950+05:30,2026-09-04_0421IST,airline_direct,IndiGo
DEL,BOM,6E,IndiGo,6E 6114,2026-09-11,7,economy,,,6431.0,False,22:45,ok,2026-09-04T04:21:31.847950+05:30,2026-09-04_0421IST,airline_direct,IndiGo
DEL,BOM,6E,IndiGo,6E 6706,2026-09-11,7,business,,,28443.0,False,17:00,ok,2026-09-04T04:21:31.847950+05:30,2026-09-04_0421IST,airline_direct,IndiGo
DEL,BOM,6E,IndiGo,6E 6706,2026-09-11,7,economy,,,7318.0,False,17:00,ok,2026-09-04T04:21:31.847950+05:30,2026-09-04_0421IST,airline_direct,IndiGo
DEL,BOM,6E,IndiGo,6E 395,2026-09-11,7,business,,,24260.0,False,21:45,ok,2026-09-04T04:21:31.847950+05:30,2026-09-04_0421IST,airline_direct,IndiGo
DEL,BOM,6E,IndiGo,6E 395,2026-09-11,7,economy,,,7685.0,False,21:45,ok,2026-09-04T04:21:31.847950+05:30,2026-09-04_0421IST,airline_direct,IndiGo
DEL,BOM,6E,IndiGo,6E 329,2026-09-11,7,business,,,28443.0,False,18:00,ok,2026-09-04T04:21:31.847950+05:30,2026-09-04_0421IST,airline_direct,IndiGo
DEL,BOM,6E,IndiGo,6E 329,2026-09-11,7,economy,,,8630.0,False,18:00,ok,2026-09-04T04:21:31.847950+05:30,2026-09-04_0421IST,airline_direct,IndiGo
DEL,BOM,6E,IndiGo,6E 853,2026-09-11,7,business,,,24260.0,False,20:45,ok,2026-09-04T04:21:31.847950+05:30,2026-09-04_0421IST,airline_direct,IndiGo
DEL,BOM,6E,IndiGo,6E 853,2026-09-11,7,economy,,,9260.0,False,20:45,ok,2026-09-04T04:21:31.847950+05:30,2026-09-04_0421IST,airline_direct,IndiGo
DEL,BOM,6E,IndiGo,6E 354,2026-09-11,7,business,,,24260.0,False,19:00,ok,2026-09-04T04:21:31.847950+05:30,2026-09-04_0421IST,airline_direct,IndiGo
DEL,BOM,6E,IndiGo,6E 354,2026-09-11,7,economy,,,9995.0,False,19:00,ok,2026-09-04T04:21:31.847950+05:30,2026-09-04_0421IST,airline_direct,IndiGo
DEL,BOM,6E,IndiGo,6E 303,2026-09-11,7,business,,,24260.0,False,20:00,ok,2026-09-04T04:21:31.847950+05:30,2026-09-04_0421IST,airline_direct,IndiGo
DEL,BOM,6E,IndiGo,6E 303,2026-09-11,7,economy,,,9995.0,False,20:00,ok,2026-09-04T04:21:31.847950+05:30,2026-09-04_0421IST,airline_direct,IndiGo
DEL,BOM,6E,IndiGo,6E 6261,2026-09-11,7,economy,,,6090.0,False,00:15,ok,2026-09-04T04:21:31.847950+05:30,2026-09-04_0421IST,airline_direct,IndiGo
DEL,BOM,6E,IndiGo,6E 5119,2026-09-11,7,economy,,,6090.0,False,05:10,ok,2026-09-04T04:21:31.847950+05:30,2026-09-04_0421IST,airline_direct,IndiGo
DEL,BOM,6E,IndiGo,6E 5119,2026-09-11,7,economy,,,6090.0,False,05:10,ok,2026-09-04T04:21:31.847950+05:30,2026-09-04_0421IST,airline_direct,IndiGo
DEL,BOM,6E,IndiGo,6E 2076,2026-09-11,7,economy,,,6090.0,False,07:30,ok,2026-09-04T04:21:31.847950+05:30,2026-09-04_0421IST,airline_direct,IndiGo
DEL,BOM,6E,IndiGo,6E 2298,2026-09-11,7,economy,,,6090.0,False,09:45,ok,2026-09-04T04:21:31.847950+05:30,2026-09-04_0421IST,airline_direct,IndiGo
DEL,BOM,6E,IndiGo,6E 2331,2026-09-11,7,economy,,,6090.0,False,12:20,ok,2026-09-04T04:21:31.847950+05:30,2026-09-04_0421IST,airline_direct,IndiGo
DEL,BOM,6E,IndiGo,6E 5033,2026-09-11,7,economy,,,6090.0,False,15:50,ok,2026-09-04T04:21:31.847950+05:30,2026-09-04_0421IST,airline_direct,IndiGo
DEL,BOM,6E,IndiGo,6E 5073,2026-09-11,7,economy,,,6090.0,False,17:05,ok,2026-09-04T04:21:31.847950+05:30,2026-09-04_0421IST,airline_direct,IndiGo
DEL,BOM,6E,IndiGo,6E 931,2026-09-11,7,economy,,,6090.0,False,19:35,ok,2026-09-04T04:21:31.847950+05:30,2026-09-04_0421IST,airline_direct,IndiGo
DEL,BOM,6E,IndiGo,6E 2013,2026-09-11,7,economy,,,6090.0,False,21:50,ok,2026-09-04T04:21:31.847950+05:30,2026-09-04_0421IST,airline_direct,IndiGo
DEL,BOM,6E,IndiGo,6E 6569,2026-09-11,7,economy,,,6222.0,False,05:00,ok,2026-09-04T04:21:31.847950+05:30,2026-09-04_0421IST,airline_direct,IndiGo
DEL,BOM,6E,IndiGo,6E 6459,2026-09-11,7,economy,,,6222.0,False,05:55,ok,2026-09-04T04:21:31.847950+05:30,2026-09-04_0421IST,airline_direct,IndiGo
DEL,BOM,6E,IndiGo,6E 6443,2026-09-11,7,economy,,,6222.0,False,09:00,ok,2026-09-04T04:21:31.847950+05:30,2026-09-04_0421IST,airline_direct,IndiGo
DEL,BOM,6E,IndiGo,6E 6433,2026-09-11,7,economy,,,6222.0,False,16:30,ok,2026-09-04T04:21:31.847950+05:30,2026-09-04_0421IST,airline_direct,IndiGo
DEL,BOM,6E,IndiGo,6E 6829,2026-09-11,7,economy,,,6222.0,False,17:20,ok,2026-09-04T04:21:31.847950+05:30,2026-09-04_0421IST,airline_direct,IndiGo
DEL,BOM,6E,IndiGo,6E 6476,2026-09-11,7,economy,,,6300.0,False,07:05,ok,2026-09-04T04:21:31.847950+05:30,2026-09-04_0421IST,airline_direct,IndiGo
DEL,BOM,6E,IndiGo,6E 6050,2026-09-11,7,economy,,,6300.0,False,08:15,ok,2026-09-04T04:21:31.847950+05:30,2026-09-04_0421IST,airline_direct,IndiGo
DEL,BOM,6E,IndiGo,6E 5298,2026-09-11,7,economy,,,6300.0,False,09:00,ok,2026-09-04T04:21:31.847950+05:30,2026-09-04_0421IST,airline_direct,IndiGo
DEL,BOM,6E,IndiGo,6E 2151,2026-09-11,7,economy,,,6300.0,False,19:45,ok,2026-09-04T04:21:31.847950+05:30,2026-09-04_0421IST,airline_direct,IndiGo
DEL,BOM,6E,IndiGo,6E 6479,2026-09-11,7,economy,,,6300.0,False,21:25,ok,2026-09-04T04:21:31.847950+05:30,2026-09-04_0421IST,airline_direct,IndiGo
DEL,BOM,6E,IndiGo,6E 705,2026-09-11,7,business,,,36166.0,False,08:30,ok,2026-09-04T04:21:31.847950+05:30,2026-09-04_0421IST,airline_direct,IndiGo
DEL,BOM,6E,IndiGo,6E 705,2026-09-11,7,economy,,,6432.0,False,08:30,ok,2026-09-04T04:21:31.847950+05:30,2026-09-04_0421IST,airline_direct,IndiGo
DEL,BOM,6E,IndiGo,6E 6497,2026-09-11,7,economy,,,6432.0,False,18:40,ok,2026-09-04T04:21:31.847950+05:30,2026-09-04_0421IST,airline_direct,IndiGo
DEL,BOM,6E,IndiGo,6E 882,2026-09-11,7,business,,,29592.0,False,23:15,ok,2026-09-04T04:21:31.847950+05:30,2026-09-04_0421IST,airline_direct,IndiGo
DEL,BOM,6E,IndiGo,6E 882,2026-09-11,7,economy,,,6432.0,False,23:15,ok,2026-09-04T04:21:31.847950+05:30,2026-09-04_0421IST,airline_direct,IndiGo
DEL,BOM,6E,IndiGo,6E 2249,2026-09-11,7,economy,,,6693.0,False,15:00,ok,2026-09-04T04:21:31.847950+05:30,2026-09-04_0421IST,airline_direct,IndiGo
DEL,BOM,6E,IndiGo,6E 5138,2026-09-11,7,economy,,,6693.0,False,19:10,ok,2026-09-04T04:21:31.847950+05:30,2026-09-04_0421IST,airline_direct,IndiGo
DEL,BOM,6E,IndiGo,6E 2169,2026-09-11,7,economy,,,6693.0,False,19:40,ok,2026-09-04T04:21:31.847950+05:30,2026-09-04_0421IST,airline_direct,IndiGo
DEL,BOM,6E,IndiGo,6E 2496,2026-09-11,7,economy,,,6747.0,False,12:40,ok,2026-09-04T04:21:31.847950+05:30,2026-09-04_0421IST,airline_direct,IndiGo
DEL,BOM,6E,IndiGo,6E 5206,2026-09-11,7,economy,,,6772.0,False,13:20,ok,2026-09-04T04:21:31.847950+05:30,2026-09-04_0421IST,airline_direct,IndiGo
DEL,BOM,6E,IndiGo,6E 6983,2026-09-11,7,economy,,,7080.0,False,15:35,ok,2026-09-04T04:21:31.847950+05:30,2026-09-04_0421IST,airline_direct,IndiGo
DEL,BOM,6E,IndiGo,6E 6293,2026-09-11,7,business,,,36166.0,False,09:55,ok,2026-09-04T04:21:31.847950+05:30,2026-09-04_0421IST,airline_direct,IndiGo
DEL,BOM,6E,IndiGo,6E 6293,2026-09-11,7,economy,,,7422.0,False,09:55,ok,2026-09-04T04:21:31.847950+05:30,2026-09-04_0421IST,airline_direct,IndiGo
DEL,BOM,6E,IndiGo,6E 5038,2026-09-11,7,economy,,,7860.0,False,14:00,ok,2026-09-04T04:21:31.847950+05:30,2026-09-04_0421IST,airline_direct,IndiGo
DEL,BOM,6E,IndiGo,6E 6829,2026-09-11,7,economy,,,8408.0,False,17:20,ok,2026-09-04T04:21:31.847950+05:30,2026-09-04_0421IST,airline_direct,IndiGo
DEL,BOM,6E,IndiGo,6E 357,2026-09-11,7,economy,,,8696.0,False,19:30,ok,2026-09-04T04:21:31.847950+05:30,2026-09-04_0421IST,airline_direct,IndiGo
DEL,BOM,6E,IndiGo,6E 6282,2026-09-11,7,business,,,36166.0,False,13:30,ok,2026-09-04T04:21:31.847950+05:30,2026-09-04_0421IST,airline_direct,IndiGo
DEL,BOM,6E,IndiGo,6E 6282,2026-09-11,7,economy,,,9305.0,False,13:30,ok,2026-09-04T04:21:31.847950+05:30,2026-09-04_0421IST,airline_direct,IndiGo
DEL,BOM,6E,IndiGo,6E 2349,2026-09-11,7,economy,,,9314.0,False,10:55,ok,2026-09-04T04:21:31.847950+05:30,2026-09-04_0421IST,airline_direct,IndiGo
DEL,BOM,6E,IndiGo,6E 6171,2026-09-11,7,economy,,,9721.0,False,05:40,ok,2026-09-04T04:21:31.847950+05:30,2026-09-04_0421IST,airline_direct,IndiGo
DEL,BOM,6E,IndiGo,6E 2341,2026-09-11,7,economy,,,10554.0,False,14:50,ok,2026-09-04T04:21:31.847950+05:30,2026-09-04_0421IST,airline_direct,IndiGo
DEL,BOM,6E,IndiGo,6E 6488,2026-09-11,7,economy,,,13710.0,False,11:20,ok,2026-09-04T04:21:31.847950+05:30,2026-09-04_0421IST,airline_direct,IndiGo
DEL,BOM,6E,IndiGo,6E 6282,2026-09-11,7,business,,,40956.0,False,13:30,ok,2026-09-04T04:21:31.847950+05:30,2026-09-04_0421IST,airline_direct,IndiGo
DEL,BOM,6E,IndiGo,6E 6282,2026-09-11,7,economy,,,13920.0,False,13:30,ok,2026-09-04T04:21:31.847950+05:30,2026-09-04_0421IST,airline_direct,IndiGo
DEL,BOM,6E,IndiGo,6E 6212,2026-09-11,7,business,,,40956.0,False,14:45,ok,2026-09-04T04:21:31.847950+05:30,2026-09-04_0421IST,airline_direct,IndiGo
DEL,BOM,6E,IndiGo,6E 6212,2026-09-11,7,economy,,,13920.0,False,14:45,ok,2026-09-04T04:21:31.847950+05:30,2026-09-04_0421IST,airline_direct,IndiGo
DEL,BOM,6E,IndiGo,6E 5073,2026-09-11,7,economy,,,14128.0,False,17:05,ok,2026-09-04T04:21:31.847950+05:30,2026-09-04_0421IST,airline_direct,IndiGo
DEL,BOM,6E,IndiGo,6E 5014,2026-09-11,7,economy,,,16031.0,False,18:30,ok,2026-09-04T04:21:31.847950+05:30,2026-09-04_0421IST,airline_direct,IndiGo
DEL,BOM,6E,IndiGo,6E 358,2026-09-11,7,economy,,,19631.0,False,12:15,ok,2026-09-04T04:21:31.847950+05:30,2026-09-04_0421IST,airline_direct,IndiGo
DEL,BOM,6E,IndiGo,6E 6601,2026-09-11,7,business,,,36166.0,False,19:45,ok,2026-09-04T04:21:31.847950+05:30,2026-09-04_0421IST,airline_direct,IndiGo
DEL,BOM,6E,IndiGo,6E 6601,2026-09-11,7,economy,,,20230.0,False,19:45,ok,2026-09-04T04:21:31.847950+05:30,2026-09-04_0421IST,airline_direct,IndiGo
DEL,BLR,6E,IndiGo,6E 871,2026-09-11,7,business,,,29942.0,False,23:30,ok,2026-09-04T04:22:38.018867+05:30,2026-09-04_0422IST,airline_direct,IndiGo
DEL,BLR,6E,IndiGo,6E 871,2026-09-11,7,economy,,,8671.0,False,23:30,ok,2026-09-04T04:22:38.018867+05:30,2026-09-04_0422IST,airline_direct,IndiGo
DEL,BLR,6E,IndiGo,6E 2314,2026-09-11,7,business,,,29942.0,False,05:45,ok,2026-09-04T04:22:38.018867+05:30,2026-09-04_0422IST,airline_direct,IndiGo
DEL,BLR,6E,IndiGo,6E 2314,2026-09-11,7,economy,,,9128.0,False,05:45,ok,2026-09-04T04:22:38.018867+05:30,2026-09-04_0422IST,airline_direct,IndiGo
DEL,BLR,6E,IndiGo,6E 810,2026-09-11,7,business,,,29942.0,False,07:05,ok,2026-09-04T04:22:38.018867+05:30,2026-09-04_0422IST,airline_direct,IndiGo
DEL,BLR,6E,IndiGo,6E 810,2026-09-11,7,economy,,,9128.0,False,07:05,ok,2026-09-04T04:22:38.018867+05:30,2026-09-04_0422IST,airline_direct,IndiGo
DEL,BLR,6E,IndiGo,6E 850,2026-09-11,7,business,,,29942.0,False,12:20,ok,2026-09-04T04:22:38.018867+05:30,2026-09-04_0422IST,airline_direct,IndiGo
DEL,BLR,6E,IndiGo,6E 850,2026-09-11,7,economy,,,9128.0,False,12:20,ok,2026-09-04T04:22:38.018867+05:30,2026-09-04_0422IST,airline_direct,IndiGo
DEL,BLR,6E,IndiGo,6E 176,2026-09-11,7,business,,,29942.0,False,13:15,ok,2026-09-04T04:22:38.018867+05:30,2026-09-04_0422IST,airline_direct,IndiGo
DEL,BLR,6E,IndiGo,6E 176,2026-09-11,7,economy,,,9128.0,False,13:15,ok,2026-09-04T04:22:38.018867+05:30,2026-09-04_0422IST,airline_direct,IndiGo
DEL,BLR,6E,IndiGo,6E 828,2026-09-11,7,business,,,29942.0,False,14:30,ok,2026-09-04T04:22:38.018867+05:30,2026-09-04_0422IST,airline_direct,IndiGo
DEL,BLR,6E,IndiGo,6E 828,2026-09-11,7,economy,,,9128.0,False,14:30,ok,2026-09-04T04:22:38.018867+05:30,2026-09-04_0422IST,airline_direct,IndiGo
DEL,BLR,6E,IndiGo,6E 820,2026-09-11,7,business,,,29942.0,False,03:00,ok,2026-09-04T04:22:38.018867+05:30,2026-09-04_0422IST,airline_direct,IndiGo
DEL,BLR,6E,IndiGo,6E 820,2026-09-11,7,economy,,,9613.0,False,03:00,ok,2026-09-04T04:22:38.018867+05:30,2026-09-04_0422IST,airline_direct,IndiGo
DEL,BLR,6E,IndiGo,6E 873,2026-09-11,7,business,,,29942.0,False,08:20,ok,2026-09-04T04:22:38.018867+05:30,2026-09-04_0422IST,airline_direct,IndiGo
DEL,BLR,6E,IndiGo,6E 873,2026-09-11,7,economy,,,9613.0,False,08:20,ok,2026-09-04T04:22:38.018867+05:30,2026-09-04_0422IST,airline_direct,IndiGo
DEL,BLR,6E,IndiGo,6E 826,2026-09-11,7,business,,,29942.0,False,09:30,ok,2026-09-04T04:22:38.018867+05:30,2026-09-04_0422IST,airline_direct,IndiGo
DEL,BLR,6E,IndiGo,6E 826,2026-09-11,7,economy,,,9613.0,False,09:30,ok,2026-09-04T04:22:38.018867+05:30,2026-09-04_0422IST,airline_direct,IndiGo
DEL,BLR,6E,IndiGo,6E 842,2026-09-11,7,business,,,29942.0,False,10:45,ok,2026-09-04T04:22:38.018867+05:30,2026-09-04_0422IST,airline_direct,IndiGo
DEL,BLR,6E,IndiGo,6E 842,2026-09-11,7,economy,,,9613.0,False,10:45,ok,2026-09-04T04:22:38.018867+05:30,2026-09-04_0422IST,airline_direct,IndiGo
DEL,BLR,6E,IndiGo,6E 880,2026-09-11,7,business,,,29942.0,False,15:45,ok,2026-09-04T04:22:38.018867+05:30,2026-09-04_0422IST,airline_direct,IndiGo
DEL,BLR,6E,IndiGo,6E 880,2026-09-11,7,economy,,,9613.0,False,15:45,ok,2026-09-04T04:22:38.018867+05:30,2026-09-04_0422IST,airline_direct,IndiGo
DEL,BLR,6E,IndiGo,6E 846,2026-09-11,7,business,,,29942.0,False,22:00,ok,2026-09-04T04:22:38.018867+05:30,2026-09-04_0422IST,airline_direct,IndiGo
DEL,BLR,6E,IndiGo,6E 846,2026-09-11,7,economy,,,9613.0,False,22:00,ok,2026-09-04T04:22:38.018867+05:30,2026-09-04_0422IST,airline_direct,IndiGo
DEL,BLR,6E,IndiGo,6E 837,2026-09-11,7,business,,,29942.0,False,17:00,ok,2026-09-04T04:22:38.018867+05:30,2026-09-04_0422IST,airline_direct,IndiGo
DEL,BLR,6E,IndiGo,6E 837,2026-09-11,7,economy,,,10675.0,False,17:00,ok,2026-09-04T04:22:38.018867+05:30,2026-09-04_0422IST,airline_direct,IndiGo
DEL,BLR,6E,IndiGo,6E 811,2026-09-11,7,business,,,29942.0,False,18:20,ok,2026-09-04T04:22:38.018867+05:30,2026-09-04_0422IST,airline_direct,IndiGo
DEL,BLR,6E,IndiGo,6E 811,2026-09-11,7,economy,,,10675.0,False,18:20,ok,2026-09-04T04:22:38.018867+05:30,2026-09-04_0422IST,airline_direct,IndiGo
DEL,BLR,6E,IndiGo,6E 861,2026-09-11,7,business,,,29942.0,False,19:30,ok,2026-09-04T04:22:38.018867+05:30,2026-09-04_0422IST,airline_direct,IndiGo
DEL,BLR,6E,IndiGo,6E 861,2026-09-11,7,economy,,,10675.0,False,19:30,ok,2026-09-04T04:22:38.018867+05:30,2026-09-04_0422IST,airline_direct,IndiGo
DEL,BLR,6E,IndiGo,6E 6515,2026-09-11,7,business,,,29942.0,False,20:45,ok,2026-09-04T04:22:38.018867+05:30,2026-09-04_0422IST,airline_direct,IndiGo
DEL,BLR,6E,IndiGo,6E 6515,2026-09-11,7,economy,,,10675.0,False,20:45,ok,2026-09-04T04:22:38.018867+05:30,2026-09-04_0422IST,airline_direct,IndiGo
DEL,BLR,6E,IndiGo,6E 2343,2026-09-11,7,business,,,27189.0,False,02:20,ok,2026-09-04T04:22:38.018867+05:30,2026-09-04_0422IST,airline_direct,IndiGo
DEL,BLR,6E,IndiGo,6E 2343,2026-09-11,7,economy,,,8491.0,False,02:20,ok,2026-09-04T04:22:38.018867+05:30,2026-09-04_0422IST,airline_direct,IndiGo
DEL,BLR,6E,IndiGo,6E 5119,2026-09-11,7,economy,,,8491.0,False,05:10,ok,2026-09-04T04:22:38.018867+05:30,2026-09-04_0422IST,airline_direct,IndiGo
DEL,BLR,6E,IndiGo,6E 6459,2026-09-11,7,economy,,,8491.0,False,05:55,ok,2026-09-04T04:22:38.018867+05:30,2026-09-04_0422IST,airline_direct,IndiGo
DEL,BLR,6E,IndiGo,6E 6470,2026-09-11,7,economy,,,8491.0,False,06:55,ok,2026-09-04T04:22:38.018867+05:30,2026-09-04_0422IST,airline_direct,IndiGo
DEL,BLR,6E,IndiGo,6E 320,2026-09-11,7,business,,,40536.0,False,08:00,ok,2026-09-04T04:22:38.018867+05:30,2026-09-04_0422IST,airline_direct,IndiGo
DEL,BLR,6E,IndiGo,6E 320,2026-09-11,7,economy,,,8491.0,False,08:00,ok,2026-09-04T04:22:38.018867+05:30,2026-09-04_0422IST,airline_direct,IndiGo
DEL,BLR,6E,IndiGo,6E 2557,2026-09-11,7,economy,,,8491.0,False,15:20,ok,2026-09-04T04:22:38.018867+05:30,2026-09-04_0422IST,airline_direct,IndiGo
DEL,BLR,6E,IndiGo,6E 6829,2026-09-11,7,economy,,,8491.0,False,17:20,ok,2026-09-04T04:22:38.018867+05:30,2026-09-04_0422IST,airline_direct,IndiGo
DEL,BLR,6E,IndiGo,6E 2618,2026-09-11,7,business,,,26999.0,False,23:00,ok,2026-09-04T04:22:38.018867+05:30,2026-09-04_0422IST,airline_direct,IndiGo
DEL,BLR,6E,IndiGo,6E 2618,2026-09-11,7,economy,,,8491.0,False,23:00,ok,2026-09-04T04:22:38.018867+05:30,2026-09-04_0422IST,airline_direct,IndiGo
DEL,BLR,6E,IndiGo,6E 6476,2026-09-11,7,economy,,,8570.0,False,07:05,ok,2026-09-04T04:22:38.018867+05:30,2026-09-04_0422IST,airline_direct,IndiGo
DEL,BLR,6E,IndiGo,6E 940,2026-09-11,7,economy,,,8570.0,False,09:15,ok,2026-09-04T04:22:38.018867+05:30,2026-09-04_0422IST,airline_direct,IndiGo
DEL,BLR,6E,IndiGo,6E 2319,2026-09-11,7,economy,,,8570.0,False,09:55,ok,2026-09-04T04:22:38.018867+05:30,2026-09-04_0422IST,airline_direct,IndiGo
DEL,BLR,6E,IndiGo,6E 434,2026-09-11,7,economy,,,8570.0,False,11:00,ok,2026-09-04T04:22:38.018867+05:30,2026-09-04_0422IST,airline_direct,IndiGo
DEL,BLR,6E,IndiGo,6E 6632,2026-09-11,7,economy,,,8570.0,False,17:50,ok,2026-09-04T04:22:38.018867+05:30,2026-09-04_0422IST,airline_direct,IndiGo
DEL,BLR,6E,IndiGo,6E 6497,2026-09-11,7,economy,,,8701.0,False,18:40,ok,2026-09-04T04:22:38.018867+05:30,2026-09-04_0422IST,airline_direct,IndiGo
DEL,BLR,6E,IndiGo,6E 5001,2026-09-11,7,economy,,,8727.0,False,17:10,ok,2026-09-04T04:22:38.018867+05:30,2026-09-04_0422IST,airline_direct,IndiGo
DEL,BLR,6E,IndiGo,6E 5191,2026-09-11,7,business,,,34998.0,False,05:00,ok,2026-09-04T04:22:38.018867+05:30,2026-09-04_0422IST,airline_direct,IndiGo
DEL,BLR,6E,IndiGo,6E 5191,2026-09-11,7,economy,,,8911.0,False,05:00,ok,2026-09-04T04:22:38.018867+05:30,2026-09-04_0422IST,airline_direct,IndiGo
DEL,BLR,6E,IndiGo,6E 513,2026-09-11,7,business,,,36650.0,False,08:30,ok,2026-09-04T04:22:38.018867+05:30,2026-09-04_0422IST,airline_direct,IndiGo
DEL,BLR,6E,IndiGo,6E 513,2026-09-11,7,economy,,,8911.0,False,08:30,ok,2026-09-04T04:22:38.018867+05:30,2026-09-04_0422IST,airline_direct,IndiGo
DEL,BLR,6E,IndiGo,6E 6673,2026-09-11,7,economy,,,9161.0,False,21:15,ok,2026-09-04T04:22:38.018867+05:30,2026-09-04_0422IST,airline_direct,IndiGo
DEL,BLR,6E,IndiGo,6E 5038,2026-09-11,7,economy,,,9239.0,False,14:00,ok,2026-09-04T04:22:38.018867+05:30,2026-09-04_0422IST,airline_direct,IndiGo
DEL,BLR,6E,IndiGo,6E 769,2026-09-11,7,economy,,,9239.0,False,15:45,ok,2026-09-04T04:22:38.018867+05:30,2026-09-04_0422IST,airline_direct,IndiGo
DEL,BLR,6E,IndiGo,6E 2151,2026-09-11,7,economy,,,9239.0,False,19:45,ok,2026-09-04T04:22:38.018867+05:30,2026-09-04_0422IST,airline_direct,IndiGo
DEL,BLR,6E,IndiGo,6E 6293,2026-09-11,7,economy,,,11467.0,False,09:55,ok,2026-09-04T04:22:38.018867+05:30,2026-09-04_0422IST,airline_direct,IndiGo
DEL,BLR,6E,IndiGo,6E 358,2026-09-11,7,economy,,,11677.0,False,12:15,ok,2026-09-04T04:22:38.018867+05:30,2026-09-04_0422IST,airline_direct,IndiGo
DEL,BLR,6E,IndiGo,6E 2364,2026-09-11,7,economy,,,11834.0,False,04:50,ok,2026-09-04T04:22:38.018867+05:30,2026-09-04_0422IST,airline_direct,IndiGo
DEL,BLR,6E,IndiGo,6E 884,2026-09-11,7,economy,,,12445.0,False,11:45,ok,2026-09-04T04:22:38.018867+05:30,2026-09-04_0422IST,airline_direct,IndiGo
DEL,BLR,6E,IndiGo,6E 6433,2026-09-11,7,economy,,,12608.0,False,16:30,ok,2026-09-04T04:22:38.018867+05:30,2026-09-04_0422IST,airline_direct,IndiGo
DEL,BLR,6E,IndiGo,6E 6091,2026-09-11,7,economy,,,12655.0,False,15:15,ok,2026-09-04T04:22:38.018867+05:30,2026-09-04_0422IST,airline_direct,IndiGo
DEL,BLR,6E,IndiGo,6E 2349,2026-09-11,7,economy,,,12740.0,False,10:55,ok,2026-09-04T04:22:38.018867+05:30,2026-09-04_0422IST,airline_direct,IndiGo
DEL,BLR,6E,IndiGo,6E 5033,2026-09-11,7,economy,,,13590.0,False,15:50,ok,2026-09-04T04:22:38.018867+05:30,2026-09-04_0422IST,airline_direct,IndiGo
DEL,BLR,6E,IndiGo,6E 6047,2026-09-11,7,business,,,40536.0,False,11:00,ok,2026-09-04T04:22:38.018867+05:30,2026-09-04_0422IST,airline_direct,IndiGo
DEL,BLR,6E,IndiGo,6E 6047,2026-09-11,7,economy,,,13652.0,False,11:00,ok,2026-09-04T04:22:38.018867+05:30,2026-09-04_0422IST,airline_direct,IndiGo
DEL,BLR,6E,IndiGo,6E 6282,2026-09-11,7,economy,,,14703.0,False,13:30,ok,2026-09-04T04:22:38.018867+05:30,2026-09-04_0422IST,airline_direct,IndiGo
DEL,BLR,6E,IndiGo,6E 6022,2026-09-11,7,business,,,40536.0,False,14:00,ok,2026-09-04T04:22:38.018867+05:30,2026-09-04_0422IST,airline_direct,IndiGo
DEL,BLR,6E,IndiGo,6E 6022,2026-09-11,7,economy,,,14834.0,False,14:00,ok,2026-09-04T04:22:38.018867+05:30,2026-09-04_0422IST,airline_direct,IndiGo
DEL,BLR,6E,IndiGo,6E 864,2026-09-11,7,business,,,44106.0,False,15:30,ok,2026-09-04T04:22:38.018867+05:30,2026-09-04_0422IST,airline_direct,IndiGo
DEL,BLR,6E,IndiGo,6E 864,2026-09-11,7,economy,,,14834.0,False,15:30,ok,2026-09-04T04:22:38.018867+05:30,2026-09-04_0422IST,airline_direct,IndiGo
DEL,BLR,6E,IndiGo,6E 931,2026-09-11,7,economy,,,17097.0,False,19:35,ok,2026-09-04T04:22:38.018867+05:30,2026-09-04_0422IST,airline_direct,IndiGo
DEL,BLR,6E,IndiGo,6E 6212,2026-09-11,7,economy,,,17432.0,False,14:45,ok,2026-09-04T04:22:38.018867+05:30,2026-09-04_0422IST,airline_direct,IndiGo
DEL,BLR,6E,IndiGo,6E 2277,2026-09-11,7,economy,,,17642.0,False,10:25,ok,2026-09-04T04:22:38.018867+05:30,2026-09-04_0422IST,airline_direct,IndiGo
DEL,BLR,6E,IndiGo,6E 947,2026-09-11,7,economy,,,18174.0,False,16:40,ok,2026-09-04T04:22:38.018867+05:30,2026-09-04_0422IST,airline_direct,IndiGo
DEL,BLR,6E,IndiGo,6E 853,2026-09-11,7,business,,,40536.0,False,20:45,ok,2026-09-04T04:22:38.018867+05:30,2026-09-04_0422IST,airline_direct,IndiGo
DEL,BLR,6E,IndiGo,6E 853,2026-09-11,7,economy,,,19647.0,False,20:45,ok,2026-09-04T04:22:38.018867+05:30,2026-09-04_0422IST,airline_direct,IndiGo
DEL,BLR,6E,IndiGo,6E 6437,2026-09-11,7,business,,,32200.0,False,16:25,ok,2026-09-04T04:22:38.018867+05:30,2026-09-04_0422IST,airline_direct,IndiGo
DEL,BLR,6E,IndiGo,6E 6437,2026-09-11,7,economy,,,20177.0,False,16:25,ok,2026-09-04T04:22:38.018867+05:30,2026-09-04_0422IST,airline_direct,IndiGo
DEL,BLR,6E,IndiGo,6E 950,2026-09-11,7,economy,,,20777.0,False,18:15,ok,2026-09-04T04:22:38.018867+05:30,2026-09-04_0422IST,airline_direct,IndiGo
DEL,BLR,6E,IndiGo,6E 717,2026-09-11,7,economy,,,21169.0,False,17:55,ok,2026-09-04T04:22:38.018867+05:30,2026-09-04_0422IST,airline_direct,IndiGo
DEL,BLR,6E,IndiGo,6E 6217,2026-09-11,7,economy,,,21518.0,False,16:15,ok,2026-09-04T04:22:38.018867+05:30,2026-09-04_0422IST,airline_direct,IndiGo
DEL,BLR,6E,IndiGo,6E 5073,2026-09-11,7,economy,,,22790.0,False,17:05,ok,2026-09-04T04:22:38.018867+05:30,2026-09-04_0422IST,airline_direct,IndiGo
DEL,BLR,6E,IndiGo,6E 329,2026-09-11,7,business,,,44135.0,False,18:00,ok,2026-09-04T04:22:38.018867+05:30,2026-09-04_0422IST,airline_direct,IndiGo
DEL,BLR,6E,IndiGo,6E 329,2026-09-11,7,economy,,,25340.0,False,18:00,ok,2026-09-04T04:22:38.018867+05:30,2026-09-04_0422IST,airline_direct,IndiGo
DEL,BLR,6E,IndiGo,6E 6706,2026-09-11,7,business,,,44135.0,False,17:00,ok,2026-09-04T04:22:38.018867+05:30,2026-09-04_0422IST,airline_direct,IndiGo
DEL,BLR,6E,IndiGo,6E 6706,2026-09-11,7,economy,,,27222.0,False,17:00,ok,2026-09-04T04:22:38.018867+05:30,2026-09-04_0422IST,airline_direct,IndiGo
DEL,BLR,6E,IndiGo,6E 329,2026-09-11,7,business,,,44135.0,False,18:00,ok,2026-09-04T04:22:38.018867+05:30,2026-09-04_0422IST,airline_direct,IndiGo
DEL,BLR,6E,IndiGo,6E 329,2026-09-11,7,economy,,,28534.0,False,18:00,ok,2026-09-04T04:22:38.018867+05:30,2026-09-04_0422IST,airline_direct,IndiGo
BOM,BLR,6E,IndiGo,6E 5294,2026-09-11,7,business,,,22488.0,False,04:30,ok,2026-09-04T04:23:43.985502+05:30,2026-09-04_0423IST,airline_direct,IndiGo
BOM,BLR,6E,IndiGo,6E 5294,2026-09-11,7,economy,,,6561.0,False,04:30,ok,2026-09-04T04:23:43.985502+05:30,2026-09-04_0423IST,airline_direct,IndiGo
BOM,BLR,6E,IndiGo,6E 5296,2026-09-11,7,business,,,22488.0,False,06:30,ok,2026-09-04T04:23:43.985502+05:30,2026-09-04_0423IST,airline_direct,IndiGo
BOM,BLR,6E,IndiGo,6E 5296,2026-09-11,7,economy,,,6747.0,False,06:30,ok,2026-09-04T04:23:43.985502+05:30,2026-09-04_0423IST,airline_direct,IndiGo
BOM,BLR,6E,IndiGo,6E 5092,2026-09-11,7,business,,,22488.0,False,09:50,ok,2026-09-04T04:23:43.985502+05:30,2026-09-04_0423IST,airline_direct,IndiGo
BOM,BLR,6E,IndiGo,6E 5092,2026-09-11,7,economy,,,7377.0,False,09:50,ok,2026-09-04T04:23:43.985502+05:30,2026-09-04_0423IST,airline_direct,IndiGo
BOM,BLR,6E,IndiGo,6E 5217,2026-09-11,7,business,,,22488.0,False,11:00,ok,2026-09-04T04:23:43.985502+05:30,2026-09-04_0423IST,airline_direct,IndiGo
BOM,BLR,6E,IndiGo,6E 5217,2026-09-11,7,economy,,,7377.0,False,11:00,ok,2026-09-04T04:23:43.985502+05:30,2026-09-04_0423IST,airline_direct,IndiGo
BOM,BLR,6E,IndiGo,6E 5184,2026-09-11,7,business,,,22488.0,False,12:30,ok,2026-09-04T04:23:43.985502+05:30,2026-09-04_0423IST,airline_direct,IndiGo
BOM,BLR,6E,IndiGo,6E 5184,2026-09-11,7,economy,,,8217.0,False,12:30,ok,2026-09-04T04:23:43.985502+05:30,2026-09-04_0423IST,airline_direct,IndiGo
BOM,BLR,6E,IndiGo,6E 5193,2026-09-11,7,economy,,,8742.0,False,08:05,ok,2026-09-04T04:23:43.985502+05:30,2026-09-04_0423IST,airline_direct,IndiGo
BOM,BLR,6E,IndiGo,6E 5323,2026-09-11,7,business,,,22488.0,False,01:10,ok,2026-09-04T04:23:43.985502+05:30,2026-09-04_0423IST,airline_direct,IndiGo
BOM,BLR,6E,IndiGo,6E 5323,2026-09-11,7,economy,,,8871.0,False,01:10,ok,2026-09-04T04:23:43.985502+05:30,2026-09-04_0423IST,airline_direct,IndiGo
BOM,BLR,6E,IndiGo,6E 5382,2026-09-11,7,business,,,26688.0,False,14:30,ok,2026-09-04T04:23:43.985502+05:30,2026-09-04_0423IST,airline_direct,IndiGo
BOM,BLR,6E,IndiGo,6E 5382,2026-09-11,7,economy,,,11052.0,False,14:30,ok,2026-09-04T04:23:43.985502+05:30,2026-09-04_0423IST,airline_direct,IndiGo
BOM,BLR,6E,IndiGo,6E 5071,2026-09-11,7,business,,,22488.0,False,15:35,ok,2026-09-04T04:23:43.985502+05:30,2026-09-04_0423IST,airline_direct,IndiGo
BOM,BLR,6E,IndiGo,6E 5071,2026-09-11,7,economy,,,12522.0,False,15:35,ok,2026-09-04T04:23:43.985502+05:30,2026-09-04_0423IST,airline_direct,IndiGo
BOM,BLR,6E,IndiGo,6E 5388,2026-09-11,7,business,,,22488.0,False,22:20,ok,2026-09-04T04:23:43.985502+05:30,2026-09-04_0423IST,airline_direct,IndiGo
BOM,BLR,6E,IndiGo,6E 5388,2026-09-11,7,economy,,,16512.0,False,22:20,ok,2026-09-04T04:23:43.985502+05:30,2026-09-04_0423IST,airline_direct,IndiGo
BOM,BLR,6E,IndiGo,6E 5221,2026-09-11,7,business,,,22488.0,False,17:00,ok,2026-09-04T04:23:43.985502+05:30,2026-09-04_0423IST,airline_direct,IndiGo
BOM,BLR,6E,IndiGo,6E 5221,2026-09-11,7,economy,,,17982.0,False,17:00,ok,2026-09-04T04:23:43.985502+05:30,2026-09-04_0423IST,airline_direct,IndiGo
BOM,BLR,6E,IndiGo,6E 5047,2026-09-11,7,business,,,22488.0,False,18:30,ok,2026-09-04T04:23:43.985502+05:30,2026-09-04_0423IST,airline_direct,IndiGo
BOM,BLR,6E,IndiGo,6E 5047,2026-09-11,7,economy,,,19701.0,False,18:30,ok,2026-09-04T04:23:43.985502+05:30,2026-09-04_0423IST,airline_direct,IndiGo
BOM,BLR,6E,IndiGo,6E 5032,2026-09-11,7,business,,,26688.0,False,19:55,ok,2026-09-04T04:23:43.985502+05:30,2026-09-04_0423IST,airline_direct,IndiGo
BOM,BLR,6E,IndiGo,6E 5032,2026-09-11,7,economy,,,19701.0,False,19:55,ok,2026-09-04T04:23:43.985502+05:30,2026-09-04_0423IST,airline_direct,IndiGo
BOM,BLR,6E,IndiGo,6E 6188,2026-09-11,7,business,,,22488.0,False,21:30,ok,2026-09-04T04:23:43.985502+05:30,2026-09-04_0423IST,airline_direct,IndiGo
BOM,BLR,6E,IndiGo,6E 6188,2026-09-11,7,economy,,,19701.0,False,21:30,ok,2026-09-04T04:23:43.985502+05:30,2026-09-04_0423IST,airline_direct,IndiGo
BOM,BLR,6E,IndiGo,6E 6599,2026-09-11,7,economy,,,5594.0,False,16:50,ok,2026-09-04T04:23:43.985502+05:30,2026-09-04_0423IST,airline_direct,IndiGo
BOM,BLR,6E,IndiGo,6E 6349,2026-09-11,7,economy,,,5840.0,False,11:40,ok,2026-09-04T04:23:43.985502+05:30,2026-09-04_0423IST,airline_direct,IndiGo
BOM,BLR,6E,IndiGo,6E 6701,2026-09-11,7,economy,,,7210.0,False,05:35,ok,2026-09-04T04:23:43.985502+05:30,2026-09-04_0423IST,airline_direct,IndiGo
BOM,BLR,6E,IndiGo,6E 5188,2026-09-11,7,economy,,,7210.0,False,06:15,ok,2026-09-04T04:23:43.985502+05:30,2026-09-04_0423IST,airline_direct,IndiGo
BOM,BLR,6E,IndiGo,6E 6674,2026-09-11,7,economy,,,7551.0,False,09:05,ok,2026-09-04T04:23:43.985502+05:30,2026-09-04_0423IST,airline_direct,IndiGo
BOM,BLR,6E,IndiGo,6E 6057,2026-09-11,7,economy,,,7551.0,False,09:15,ok,2026-09-04T04:23:43.985502+05:30,2026-09-04_0423IST,airline_direct,IndiGo
BOM,BLR,6E,IndiGo,6E 632,2026-09-11,7,economy,,,7761.0,False,04:00,ok,2026-09-04T04:23:43.985502+05:30,2026-09-04_0423IST,airline_direct,IndiGo
BOM,BLR,6E,IndiGo,6E 6701,2026-09-11,7,economy,,,7761.0,False,05:35,ok,2026-09-04T04:23:43.985502+05:30,2026-09-04_0423IST,airline_direct,IndiGo
BOM,BLR,6E,IndiGo,6E 6361,2026-09-11,7,economy,,,8025.0,False,05:00,ok,2026-09-04T04:23:43.985502+05:30,2026-09-04_0423IST,airline_direct,IndiGo
BOM,BLR,6E,IndiGo,6E 5082,2026-09-11,7,economy,,,8025.0,False,18:05,ok,2026-09-04T04:23:43.985502+05:30,2026-09-04_0423IST,airline_direct,IndiGo
BOM,BLR,6E,IndiGo,6E 5109,2026-09-11,7,economy,,,8366.0,False,09:35,ok,2026-09-04T04:23:43.985502+05:30,2026-09-04_0423IST,airline_direct,IndiGo
BOM,BLR,6E,IndiGo,6E 673,2026-09-11,7,economy,,,8366.0,False,12:30,ok,2026-09-04T04:23:43.985502+05:30,2026-09-04_0423IST,airline_direct,IndiGo
BOM,BLR,6E,IndiGo,6E 240,2026-09-11,7,economy,,,8366.0,False,15:45,ok,2026-09-04T04:23:43.985502+05:30,2026-09-04_0423IST,airline_direct,IndiGo
BOM,BLR,6E,IndiGo,6E 2237,2026-09-11,7,economy,,,8366.0,False,18:40,ok,2026-09-04T04:23:43.985502+05:30,2026-09-04_0423IST,airline_direct,IndiGo
BOM,BLR,6E,IndiGo,6E 5241,2026-09-11,7,economy,,,8690.0,False,16:40,ok,2026-09-04T04:23:43.985502+05:30,2026-09-04_0423IST,airline_direct,IndiGo
BOM,BLR,6E,IndiGo,6E 5241,2026-09-11,7,economy,,,8690.0,False,16:40,ok,2026-09-04T04:23:43.985502+05:30,2026-09-04_0423IST,airline_direct,IndiGo
BOM,BLR,6E,IndiGo,6E 5123,2026-09-11,7,economy,,,8952.0,False,14:40,ok,2026-09-04T04:23:43.985502+05:30,2026-09-04_0423IST,airline_direct,IndiGo
BOM,BLR,6E,IndiGo,6E 230,2026-09-11,7,economy,,,9422.0,False,13:55,ok,2026-09-04T04:23:43.985502+05:30,2026-09-04_0423IST,airline_direct,IndiGo
BOM,BLR,6E,IndiGo,6E 230,2026-09-11,7,economy,,,9422.0,False,13:55,ok,2026-09-04T04:23:43.985502+05:30,2026-09-04_0423IST,airline_direct,IndiGo
BOM,BLR,6E,IndiGo,6E 230,2026-09-11,7,economy,,,9422.0,False,13:55,ok,2026-09-04T04:23:43.985502+05:30,2026-09-04_0423IST,airline_direct,IndiGo
BOM,BLR,6E,IndiGo,6E 673,2026-09-11,7,economy,,,9763.0,False,12:30,ok,2026-09-04T04:23:43.985502+05:30,2026-09-04_0423IST,airline_direct,IndiGo
BOM,BLR,6E,IndiGo,6E 5126,2026-09-11,7,economy,,,10566.0,False,18:15,ok,2026-09-04T04:23:43.985502+05:30,2026-09-04_0423IST,airline_direct,IndiGo
BOM,BLR,6E,IndiGo,6E 6349,2026-09-11,7,economy,,,11450.0,False,11:40,ok,2026-09-04T04:23:43.985502+05:30,2026-09-04_0423IST,airline_direct,IndiGo
BOM,BLR,6E,IndiGo,6E 261,2026-09-11,7,economy,,,12080.0,False,11:20,ok,2026-09-04T04:23:43.985502+05:30,2026-09-04_0423IST,airline_direct,IndiGo
BOM,BLR,6E,IndiGo,6E 5313,2026-09-11,7,economy,,,12179.0,False,09:50,ok,2026-09-04T04:23:43.985502+05:30,2026-09-04_0423IST,airline_direct,IndiGo
BOM,BLR,6E,IndiGo,6E 6802,2026-09-11,7,economy,,,12927.0,False,16:55,ok,2026-09-04T04:23:43.985502+05:30,2026-09-04_0423IST,airline_direct,IndiGo
BOM,BLR,6E,IndiGo,6E 5313,2026-09-11,7,economy,,,14192.0,False,09:50,ok,2026-09-04T04:23:43.985502+05:30,2026-09-04_0423IST,airline_direct,IndiGo
BOM,BLR,6E,IndiGo,6E 2011,2026-09-11,7,economy,,,14661.0,False,13:35,ok,2026-09-04T04:23:43.985502+05:30,2026-09-04_0423IST,airline_direct,IndiGo
BOM,BLR,6E,IndiGo,6E 261,2026-09-11,7,economy,,,15152.0,False,11:20,ok,2026-09-04T04:23:43.985502+05:30,2026-09-04_0423IST,airline_direct,IndiGo
BOM,BLR,6E,IndiGo,6E 437,2026-09-11,7,economy,,,15954.0,False,17:10,ok,2026-09-04T04:23:43.985502+05:30,2026-09-04_0423IST,airline_direct,IndiGo
BOM,BLR,6E,IndiGo,6E 5178,2026-09-11,7,economy,,,16928.0,False,11:45,ok,2026-09-04T04:23:43.985502+05:30,2026-09-04_0423IST,airline_direct,IndiGo
BOM,BLR,6E,IndiGo,6E 5318,2026-09-11,7,economy,,,17978.0,False,10:15,ok,2026-09-04T04:23:43.985502+05:30,2026-09-04_0423IST,airline_direct,IndiGo
BOM,BLR,6E,IndiGo,6E 5386,2026-09-11,7,economy,,,18429.0,False,15:10,ok,2026-09-04T04:23:43.985502+05:30,2026-09-04_0423IST,airline_direct,IndiGo
BOM,BLR,6E,IndiGo,6E 5386,2026-09-11,7,economy,,,18722.0,False,15:10,ok,2026-09-04T04:23:43.985502+05:30,2026-09-04_0423IST,airline_direct,IndiGo
BOM,BLR,6E,IndiGo,6E 5228,2026-09-11,7,economy,,,18722.0,False,16:45,ok,2026-09-04T04:23:43.985502+05:30,2026-09-04_0423IST,airline_direct,IndiGo
BOM,BLR,6E,IndiGo,6E 5386,2026-09-11,7,economy,,,19536.0,False,15:10,ok,2026-09-04T04:23:43.985502+05:30,2026-09-04_0423IST,airline_direct,IndiGo
BOM,BLR,6E,IndiGo,6E 5386,2026-09-11,7,economy,,,19536.0,False,15:10,ok,2026-09-04T04:23:43.985502+05:30,2026-09-04_0423IST,airline_direct,IndiGo
BOM,BLR,6E,IndiGo,6E 5228,2026-09-11,7,economy,,,19899.0,False,16:45,ok,2026-09-04T04:23:43.985502+05:30,2026-09-04_0423IST,airline_direct,IndiGo
BOM,BLR,6E,IndiGo,6E 5196,2026-09-11,7,economy,,,19902.0,False,15:25,ok,2026-09-04T04:23:43.985502+05:30,2026-09-04_0423IST,airline_direct,IndiGo
BOM,BLR,6E,IndiGo,6E 5178,2026-09-11,7,economy,,,19956.0,False,11:45,ok,2026-09-04T04:23:43.985502+05:30,2026-09-04_0423IST,airline_direct,IndiGo
BOM,BLR,6E,IndiGo,6E 5178,2026-09-11,7,economy,,,19956.0,False,11:45,ok,2026-09-04T04:23:43.985502+05:30,2026-09-04_0423IST,airline_direct,IndiGo
BOM,BLR,6E,IndiGo,6E 5178,2026-09-11,7,economy,,,19956.0,False,11:45,ok,2026-09-04T04:23:43.985502+05:30,2026-09-04_0423IST,airline_direct,IndiGo
BOM,BLR,6E,IndiGo,6E 5107,2026-09-11,7,economy,,,20082.0,False,20:00,ok,2026-09-04T04:23:43.985502+05:30,2026-09-04_0423IST,airline_direct,IndiGo
BOM,BLR,6E,IndiGo,6E 5318,2026-09-11,7,economy,,,21006.0,False,10:15,ok,2026-09-04T04:23:43.985502+05:30,2026-09-04_0423IST,airline_direct,IndiGo
BOM,BLR,6E,IndiGo,6E 5048,2026-09-11,7,economy,,,21963.0,False,17:25,ok,2026-09-04T04:23:43.985502+05:30,2026-09-04_0423IST,airline_direct,IndiGo
BOM,BLR,6E,IndiGo,6E 5337,2026-09-11,7,economy,,,22706.0,False,13:45,ok,2026-09-04T04:23:43.985502+05:30,2026-09-04_0423IST,airline_direct,IndiGo
BOM,BLR,6E,IndiGo,6E 5201,2026-09-11,7,economy,,,23183.0,False,14:55,ok,2026-09-04T04:23:43.985502+05:30,2026-09-04_0423IST,airline_direct,IndiGo
BOM,BLR,6E,IndiGo,6E 5196,2026-09-11,7,economy,,,27954.0,False,15:25,ok,2026-09-04T04:23:43.985502+05:30,2026-09-04_0423IST,airline_direct,IndiGo
DEL,CCU,6E,IndiGo,6E 5191,2026-09-11,7,business,,,26140.0,False,05:00,ok,2026-09-04T04:24:44.092296+05:30,2026-09-04_0424IST,airline_direct,IndiGo
DEL,CCU,6E,IndiGo,6E 5191,2026-09-11,7,economy,,,8502.0,False,05:00,ok,2026-09-04T04:24:44.092296+05:30,2026-09-04_0424IST,airline_direct,IndiGo
DEL,CCU,6E,IndiGo,6E 340,2026-09-11,7,business,,,26140.0,False,07:20,ok,2026-09-04T04:24:44.092296+05:30,2026-09-04_0424IST,airline_direct,IndiGo
DEL,CCU,6E,IndiGo,6E 340,2026-09-11,7,economy,,,8502.0,False,07:20,ok,2026-09-04T04:24:44.092296+05:30,2026-09-04_0424IST,airline_direct,IndiGo
DEL,CCU,6E,IndiGo,6E 897,2026-09-11,7,business,,,26140.0,False,12:45,ok,2026-09-04T04:24:44.092296+05:30,2026-09-04_0424IST,airline_direct,IndiGo
DEL,CCU,6E,IndiGo,6E 897,2026-09-11,7,economy,,,8502.0,False,12:45,ok,2026-09-04T04:24:44.092296+05:30,2026-09-04_0424IST,airline_direct,IndiGo
DEL,CCU,6E,IndiGo,6E 910,2026-09-11,7,business,,,26140.0,False,14:25,ok,2026-09-04T04:24:44.092296+05:30,2026-09-04_0424IST,airline_direct,IndiGo
DEL,CCU,6E,IndiGo,6E 910,2026-09-11,7,economy,,,8502.0,False,14:25,ok,2026-09-04T04:24:44.092296+05:30,2026-09-04_0424IST,airline_direct,IndiGo
DEL,CCU,6E,IndiGo,6E 6415,2026-09-11,7,business,,,26140.0,False,16:00,ok,2026-09-04T04:24:44.092296+05:30,2026-09-04_0424IST,airline_direct,IndiGo
DEL,CCU,6E,IndiGo,6E 6415,2026-09-11,7,economy,,,8502.0,False,16:00,ok,2026-09-04T04:24:44.092296+05:30,2026-09-04_0424IST,airline_direct,IndiGo
DEL,CCU,6E,IndiGo,6E 2276,2026-09-11,7,business,,,29680.0,False,17:55,ok,2026-09-04T04:24:44.092296+05:30,2026-09-04_0424IST,airline_direct,IndiGo
DEL,CCU,6E,IndiGo,6E 2276,2026-09-11,7,economy,,,8502.0,False,17:55,ok,2026-09-04T04:24:44.092296+05:30,2026-09-04_0424IST,airline_direct,IndiGo
DEL,CCU,6E,IndiGo,6E 247,2026-09-11,7,business,,,26140.0,False,23:30,ok,2026-09-04T04:24:44.092296+05:30,2026-09-04_0424IST,airline_direct,IndiGo
DEL,CCU,6E,IndiGo,6E 247,2026-09-11,7,economy,,,8502.0,False,23:30,ok,2026-09-04T04:24:44.092296+05:30,2026-09-04_0424IST,airline_direct,IndiGo
DEL,CCU,6E,IndiGo,6E 513,2026-09-11,7,business,,,26140.0,False,08:30,ok,2026-09-04T04:24:44.092296+05:30,2026-09-04_0424IST,airline_direct,IndiGo
DEL,CCU,6E,IndiGo,6E 513,2026-09-11,7,economy,,,8765.0,False,08:30,ok,2026-09-04T04:24:44.092296+05:30,2026-09-04_0424IST,airline_direct,IndiGo
DEL,CCU,6E,IndiGo,6E 894,2026-09-11,7,business,,,26140.0,False,10:15,ok,2026-09-04T04:24:44.092296+05:30,2026-09-04_0424IST,airline_direct,IndiGo
DEL,CCU,6E,IndiGo,6E 894,2026-09-11,7,economy,,,9552.0,False,10:15,ok,2026-09-04T04:24:44.092296+05:30,2026-09-04_0424IST,airline_direct,IndiGo
DEL,CCU,6E,IndiGo,6E 389,2026-09-11,7,business,,,26140.0,False,21:50,ok,2026-09-04T04:24:44.092296+05:30,2026-09-04_0424IST,airline_direct,IndiGo
DEL,CCU,6E,IndiGo,6E 389,2026-09-11,7,economy,,,9552.0,False,21:50,ok,2026-09-04T04:24:44.092296+05:30,2026-09-04_0424IST,airline_direct,IndiGo
DEL,CCU,6E,IndiGo,6E 6517,2026-09-11,7,business,,,29680.0,False,19:30,ok,2026-09-04T04:24:44.092296+05:30,2026-09-04_0424IST,airline_direct,IndiGo
DEL,CCU,6E,IndiGo,6E 6517,2026-09-11,7,economy,,,10707.0,False,19:30,ok,2026-09-04T04:24:44.092296+05:30,2026-09-04_0424IST,airline_direct,IndiGo
DEL,CCU,6E,IndiGo,6E 2453,2026-09-11,7,economy,,,7368.0,False,13:35,ok,2026-09-04T04:24:44.092296+05:30,2026-09-04_0424IST,airline_direct,IndiGo
DEL,CCU,6E,IndiGo,6E 5036,2026-09-11,7,economy,,,7500.0,False,08:00,ok,2026-09-04T04:24:44.092296+05:30,2026-09-04_0424IST,airline_direct,IndiGo
DEL,CCU,6E,IndiGo,6E 6312,2026-09-11,7,economy,,,7500.0,False,14:25,ok,2026-09-04T04:24:44.092296+05:30,2026-09-04_0424IST,airline_direct,IndiGo
DEL,CCU,6E,IndiGo,6E 2361,2026-09-11,7,economy,,,7500.0,False,14:35,ok,2026-09-04T04:24:44.092296+05:30,2026-09-04_0424IST,airline_direct,IndiGo
DEL,CCU,6E,IndiGo,6E 6190,2026-09-11,7,economy,,,7578.0,False,07:40,ok,2026-09-04T04:24:44.092296+05:30,2026-09-04_0424IST,airline_direct,IndiGo
DEL,CCU,6E,IndiGo,6E 6190,2026-09-11,7,economy,,,7578.0,False,07:40,ok,2026-09-04T04:24:44.092296+05:30,2026-09-04_0424IST,airline_direct,IndiGo
DEL,CCU,6E,IndiGo,6E 2203,2026-09-11,7,economy,,,7683.0,False,04:45,ok,2026-09-04T04:24:44.092296+05:30,2026-09-04_0424IST,airline_direct,IndiGo
DEL,CCU,6E,IndiGo,6E 6124,2026-09-11,7,economy,,,7683.0,False,07:30,ok,2026-09-04T04:24:44.092296+05:30,2026-09-04_0424IST,airline_direct,IndiGo
DEL,CCU,6E,IndiGo,6E 5215,2026-09-11,7,economy,,,7683.0,False,07:45,ok,2026-09-04T04:24:44.092296+05:30,2026-09-04_0424IST,airline_direct,IndiGo
DEL,CCU,6E,IndiGo,6E 5307,2026-09-11,7,economy,,,7683.0,False,10:50,ok,2026-09-04T04:24:44.092296+05:30,2026-09-04_0424IST,airline_direct,IndiGo
DEL,CCU,6E,IndiGo,6E 5307,2026-09-11,7,economy,,,7683.0,False,10:50,ok,2026-09-04T04:24:44.092296+05:30,2026-09-04_0424IST,airline_direct,IndiGo
DEL,CCU,6E,IndiGo,6E 6378,2026-09-11,7,economy,,,7683.0,False,14:40,ok,2026-09-04T04:24:44.092296+05:30,2026-09-04_0424IST,airline_direct,IndiGo
DEL,CCU,6E,IndiGo,6E 5041,2026-09-11,7,economy,,,7683.0,False,15:10,ok,2026-09-04T04:24:44.092296+05:30,2026-09-04_0424IST,airline_direct,IndiGo
DEL,CCU,6E,IndiGo,6E 5041,2026-09-11,7,economy,,,7683.0,False,15:10,ok,2026-09-04T04:24:44.092296+05:30,2026-09-04_0424IST,airline_direct,IndiGo
DEL,CCU,6E,IndiGo,6E 6829,2026-09-11,7,economy,,,7710.0,False,17:20,ok,2026-09-04T04:24:44.092296+05:30,2026-09-04_0424IST,airline_direct,IndiGo
DEL,CCU,6E,IndiGo,6E 6503,2026-09-11,7,economy,,,7893.0,False,13:25,ok,2026-09-04T04:24:44.092296+05:30,2026-09-04_0424IST,airline_direct,IndiGo
DEL,CCU,6E,IndiGo,6E 6503,2026-09-11,7,economy,,,7893.0,False,13:25,ok,2026-09-04T04:24:44.092296+05:30,2026-09-04_0424IST,airline_direct,IndiGo
DEL,CCU,6E,IndiGo,6E 5119,2026-09-11,7,economy,,,7920.0,False,05:10,ok,2026-09-04T04:24:44.092296+05:30,2026-09-04_0424IST,airline_direct,IndiGo
DEL,CCU,6E,IndiGo,6E 203,2026-09-11,7,economy,,,7920.0,False,07:10,ok,2026-09-04T04:24:44.092296+05:30,2026-09-04_0424IST,airline_direct,IndiGo
DEL,CCU,6E,IndiGo,6E 705,2026-09-11,7,economy,,,7920.0,False,08:30,ok,2026-09-04T04:24:44.092296+05:30,2026-09-04_0424IST,airline_direct,IndiGo
DEL,CCU,6E,IndiGo,6E 6293,2026-09-11,7,economy,,,7920.0,False,09:55,ok,2026-09-04T04:24:44.092296+05:30,2026-09-04_0424IST,airline_direct,IndiGo
DEL,CCU,6E,IndiGo,6E 2331,2026-09-11,7,economy,,,7920.0,False,12:20,ok,2026-09-04T04:24:44.092296+05:30,2026-09-04_0424IST,airline_direct,IndiGo
DEL,CCU,6E,IndiGo,6E 2341,2026-09-11,7,economy,,,7920.0,False,14:50,ok,2026-09-04T04:24:44.092296+05:30,2026-09-04_0424IST,airline_direct,IndiGo
DEL,CCU,6E,IndiGo,6E 5073,2026-09-11,7,economy,,,7920.0,False,17:05,ok,2026-09-04T04:24:44.092296+05:30,2026-09-04_0424IST,airline_direct,IndiGo
DEL,CCU,6E,IndiGo,6E 6371,2026-09-11,7,economy,,,8025.0,False,06:20,ok,2026-09-04T04:24:44.092296+05:30,2026-09-04_0424IST,airline_direct,IndiGo
DEL,CCU,6E,IndiGo,6E 6551,2026-09-11,7,economy,,,8025.0,False,12:00,ok,2026-09-04T04:24:44.092296+05:30,2026-09-04_0424IST,airline_direct,IndiGo
DEL,CCU,6E,IndiGo,6E 6312,2026-09-11,7,economy,,,8107.0,False,14:25,ok,2026-09-04T04:24:44.092296+05:30,2026-09-04_0424IST,airline_direct,IndiGo
DEL,CCU,6E,IndiGo,6E 734,2026-09-11,7,economy,,,8107.0,False,16:20,ok,2026-09-04T04:24:44.092296+05:30,2026-09-04_0424IST,airline_direct,IndiGo
DEL,CCU,6E,IndiGo,6E 5298,2026-09-11,7,economy,,,8185.0,False,09:00,ok,2026-09-04T04:24:44.092296+05:30,2026-09-04_0424IST,airline_direct,IndiGo
DEL,CCU,6E,IndiGo,6E 2614,2026-09-11,7,economy,,,8185.0,False,14:40,ok,2026-09-04T04:24:44.092296+05:30,2026-09-04_0424IST,airline_direct,IndiGo
DEL,CCU,6E,IndiGo,6E 5215,2026-09-11,7,economy,,,8290.0,False,07:45,ok,2026-09-04T04:24:44.092296+05:30,2026-09-04_0424IST,airline_direct,IndiGo
DEL,CCU,6E,IndiGo,6E 6236,2026-09-11,7,economy,,,8643.0,False,16:20,ok,2026-09-04T04:24:44.092296+05:30,2026-09-04_0424IST,airline_direct,IndiGo
DEL,CCU,6E,IndiGo,6E 2259,2026-09-11,7,economy,,,8853.0,False,12:20,ok,2026-09-04T04:24:44.092296+05:30,2026-09-04_0424IST,airline_direct,IndiGo
DEL,CCU,6E,IndiGo,6E 2614,2026-09-11,7,economy,,,8853.0,False,14:40,ok,2026-09-04T04:24:44.092296+05:30,2026-09-04_0424IST,airline_direct,IndiGo
DEL,CCU,6E,IndiGo,6E 884,2026-09-11,7,business,,,35104.0,False,11:45,ok,2026-09-04T04:24:44.092296+05:30,2026-09-04_0424IST,airline_direct,IndiGo
DEL,CCU,6E,IndiGo,6E 884,2026-09-11,7,economy,,,9928.0,False,11:45,ok,2026-09-04T04:24:44.092296+05:30,2026-09-04_0424IST,airline_direct,IndiGo
DEL,CCU,6E,IndiGo,6E 6282,2026-09-11,7,business,,,35104.0,False,13:30,ok,2026-09-04T04:24:44.092296+05:30,2026-09-04_0424IST,airline_direct,IndiGo
DEL,CCU,6E,IndiGo,6E 6282,2026-09-11,7,economy,,,9928.0,False,13:30,ok,2026-09-04T04:24:44.092296+05:30,2026-09-04_0424IST,airline_direct,IndiGo
DEL,CCU,6E,IndiGo,6E 882,2026-09-11,7,business,,,31918.0,False,23:15,ok,2026-09-04T04:24:44.092296+05:30,2026-09-04_0424IST,airline_direct,IndiGo
DEL,CCU,6E,IndiGo,6E 882,2026-09-11,7,economy,,,9928.0,False,23:15,ok,2026-09-04T04:24:44.092296+05:30,2026-09-04_0424IST,airline_direct,IndiGo
DEL,CCU,6E,IndiGo,6E 6245,2026-09-11,7,economy,,,10098.0,False,06:20,ok,2026-09-04T04:24:44.092296+05:30,2026-09-04_0424IST,airline_direct,IndiGo
DEL,CCU,6E,IndiGo,6E 203,2026-09-11,7,economy,,,10735.0,False,07:10,ok,2026-09-04T04:24:44.092296+05:30,2026-09-04_0424IST,airline_direct,IndiGo
DEL,CCU,6E,IndiGo,6E 705,2026-09-11,7,economy,,,10735.0,False,08:30,ok,2026-09-04T04:24:44.092296+05:30,2026-09-04_0424IST,airline_direct,IndiGo
DEL,CCU,6E,IndiGo,6E 6212,2026-09-11,7,business,,,35930.0,False,14:45,ok,2026-09-04T04:24:44.092296+05:30,2026-09-04_0424IST,airline_direct,IndiGo
DEL,CCU,6E,IndiGo,6E 6212,2026-09-11,7,economy,,,10735.0,False,14:45,ok,2026-09-04T04:24:44.092296+05:30,2026-09-04_0424IST,airline_direct,IndiGo
DEL,CCU,6E,IndiGo,6E 2296,2026-09-11,7,economy,,,11280.0,False,09:20,ok,2026-09-04T04:24:44.092296+05:30,2026-09-04_0424IST,airline_direct,IndiGo
DEL,CCU,6E,IndiGo,6E 5038,2026-09-11,7,economy,,,11280.0,False,14:00,ok,2026-09-04T04:24:44.092296+05:30,2026-09-04_0424IST,airline_direct,IndiGo
DEL,CCU,6E,IndiGo,6E 6073,2026-09-11,7,economy,,,12254.0,False,05:00,ok,2026-09-04T04:24:44.092296+05:30,2026-09-04_0424IST,airline_direct,IndiGo
DEL,CCU,6E,IndiGo,6E 6217,2026-09-11,7,business,,,35930.0,False,16:15,ok,2026-09-04T04:24:44.092296+05:30,2026-09-04_0424IST,airline_direct,IndiGo
DEL,CCU,6E,IndiGo,6E 6217,2026-09-11,7,economy,,,12595.0,False,16:15,ok,2026-09-04T04:24:44.092296+05:30,2026-09-04_0424IST,airline_direct,IndiGo
DEL,CCU,6E,IndiGo,6E 5033,2026-09-11,7,economy,,,15663.0,False,15:50,ok,2026-09-04T04:24:44.092296+05:30,2026-09-04_0424IST,airline_direct,IndiGo
DEL,CCU,6E,IndiGo,6E 717,2026-09-11,7,business,,,35930.0,False,17:55,ok,2026-09-04T04:24:44.092296+05:30,2026-09-04_0424IST,airline_direct,IndiGo
DEL,CCU,6E,IndiGo,6E 717,2026-09-11,7,economy,,,20721.0,False,17:55,ok,2026-09-04T04:24:44.092296+05:30,2026-09-04_0424IST,airline_direct,IndiGo
DEL,CCU,6E,IndiGo,6E 6053,2026-09-11,7,economy,,,20868.0,False,13:05,ok,2026-09-04T04:24:44.092296+05:30,2026-09-04_0424IST,airline_direct,IndiGo
BLR,HYD,6E,IndiGo,error,2026-09-11,7,unknown,,,,False,unknown,error,2026-09-04T04:28:15.485400+05:30,2026-09-04_0428IST,airline_direct,IndiGo
MAA,DEL,6E,IndiGo,6E 939,2026-09-11,7,business,,,28240.0,False,13:00,ok,2026-09-04T04:29:12.579687+05:30,2026-09-04_0429IST,airline_direct,IndiGo
MAA,DEL,6E,IndiGo,6E 939,2026-09-11,7,economy,,,9830.0,False,13:00,ok,2026-09-04T04:29:12.579687+05:30,2026-09-04_0429IST,airline_direct,IndiGo
MAA,DEL,6E,IndiGo,6E 404,2026-09-11,7,business,,,28240.0,False,09:15,ok,2026-09-04T04:29:12.579687+05:30,2026-09-04_0429IST,airline_direct,IndiGo
MAA,DEL,6E,IndiGo,6E 404,2026-09-11,7,economy,,,10295.0,False,09:15,ok,2026-09-04T04:29:12.579687+05:30,2026-09-04_0429IST,airline_direct,IndiGo
MAA,DEL,6E,IndiGo,6E 948,2026-09-11,7,business,,,28240.0,False,14:30,ok,2026-09-04T04:29:12.579687+05:30,2026-09-04_0429IST,airline_direct,IndiGo
MAA,DEL,6E,IndiGo,6E 948,2026-09-11,7,economy,,,10295.0,False,14:30,ok,2026-09-04T04:29:12.579687+05:30,2026-09-04_0429IST,airline_direct,IndiGo
MAA,DEL,6E,IndiGo,6E 6002,2026-09-11,7,business,,,28240.0,False,11:10,ok,2026-09-04T04:29:12.579687+05:30,2026-09-04_0429IST,airline_direct,IndiGo
MAA,DEL,6E,IndiGo,6E 6002,2026-09-11,7,economy,,,10785.0,False,11:10,ok,2026-09-04T04:29:12.579687+05:30,2026-09-04_0429IST,airline_direct,IndiGo
MAA,DEL,6E,IndiGo,6E 937,2026-09-11,7,business,,,28240.0,False,06:30,ok,2026-09-04T04:29:12.579687+05:30,2026-09-04_0429IST,airline_direct,IndiGo
MAA,DEL,6E,IndiGo,6E 937,2026-09-11,7,economy,,,11850.0,False,06:30,ok,2026-09-04T04:29:12.579687+05:30,2026-09-04_0429IST,airline_direct,IndiGo
MAA,DEL,6E,IndiGo,6E 2369,2026-09-11,7,business,,,28240.0,False,23:45,ok,2026-09-04T04:29:12.579687+05:30,2026-09-04_0429IST,airline_direct,IndiGo
MAA,DEL,6E,IndiGo,6E 2369,2026-09-11,7,economy,,,11850.0,False,23:45,ok,2026-09-04T04:29:12.579687+05:30,2026-09-04_0429IST,airline_direct,IndiGo
MAA,DEL,6E,IndiGo,6E 698,2026-09-11,7,business,,,28240.0,False,16:45,ok,2026-09-04T04:29:12.579687+05:30,2026-09-04_0429IST,airline_direct,IndiGo
MAA,DEL,6E,IndiGo,6E 698,2026-09-11,7,economy,,,15824.0,False,16:45,ok,2026-09-04T04:29:12.579687+05:30,2026-09-04_0429IST,airline_direct,IndiGo
MAA,DEL,6E,IndiGo,6E 951,2026-09-11,7,business,,,28240.0,False,21:50,ok,2026-09-04T04:29:12.579687+05:30,2026-09-04_0429IST,airline_direct,IndiGo
MAA,DEL,6E,IndiGo,6E 951,2026-09-11,7,economy,,,15824.0,False,21:50,ok,2026-09-04T04:29:12.579687+05:30,2026-09-04_0429IST,airline_direct,IndiGo
MAA,DEL,6E,IndiGo,6E 613,2026-09-11,7,business,,,28240.0,False,19:00,ok,2026-09-04T04:29:12.579687+05:30,2026-09-04_0429IST,airline_direct,IndiGo
MAA,DEL,6E,IndiGo,6E 613,2026-09-11,7,economy,,,18347.0,False,19:00,ok,2026-09-04T04:29:12.579687+05:30,2026-09-04_0429IST,airline_direct,IndiGo
MAA,DEL,6E,IndiGo,6E 244,2026-09-11,7,economy,,,9619.0,False,03:55,ok,2026-09-04T04:29:12.579687+05:30,2026-09-04_0429IST,airline_direct,IndiGo
MAA,DEL,6E,IndiGo,6E 495,2026-09-11,7,economy,,,9619.0,False,07:10,ok,2026-09-04T04:29:12.579687+05:30,2026-09-04_0429IST,airline_direct,IndiGo
MAA,DEL,6E,IndiGo,6E 6925,2026-09-11,7,economy,,,9619.0,False,12:00,ok,2026-09-04T04:29:12.579687+05:30,2026-09-04_0429IST,airline_direct,IndiGo
MAA,DEL,6E,IndiGo,6E 6815,2026-09-11,7,economy,,,9697.0,False,08:55,ok,2026-09-04T04:29:12.579687+05:30,2026-09-04_0429IST,airline_direct,IndiGo
MAA,DEL,6E,IndiGo,6E 6892,2026-09-11,7,economy,,,9697.0,False,10:55,ok,2026-09-04T04:29:12.579687+05:30,2026-09-04_0429IST,airline_direct,IndiGo
MAA,DEL,6E,IndiGo,6E 6892,2026-09-11,7,economy,,,9697.0,False,10:55,ok,2026-09-04T04:29:12.579687+05:30,2026-09-04_0429IST,airline_direct,IndiGo
MAA,DEL,6E,IndiGo,6E 6005,2026-09-11,7,economy,,,9697.0,False,15:45,ok,2026-09-04T04:29:12.579687+05:30,2026-09-04_0429IST,airline_direct,IndiGo
MAA,DEL,6E,IndiGo,6E 726,2026-09-11,7,economy,,,9697.0,False,18:20,ok,2026-09-04T04:29:12.579687+05:30,2026-09-04_0429IST,airline_direct,IndiGo
MAA,DEL,6E,IndiGo,6E 5314,2026-09-11,7,business,,,39741.0,False,06:45,ok,2026-09-04T04:29:12.579687+05:30,2026-09-04_0429IST,airline_direct,IndiGo
MAA,DEL,6E,IndiGo,6E 5314,2026-09-11,7,economy,,,9829.0,False,06:45,ok,2026-09-04T04:29:12.579687+05:30,2026-09-04_0429IST,airline_direct,IndiGo
MAA,DEL,6E,IndiGo,6E 321,2026-09-11,7,business,,,34875.0,False,08:20,ok,2026-09-04T04:29:12.579687+05:30,2026-09-04_0429IST,airline_direct,IndiGo
MAA,DEL,6E,IndiGo,6E 321,2026-09-11,7,economy,,,9829.0,False,08:20,ok,2026-09-04T04:29:12.579687+05:30,2026-09-04_0429IST,airline_direct,IndiGo
MAA,DEL,6E,IndiGo,6E 6348,2026-09-11,7,business,,,39741.0,False,09:00,ok,2026-09-04T04:29:12.579687+05:30,2026-09-04_0429IST,airline_direct,IndiGo
MAA,DEL,6E,IndiGo,6E 6348,2026-09-11,7,economy,,,9829.0,False,09:00,ok,2026-09-04T04:29:12.579687+05:30,2026-09-04_0429IST,airline_direct,IndiGo
MAA,DEL,6E,IndiGo,6E 6326,2026-09-11,7,business,,,33223.0,False,11:45,ok,2026-09-04T04:29:12.579687+05:30,2026-09-04_0429IST,airline_direct,IndiGo
MAA,DEL,6E,IndiGo,6E 6326,2026-09-11,7,economy,,,9829.0,False,11:45,ok,2026-09-04T04:29:12.579687+05:30,2026-09-04_0429IST,airline_direct,IndiGo
MAA,DEL,6E,IndiGo,6E 981,2026-09-11,7,economy,,,9829.0,False,13:50,ok,2026-09-04T04:29:12.579687+05:30,2026-09-04_0429IST,airline_direct,IndiGo
MAA,DEL,6E,IndiGo,6E 606,2026-09-11,7,business,,,35583.0,False,18:05,ok,2026-09-04T04:29:12.579687+05:30,2026-09-04_0429IST,airline_direct,IndiGo
MAA,DEL,6E,IndiGo,6E 606,2026-09-11,7,economy,,,9829.0,False,18:05,ok,2026-09-04T04:29:12.579687+05:30,2026-09-04_0429IST,airline_direct,IndiGo
MAA,DEL,6E,IndiGo,6E 834,2026-09-11,7,economy,,,10376.0,False,09:05,ok,2026-09-04T04:29:12.579687+05:30,2026-09-04_0429IST,airline_direct,IndiGo
MAA,DEL,6E,IndiGo,6E 6925,2026-09-11,7,economy,,,10376.0,False,12:00,ok,2026-09-04T04:29:12.579687+05:30,2026-09-04_0429IST,airline_direct,IndiGo
MAA,DEL,6E,IndiGo,6E 193,2026-09-11,7,economy,,,10376.0,False,20:00,ok,2026-09-04T04:29:12.579687+05:30,2026-09-04_0429IST,airline_direct,IndiGo
MAA,DEL,6E,IndiGo,6E 6487,2026-09-11,7,economy,,,10376.0,False,21:25,ok,2026-09-04T04:29:12.579687+05:30,2026-09-04_0429IST,airline_direct,IndiGo
MAA,DEL,6E,IndiGo,6E 253,2026-09-11,7,economy,,,11208.0,False,03:10,ok,2026-09-04T04:29:12.579687+05:30,2026-09-04_0429IST,airline_direct,IndiGo
MAA,DEL,6E,IndiGo,6E 834,2026-09-11,7,economy,,,11208.0,False,09:05,ok,2026-09-04T04:29:12.579687+05:30,2026-09-04_0429IST,airline_direct,IndiGo
MAA,DEL,6E,IndiGo,6E 6140,2026-09-11,7,business,,,32775.0,False,02:30,ok,2026-09-04T04:29:12.579687+05:30,2026-09-04_0429IST,airline_direct,IndiGo
MAA,DEL,6E,IndiGo,6E 6140,2026-09-11,7,economy,,,11418.0,False,02:30,ok,2026-09-04T04:29:12.579687+05:30,2026-09-04_0429IST,airline_direct,IndiGo
MAA,DEL,6E,IndiGo,6E 6081,2026-09-11,7,economy,,,11868.0,False,07:05,ok,2026-09-04T04:29:12.579687+05:30,2026-09-04_0429IST,airline_direct,IndiGo
MAA,DEL,6E,IndiGo,6E 973,2026-09-11,7,economy,,,12123.0,False,11:55,ok,2026-09-04T04:29:12.579687+05:30,2026-09-04_0429IST,airline_direct,IndiGo
MAA,DEL,6E,IndiGo,6E 6081,2026-09-11,7,economy,,,12927.0,False,07:05,ok,2026-09-04T04:29:12.579687+05:30,2026-09-04_0429IST,airline_direct,IndiGo
MAA,DEL,6E,IndiGo,6E 562,2026-09-11,7,economy,,,13129.0,False,18:20,ok,2026-09-04T04:29:12.579687+05:30,2026-09-04_0429IST,airline_direct,IndiGo
MAA,DEL,6E,IndiGo,6E 6140,2026-09-11,7,business,,,32775.0,False,02:30,ok,2026-09-04T04:29:12.579687+05:30,2026-09-04_0429IST,airline_direct,IndiGo
MAA,DEL,6E,IndiGo,6E 6140,2026-09-11,7,economy,,,13339.0,False,02:30,ok,2026-09-04T04:29:12.579687+05:30,2026-09-04_0429IST,airline_direct,IndiGo
MAA,DEL,6E,IndiGo,6E 495,2026-09-11,7,economy,,,13398.0,False,07:10,ok,2026-09-04T04:29:12.579687+05:30,2026-09-04_0429IST,airline_direct,IndiGo
MAA,DEL,6E,IndiGo,6E 6348,2026-09-11,7,business,,,39741.0,False,09:00,ok,2026-09-04T04:29:12.579687+05:30,2026-09-04_0429IST,airline_direct,IndiGo
MAA,DEL,6E,IndiGo,6E 6348,2026-09-11,7,economy,,,14019.0,False,09:00,ok,2026-09-04T04:29:12.579687+05:30,2026-09-04_0429IST,airline_direct,IndiGo
MAA,DEL,6E,IndiGo,6E 372,2026-09-11,7,economy,,,14040.0,False,09:55,ok,2026-09-04T04:29:12.579687+05:30,2026-09-04_0429IST,airline_direct,IndiGo
MAA,DEL,6E,IndiGo,6E 6209,2026-09-11,7,economy,,,14072.0,False,14:35,ok,2026-09-04T04:29:12.579687+05:30,2026-09-04_0429IST,airline_direct,IndiGo
MAA,DEL,6E,IndiGo,6E 372,2026-09-11,7,economy,,,14234.0,False,09:55,ok,2026-09-04T04:29:12.579687+05:30,2026-09-04_0429IST,airline_direct,IndiGo
MAA,DEL,6E,IndiGo,6E 489,2026-09-11,7,economy,,,14234.0,False,18:15,ok,2026-09-04T04:29:12.579687+05:30,2026-09-04_0429IST,airline_direct,IndiGo
MAA,DEL,6E,IndiGo,6E 5214,2026-09-11,7,business,,,47116.0,False,11:00,ok,2026-09-04T04:29:12.579687+05:30,2026-09-04_0429IST,airline_direct,IndiGo
MAA,DEL,6E,IndiGo,6E 5214,2026-09-11,7,economy,,,15489.0,False,11:00,ok,2026-09-04T04:29:12.579687+05:30,2026-09-04_0429IST,airline_direct,IndiGo
MAA,DEL,6E,IndiGo,6E 607,2026-09-11,7,business,,,31599.0,False,05:40,ok,2026-09-04T04:29:12.579687+05:30,2026-09-04_0429IST,airline_direct,IndiGo
MAA,DEL,6E,IndiGo,6E 607,2026-09-11,7,economy,,,15738.0,False,05:40,ok,2026-09-04T04:29:12.579687+05:30,2026-09-04_0429IST,airline_direct,IndiGo
MAA,DEL,6E,IndiGo,6E 6209,2026-09-11,7,economy,,,16860.0,False,14:35,ok,2026-09-04T04:29:12.579687+05:30,2026-09-04_0429IST,airline_direct,IndiGo
MAA,DEL,6E,IndiGo,6E 502,2026-09-11,7,business,,,32309.0,False,11:10,ok,2026-09-04T04:29:12.579687+05:30,2026-09-04_0429IST,airline_direct,IndiGo
MAA,DEL,6E,IndiGo,6E 502,2026-09-11,7,economy,,,17996.0,False,11:10,ok,2026-09-04T04:29:12.579687+05:30,2026-09-04_0429IST,airline_direct,IndiGo
MAA,DEL,6E,IndiGo,6E 847,2026-09-11,7,economy,,,19692.0,False,16:15,ok,2026-09-04T04:29:12.579687+05:30,2026-09-04_0429IST,airline_direct,IndiGo
MAA,DEL,6E,IndiGo,6E 401,2026-09-11,7,economy,,,19798.0,False,08:10,ok,2026-09-04T04:29:12.579687+05:30,2026-09-04_0429IST,airline_direct,IndiGo
MAA,DEL,6E,IndiGo,6E 597,2026-09-11,7,economy,,,20237.0,False,17:45,ok,2026-09-04T04:29:12.579687+05:30,2026-09-04_0429IST,airline_direct,IndiGo
MAA,DEL,6E,IndiGo,6E 5258,2026-09-11,7,business,,,48341.0,False,12:45,ok,2026-09-04T04:29:12.579687+05:30,2026-09-04_0429IST,airline_direct,IndiGo
MAA,DEL,6E,IndiGo,6E 5258,2026-09-11,7,economy,,,24590.0,False,12:45,ok,2026-09-04T04:29:12.579687+05:30,2026-09-04_0429IST,airline_direct,IndiGo
MAA,DEL,6E,IndiGo,6E 5258,2026-09-11,7,business,,,48341.0,False,12:45,ok,2026-09-04T04:29:12.579687+05:30,2026-09-04_0429IST,airline_direct,IndiGo
MAA,DEL,6E,IndiGo,6E 5258,2026-09-11,7,economy,,,24590.0,False,12:45,ok,2026-09-04T04:29:12.579687+05:30,2026-09-04_0429IST,airline_direct,IndiGo
MAA,DEL,6E,IndiGo,6E 6158,2026-09-11,7,economy,,,24819.0,False,16:10,ok,2026-09-04T04:29:12.579687+05:30,2026-09-04_0429IST,airline_direct,IndiGo
MAA,DEL,6E,IndiGo,6E 848,2026-09-11,7,economy,,,25331.0,False,17:50,ok,2026-09-04T04:29:12.579687+05:30,2026-09-04_0429IST,airline_direct,IndiGo
MAA,DEL,6E,IndiGo,6E 561,2026-09-11,7,business,,,44109.0,False,22:20,ok,2026-09-04T04:29:12.579687+05:30,2026-09-04_0429IST,airline_direct,IndiGo
MAA,DEL,6E,IndiGo,6E 561,2026-09-11,7,economy,,,26467.0,False,22:20,ok,2026-09-04T04:29:12.579687+05:30,2026-09-04_0429IST,airline_direct,IndiGo
MAA,DEL,6E,IndiGo,6E 189,2026-09-11,7,economy,,,28207.0,False,19:05,ok,2026-09-04T04:29:12.579687+05:30,2026-09-04_0429IST,airline_direct,IndiGo
MAA,DEL,6E,IndiGo,6E 5104,2026-09-11,7,business,,,43340.0,False,16:40,ok,2026-09-04T04:29:12.579687+05:30,2026-09-04_0429IST,airline_direct,IndiGo
MAA,DEL,6E,IndiGo,6E 5104,2026-09-11,7,economy,,,30886.0,False,16:40,ok,2026-09-04T04:29:12.579687+05:30,2026-09-04_0429IST,airline_direct,IndiGo
MAA,DEL,6E,IndiGo,6E 183,2026-09-11,7,business,,,42221.0,False,16:35,ok,2026-09-04T04:29:12.579687+05:30,2026-09-04_0429IST,airline_direct,IndiGo
MAA,DEL,6E,IndiGo,6E 183,2026-09-11,7,economy,,,31568.0,False,16:35,ok,2026-09-04T04:29:12.579687+05:30,2026-09-04_0429IST,airline_direct,IndiGo
MAA,DEL,6E,IndiGo,6E 5371,2026-09-11,7,business,,,47116.0,False,14:45,ok,2026-09-04T04:29:12.579687+05:30,2026-09-04_0429IST,airline_direct,IndiGo
MAA,DEL,6E,IndiGo,6E 5371,2026-09-11,7,economy,,,32736.0,False,14:45,ok,2026-09-04T04:29:12.579687+05:30,2026-09-04_0429IST,airline_direct,IndiGo
MAA,DEL,6E,IndiGo,6E 5367,2026-09-11,7,business,,,43340.0,False,18:15,ok,2026-09-04T04:29:12.579687+05:30,2026-09-04_0429IST,airline_direct,IndiGo
MAA,DEL,6E,IndiGo,6E 5367,2026-09-11,7,economy,,,34079.0,False,18:15,ok,2026-09-04T04:29:12.579687+05:30,2026-09-04_0429IST,airline_direct,IndiGo
DEL,BOM,6E,IndiGo,6E 6814,2026-09-19,15,business,,,21900.0,False,07:15,ok,2026-09-04T04:30:13.231765+05:30,2026-09-04_0430IST,airline_direct,IndiGo
DEL,BOM,6E,IndiGo,6E 6814,2026-09-19,15,economy,,,6305.0,False,07:15,ok,2026-09-04T04:30:13.231765+05:30,2026-09-04_0430IST,airline_direct,IndiGo
DEL,BOM,6E,IndiGo,6E 320,2026-09-19,15,business,,,21900.0,False,08:00,ok,2026-09-04T04:30:13.231765+05:30,2026-09-04_0430IST,airline_direct,IndiGo
DEL,BOM,6E,IndiGo,6E 320,2026-09-19,15,economy,,,6305.0,False,08:00,ok,2026-09-04T04:30:13.231765+05:30,2026-09-04_0430IST,airline_direct,IndiGo
DEL,BOM,6E,IndiGo,6E 675,2026-09-19,15,business,,,21900.0,False,08:45,ok,2026-09-04T04:30:13.231765+05:30,2026-09-04_0430IST,airline_direct,IndiGo
DEL,BOM,6E,IndiGo,6E 675,2026-09-19,15,economy,,,6305.0,False,08:45,ok,2026-09-04T04:30:13.231765+05:30,2026-09-04_0430IST,airline_direct,IndiGo
DEL,BOM,6E,IndiGo,6E 6107,2026-09-19,15,business,,,21900.0,False,09:30,ok,2026-09-04T04:30:13.231765+05:30,2026-09-04_0430IST,airline_direct,IndiGo
DEL,BOM,6E,IndiGo,6E 6107,2026-09-19,15,economy,,,6305.0,False,09:30,ok,2026-09-04T04:30:13.231765+05:30,2026-09-04_0430IST,airline_direct,IndiGo
DEL,BOM,6E,IndiGo,6E 6328,2026-09-19,15,business,,,21900.0,False,10:15,ok,2026-09-04T04:30:13.231765+05:30,2026-09-04_0430IST,airline_direct,IndiGo
DEL,BOM,6E,IndiGo,6E 6328,2026-09-19,15,economy,,,6305.0,False,10:15,ok,2026-09-04T04:30:13.231765+05:30,2026-09-04_0430IST,airline_direct,IndiGo
DEL,BOM,6E,IndiGo,6E 6047,2026-09-19,15,business,,,21900.0,False,11:00,ok,2026-09-04T04:30:13.231765+05:30,2026-09-04_0430IST,airline_direct,IndiGo
DEL,BOM,6E,IndiGo,6E 6047,2026-09-19,15,economy,,,6305.0,False,11:00,ok,2026-09-04T04:30:13.231765+05:30,2026-09-04_0430IST,airline_direct,IndiGo
DEL,BOM,6E,IndiGo,6E 6676,2026-09-19,15,business,,,21900.0,False,12:00,ok,2026-09-04T04:30:13.231765+05:30,2026-09-04_0430IST,airline_direct,IndiGo
DEL,BOM,6E,IndiGo,6E 6676,2026-09-19,15,economy,,,6305.0,False,12:00,ok,2026-09-04T04:30:13.231765+05:30,2026-09-04_0430IST,airline_direct,IndiGo
DEL,BOM,6E,IndiGo,6E 6022,2026-09-19,15,business,,,21900.0,False,14:00,ok,2026-09-04T04:30:13.231765+05:30,2026-09-04_0430IST,airline_direct,IndiGo
DEL,BOM,6E,IndiGo,6E 6022,2026-09-19,15,economy,,,6305.0,False,14:00,ok,2026-09-04T04:30:13.231765+05:30,2026-09-04_0430IST,airline_direct,IndiGo
DEL,BOM,6E,IndiGo,6E 6318,2026-09-19,15,business,,,21900.0,False,14:45,ok,2026-09-04T04:30:13.231765+05:30,2026-09-04_0430IST,airline_direct,IndiGo
DEL,BOM,6E,IndiGo,6E 6318,2026-09-19,15,economy,,,6305.0,False,14:45,ok,2026-09-04T04:30:13.231765+05:30,2026-09-04_0430IST,airline_direct,IndiGo
DEL,BOM,6E,IndiGo,6E 864,2026-09-19,15,business,,,21900.0,False,15:30,ok,2026-09-04T04:30:13.231765+05:30,2026-09-04_0430IST,airline_direct,IndiGo
DEL,BOM,6E,IndiGo,6E 864,2026-09-19,15,economy,,,6305.0,False,15:30,ok,2026-09-04T04:30:13.231765+05:30,2026-09-04_0430IST,airline_direct,IndiGo
DEL,BOM,6E,IndiGo,6E 327,2026-09-19,15,business,,,21900.0,False,16:15,ok,2026-09-04T04:30:13.231765+05:30,2026-09-04_0430IST,airline_direct,IndiGo
DEL,BOM,6E,IndiGo,6E 327,2026-09-19,15,economy,,,6305.0,False,16:15,ok,2026-09-04T04:30:13.231765+05:30,2026-09-04_0430IST,airline_direct,IndiGo
DEL,BOM,6E,IndiGo,6E 329,2026-09-19,15,business,,,21900.0,False,18:00,ok,2026-09-04T04:30:13.231765+05:30,2026-09-04_0430IST,airline_direct,IndiGo
DEL,BOM,6E,IndiGo,6E 329,2026-09-19,15,economy,,,6305.0,False,18:00,ok,2026-09-04T04:30:13.231765+05:30,2026-09-04_0430IST,airline_direct,IndiGo
DEL,BOM,6E,IndiGo,6E 354,2026-09-19,15,business,,,21900.0,False,19:00,ok,2026-09-04T04:30:13.231765+05:30,2026-09-04_0430IST,airline_direct,IndiGo
DEL,BOM,6E,IndiGo,6E 354,2026-09-19,15,economy,,,6305.0,False,19:00,ok,2026-09-04T04:30:13.231765+05:30,2026-09-04_0430IST,airline_direct,IndiGo
DEL,BOM,6E,IndiGo,6E 6114,2026-09-19,15,business,,,21900.0,False,22:45,ok,2026-09-04T04:30:13.231765+05:30,2026-09-04_0430IST,airline_direct,IndiGo
DEL,BOM,6E,IndiGo,6E 6114,2026-09-19,15,economy,,,6305.0,False,22:45,ok,2026-09-04T04:30:13.231765+05:30,2026-09-04_0430IST,airline_direct,IndiGo
DEL,BOM,6E,IndiGo,6E 322,2026-09-19,15,business,,,21900.0,False,23:30,ok,2026-09-04T04:30:13.231765+05:30,2026-09-04_0430IST,airline_direct,IndiGo
DEL,BOM,6E,IndiGo,6E 322,2026-09-19,15,economy,,,6305.0,False,23:30,ok,2026-09-04T04:30:13.231765+05:30,2026-09-04_0430IST,airline_direct,IndiGo
DEL,BOM,6E,IndiGo,6E 449,2026-09-19,15,business,,,21900.0,False,05:00,ok,2026-09-04T04:30:13.231765+05:30,2026-09-04_0430IST,airline_direct,IndiGo
DEL,BOM,6E,IndiGo,6E 449,2026-09-19,15,economy,,,6357.0,False,05:00,ok,2026-09-04T04:30:13.231765+05:30,2026-09-04_0430IST,airline_direct,IndiGo
DEL,BOM,6E,IndiGo,6E 6218,2026-09-19,15,business,,,21900.0,False,06:05,ok,2026-09-04T04:30:13.231765+05:30,2026-09-04_0430IST,airline_direct,IndiGo
DEL,BOM,6E,IndiGo,6E 6218,2026-09-19,15,economy,,,6357.0,False,06:05,ok,2026-09-04T04:30:13.231765+05:30,2026-09-04_0430IST,airline_direct,IndiGo
DEL,BOM,6E,IndiGo,6E 303,2026-09-19,15,business,,,21900.0,False,20:00,ok,2026-09-04T04:30:13.231765+05:30,2026-09-04_0430IST,airline_direct,IndiGo
DEL,BOM,6E,IndiGo,6E 303,2026-09-19,15,economy,,,6357.0,False,20:00,ok,2026-09-04T04:30:13.231765+05:30,2026-09-04_0430IST,airline_direct,IndiGo
DEL,BOM,6E,IndiGo,6E 395,2026-09-19,15,business,,,21900.0,False,21:45,ok,2026-09-04T04:30:13.231765+05:30,2026-09-04_0430IST,airline_direct,IndiGo
DEL,BOM,6E,IndiGo,6E 395,2026-09-19,15,economy,,,6357.0,False,21:45,ok,2026-09-04T04:30:13.231765+05:30,2026-09-04_0430IST,airline_direct,IndiGo
DEL,BOM,6E,IndiGo,6E 324,2026-09-19,15,business,,,21900.0,False,13:00,ok,2026-09-04T04:30:13.231765+05:30,2026-09-04_0430IST,airline_direct,IndiGo
DEL,BOM,6E,IndiGo,6E 324,2026-09-19,15,economy,,,6688.0,False,13:00,ok,2026-09-04T04:30:13.231765+05:30,2026-09-04_0430IST,airline_direct,IndiGo
DEL,BOM,6E,IndiGo,6E 6706,2026-09-19,15,business,,,21900.0,False,17:00,ok,2026-09-04T04:30:13.231765+05:30,2026-09-04_0430IST,airline_direct,IndiGo
DEL,BOM,6E,IndiGo,6E 6706,2026-09-19,15,economy,,,6688.0,False,17:00,ok,2026-09-04T04:30:13.231765+05:30,2026-09-04_0430IST,airline_direct,IndiGo
DEL,BOM,6E,IndiGo,6E 6261,2026-09-19,15,economy,,,6618.0,False,00:15,ok,2026-09-04T04:30:13.231765+05:30,2026-09-04_0430IST,airline_direct,IndiGo
DEL,BOM,6E,IndiGo,6E 2076,2026-09-19,15,economy,,,6618.0,False,07:30,ok,2026-09-04T04:30:13.231765+05:30,2026-09-04_0430IST,airline_direct,IndiGo
DEL,BOM,6E,IndiGo,6E 2331,2026-09-19,15,economy,,,6618.0,False,12:20,ok,2026-09-04T04:30:13.231765+05:30,2026-09-04_0430IST,airline_direct,IndiGo
DEL,BOM,6E,IndiGo,6E 6983,2026-09-19,15,economy,,,6618.0,False,15:35,ok,2026-09-04T04:30:13.231765+05:30,2026-09-04_0430IST,airline_direct,IndiGo
DEL,BOM,6E,IndiGo,6E 5073,2026-09-19,15,economy,,,6618.0,False,17:05,ok,2026-09-04T04:30:13.231765+05:30,2026-09-04_0430IST,airline_direct,IndiGo
DEL,BOM,6E,IndiGo,6E 5073,2026-09-19,15,economy,,,6618.0,False,17:05,ok,2026-09-04T04:30:13.231765+05:30,2026-09-04_0430IST,airline_direct,IndiGo
DEL,BOM,6E,IndiGo,6E 5014,2026-09-19,15,economy,,,6618.0,False,18:30,ok,2026-09-04T04:30:13.231765+05:30,2026-09-04_0430IST,airline_direct,IndiGo
DEL,BOM,6E,IndiGo,6E 931,2026-09-19,15,economy,,,6618.0,False,19:35,ok,2026-09-04T04:30:13.231765+05:30,2026-09-04_0430IST,airline_direct,IndiGo
DEL,BOM,6E,IndiGo,6E 2013,2026-09-19,15,economy,,,6618.0,False,21:50,ok,2026-09-04T04:30:13.231765+05:30,2026-09-04_0430IST,airline_direct,IndiGo
DEL,BOM,6E,IndiGo,6E 6459,2026-09-19,15,economy,,,6750.0,False,05:55,ok,2026-09-04T04:30:13.231765+05:30,2026-09-04_0430IST,airline_direct,IndiGo
DEL,BOM,6E,IndiGo,6E 6443,2026-09-19,15,economy,,,6750.0,False,09:00,ok,2026-09-04T04:30:13.231765+05:30,2026-09-04_0430IST,airline_direct,IndiGo
DEL,BOM,6E,IndiGo,6E 6488,2026-09-19,15,economy,,,6750.0,False,11:20,ok,2026-09-04T04:30:13.231765+05:30,2026-09-04_0430IST,airline_direct,IndiGo
DEL,BOM,6E,IndiGo,6E 2249,2026-09-19,15,economy,,,6750.0,False,15:00,ok,2026-09-04T04:30:13.231765+05:30,2026-09-04_0430IST,airline_direct,IndiGo
DEL,BOM,6E,IndiGo,6E 6433,2026-09-19,15,economy,,,6750.0,False,16:30,ok,2026-09-04T04:30:13.231765+05:30,2026-09-04_0430IST,airline_direct,IndiGo
DEL,BOM,6E,IndiGo,6E 6829,2026-09-19,15,economy,,,6750.0,False,17:20,ok,2026-09-04T04:30:13.231765+05:30,2026-09-04_0430IST,airline_direct,IndiGo
DEL,BOM,6E,IndiGo,6E 6829,2026-09-19,15,economy,,,6750.0,False,17:20,ok,2026-09-04T04:30:13.231765+05:30,2026-09-04_0430IST,airline_direct,IndiGo
DEL,BOM,6E,IndiGo,6E 5138,2026-09-19,15,economy,,,6750.0,False,19:10,ok,2026-09-04T04:30:13.231765+05:30,2026-09-04_0430IST,airline_direct,IndiGo
DEL,BOM,6E,IndiGo,6E 2169,2026-09-19,15,economy,,,6750.0,False,19:40,ok,2026-09-04T04:30:13.231765+05:30,2026-09-04_0430IST,airline_direct,IndiGo
DEL,BOM,6E,IndiGo,6E 6476,2026-09-19,15,economy,,,6828.0,False,07:05,ok,2026-09-04T04:30:13.231765+05:30,2026-09-04_0430IST,airline_direct,IndiGo
DEL,BOM,6E,IndiGo,6E 6050,2026-09-19,15,economy,,,6828.0,False,08:15,ok,2026-09-04T04:30:13.231765+05:30,2026-09-04_0430IST,airline_direct,IndiGo
DEL,BOM,6E,IndiGo,6E 5298,2026-09-19,15,economy,,,6828.0,False,09:00,ok,2026-09-04T04:30:13.231765+05:30,2026-09-04_0430IST,airline_direct,IndiGo
DEL,BOM,6E,IndiGo,6E 2319,2026-09-19,15,economy,,,6828.0,False,09:55,ok,2026-09-04T04:30:13.231765+05:30,2026-09-04_0430IST,airline_direct,IndiGo
DEL,BOM,6E,IndiGo,6E 2147,2026-09-19,15,economy,,,6828.0,False,11:10,ok,2026-09-04T04:30:13.231765+05:30,2026-09-04_0430IST,airline_direct,IndiGo
DEL,BOM,6E,IndiGo,6E 5206,2026-09-19,15,economy,,,6828.0,False,13:20,ok,2026-09-04T04:30:13.231765+05:30,2026-09-04_0430IST,airline_direct,IndiGo
DEL,BOM,6E,IndiGo,6E 758,2026-09-19,15,economy,,,6828.0,False,16:10,ok,2026-09-04T04:30:13.231765+05:30,2026-09-04_0430IST,airline_direct,IndiGo
DEL,BOM,6E,IndiGo,6E 2151,2026-09-19,15,economy,,,6828.0,False,19:45,ok,2026-09-04T04:30:13.231765+05:30,2026-09-04_0430IST,airline_direct,IndiGo
DEL,BOM,6E,IndiGo,6E 6479,2026-09-19,15,economy,,,6828.0,False,21:25,ok,2026-09-04T04:30:13.231765+05:30,2026-09-04_0430IST,airline_direct,IndiGo
DEL,BOM,6E,IndiGo,6E 704,2026-09-19,15,business,,,32081.0,False,02:25,ok,2026-09-04T04:30:13.231765+05:30,2026-09-04_0430IST,airline_direct,IndiGo
DEL,BOM,6E,IndiGo,6E 704,2026-09-19,15,economy,,,6960.0,False,02:25,ok,2026-09-04T04:30:13.231765+05:30,2026-09-04_0430IST,airline_direct,IndiGo
DEL,BOM,6E,IndiGo,6E 705,2026-09-19,15,business,,,29617.0,False,08:30,ok,2026-09-04T04:30:13.231765+05:30,2026-09-04_0430IST,airline_direct,IndiGo
DEL,BOM,6E,IndiGo,6E 705,2026-09-19,15,economy,,,6960.0,False,08:30,ok,2026-09-04T04:30:13.231765+05:30,2026-09-04_0430IST,airline_direct,IndiGo
DEL,BOM,6E,IndiGo,6E 6293,2026-09-19,15,business,,,29617.0,False,09:55,ok,2026-09-04T04:30:13.231765+05:30,2026-09-04_0430IST,airline_direct,IndiGo
DEL,BOM,6E,IndiGo,6E 6293,2026-09-19,15,economy,,,6960.0,False,09:55,ok,2026-09-04T04:30:13.231765+05:30,2026-09-04_0430IST,airline_direct,IndiGo
DEL,BOM,6E,IndiGo,6E 6282,2026-09-19,15,business,,,29617.0,False,13:30,ok,2026-09-04T04:30:13.231765+05:30,2026-09-04_0430IST,airline_direct,IndiGo
DEL,BOM,6E,IndiGo,6E 6282,2026-09-19,15,economy,,,6960.0,False,13:30,ok,2026-09-04T04:30:13.231765+05:30,2026-09-04_0430IST,airline_direct,IndiGo
DEL,BOM,6E,IndiGo,6E 6601,2026-09-19,15,business,,,29617.0,False,19:45,ok,2026-09-04T04:30:13.231765+05:30,2026-09-04_0430IST,airline_direct,IndiGo
DEL,BOM,6E,IndiGo,6E 6601,2026-09-19,15,economy,,,6960.0,False,19:45,ok,2026-09-04T04:30:13.231765+05:30,2026-09-04_0430IST,airline_direct,IndiGo
DEL,BOM,6E,IndiGo,6E 882,2026-09-19,15,business,,,26583.0,False,23:15,ok,2026-09-04T04:30:13.231765+05:30,2026-09-04_0430IST,airline_direct,IndiGo
DEL,BOM,6E,IndiGo,6E 882,2026-09-19,15,economy,,,6960.0,False,23:15,ok,2026-09-04T04:30:13.231765+05:30,2026-09-04_0430IST,airline_direct,IndiGo
DEL,BOM,6E,IndiGo,6E 357,2026-09-19,15,business,,,39447.0,False,19:30,ok,2026-09-04T04:30:13.231765+05:30,2026-09-04_0430IST,airline_direct,IndiGo
DEL,BOM,6E,IndiGo,6E 357,2026-09-19,15,economy,,,7038.0,False,19:30,ok,2026-09-04T04:30:13.231765+05:30,2026-09-04_0430IST,airline_direct,IndiGo
DEL,BOM,6E,IndiGo,6E 5033,2026-09-19,15,economy,,,7142.0,False,15:50,ok,2026-09-04T04:30:13.231765+05:30,2026-09-04_0430IST,airline_direct,IndiGo
DEL,BOM,6E,IndiGo,6E 5119,2026-09-19,15,economy,,,8521.0,False,05:10,ok,2026-09-04T04:30:13.231765+05:30,2026-09-04_0430IST,airline_direct,IndiGo
DEL,BOM,6E,IndiGo,6E 5038,2026-09-19,15,economy,,,8561.0,False,14:00,ok,2026-09-04T04:30:13.231765+05:30,2026-09-04_0430IST,airline_direct,IndiGo
DEL,BOM,6E,IndiGo,6E 6497,2026-09-19,15,economy,,,8692.0,False,18:40,ok,2026-09-04T04:30:13.231765+05:30,2026-09-04_0430IST,airline_direct,IndiGo
DEL,BOM,6E,IndiGo,6E 5119,2026-09-19,15,economy,,,9306.0,False,05:10,ok,2026-09-04T04:30:13.231765+05:30,2026-09-04_0430IST,airline_direct,IndiGo
DEL,BOM,6E,IndiGo,6E 2496,2026-09-19,15,economy,,,9703.0,False,12:40,ok,2026-09-04T04:30:13.231765+05:30,2026-09-04_0430IST,airline_direct,IndiGo
DEL,BOM,6E,IndiGo,6E 6171,2026-09-19,15,economy,,,10653.0,False,05:40,ok,2026-09-04T04:30:13.231765+05:30,2026-09-04_0430IST,airline_direct,IndiGo
DEL,BOM,6E,IndiGo,6E 2341,2026-09-19,15,economy,,,10653.0,False,14:50,ok,2026-09-04T04:30:13.231765+05:30,2026-09-04_0430IST,airline_direct,IndiGo
DEL,BOM,6E,IndiGo,6E 2298,2026-09-19,15,economy,,,13392.0,False,09:45,ok,2026-09-04T04:30:13.231765+05:30,2026-09-04_0430IST,airline_direct,IndiGo
DEL,BOM,6E,IndiGo,6E 358,2026-09-19,15,business,,,40981.0,False,12:15,ok,2026-09-04T04:30:13.231765+05:30,2026-09-04_0430IST,airline_direct,IndiGo
DEL,BOM,6E,IndiGo,6E 358,2026-09-19,15,economy,,,23589.0,False,12:15,ok,2026-09-04T04:30:13.231765+05:30,2026-09-04_0430IST,airline_direct,IndiGo
DEL,BLR,6E,IndiGo,6E 820,2026-09-19,15,business,,,26048.0,False,03:00,ok,2026-09-04T04:31:15.910773+05:30,2026-09-04_0431IST,airline_direct,IndiGo
DEL,BLR,6E,IndiGo,6E 820,2026-09-19,15,economy,,,8671.0,False,03:00,ok,2026-09-04T04:31:15.910773+05:30,2026-09-04_0431IST,airline_direct,IndiGo
DEL,BLR,6E,IndiGo,6E 2314,2026-09-19,15,business,,,26048.0,False,05:45,ok,2026-09-04T04:31:15.910773+05:30,2026-09-04_0431IST,airline_direct,IndiGo
DEL,BLR,6E,IndiGo,6E 2314,2026-09-19,15,economy,,,8671.0,False,05:45,ok,2026-09-04T04:31:15.910773+05:30,2026-09-04_0431IST,airline_direct,IndiGo
DEL,BLR,6E,IndiGo,6E 810,2026-09-19,15,business,,,26048.0,False,07:05,ok,2026-09-04T04:31:15.910773+05:30,2026-09-04_0431IST,airline_direct,IndiGo
DEL,BLR,6E,IndiGo,6E 810,2026-09-19,15,economy,,,9128.0,False,07:05,ok,2026-09-04T04:31:15.910773+05:30,2026-09-04_0431IST,airline_direct,IndiGo
DEL,BLR,6E,IndiGo,6E 6515,2026-09-19,15,business,,,26048.0,False,20:45,ok,2026-09-04T04:31:15.910773+05:30,2026-09-04_0431IST,airline_direct,IndiGo
DEL,BLR,6E,IndiGo,6E 6515,2026-09-19,15,economy,,,9128.0,False,20:45,ok,2026-09-04T04:31:15.910773+05:30,2026-09-04_0431IST,airline_direct,IndiGo
DEL,BLR,6E,IndiGo,6E 846,2026-09-19,15,business,,,26048.0,False,22:00,ok,2026-09-04T04:31:15.910773+05:30,2026-09-04_0431IST,airline_direct,IndiGo
DEL,BLR,6E,IndiGo,6E 846,2026-09-19,15,economy,,,9128.0,False,22:00,ok,2026-09-04T04:31:15.910773+05:30,2026-09-04_0431IST,airline_direct,IndiGo
DEL,BLR,6E,IndiGo,6E 837,2026-09-19,15,business,,,26048.0,False,17:00,ok,2026-09-04T04:31:15.910773+05:30,2026-09-04_0431IST,airline_direct,IndiGo
DEL,BLR,6E,IndiGo,6E 837,2026-09-19,15,economy,,,9613.0,False,17:00,ok,2026-09-04T04:31:15.910773+05:30,2026-09-04_0431IST,airline_direct,IndiGo
DEL,BLR,6E,IndiGo,6E 811,2026-09-19,15,business,,,26048.0,False,18:20,ok,2026-09-04T04:31:15.910773+05:30,2026-09-04_0431IST,airline_direct,IndiGo
DEL,BLR,6E,IndiGo,6E 811,2026-09-19,15,economy,,,9613.0,False,18:20,ok,2026-09-04T04:31:15.910773+05:30,2026-09-04_0431IST,airline_direct,IndiGo
DEL,BLR,6E,IndiGo,6E 873,2026-09-19,15,business,,,26048.0,False,08:20,ok,2026-09-04T04:31:15.910773+05:30,2026-09-04_0431IST,airline_direct,IndiGo
DEL,BLR,6E,IndiGo,6E 873,2026-09-19,15,economy,,,10128.0,False,08:20,ok,2026-09-04T04:31:15.910773+05:30,2026-09-04_0431IST,airline_direct,IndiGo
DEL,BLR,6E,IndiGo,6E 826,2026-09-19,15,business,,,26048.0,False,09:30,ok,2026-09-04T04:31:15.910773+05:30,2026-09-04_0431IST,airline_direct,IndiGo
DEL,BLR,6E,IndiGo,6E 826,2026-09-19,15,economy,,,10128.0,False,09:30,ok,2026-09-04T04:31:15.910773+05:30,2026-09-04_0431IST,airline_direct,IndiGo
DEL,BLR,6E,IndiGo,6E 880,2026-09-19,15,business,,,26048.0,False,15:45,ok,2026-09-04T04:31:15.910773+05:30,2026-09-04_0431IST,airline_direct,IndiGo
DEL,BLR,6E,IndiGo,6E 880,2026-09-19,15,economy,,,10128.0,False,15:45,ok,2026-09-04T04:31:15.910773+05:30,2026-09-04_0431IST,airline_direct,IndiGo
DEL,BLR,6E,IndiGo,6E 842,2026-09-19,15,business,,,26048.0,False,10:45,ok,2026-09-04T04:31:15.910773+05:30,2026-09-04_0431IST,airline_direct,IndiGo
DEL,BLR,6E,IndiGo,6E 842,2026-09-19,15,economy,,,10675.0,False,10:45,ok,2026-09-04T04:31:15.910773+05:30,2026-09-04_0431IST,airline_direct,IndiGo
DEL,BLR,6E,IndiGo,6E 828,2026-09-19,15,business,,,26048.0,False,14:30,ok,2026-09-04T04:31:15.910773+05:30,2026-09-04_0431IST,airline_direct,IndiGo
DEL,BLR,6E,IndiGo,6E 828,2026-09-19,15,economy,,,10675.0,False,14:30,ok,2026-09-04T04:31:15.910773+05:30,2026-09-04_0431IST,airline_direct,IndiGo
DEL,BLR,6E,IndiGo,6E 850,2026-09-19,15,business,,,26048.0,False,12:20,ok,2026-09-04T04:31:15.910773+05:30,2026-09-04_0431IST,airline_direct,IndiGo
DEL,BLR,6E,IndiGo,6E 850,2026-09-19,15,economy,,,11257.0,False,12:20,ok,2026-09-04T04:31:15.910773+05:30,2026-09-04_0431IST,airline_direct,IndiGo
DEL,BLR,6E,IndiGo,6E 176,2026-09-19,15,business,,,26048.0,False,13:15,ok,2026-09-04T04:31:15.910773+05:30,2026-09-04_0431IST,airline_direct,IndiGo
DEL,BLR,6E,IndiGo,6E 176,2026-09-19,15,economy,,,11257.0,False,13:15,ok,2026-09-04T04:31:15.910773+05:30,2026-09-04_0431IST,airline_direct,IndiGo
DEL,BLR,6E,IndiGo,6E 861,2026-09-19,15,business,,,26048.0,False,19:30,ok,2026-09-04T04:31:15.910773+05:30,2026-09-04_0431IST,airline_direct,IndiGo
DEL,BLR,6E,IndiGo,6E 861,2026-09-19,15,economy,,,11257.0,False,19:30,ok,2026-09-04T04:31:15.910773+05:30,2026-09-04_0431IST,airline_direct,IndiGo
DEL,BLR,6E,IndiGo,6E 6433,2026-09-19,15,economy,,,9867.0,False,16:30,ok,2026-09-04T04:31:15.910773+05:30,2026-09-04_0431IST,airline_direct,IndiGo
DEL,BLR,6E,IndiGo,6E 704,2026-09-19,15,business,,,24542.0,False,02:25,ok,2026-09-04T04:31:15.910773+05:30,2026-09-04_0431IST,airline_direct,IndiGo
DEL,BLR,6E,IndiGo,6E 704,2026-09-19,15,economy,,,9946.0,False,02:25,ok,2026-09-04T04:31:15.910773+05:30,2026-09-04_0431IST,airline_direct,IndiGo
DEL,BLR,6E,IndiGo,6E 6293,2026-09-19,15,business,,,24908.0,False,09:55,ok,2026-09-04T04:31:15.910773+05:30,2026-09-04_0431IST,airline_direct,IndiGo
DEL,BLR,6E,IndiGo,6E 6293,2026-09-19,15,economy,,,9946.0,False,09:55,ok,2026-09-04T04:31:15.910773+05:30,2026-09-04_0431IST,airline_direct,IndiGo
DEL,BLR,6E,IndiGo,6E 884,2026-09-19,15,business,,,25312.0,False,11:45,ok,2026-09-04T04:31:15.910773+05:30,2026-09-04_0431IST,airline_direct,IndiGo
DEL,BLR,6E,IndiGo,6E 884,2026-09-19,15,economy,,,9946.0,False,11:45,ok,2026-09-04T04:31:15.910773+05:30,2026-09-04_0431IST,airline_direct,IndiGo
DEL,BLR,6E,IndiGo,6E 6282,2026-09-19,15,business,,,24908.0,False,13:30,ok,2026-09-04T04:31:15.910773+05:30,2026-09-04_0431IST,airline_direct,IndiGo
DEL,BLR,6E,IndiGo,6E 6282,2026-09-19,15,economy,,,9946.0,False,13:30,ok,2026-09-04T04:31:15.910773+05:30,2026-09-04_0431IST,airline_direct,IndiGo
DEL,BLR,6E,IndiGo,6E 6217,2026-09-19,15,business,,,24542.0,False,16:15,ok,2026-09-04T04:31:15.910773+05:30,2026-09-04_0431IST,airline_direct,IndiGo
DEL,BLR,6E,IndiGo,6E 6217,2026-09-19,15,economy,,,9946.0,False,16:15,ok,2026-09-04T04:31:15.910773+05:30,2026-09-04_0431IST,airline_direct,IndiGo
DEL,BLR,6E,IndiGo,6E 717,2026-09-19,15,business,,,24542.0,False,17:55,ok,2026-09-04T04:31:15.910773+05:30,2026-09-04_0431IST,airline_direct,IndiGo
DEL,BLR,6E,IndiGo,6E 717,2026-09-19,15,economy,,,9946.0,False,17:55,ok,2026-09-04T04:31:15.910773+05:30,2026-09-04_0431IST,airline_direct,IndiGo
DEL,BLR,6E,IndiGo,6E 2151,2026-09-19,15,economy,,,10000.0,False,19:45,ok,2026-09-04T04:31:15.910773+05:30,2026-09-04_0431IST,airline_direct,IndiGo
DEL,BLR,6E,IndiGo,6E 5119,2026-09-19,15,economy,,,10077.0,False,05:10,ok,2026-09-04T04:31:15.910773+05:30,2026-09-04_0431IST,airline_direct,IndiGo
DEL,BLR,6E,IndiGo,6E 6459,2026-09-19,15,economy,,,10077.0,False,05:55,ok,2026-09-04T04:31:15.910773+05:30,2026-09-04_0431IST,airline_direct,IndiGo
DEL,BLR,6E,IndiGo,6E 2262,2026-09-19,15,business,,,28035.0,False,06:10,ok,2026-09-04T04:31:15.910773+05:30,2026-09-04_0431IST,airline_direct,IndiGo
DEL,BLR,6E,IndiGo,6E 2262,2026-09-19,15,economy,,,10077.0,False,06:10,ok,2026-09-04T04:31:15.910773+05:30,2026-09-04_0431IST,airline_direct,IndiGo
DEL,BLR,6E,IndiGo,6E 6470,2026-09-19,15,economy,,,10077.0,False,06:55,ok,2026-09-04T04:31:15.910773+05:30,2026-09-04_0431IST,airline_direct,IndiGo
DEL,BLR,6E,IndiGo,6E 320,2026-09-19,15,business,,,34636.0,False,08:00,ok,2026-09-04T04:31:15.910773+05:30,2026-09-04_0431IST,airline_direct,IndiGo
DEL,BLR,6E,IndiGo,6E 320,2026-09-19,15,economy,,,10077.0,False,08:00,ok,2026-09-04T04:31:15.910773+05:30,2026-09-04_0431IST,airline_direct,IndiGo
DEL,BLR,6E,IndiGo,6E 6488,2026-09-19,15,economy,,,10077.0,False,11:20,ok,2026-09-04T04:31:15.910773+05:30,2026-09-04_0431IST,airline_direct,IndiGo
DEL,BLR,6E,IndiGo,6E 2557,2026-09-19,15,economy,,,10077.0,False,15:20,ok,2026-09-04T04:31:15.910773+05:30,2026-09-04_0431IST,airline_direct,IndiGo
DEL,BLR,6E,IndiGo,6E 734,2026-09-19,15,economy,,,10077.0,False,16:20,ok,2026-09-04T04:31:15.910773+05:30,2026-09-04_0431IST,airline_direct,IndiGo
DEL,BLR,6E,IndiGo,6E 6437,2026-09-19,15,business,,,27386.0,False,16:25,ok,2026-09-04T04:31:15.910773+05:30,2026-09-04_0431IST,airline_direct,IndiGo
DEL,BLR,6E,IndiGo,6E 6437,2026-09-19,15,economy,,,10077.0,False,16:25,ok,2026-09-04T04:31:15.910773+05:30,2026-09-04_0431IST,airline_direct,IndiGo
DEL,BLR,6E,IndiGo,6E 6706,2026-09-19,15,business,,,34636.0,False,17:00,ok,2026-09-04T04:31:15.910773+05:30,2026-09-04_0431IST,airline_direct,IndiGo
DEL,BLR,6E,IndiGo,6E 6706,2026-09-19,15,economy,,,10077.0,False,17:00,ok,2026-09-04T04:31:15.910773+05:30,2026-09-04_0431IST,airline_direct,IndiGo
DEL,BLR,6E,IndiGo,6E 5073,2026-09-19,15,economy,,,10077.0,False,17:05,ok,2026-09-04T04:31:15.910773+05:30,2026-09-04_0431IST,airline_direct,IndiGo
DEL,BLR,6E,IndiGo,6E 6829,2026-09-19,15,economy,,,10077.0,False,17:20,ok,2026-09-04T04:31:15.910773+05:30,2026-09-04_0431IST,airline_direct,IndiGo
DEL,BLR,6E,IndiGo,6E 329,2026-09-19,15,business,,,34636.0,False,18:00,ok,2026-09-04T04:31:15.910773+05:30,2026-09-04_0431IST,airline_direct,IndiGo
DEL,BLR,6E,IndiGo,6E 329,2026-09-19,15,economy,,,10077.0,False,18:00,ok,2026-09-04T04:31:15.910773+05:30,2026-09-04_0431IST,airline_direct,IndiGo
DEL,BLR,6E,IndiGo,6E 329,2026-09-19,15,business,,,34636.0,False,18:00,ok,2026-09-04T04:31:15.910773+05:30,2026-09-04_0431IST,airline_direct,IndiGo
DEL,BLR,6E,IndiGo,6E 329,2026-09-19,15,economy,,,10077.0,False,18:00,ok,2026-09-04T04:31:15.910773+05:30,2026-09-04_0431IST,airline_direct,IndiGo
DEL,BLR,6E,IndiGo,6E 6179,2026-09-19,15,economy,,,10077.0,False,18:30,ok,2026-09-04T04:31:15.910773+05:30,2026-09-04_0431IST,airline_direct,IndiGo
DEL,BLR,6E,IndiGo,6E 931,2026-09-19,15,economy,,,10077.0,False,19:35,ok,2026-09-04T04:31:15.910773+05:30,2026-09-04_0431IST,airline_direct,IndiGo
DEL,BLR,6E,IndiGo,6E 6673,2026-09-19,15,business,,,26816.0,False,21:15,ok,2026-09-04T04:31:15.910773+05:30,2026-09-04_0431IST,airline_direct,IndiGo
DEL,BLR,6E,IndiGo,6E 6673,2026-09-19,15,economy,,,10077.0,False,21:15,ok,2026-09-04T04:31:15.910773+05:30,2026-09-04_0431IST,airline_direct,IndiGo
DEL,BLR,6E,IndiGo,6E 2618,2026-09-19,15,business,,,26816.0,False,23:00,ok,2026-09-04T04:31:15.910773+05:30,2026-09-04_0431IST,airline_direct,IndiGo
DEL,BLR,6E,IndiGo,6E 2618,2026-09-19,15,economy,,,10077.0,False,23:00,ok,2026-09-04T04:31:15.910773+05:30,2026-09-04_0431IST,airline_direct,IndiGo
DEL,BLR,6E,IndiGo,6E 6476,2026-09-19,15,economy,,,10156.0,False,07:05,ok,2026-09-04T04:31:15.910773+05:30,2026-09-04_0431IST,airline_direct,IndiGo
DEL,BLR,6E,IndiGo,6E 434,2026-09-19,15,business,,,28318.0,False,11:00,ok,2026-09-04T04:31:15.910773+05:30,2026-09-04_0431IST,airline_direct,IndiGo
DEL,BLR,6E,IndiGo,6E 434,2026-09-19,15,economy,,,10156.0,False,11:00,ok,2026-09-04T04:31:15.910773+05:30,2026-09-04_0431IST,airline_direct,IndiGo
DEL,BLR,6E,IndiGo,6E 358,2026-09-19,15,business,,,35289.0,False,12:15,ok,2026-09-04T04:31:15.910773+05:30,2026-09-04_0431IST,airline_direct,IndiGo
DEL,BLR,6E,IndiGo,6E 358,2026-09-19,15,economy,,,10156.0,False,12:15,ok,2026-09-04T04:31:15.910773+05:30,2026-09-04_0431IST,airline_direct,IndiGo
DEL,BLR,6E,IndiGo,6E 6115,2026-09-19,15,business,,,28318.0,False,13:10,ok,2026-09-04T04:31:15.910773+05:30,2026-09-04_0431IST,airline_direct,IndiGo
DEL,BLR,6E,IndiGo,6E 6115,2026-09-19,15,economy,,,10156.0,False,13:10,ok,2026-09-04T04:31:15.910773+05:30,2026-09-04_0431IST,airline_direct,IndiGo
DEL,BLR,6E,IndiGo,6E 5038,2026-09-19,15,economy,,,10156.0,False,14:00,ok,2026-09-04T04:31:15.910773+05:30,2026-09-04_0431IST,airline_direct,IndiGo
DEL,BLR,6E,IndiGo,6E 6091,2026-09-19,15,business,,,28661.0,False,15:15,ok,2026-09-04T04:31:15.910773+05:30,2026-09-04_0431IST,airline_direct,IndiGo
DEL,BLR,6E,IndiGo,6E 6091,2026-09-19,15,economy,,,10156.0,False,15:15,ok,2026-09-04T04:31:15.910773+05:30,2026-09-04_0431IST,airline_direct,IndiGo
DEL,BLR,6E,IndiGo,6E 5033,2026-09-19,15,economy,,,10156.0,False,15:50,ok,2026-09-04T04:31:15.910773+05:30,2026-09-04_0431IST,airline_direct,IndiGo
DEL,BLR,6E,IndiGo,6E 947,2026-09-19,15,business,,,28318.0,False,16:40,ok,2026-09-04T04:31:15.910773+05:30,2026-09-04_0431IST,airline_direct,IndiGo
DEL,BLR,6E,IndiGo,6E 947,2026-09-19,15,economy,,,10156.0,False,16:40,ok,2026-09-04T04:31:15.910773+05:30,2026-09-04_0431IST,airline_direct,IndiGo
DEL,BLR,6E,IndiGo,6E 6632,2026-09-19,15,economy,,,10156.0,False,17:50,ok,2026-09-04T04:31:15.910773+05:30,2026-09-04_0431IST,airline_direct,IndiGo
DEL,BLR,6E,IndiGo,6E 6497,2026-09-19,15,economy,,,10287.0,False,18:40,ok,2026-09-04T04:31:15.910773+05:30,2026-09-04_0431IST,airline_direct,IndiGo
DEL,BLR,6E,IndiGo,6E 5001,2026-09-19,15,economy,,,10314.0,False,17:10,ok,2026-09-04T04:31:15.910773+05:30,2026-09-04_0431IST,airline_direct,IndiGo
DEL,BLR,6E,IndiGo,6E 5191,2026-09-19,15,business,,,30691.0,False,05:00,ok,2026-09-04T04:31:15.910773+05:30,2026-09-04_0431IST,airline_direct,IndiGo
DEL,BLR,6E,IndiGo,6E 5191,2026-09-19,15,economy,,,10497.0,False,05:00,ok,2026-09-04T04:31:15.910773+05:30,2026-09-04_0431IST,airline_direct,IndiGo
DEL,BLR,6E,IndiGo,6E 513,2026-09-19,15,business,,,31281.0,False,08:30,ok,2026-09-04T04:31:15.910773+05:30,2026-09-04_0431IST,airline_direct,IndiGo
DEL,BLR,6E,IndiGo,6E 513,2026-09-19,15,economy,,,10497.0,False,08:30,ok,2026-09-04T04:31:15.910773+05:30,2026-09-04_0431IST,airline_direct,IndiGo
DEL,BLR,6E,IndiGo,6E 950,2026-09-19,15,business,,,28318.0,False,18:15,ok,2026-09-04T04:31:15.910773+05:30,2026-09-04_0431IST,airline_direct,IndiGo
DEL,BLR,6E,IndiGo,6E 950,2026-09-19,15,economy,,,10930.0,False,18:15,ok,2026-09-04T04:31:15.910773+05:30,2026-09-04_0431IST,airline_direct,IndiGo
DEL,BLR,6E,IndiGo,6E 2343,2026-09-19,15,business,,,28270.0,False,02:20,ok,2026-09-04T04:31:15.910773+05:30,2026-09-04_0431IST,airline_direct,IndiGo
DEL,BLR,6E,IndiGo,6E 2343,2026-09-19,15,economy,,,11696.0,False,02:20,ok,2026-09-04T04:31:15.910773+05:30,2026-09-04_0431IST,airline_direct,IndiGo
DEL,BLR,6E,IndiGo,6E 2277,2026-09-19,15,business,,,35997.0,False,10:25,ok,2026-09-04T04:31:15.910773+05:30,2026-09-04_0431IST,airline_direct,IndiGo
DEL,BLR,6E,IndiGo,6E 2277,2026-09-19,15,economy,,,11775.0,False,10:25,ok,2026-09-04T04:31:15.910773+05:30,2026-09-04_0431IST,airline_direct,IndiGo
DEL,BLR,6E,IndiGo,6E 705,2026-09-19,15,business,,,25759.0,False,08:30,ok,2026-09-04T04:31:15.910773+05:30,2026-09-04_0431IST,airline_direct,IndiGo
DEL,BLR,6E,IndiGo,6E 705,2026-09-19,15,economy,,,12187.0,False,08:30,ok,2026-09-04T04:31:15.910773+05:30,2026-09-04_0431IST,airline_direct,IndiGo
DEL,BLR,6E,IndiGo,6E 758,2026-09-19,15,economy,,,12489.0,False,16:10,ok,2026-09-04T04:31:15.910773+05:30,2026-09-04_0431IST,airline_direct,IndiGo
DEL,BLR,6E,IndiGo,6E 6047,2026-09-19,15,business,,,34636.0,False,11:00,ok,2026-09-04T04:31:15.910773+05:30,2026-09-04_0431IST,airline_direct,IndiGo
DEL,BLR,6E,IndiGo,6E 6047,2026-09-19,15,economy,,,13280.0,False,11:00,ok,2026-09-04T04:31:15.910773+05:30,2026-09-04_0431IST,airline_direct,IndiGo
BOM,BLR,6E,IndiGo,6E 5323,2026-09-19,15,business,,,18948.0,False,01:10,ok,2026-09-04T04:32:14.361103+05:30,2026-09-04_0432IST,airline_direct,IndiGo
BOM,BLR,6E,IndiGo,6E 5323,2026-09-19,15,economy,,,5091.0,False,01:10,ok,2026-09-04T04:32:14.361103+05:30,2026-09-04_0432IST,airline_direct,IndiGo
BOM,BLR,6E,IndiGo,6E 5294,2026-09-19,15,business,,,18948.0,False,04:30,ok,2026-09-04T04:32:14.361103+05:30,2026-09-04_0432IST,airline_direct,IndiGo
BOM,BLR,6E,IndiGo,6E 5294,2026-09-19,15,economy,,,5091.0,False,04:30,ok,2026-09-04T04:32:14.361103+05:30,2026-09-04_0432IST,airline_direct,IndiGo
BOM,BLR,6E,IndiGo,6E 5296,2026-09-19,15,business,,,18948.0,False,06:30,ok,2026-09-04T04:32:14.361103+05:30,2026-09-04_0432IST,airline_direct,IndiGo
BOM,BLR,6E,IndiGo,6E 5296,2026-09-19,15,economy,,,6747.0,False,06:30,ok,2026-09-04T04:32:14.361103+05:30,2026-09-04_0432IST,airline_direct,IndiGo
BOM,BLR,6E,IndiGo,6E 6188,2026-09-19,15,business,,,18948.0,False,21:30,ok,2026-09-04T04:32:14.361103+05:30,2026-09-04_0432IST,airline_direct,IndiGo
BOM,BLR,6E,IndiGo,6E 6188,2026-09-19,15,economy,,,6747.0,False,21:30,ok,2026-09-04T04:32:14.361103+05:30,2026-09-04_0432IST,airline_direct,IndiGo
BOM,BLR,6E,IndiGo,6E 5388,2026-09-19,15,business,,,18948.0,False,22:20,ok,2026-09-04T04:32:14.361103+05:30,2026-09-04_0432IST,airline_direct,IndiGo
BOM,BLR,6E,IndiGo,6E 5388,2026-09-19,15,economy,,,6747.0,False,22:20,ok,2026-09-04T04:32:14.361103+05:30,2026-09-04_0432IST,airline_direct,IndiGo
BOM,BLR,6E,IndiGo,6E 5217,2026-09-19,15,business,,,18948.0,False,11:00,ok,2026-09-04T04:32:14.361103+05:30,2026-09-04_0432IST,airline_direct,IndiGo
BOM,BLR,6E,IndiGo,6E 5217,2026-09-19,15,economy,,,7062.0,False,11:00,ok,2026-09-04T04:32:14.361103+05:30,2026-09-04_0432IST,airline_direct,IndiGo
BOM,BLR,6E,IndiGo,6E 5071,2026-09-19,15,business,,,18948.0,False,15:35,ok,2026-09-04T04:32:14.361103+05:30,2026-09-04_0432IST,airline_direct,IndiGo
BOM,BLR,6E,IndiGo,6E 5071,2026-09-19,15,economy,,,7062.0,False,15:35,ok,2026-09-04T04:32:14.361103+05:30,2026-09-04_0432IST,airline_direct,IndiGo
BOM,BLR,6E,IndiGo,6E 5221,2026-09-19,15,business,,,18948.0,False,17:00,ok,2026-09-04T04:32:14.361103+05:30,2026-09-04_0432IST,airline_direct,IndiGo
BOM,BLR,6E,IndiGo,6E 5221,2026-09-19,15,economy,,,7062.0,False,17:00,ok,2026-09-04T04:32:14.361103+05:30,2026-09-04_0432IST,airline_direct,IndiGo
BOM,BLR,6E,IndiGo,6E 5193,2026-09-19,15,economy,,,7377.0,False,08:05,ok,2026-09-04T04:32:14.361103+05:30,2026-09-04_0432IST,airline_direct,IndiGo
BOM,BLR,6E,IndiGo,6E 5184,2026-09-19,15,business,,,18948.0,False,12:30,ok,2026-09-04T04:32:14.361103+05:30,2026-09-04_0432IST,airline_direct,IndiGo
BOM,BLR,6E,IndiGo,6E 5184,2026-09-19,15,economy,,,7377.0,False,12:30,ok,2026-09-04T04:32:14.361103+05:30,2026-09-04_0432IST,airline_direct,IndiGo
BOM,BLR,6E,IndiGo,6E 5382,2026-09-19,15,business,,,18948.0,False,14:30,ok,2026-09-04T04:32:14.361103+05:30,2026-09-04_0432IST,airline_direct,IndiGo
BOM,BLR,6E,IndiGo,6E 5382,2026-09-19,15,economy,,,7377.0,False,14:30,ok,2026-09-04T04:32:14.361103+05:30,2026-09-04_0432IST,airline_direct,IndiGo
BOM,BLR,6E,IndiGo,6E 5047,2026-09-19,15,business,,,18948.0,False,18:30,ok,2026-09-04T04:32:14.361103+05:30,2026-09-04_0432IST,airline_direct,IndiGo
BOM,BLR,6E,IndiGo,6E 5047,2026-09-19,15,economy,,,7377.0,False,18:30,ok,2026-09-04T04:32:14.361103+05:30,2026-09-04_0432IST,airline_direct,IndiGo
BOM,BLR,6E,IndiGo,6E 5092,2026-09-19,15,business,,,18948.0,False,09:50,ok,2026-09-04T04:32:14.361103+05:30,2026-09-04_0432IST,airline_direct,IndiGo
BOM,BLR,6E,IndiGo,6E 5092,2026-09-19,15,economy,,,7797.0,False,09:50,ok,2026-09-04T04:32:14.361103+05:30,2026-09-04_0432IST,airline_direct,IndiGo
BOM,BLR,6E,IndiGo,6E 6361,2026-09-19,15,economy,,,7243.0,False,05:00,ok,2026-09-04T04:32:14.361103+05:30,2026-09-04_0432IST,airline_direct,IndiGo
BOM,BLR,6E,IndiGo,6E 5241,2026-09-19,15,economy,,,7243.0,False,16:40,ok,2026-09-04T04:32:14.361103+05:30,2026-09-04_0432IST,airline_direct,IndiGo
BOM,BLR,6E,IndiGo,6E 6057,2026-09-19,15,economy,,,7374.0,False,09:15,ok,2026-09-04T04:32:14.361103+05:30,2026-09-04_0432IST,airline_direct,IndiGo
BOM,BLR,6E,IndiGo,6E 5318,2026-09-19,15,business,,,28196.0,False,10:15,ok,2026-09-04T04:32:14.361103+05:30,2026-09-04_0432IST,airline_direct,IndiGo
BOM,BLR,6E,IndiGo,6E 5318,2026-09-19,15,economy,,,7374.0,False,10:15,ok,2026-09-04T04:32:14.361103+05:30,2026-09-04_0432IST,airline_direct,IndiGo
BOM,BLR,6E,IndiGo,6E 5318,2026-09-19,15,business,,,28601.0,False,10:15,ok,2026-09-04T04:32:14.361103+05:30,2026-09-04_0432IST,airline_direct,IndiGo
BOM,BLR,6E,IndiGo,6E 5318,2026-09-19,15,economy,,,7374.0,False,10:15,ok,2026-09-04T04:32:14.361103+05:30,2026-09-04_0432IST,airline_direct,IndiGo
BOM,BLR,6E,IndiGo,6E 5178,2026-09-19,15,business,,,22501.0,False,11:40,ok,2026-09-04T04:32:14.361103+05:30,2026-09-04_0432IST,airline_direct,IndiGo
BOM,BLR,6E,IndiGo,6E 5178,2026-09-19,15,economy,,,7374.0,False,11:40,ok,2026-09-04T04:32:14.361103+05:30,2026-09-04_0432IST,airline_direct,IndiGo
BOM,BLR,6E,IndiGo,6E 5178,2026-09-19,15,business,,,22906.0,False,11:40,ok,2026-09-04T04:32:14.361103+05:30,2026-09-04_0432IST,airline_direct,IndiGo
BOM,BLR,6E,IndiGo,6E 5178,2026-09-19,15,economy,,,7374.0,False,11:40,ok,2026-09-04T04:32:14.361103+05:30,2026-09-04_0432IST,airline_direct,IndiGo
BOM,BLR,6E,IndiGo,6E 5386,2026-09-19,15,business,,,20036.0,False,15:10,ok,2026-09-04T04:32:14.361103+05:30,2026-09-04_0432IST,airline_direct,IndiGo
BOM,BLR,6E,IndiGo,6E 5386,2026-09-19,15,economy,,,7374.0,False,15:10,ok,2026-09-04T04:32:14.361103+05:30,2026-09-04_0432IST,airline_direct,IndiGo
BOM,BLR,6E,IndiGo,6E 5386,2026-09-19,15,business,,,19670.0,False,15:10,ok,2026-09-04T04:32:14.361103+05:30,2026-09-04_0432IST,airline_direct,IndiGo
BOM,BLR,6E,IndiGo,6E 5386,2026-09-19,15,economy,,,7374.0,False,15:10,ok,2026-09-04T04:32:14.361103+05:30,2026-09-04_0432IST,airline_direct,IndiGo
BOM,BLR,6E,IndiGo,6E 5228,2026-09-19,15,business,,,19670.0,False,16:45,ok,2026-09-04T04:32:14.361103+05:30,2026-09-04_0432IST,airline_direct,IndiGo
BOM,BLR,6E,IndiGo,6E 5228,2026-09-19,15,economy,,,7374.0,False,16:45,ok,2026-09-04T04:32:14.361103+05:30,2026-09-04_0432IST,airline_direct,IndiGo
BOM,BLR,6E,IndiGo,6E 5228,2026-09-19,15,business,,,19670.0,False,16:45,ok,2026-09-04T04:32:14.361103+05:30,2026-09-04_0432IST,airline_direct,IndiGo
BOM,BLR,6E,IndiGo,6E 5228,2026-09-19,15,economy,,,7374.0,False,16:45,ok,2026-09-04T04:32:14.361103+05:30,2026-09-04_0432IST,airline_direct,IndiGo
BOM,BLR,6E,IndiGo,6E 6802,2026-09-19,15,economy,,,7505.0,False,16:55,ok,2026-09-04T04:32:14.361103+05:30,2026-09-04_0432IST,airline_direct,IndiGo
BOM,BLR,6E,IndiGo,6E 632,2026-09-19,15,economy,,,7584.0,False,04:00,ok,2026-09-04T04:32:14.361103+05:30,2026-09-04_0432IST,airline_direct,IndiGo
BOM,BLR,6E,IndiGo,6E 136,2026-09-19,15,business,,,24040.0,False,04:05,ok,2026-09-04T04:32:14.361103+05:30,2026-09-04_0432IST,airline_direct,IndiGo
BOM,BLR,6E,IndiGo,6E 136,2026-09-19,15,economy,,,7584.0,False,04:05,ok,2026-09-04T04:32:14.361103+05:30,2026-09-04_0432IST,airline_direct,IndiGo
BOM,BLR,6E,IndiGo,6E 136,2026-09-19,15,business,,,24040.0,False,04:05,ok,2026-09-04T04:32:14.361103+05:30,2026-09-04_0432IST,airline_direct,IndiGo
BOM,BLR,6E,IndiGo,6E 136,2026-09-19,15,economy,,,7584.0,False,04:05,ok,2026-09-04T04:32:14.361103+05:30,2026-09-04_0432IST,airline_direct,IndiGo
BOM,BLR,6E,IndiGo,6E 6701,2026-09-19,15,economy,,,7584.0,False,05:35,ok,2026-09-04T04:32:14.361103+05:30,2026-09-04_0432IST,airline_direct,IndiGo
BOM,BLR,6E,IndiGo,6E 5204,2026-09-19,15,business,,,24040.0,False,08:15,ok,2026-09-04T04:32:14.361103+05:30,2026-09-04_0432IST,airline_direct,IndiGo
BOM,BLR,6E,IndiGo,6E 5204,2026-09-19,15,economy,,,7584.0,False,08:15,ok,2026-09-04T04:32:14.361103+05:30,2026-09-04_0432IST,airline_direct,IndiGo
BOM,BLR,6E,IndiGo,6E 5109,2026-09-19,15,economy,,,7584.0,False,09:35,ok,2026-09-04T04:32:14.361103+05:30,2026-09-04_0432IST,airline_direct,IndiGo
BOM,BLR,6E,IndiGo,6E 5313,2026-09-19,15,business,,,24040.0,False,09:50,ok,2026-09-04T04:32:14.361103+05:30,2026-09-04_0432IST,airline_direct,IndiGo
BOM,BLR,6E,IndiGo,6E 5313,2026-09-19,15,economy,,,7584.0,False,09:50,ok,2026-09-04T04:32:14.361103+05:30,2026-09-04_0432IST,airline_direct,IndiGo
BOM,BLR,6E,IndiGo,6E 5313,2026-09-19,15,business,,,24040.0,False,09:50,ok,2026-09-04T04:32:14.361103+05:30,2026-09-04_0432IST,airline_direct,IndiGo
BOM,BLR,6E,IndiGo,6E 5313,2026-09-19,15,economy,,,7584.0,False,09:50,ok,2026-09-04T04:32:14.361103+05:30,2026-09-04_0432IST,airline_direct,IndiGo
BOM,BLR,6E,IndiGo,6E 6349,2026-09-19,15,business,,,24040.0,False,11:40,ok,2026-09-04T04:32:14.361103+05:30,2026-09-04_0432IST,airline_direct,IndiGo
BOM,BLR,6E,IndiGo,6E 6349,2026-09-19,15,economy,,,7584.0,False,11:40,ok,2026-09-04T04:32:14.361103+05:30,2026-09-04_0432IST,airline_direct,IndiGo
BOM,BLR,6E,IndiGo,6E 6349,2026-09-19,15,business,,,24040.0,False,11:40,ok,2026-09-04T04:32:14.361103+05:30,2026-09-04_0432IST,airline_direct,IndiGo
BOM,BLR,6E,IndiGo,6E 6349,2026-09-19,15,economy,,,7584.0,False,11:40,ok,2026-09-04T04:32:14.361103+05:30,2026-09-04_0432IST,airline_direct,IndiGo
BOM,BLR,6E,IndiGo,6E 2284,2026-09-19,15,economy,,,7584.0,False,12:05,ok,2026-09-04T04:32:14.361103+05:30,2026-09-04_0432IST,airline_direct,IndiGo
BOM,BLR,6E,IndiGo,6E 5337,2026-09-19,15,business,,,24040.0,False,13:45,ok,2026-09-04T04:32:14.361103+05:30,2026-09-04_0432IST,airline_direct,IndiGo
BOM,BLR,6E,IndiGo,6E 5337,2026-09-19,15,economy,,,7584.0,False,13:45,ok,2026-09-04T04:32:14.361103+05:30,2026-09-04_0432IST,airline_direct,IndiGo
BOM,BLR,6E,IndiGo,6E 5337,2026-09-19,15,business,,,24383.0,False,13:45,ok,2026-09-04T04:32:14.361103+05:30,2026-09-04_0432IST,airline_direct,IndiGo
BOM,BLR,6E,IndiGo,6E 5337,2026-09-19,15,economy,,,7584.0,False,13:45,ok,2026-09-04T04:32:14.361103+05:30,2026-09-04_0432IST,airline_direct,IndiGo
BOM,BLR,6E,IndiGo,6E 5201,2026-09-19,15,economy,,,7584.0,False,14:55,ok,2026-09-04T04:32:14.361103+05:30,2026-09-04_0432IST,airline_direct,IndiGo
BOM,BLR,6E,IndiGo,6E 5196,2026-09-19,15,business,,,24383.0,False,15:25,ok,2026-09-04T04:32:14.361103+05:30,2026-09-04_0432IST,airline_direct,IndiGo
BOM,BLR,6E,IndiGo,6E 5196,2026-09-19,15,economy,,,7584.0,False,15:25,ok,2026-09-04T04:32:14.361103+05:30,2026-09-04_0432IST,airline_direct,IndiGo
BOM,BLR,6E,IndiGo,6E 5196,2026-09-19,15,business,,,24040.0,False,15:25,ok,2026-09-04T04:32:14.361103+05:30,2026-09-04_0432IST,airline_direct,IndiGo
BOM,BLR,6E,IndiGo,6E 5196,2026-09-19,15,economy,,,7584.0,False,15:25,ok,2026-09-04T04:32:14.361103+05:30,2026-09-04_0432IST,airline_direct,IndiGo
BOM,BLR,6E,IndiGo,6E 240,2026-09-19,15,economy,,,7584.0,False,15:45,ok,2026-09-04T04:32:14.361103+05:30,2026-09-04_0432IST,airline_direct,IndiGo
BOM,BLR,6E,IndiGo,6E 437,2026-09-19,15,economy,,,7584.0,False,17:10,ok,2026-09-04T04:32:14.361103+05:30,2026-09-04_0432IST,airline_direct,IndiGo
BOM,BLR,6E,IndiGo,6E 5048,2026-09-19,15,business,,,24040.0,False,17:25,ok,2026-09-04T04:32:14.361103+05:30,2026-09-04_0432IST,airline_direct,IndiGo
BOM,BLR,6E,IndiGo,6E 5048,2026-09-19,15,economy,,,7584.0,False,17:25,ok,2026-09-04T04:32:14.361103+05:30,2026-09-04_0432IST,airline_direct,IndiGo
BOM,BLR,6E,IndiGo,6E 5126,2026-09-19,15,economy,,,7584.0,False,18:15,ok,2026-09-04T04:32:14.361103+05:30,2026-09-04_0432IST,airline_direct,IndiGo
BOM,BLR,6E,IndiGo,6E 2237,2026-09-19,15,economy,,,7584.0,False,18:40,ok,2026-09-04T04:32:14.361103+05:30,2026-09-04_0432IST,airline_direct,IndiGo
BOM,BLR,6E,IndiGo,6E 5107,2026-09-19,15,economy,,,7584.0,False,20:00,ok,2026-09-04T04:32:14.361103+05:30,2026-09-04_0432IST,airline_direct,IndiGo
BOM,BLR,6E,IndiGo,6E 5181,2026-09-19,15,economy,,,7715.0,False,10:25,ok,2026-09-04T04:32:14.361103+05:30,2026-09-04_0432IST,airline_direct,IndiGo
BOM,BLR,6E,IndiGo,6E 6599,2026-09-19,15,economy,,,7715.0,False,16:50,ok,2026-09-04T04:32:14.361103+05:30,2026-09-04_0432IST,airline_direct,IndiGo
BOM,BLR,6E,IndiGo,6E 5241,2026-09-19,15,economy,,,7785.0,False,16:40,ok,2026-09-04T04:32:14.361103+05:30,2026-09-04_0432IST,airline_direct,IndiGo
BOM,BLR,6E,IndiGo,6E 5082,2026-09-19,15,economy,,,7785.0,False,18:05,ok,2026-09-04T04:32:14.361103+05:30,2026-09-04_0432IST,airline_direct,IndiGo
BOM,BLR,6E,IndiGo,6E 5123,2026-09-19,15,economy,,,8047.0,False,14:40,ok,2026-09-04T04:32:14.361103+05:30,2026-09-04_0432IST,airline_direct,IndiGo
BOM,BLR,6E,IndiGo,6E 2016,2026-09-19,15,economy,,,8126.0,False,13:35,ok,2026-09-04T04:32:14.361103+05:30,2026-09-04_0432IST,airline_direct,IndiGo
BOM,BLR,6E,IndiGo,6E 261,2026-09-19,15,economy,,,8377.0,False,11:20,ok,2026-09-04T04:32:14.361103+05:30,2026-09-04_0432IST,airline_direct,IndiGo
BOM,BLR,6E,IndiGo,6E 261,2026-09-19,15,economy,,,8377.0,False,11:20,ok,2026-09-04T04:32:14.361103+05:30,2026-09-04_0432IST,airline_direct,IndiGo
BOM,BLR,6E,IndiGo,6E 230,2026-09-19,15,economy,,,8377.0,False,13:55,ok,2026-09-04T04:32:14.361103+05:30,2026-09-04_0432IST,airline_direct,IndiGo
BOM,BLR,6E,IndiGo,6E 230,2026-09-19,15,economy,,,8377.0,False,13:55,ok,2026-09-04T04:32:14.361103+05:30,2026-09-04_0432IST,airline_direct,IndiGo
BOM,BLR,6E,IndiGo,6E 5188,2026-09-19,15,business,,,24040.0,False,06:15,ok,2026-09-04T04:32:14.361103+05:30,2026-09-04_0432IST,airline_direct,IndiGo
BOM,BLR,6E,IndiGo,6E 5188,2026-09-19,15,economy,,,8718.0,False,06:15,ok,2026-09-04T04:32:14.361103+05:30,2026-09-04_0432IST,airline_direct,IndiGo
BOM,BLR,6E,IndiGo,6E 5246,2026-09-19,15,business,,,20887.0,False,07:15,ok,2026-09-04T04:32:14.361103+05:30,2026-09-04_0432IST,airline_direct,IndiGo
BOM,BLR,6E,IndiGo,6E 5246,2026-09-19,15,economy,,,9154.0,False,07:15,ok,2026-09-04T04:32:14.361103+05:30,2026-09-04_0432IST,airline_direct,IndiGo
BOM,BLR,6E,IndiGo,6E 5318,2026-09-19,15,business,,,29047.0,False,10:15,ok,2026-09-04T04:32:14.361103+05:30,2026-09-04_0432IST,airline_direct,IndiGo
BOM,BLR,6E,IndiGo,6E 5318,2026-09-19,15,economy,,,9154.0,False,10:15,ok,2026-09-04T04:32:14.361103+05:30,2026-09-04_0432IST,airline_direct,IndiGo
BOM,BLR,6E,IndiGo,6E 673,2026-09-19,15,economy,,,9364.0,False,12:30,ok,2026-09-04T04:32:14.361103+05:30,2026-09-04_0432IST,airline_direct,IndiGo
