origin,destination,carrier_code,carrier_name,flight_num,travel_date,advance_purchase_days,fare_class,base_fare,taxes_and_fees,total_fare,fare_split_estimated,departure_time,status,scraped_at,capture_run
DEL,BOM,6E,IndiGo,inf,2026-09-01,1,business,,,28443.0,False,09:30,ok,2026-08-31T11:29:56.983661+00:00,2026-08-31_1659IST
DEL,BOM,6E,IndiGo,inf,2026-09-01,1,economy,,,6305.0,False,09:30,ok,2026-08-31T11:29:56.983661+00:00,2026-08-31_1659IST
DEL,BOM,6E,IndiGo,inf,2026-09-01,1,business,,,33500.0,False,10:15,ok,2026-08-31T11:29:56.983661+00:00,2026-08-31_1659IST
DEL,BOM,6E,IndiGo,inf,2026-09-01,1,economy,,,6305.0,False,10:15,ok,2026-08-31T11:29:56.983661+00:00,2026-08-31_1659IST
DEL,BOM,6E,IndiGo,inf,2026-09-01,1,business,,,24260.0,False,11:00,ok,2026-08-31T11:29:56.983661+00:00,2026-08-31_1659IST
DEL,BOM,6E,IndiGo,inf,2026-09-01,1,economy,,,6305.0,False,11:00,ok,2026-08-31T11:29:56.983661+00:00,2026-08-31_1659IST
DEL,BOM,6E,IndiGo,inf,2026-09-01,1,business,,,24260.0,False,12:00,ok,2026-08-31T11:29:56.983661+00:00,2026-08-31_1659IST
DEL,BOM,6E,IndiGo,inf,2026-09-01,1,economy,,,6305.0,False,12:00,ok,2026-08-31T11:29:56.983661+00:00,2026-08-31_1659IST
DEL,BOM,6E,IndiGo,inf,2026-09-01,1,business,,,24260.0,False,14:00,ok,2026-08-31T11:29:56.983661+00:00,2026-08-31_1659IST
DEL,BOM,6E,IndiGo,inf,2026-09-01,1,economy,,,6305.0,False,14:00,ok,2026-08-31T11:29:56.983661+00:00,2026-08-31_1659IST
DEL,BOM,6E,IndiGo,inf,2026-09-01,1,business,,,24260.0,False,14:45,ok,2026-08-31T11:29:56.983661+00:00,2026-08-31_1659IST
DEL,BOM,6E,IndiGo,inf,2026-09-01,1,economy,,,6305.0,False,14:45,ok,2026-08-31T11:29:56.983661+00:00,2026-08-31_1659IST
DEL,BOM,6E,IndiGo,inf,2026-09-01,1,business,,,24260.0,False,15:30,ok,2026-08-31T11:29:56.983661+00:00,2026-08-31_1659IST
DEL,BOM,6E,IndiGo,inf,2026-09-01,1,economy,,,6305.0,False,15:30,ok,2026-08-31T11:29:56.983661+00:00,2026-08-31_1659IST
DEL,BOM,6E,IndiGo,inf,2026-09-01,1,business,,,24260.0,False,16:15,ok,2026-08-31T11:29:56.983661+00:00,2026-08-31_1659IST
DEL,BOM,6E,IndiGo,inf,2026-09-01,1,economy,,,6305.0,False,16:15,ok,2026-08-31T11:29:56.983661+00:00,2026-08-31_1659IST
DEL,BOM,6E,IndiGo,inf,2026-09-01,1,business,,,28443.0,False,17:00,ok,2026-08-31T11:29:56.983661+00:00,2026-08-31_1659IST
DEL,BOM,6E,IndiGo,inf,2026-09-01,1,economy,,,6305.0,False,17:00,ok,2026-08-31T11:29:56.983661+00:00,2026-08-31_1659IST
DEL,BOM,6E,IndiGo,inf,2026-09-01,1,business,,,24260.0,False,22:45,ok,2026-08-31T11:29:56.983661+00:00,2026-08-31_1659IST
DEL,BOM,6E,IndiGo,inf,2026-09-01,1,economy,,,6305.0,False,22:45,ok,2026-08-31T11:29:56.983661+00:00,2026-08-31_1659IST
DEL,BOM,6E,IndiGo,inf,2026-09-01,1,business,,,24260.0,False,23:30,ok,2026-08-31T11:29:56.983661+00:00,2026-08-31_1659IST
DEL,BOM,6E,IndiGo,inf,2026-09-01,1,economy,,,6305.0,False,23:30,ok,2026-08-31T11:29:56.983661+00:00,2026-08-31_1659IST
DEL,BOM,6E,IndiGo,inf,2026-09-01,1,business,,,24260.0,False,13:00,ok,2026-08-31T11:29:56.983661+00:00,2026-08-31_1659IST
DEL,BOM,6E,IndiGo,inf,2026-09-01,1,economy,,,6357.0,False,13:00,ok,2026-08-31T11:29:56.983661+00:00,2026-08-31_1659IST
DEL,BOM,6E,IndiGo,inf,2026-09-01,1,business,,,33500.0,False,18:00,ok,2026-08-31T11:29:56.983661+00:00,2026-08-31_1659IST
DEL,BOM,6E,IndiGo,inf,2026-09-01,1,economy,,,6357.0,False,18:00,ok,2026-08-31T11:29:56.983661+00:00,2026-08-31_1659IST
DEL,BOM,6E,IndiGo,inf,2026-09-01,1,business,,,24260.0,False,21:45,ok,2026-08-31T11:29:56.983661+00:00,2026-08-31_1659IST
DEL,BOM,6E,IndiGo,inf,2026-09-01,1,economy,,,6357.0,False,21:45,ok,2026-08-31T11:29:56.983661+00:00,2026-08-31_1659IST
DEL,BOM,6E,IndiGo,inf,2026-09-01,1,business,,,33500.0,False,08:45,ok,2026-08-31T11:29:56.983661+00:00,2026-08-31_1659IST
DEL,BOM,6E,IndiGo,inf,2026-09-01,1,economy,,,6431.0,False,08:45,ok,2026-08-31T11:29:56.983661+00:00,2026-08-31_1659IST
DEL,BOM,6E,IndiGo,inf,2026-09-01,1,business,,,33500.0,False,19:00,ok,2026-08-31T11:29:56.983661+00:00,2026-08-31_1659IST
DEL,BOM,6E,IndiGo,inf,2026-09-01,1,economy,,,7003.0,False,19:00,ok,2026-08-31T11:29:56.983661+00:00,2026-08-31_1659IST
DEL,BOM,6E,IndiGo,inf,2026-09-01,1,business,,,24260.0,False,05:00,ok,2026-08-31T11:29:56.983661+00:00,2026-08-31_1659IST
DEL,BOM,6E,IndiGo,inf,2026-09-01,1,economy,,,7318.0,False,05:00,ok,2026-08-31T11:29:56.983661+00:00,2026-08-31_1659IST
DEL,BOM,6E,IndiGo,inf,2026-09-01,1,business,,,24260.0,False,06:05,ok,2026-08-31T11:29:56.983661+00:00,2026-08-31_1659IST
DEL,BOM,6E,IndiGo,inf,2026-09-01,1,economy,,,7318.0,False,06:05,ok,2026-08-31T11:29:56.983661+00:00,2026-08-31_1659IST
DEL,BOM,6E,IndiGo,inf,2026-09-01,1,business,,,28443.0,False,08:00,ok,2026-08-31T11:29:56.983661+00:00,2026-08-31_1659IST
DEL,BOM,6E,IndiGo,inf,2026-09-01,1,economy,,,7318.0,False,08:00,ok,2026-08-31T11:29:56.983661+00:00,2026-08-31_1659IST
DEL,BOM,6E,IndiGo,inf,2026-09-01,1,business,,,33500.0,False,07:15,ok,2026-08-31T11:29:56.983661+00:00,2026-08-31_1659IST
DEL,BOM,6E,IndiGo,inf,2026-09-01,1,economy,,,8105.0,False,07:15,ok,2026-08-31T11:29:56.983661+00:00,2026-08-31_1659IST
DEL,BOM,6E,IndiGo,6.000000000000001e+303,2026-09-01,1,economy,,,8105.0,False,20:00,ok,2026-08-31T11:29:56.983661+00:00,2026-08-31_1659IST
DEL,BOM,6E,IndiGo,inf,2026-09-01,1,economy,,,6389.0,False,09:00,ok,2026-08-31T11:29:56.983661+00:00,2026-08-31_1659IST
DEL,BOM,6E,IndiGo,inf,2026-09-01,1,economy,,,6389.0,False,13:20,ok,2026-08-31T11:29:56.983661+00:00,2026-08-31_1659IST
DEL,BOM,6E,IndiGo,inf,2026-09-01,1,economy,,,6389.0,False,19:45,ok,2026-08-31T11:29:56.983661+00:00,2026-08-31_1659IST
DEL,BOM,6E,IndiGo,inf,2026-09-01,1,economy,,,6389.0,False,21:25,ok,2026-08-31T11:29:56.983661+00:00,2026-08-31_1659IST
DEL,BOM,6E,IndiGo,inf,2026-09-01,1,economy,,,6520.0,False,18:40,ok,2026-08-31T11:29:56.983661+00:00,2026-08-31_1659IST
DEL,BOM,6E,IndiGo,inf,2026-09-01,1,economy,,,6520.0,False,23:15,ok,2026-08-31T11:29:56.983661+00:00,2026-08-31_1659IST
DEL,BOM,6E,IndiGo,inf,2026-09-01,1,economy,,,6835.0,False,11:20,ok,2026-08-31T11:29:56.983661+00:00,2026-08-31_1659IST
DEL,BOM,6E,IndiGo,inf,2026-09-01,1,economy,,,7079.0,False,19:30,ok,2026-08-31T11:29:56.983661+00:00,2026-08-31_1659IST
DEL,BOM,6E,IndiGo,inf,2026-09-01,1,economy,,,7977.0,False,08:15,ok,2026-08-31T11:29:56.983661+00:00,2026-08-31_1659IST
DEL,BOM,6E,IndiGo,inf,2026-09-01,1,economy,,,7977.0,False,14:00,ok,2026-08-31T11:29:56.983661+00:00,2026-08-31_1659IST
DEL,BOM,6E,IndiGo,inf,2026-09-01,1,economy,,,8536.0,False,09:00,ok,2026-08-31T11:29:56.983661+00:00,2026-08-31_1659IST
DEL,BOM,6E,IndiGo,inf,2026-09-01,1,business,,,38630.0,False,13:30,ok,2026-08-31T11:29:56.983661+00:00,2026-08-31_1659IST
DEL,BOM,6E,IndiGo,inf,2026-09-01,1,economy,,,8746.0,False,13:30,ok,2026-08-31T11:29:56.983661+00:00,2026-08-31_1659IST
DEL,BOM,6E,IndiGo,inf,2026-09-01,1,business,,,36166.0,False,19:45,ok,2026-08-31T11:29:56.983661+00:00,2026-08-31_1659IST
DEL,BOM,6E,IndiGo,inf,2026-09-01,1,economy,,,8746.0,False,19:45,ok,2026-08-31T11:29:56.983661+00:00,2026-08-31_1659IST
DEL,BOM,6E,IndiGo,inf,2026-09-01,1,economy,,,8825.0,False,12:15,ok,2026-08-31T11:29:56.983661+00:00,2026-08-31_1659IST
DEL,BOM,6E,IndiGo,inf,2026-09-01,1,economy,,,9237.0,False,16:30,ok,2026-08-31T11:29:56.983661+00:00,2026-08-31_1659IST
DEL,BOM,6E,IndiGo,inf,2026-09-01,1,economy,,,9877.0,False,05:40,ok,2026-08-31T11:29:56.983661+00:00,2026-08-31_1659IST
DEL,BOM,6E,IndiGo,inf,2026-09-01,1,economy,,,9877.0,False,09:45,ok,2026-08-31T11:29:56.983661+00:00,2026-08-31_1659IST
DEL,BOM,6E,IndiGo,inf,2026-09-01,1,economy,,,9877.0,False,15:35,ok,2026-08-31T11:29:56.983661+00:00,2026-08-31_1659IST
DEL,BOM,6E,IndiGo,inf,2026-09-01,1,economy,,,10008.0,False,17:20,ok,2026-08-31T11:29:56.983661+00:00,2026-08-31_1659IST
DEL,BOM,6E,IndiGo,inf,2026-09-01,1,economy,,,10008.0,False,19:40,ok,2026-08-31T11:29:56.983661+00:00,2026-08-31_1659IST
DEL,BOM,6E,IndiGo,inf,2026-09-01,1,economy,,,10087.0,False,16:30,ok,2026-08-31T11:29:56.983661+00:00,2026-08-31_1659IST
DEL,BOM,6E,IndiGo,inf,2026-09-01,1,economy,,,10574.0,False,07:05,ok,2026-08-31T11:29:56.983661+00:00,2026-08-31_1659IST
DEL,BOM,6E,IndiGo,inf,2026-09-01,1,economy,,,11046.0,False,10:55,ok,2026-08-31T11:29:56.983661+00:00,2026-08-31_1659IST
DEL,BOM,6E,IndiGo,inf,2026-09-01,1,economy,,,11494.0,False,17:20,ok,2026-08-31T11:29:56.983661+00:00,2026-08-31_1659IST
DEL,BOM,6E,IndiGo,inf,2026-09-01,1,economy,,,12435.0,False,11:20,ok,2026-08-31T11:29:56.983661+00:00,2026-08-31_1659IST
DEL,BOM,6E,IndiGo,inf,2026-09-01,1,business,,,36166.0,False,13:30,ok,2026-08-31T11:29:56.983661+00:00,2026-08-31_1659IST
DEL,BOM,6E,IndiGo,inf,2026-09-01,1,economy,,,12503.0,False,13:30,ok,2026-08-31T11:29:56.983661+00:00,2026-08-31_1659IST
DEL,BOM,6E,IndiGo,inf,2026-09-01,1,economy,,,13021.0,False,13:45,ok,2026-08-31T11:29:56.983661+00:00,2026-08-31_1659IST
DEL,BOM,6E,IndiGo,inf,2026-09-01,1,business,,,36166.0,False,09:55,ok,2026-08-31T11:29:56.983661+00:00,2026-08-31_1659IST
DEL,BOM,6E,IndiGo,inf,2026-09-01,1,economy,,,13649.0,False,09:55,ok,2026-08-31T11:29:56.983661+00:00,2026-08-31_1659IST
DEL,BOM,6E,IndiGo,inf,2026-09-01,1,economy,,,14168.0,False,00:15,ok,2026-08-31T11:29:56.983661+00:00,2026-08-31_1659IST
DEL,BOM,6E,IndiGo,inf,2026-09-01,1,business,,,40956.0,False,02:25,ok,2026-08-31T11:29:56.983661+00:00,2026-08-31_1659IST
DEL,BOM,6E,IndiGo,inf,2026-09-01,1,economy,,,14796.0,False,02:25,ok,2026-08-31T11:29:56.983661+00:00,2026-08-31_1659IST
DEL,BOM,6E,IndiGo,inf,2026-09-01,1,economy,,,16403.0,False,18:30,ok,2026-08-31T11:29:56.983661+00:00,2026-08-31_1659IST
DEL,BOM,6E,IndiGo,inf,2026-09-01,1,economy,,,17508.0,False,19:10,ok,2026-08-31T11:29:56.983661+00:00,2026-08-31_1659IST
DEL,BOM,6E,IndiGo,inf,2026-09-01,1,economy,,,17564.0,False,21:50,ok,2026-08-31T11:29:56.983661+00:00,2026-08-31_1659IST
DEL,BOM,6E,IndiGo,inf,2026-09-01,1,economy,,,18876.0,False,15:50,ok,2026-08-31T11:29:56.983661+00:00,2026-08-31_1659IST
DEL,BOM,6E,IndiGo,inf,2026-09-01,1,economy,,,18914.0,False,19:35,ok,2026-08-31T11:29:56.983661+00:00,2026-08-31_1659IST
DEL,BOM,6E,IndiGo,inf,2026-09-01,1,business,,,36166.0,False,08:30,ok,2026-08-31T11:29:56.983661+00:00,2026-08-31_1659IST
DEL,BOM,6E,IndiGo,inf,2026-09-01,1,economy,,,19014.0,False,08:30,ok,2026-08-31T11:29:56.983661+00:00,2026-08-31_1659IST
DEL,BOM,6E,IndiGo,inf,2026-09-01,1,economy,,,19543.0,False,17:05,ok,2026-08-31T11:29:56.983661+00:00,2026-08-31_1659IST
DEL,BOM,6E,IndiGo,inf,2026-09-01,1,business,,,40956.0,False,02:25,ok,2026-08-31T11:29:56.983661+00:00,2026-08-31_1659IST
DEL,BOM,6E,IndiGo,inf,2026-09-01,1,economy,,,20200.0,False,02:25,ok,2026-08-31T11:29:56.983661+00:00,2026-08-31_1659IST
DEL,BOM,6E,IndiGo,inf,2026-09-01,1,economy,,,20228.0,False,15:00,ok,2026-08-31T11:29:56.983661+00:00,2026-08-31_1659IST
DEL,BOM,6E,IndiGo,inf,2026-09-01,1,economy,,,20342.0,False,14:50,ok,2026-08-31T11:29:56.983661+00:00,2026-08-31_1659IST
DEL,BOM,6E,IndiGo,inf,2026-09-01,1,economy,,,20342.0,False,17:05,ok,2026-08-31T11:29:56.983661+00:00,2026-08-31_1659IST
DEL,BOM,6E,IndiGo,inf,2026-09-01,1,economy,,,21354.0,False,12:20,ok,2026-08-31T11:29:56.983661+00:00,2026-08-31_1659IST
DEL,BOM,6E,IndiGo,inf,2026-09-01,1,economy,,,24057.0,False,05:10,ok,2026-08-31T11:29:56.983661+00:00,2026-08-31_1659IST
DEL,BOM,6E,IndiGo,inf,2026-09-01,1,economy,,,24057.0,False,05:10,ok,2026-08-31T11:29:56.983661+00:00,2026-08-31_1659IST
DEL,BOM,6E,IndiGo,inf,2026-09-01,1,economy,,,30612.0,False,07:30,ok,2026-08-31T11:29:56.983661+00:00,2026-08-31_1659IST
DEL,BLR,6E,IndiGo,inf,2026-09-01,1,business,,,29794.0,False,15:45,ok,2026-08-31T11:31:19.992756+00:00,2026-08-31_1131IST
DEL,BLR,6E,IndiGo,inf,2026-09-01,1,economy,,,13077.0,False,15:45,ok,2026-08-31T11:31:19.992756+00:00,2026-08-31_1131IST
DEL,BLR,6E,IndiGo,inf,2026-09-01,1,business,,,29794.0,False,20:45,ok,2026-08-31T11:31:19.992756+00:00,2026-08-31_1131IST
DEL,BLR,6E,IndiGo,inf,2026-09-01,1,economy,,,13077.0,False,20:45,ok,2026-08-31T11:31:19.992756+00:00,2026-08-31_1131IST
DEL,BLR,6E,IndiGo,inf,2026-09-01,1,business,,,29794.0,False,23:30,ok,2026-08-31T11:31:19.992756+00:00,2026-08-31_1131IST
DEL,BLR,6E,IndiGo,inf,2026-09-01,1,economy,,,13077.0,False,23:30,ok,2026-08-31T11:31:19.992756+00:00,2026-08-31_1131IST
DEL,BLR,6E,IndiGo,inf,2026-09-01,1,business,,,29794.0,False,14:30,ok,2026-08-31T11:31:19.992756+00:00,2026-08-31_1131IST
DEL,BLR,6E,IndiGo,inf,2026-09-01,1,economy,,,14602.0,False,14:30,ok,2026-08-31T11:31:19.992756+00:00,2026-08-31_1131IST
DEL,BLR,6E,IndiGo,inf,2026-09-01,1,business,,,29794.0,False,12:20,ok,2026-08-31T11:31:19.992756+00:00,2026-08-31_1131IST
DEL,BLR,6E,IndiGo,inf,2026-09-01,1,economy,,,15437.0,False,12:20,ok,2026-08-31T11:31:19.992756+00:00,2026-08-31_1131IST
DEL,BLR,6E,IndiGo,inf,2026-09-01,1,business,,,31080.0,False,18:20,ok,2026-08-31T11:31:19.992756+00:00,2026-08-31_1131IST
DEL,BLR,6E,IndiGo,inf,2026-09-01,1,economy,,,15437.0,False,18:20,ok,2026-08-31T11:31:19.992756+00:00,2026-08-31_1131IST
DEL,BLR,6E,IndiGo,inf,2026-09-01,1,business,,,29794.0,False,19:30,ok,2026-08-31T11:31:19.992756+00:00,2026-08-31_1131IST
DEL,BLR,6E,IndiGo,inf,2026-09-01,1,economy,,,15437.0,False,19:30,ok,2026-08-31T11:31:19.992756+00:00,2026-08-31_1131IST
DEL,BLR,6E,IndiGo,inf,2026-09-01,1,business,,,29794.0,False,22:00,ok,2026-08-31T11:31:19.992756+00:00,2026-08-31_1131IST
DEL,BLR,6E,IndiGo,inf,2026-09-01,1,economy,,,15437.0,False,22:00,ok,2026-08-31T11:31:19.992756+00:00,2026-08-31_1131IST
DEL,BLR,6E,IndiGo,inf,2026-09-01,1,business,,,31080.0,False,17:00,ok,2026-08-31T11:31:19.992756+00:00,2026-08-31_1131IST
DEL,BLR,6E,IndiGo,inf,2026-09-01,1,economy,,,17264.0,False,17:00,ok,2026-08-31T11:31:19.992756+00:00,2026-08-31_1131IST
DEL,BLR,6E,IndiGo,inf,2026-09-01,1,business,,,29794.0,False,05:45,ok,2026-08-31T11:31:19.992756+00:00,2026-08-31_1131IST
DEL,BLR,6E,IndiGo,inf,2026-09-01,1,business,,,29794.0,False,08:20,ok,2026-08-31T11:31:19.992756+00:00,2026-08-31_1131IST
DEL,BLR,6E,IndiGo,inf,2026-09-01,1,business,,,29794.0,False,09:30,ok,2026-08-31T11:31:19.992756+00:00,2026-08-31_1131IST
DEL,BLR,6E,IndiGo,inf,2026-09-01,1,business,,,29794.0,False,10:45,ok,2026-08-31T11:31:19.992756+00:00,2026-08-31_1131IST
DEL,BLR,6E,IndiGo,inf,2026-09-01,1,business,,,31080.0,False,07:05,ok,2026-08-31T11:31:19.992756+00:00,2026-08-31_1131IST
DEL,BLR,6E,IndiGo,inf,2026-09-01,1,economy,,,10209.0,False,19:35,ok,2026-08-31T11:31:19.992756+00:00,2026-08-31_1131IST
DEL,BLR,6E,IndiGo,inf,2026-09-01,1,economy,,,10209.0,False,21:15,ok,2026-08-31T11:31:19.992756+00:00,2026-08-31_1131IST
DEL,BLR,6E,IndiGo,inf,2026-09-01,1,business,,,26851.0,False,23:00,ok,2026-08-31T11:31:19.992756+00:00,2026-08-31_1131IST
DEL,BLR,6E,IndiGo,inf,2026-09-01,1,economy,,,10209.0,False,23:00,ok,2026-08-31T11:31:19.992756+00:00,2026-08-31_1131IST
DEL,BLR,6E,IndiGo,inf,2026-09-01,1,economy,,,10287.0,False,11:00,ok,2026-08-31T11:31:19.992756+00:00,2026-08-31_1131IST
DEL,BLR,6E,IndiGo,inf,2026-09-01,1,economy,,,10287.0,False,12:15,ok,2026-08-31T11:31:19.992756+00:00,2026-08-31_1131IST
DEL,BLR,6E,IndiGo,inf,2026-09-01,1,economy,,,10287.0,False,13:10,ok,2026-08-31T11:31:19.992756+00:00,2026-08-31_1131IST
DEL,BLR,6E,IndiGo,inf,2026-09-01,1,economy,,,10419.0,False,18:40,ok,2026-08-31T11:31:19.992756+00:00,2026-08-31_1131IST
DEL,BLR,6E,IndiGo,inf,2026-09-01,1,economy,,,11069.0,False,19:45,ok,2026-08-31T11:31:19.992756+00:00,2026-08-31_1131IST
DEL,BLR,6E,IndiGo,inf,2026-09-01,1,economy,,,11293.0,False,09:15,ok,2026-08-31T11:31:19.992756+00:00,2026-08-31_1131IST
DEL,BLR,6E,IndiGo,inf,2026-09-01,1,business,,,43877.0,False,17:55,ok,2026-08-31T11:31:19.992756+00:00,2026-08-31_1131IST
DEL,BLR,6E,IndiGo,inf,2026-09-01,1,economy,,,11410.0,False,17:55,ok,2026-08-31T11:31:19.992756+00:00,2026-08-31_1131IST
DEL,BLR,6E,IndiGo,inf,2026-09-01,1,business,,,40388.0,False,11:00,ok,2026-08-31T11:31:19.992756+00:00,2026-08-31_1131IST
DEL,BLR,6E,IndiGo,inf,2026-09-01,1,economy,,,11747.0,False,11:00,ok,2026-08-31T11:31:19.992756+00:00,2026-08-31_1131IST
DEL,BLR,6E,IndiGo,inf,2026-09-01,1,economy,,,11920.0,False,09:55,ok,2026-08-31T11:31:19.992756+00:00,2026-08-31_1131IST
DEL,BLR,6E,IndiGo,inf,2026-09-01,1,economy,,,12261.0,False,10:35,ok,2026-08-31T11:31:19.992756+00:00,2026-08-31_1131IST
DEL,BLR,6E,IndiGo,inf,2026-09-01,1,business,,,47763.0,False,18:00,ok,2026-08-31T11:31:19.992756+00:00,2026-08-31_1131IST
DEL,BLR,6E,IndiGo,inf,2026-09-01,1,economy,,,12755.0,False,18:00,ok,2026-08-31T11:31:19.992756+00:00,2026-08-31_1131IST
DEL,BLR,6E,IndiGo,inf,2026-09-01,1,business,,,39452.0,False,05:00,ok,2026-08-31T11:31:19.992756+00:00,2026-08-31_1131IST
DEL,BLR,6E,IndiGo,inf,2026-09-01,1,economy,,,13192.0,False,05:00,ok,2026-08-31T11:31:19.992756+00:00,2026-08-31_1131IST
DEL,BLR,6E,IndiGo,inf,2026-09-01,1,business,,,39452.0,False,08:30,ok,2026-08-31T11:31:19.992756+00:00,2026-08-31_1131IST
DEL,BLR,6E,IndiGo,inf,2026-09-01,1,economy,,,13192.0,False,08:30,ok,2026-08-31T11:31:19.992756+00:00,2026-08-31_1131IST
DEL,BLR,6E,IndiGo,inf,2026-09-01,1,business,,,43987.0,False,08:00,ok,2026-08-31T11:31:19.992756+00:00,2026-08-31_1131IST
DEL,BLR,6E,IndiGo,inf,2026-09-01,1,economy,,,13490.0,False,08:00,ok,2026-08-31T11:31:19.992756+00:00,2026-08-31_1131IST
DEL,BLR,6E,IndiGo,inf,2026-09-01,1,economy,,,13864.0,False,14:00,ok,2026-08-31T11:31:19.992756+00:00,2026-08-31_1131IST
DEL,BLR,6E,IndiGo,inf,2026-09-01,1,business,,,40388.0,False,14:00,ok,2026-08-31T11:31:19.992756+00:00,2026-08-31_1131IST
DEL,BLR,6E,IndiGo,inf,2026-09-01,1,economy,,,14193.0,False,14:00,ok,2026-08-31T11:31:19.992756+00:00,2026-08-31_1131IST
DEL,BLR,6E,IndiGo,inf,2026-09-01,1,economy,,,14421.0,False,06:55,ok,2026-08-31T11:31:19.992756+00:00,2026-08-31_1131IST
DEL,BLR,6E,IndiGo,inf,2026-09-01,1,business,,,43987.0,False,17:00,ok,2026-08-31T11:31:19.992756+00:00,2026-08-31_1131IST
DEL,BLR,6E,IndiGo,inf,2026-09-01,1,economy,,,14897.0,False,17:00,ok,2026-08-31T11:31:19.992756+00:00,2026-08-31_1131IST
DEL,BLR,6E,IndiGo,inf,2026-09-01,1,economy,,,15268.0,False,16:15,ok,2026-08-31T11:31:19.992756+00:00,2026-08-31_1131IST
DEL,BLR,6E,IndiGo,inf,2026-09-01,1,economy,,,15268.0,False,16:15,ok,2026-08-31T11:31:19.992756+00:00,2026-08-31_1131IST
DEL,BLR,6E,IndiGo,inf,2026-09-01,1,economy,,,15268.0,False,17:55,ok,2026-08-31T11:31:19.992756+00:00,2026-08-31_1131IST
DEL,BLR,6E,IndiGo,inf,2026-09-01,1,business,,,47763.0,False,18:00,ok,2026-08-31T11:31:19.992756+00:00,2026-08-31_1131IST
DEL,BLR,6E,IndiGo,inf,2026-09-01,1,economy,,,15378.0,False,18:00,ok,2026-08-31T11:31:19.992756+00:00,2026-08-31_1131IST
DEL,BLR,6E,IndiGo,inf,2026-09-01,1,economy,,,16093.0,False,13:30,ok,2026-08-31T11:31:19.992756+00:00,2026-08-31_1131IST
DEL,BLR,6E,IndiGo,inf,2026-09-01,1,economy,,,16271.0,False,16:40,ok,2026-08-31T11:31:19.992756+00:00,2026-08-31_1131IST
DEL,BLR,6E,IndiGo,inf,2026-09-01,1,economy,,,16271.0,False,18:15,ok,2026-08-31T11:31:19.992756+00:00,2026-08-31_1131IST
DEL,BLR,6E,IndiGo,inf,2026-09-01,1,economy,,,16286.0,False,15:20,ok,2026-08-31T11:31:19.992756+00:00,2026-08-31_1131IST
DEL,BLR,6E,IndiGo,inf,2026-09-01,1,economy,,,16744.0,False,15:15,ok,2026-08-31T11:31:19.992756+00:00,2026-08-31_1131IST
DEL,BLR,6E,IndiGo,inf,2026-09-01,1,economy,,,17281.0,False,17:50,ok,2026-08-31T11:31:19.992756+00:00,2026-08-31_1131IST
DEL,BLR,6E,IndiGo,inf,2026-09-01,1,economy,,,17995.0,False,11:45,ok,2026-08-31T11:31:19.992756+00:00,2026-08-31_1131IST
DEL,BLR,6E,IndiGo,inf,2026-09-01,1,economy,,,18285.0,False,05:55,ok,2026-08-31T11:31:19.992756+00:00,2026-08-31_1131IST
DEL,BLR,6E,IndiGo,inf,2026-09-01,1,economy,,,18465.0,False,07:05,ok,2026-08-31T11:31:19.992756+00:00,2026-08-31_1131IST
DEL,BLR,6E,IndiGo,inf,2026-09-01,1,economy,,,18717.0,False,16:30,ok,2026-08-31T11:31:19.992756+00:00,2026-08-31_1131IST
DEL,BLR,6E,IndiGo,inf,2026-09-01,1,economy,,,18927.0,False,10:25,ok,2026-08-31T11:31:19.992756+00:00,2026-08-31_1131IST
DEL,BLR,6E,IndiGo,inf,2026-09-01,1,economy,,,18980.0,False,15:50,ok,2026-08-31T11:31:19.992756+00:00,2026-08-31_1131IST
DEL,BLR,6E,IndiGo,inf,2026-09-01,1,economy,,,19932.0,False,17:20,ok,2026-08-31T11:31:19.992756+00:00,2026-08-31_1131IST
DEL,BLR,6E,IndiGo,inf,2026-09-01,1,economy,,,20238.0,False,09:55,ok,2026-08-31T11:31:19.992756+00:00,2026-08-31_1131IST
DEL,BLR,6E,IndiGo,inf,2026-09-01,1,economy,,,20756.0,False,17:05,ok,2026-08-31T11:31:19.992756+00:00,2026-08-31_1131IST
DEL,BLR,6E,IndiGo,inf,2026-09-01,1,business,,,38943.0,False,02:20,ok,2026-08-31T11:31:19.992756+00:00,2026-08-31_1131IST
DEL,BLR,6E,IndiGo,inf,2026-09-01,1,economy,,,22189.0,False,02:20,ok,2026-08-31T11:31:19.992756+00:00,2026-08-31_1131IST
DEL,BLR,6E,IndiGo,inf,2026-09-01,1,economy,,,22318.0,False,11:20,ok,2026-08-31T11:31:19.992756+00:00,2026-08-31_1131IST
DEL,BLR,6E,IndiGo,inf,2026-09-01,1,economy,,,22943.0,False,17:10,ok,2026-08-31T11:31:19.992756+00:00,2026-08-31_1131IST
DEL,BLR,6E,IndiGo,inf,2026-09-01,1,business,,,44140.0,False,16:25,ok,2026-08-31T11:31:19.992756+00:00,2026-08-31_1131IST
DEL,BLR,6E,IndiGo,inf,2026-09-01,1,economy,,,26124.0,False,16:25,ok,2026-08-31T11:31:19.992756+00:00,2026-08-31_1131IST
DEL,BLR,6E,IndiGo,inf,2026-09-01,1,economy,,,28881.0,False,05:10,ok,2026-08-31T11:31:19.992756+00:00,2026-08-31_1131IST
DEL,BLR,6E,IndiGo,inf,2026-09-01,1,,,,,False,03:00,sold_out,2026-08-31T11:31:19.992756+00:00,2026-08-31_1131IST
BOM,BLR,6E,IndiGo,inf,2026-09-01,1,business,,,22340.0,False,14:30,ok,2026-08-31T11:32:36.022067+00:00,2026-08-31_1132IST
BOM,BLR,6E,IndiGo,inf,2026-09-01,1,economy,,,6914.0,False,14:30,ok,2026-08-31T11:32:36.022067+00:00,2026-08-31_1132IST
BOM,BLR,6E,IndiGo,inf,2026-09-01,1,business,,,22340.0,False,15:35,ok,2026-08-31T11:32:36.022067+00:00,2026-08-31_1132IST
BOM,BLR,6E,IndiGo,inf,2026-09-01,1,economy,,,6914.0,False,15:35,ok,2026-08-31T11:32:36.022067+00:00,2026-08-31_1132IST
BOM,BLR,6E,IndiGo,inf,2026-09-01,1,business,,,22340.0,False,01:10,ok,2026-08-31T11:32:36.022067+00:00,2026-08-31_1132IST
BOM,BLR,6E,IndiGo,inf,2026-09-01,1,economy,,,6938.0,False,01:10,ok,2026-08-31T11:32:36.022067+00:00,2026-08-31_1132IST
BOM,BLR,6E,IndiGo,inf,2026-09-01,1,business,,,22340.0,False,11:00,ok,2026-08-31T11:32:36.022067+00:00,2026-08-31_1132IST
BOM,BLR,6E,IndiGo,inf,2026-09-01,1,economy,,,7229.0,False,11:00,ok,2026-08-31T11:32:36.022067+00:00,2026-08-31_1132IST
BOM,BLR,6E,IndiGo,inf,2026-09-01,1,business,,,22340.0,False,12:30,ok,2026-08-31T11:32:36.022067+00:00,2026-08-31_1132IST
BOM,BLR,6E,IndiGo,inf,2026-09-01,1,economy,,,7229.0,False,12:30,ok,2026-08-31T11:32:36.022067+00:00,2026-08-31_1132IST
BOM,BLR,6E,IndiGo,inf,2026-09-01,1,business,,,22340.0,False,22:20,ok,2026-08-31T11:32:36.022067+00:00,2026-08-31_1132IST
BOM,BLR,6E,IndiGo,inf,2026-09-01,1,economy,,,7229.0,False,22:20,ok,2026-08-31T11:32:36.022067+00:00,2026-08-31_1132IST
BOM,BLR,6E,IndiGo,inf,2026-09-01,1,business,,,22340.0,False,09:50,ok,2026-08-31T11:32:36.022067+00:00,2026-08-31_1132IST
BOM,BLR,6E,IndiGo,inf,2026-09-01,1,economy,,,8069.0,False,09:50,ok,2026-08-31T11:32:36.022067+00:00,2026-08-31_1132IST
BOM,BLR,6E,IndiGo,inf,2026-09-01,1,business,,,22340.0,False,17:00,ok,2026-08-31T11:32:36.022067+00:00,2026-08-31_1132IST
BOM,BLR,6E,IndiGo,inf,2026-09-01,1,economy,,,8594.0,False,17:00,ok,2026-08-31T11:32:36.022067+00:00,2026-08-31_1132IST
BOM,BLR,6E,IndiGo,inf,2026-09-01,1,business,,,22340.0,False,18:30,ok,2026-08-31T11:32:36.022067+00:00,2026-08-31_1132IST
BOM,BLR,6E,IndiGo,inf,2026-09-01,1,economy,,,8594.0,False,18:30,ok,2026-08-31T11:32:36.022067+00:00,2026-08-31_1132IST
BOM,BLR,6E,IndiGo,inf,2026-09-01,1,business,,,22340.0,False,21:30,ok,2026-08-31T11:32:36.022067+00:00,2026-08-31_1132IST
BOM,BLR,6E,IndiGo,inf,2026-09-01,1,economy,,,9119.0,False,21:30,ok,2026-08-31T11:32:36.022067+00:00,2026-08-31_1132IST
BOM,BLR,6E,IndiGo,inf,2026-09-01,1,business,,,22340.0,False,04:30,ok,2026-08-31T11:32:36.022067+00:00,2026-08-31_1132IST
BOM,BLR,6E,IndiGo,inf,2026-09-01,1,economy,,,9458.0,False,04:30,ok,2026-08-31T11:32:36.022067+00:00,2026-08-31_1132IST
BOM,BLR,6E,IndiGo,inf,2026-09-01,1,business,,,22340.0,False,06:30,ok,2026-08-31T11:32:36.022067+00:00,2026-08-31_1132IST
BOM,BLR,6E,IndiGo,inf,2026-09-01,1,economy,,,10904.0,False,06:30,ok,2026-08-31T11:32:36.022067+00:00,2026-08-31_1132IST
BOM,BLR,6E,IndiGo,inf,2026-09-01,1,economy,,,16364.0,False,08:05,ok,2026-08-31T11:32:36.022067+00:00,2026-08-31_1132IST
BOM,BLR,6E,IndiGo,inf,2026-09-01,1,economy,,,6355.0,False,11:40,ok,2026-08-31T11:32:36.022067+00:00,2026-08-31_1132IST
BOM,BLR,6E,IndiGo,inf,2026-09-01,1,economy,,,6355.0,False,11:40,ok,2026-08-31T11:32:36.022067+00:00,2026-08-31_1132IST
BOM,BLR,6E,IndiGo,inf,2026-09-01,1,economy,,,6355.0,False,13:45,ok,2026-08-31T11:32:36.022067+00:00,2026-08-31_1132IST
BOM,BLR,6E,IndiGo,inf,2026-09-01,1,economy,,,6494.0,False,16:40,ok,2026-08-31T11:32:36.022067+00:00,2026-08-31_1132IST
BOM,BLR,6E,IndiGo,inf,2026-09-01,1,economy,,,6494.0,False,16:40,ok,2026-08-31T11:32:36.022067+00:00,2026-08-31_1132IST
BOM,BLR,6E,IndiGo,inf,2026-09-01,1,economy,,,6835.0,False,09:35,ok,2026-08-31T11:32:36.022067+00:00,2026-08-31_1132IST
BOM,BLR,6E,IndiGo,6.000000000000001e+136,2026-09-01,1,economy,,,7943.0,False,04:05,ok,2026-08-31T11:32:36.022067+00:00,2026-08-31_1132IST
BOM,BLR,6E,IndiGo,inf,2026-09-01,1,economy,,,7943.0,False,09:35,ok,2026-08-31T11:32:36.022067+00:00,2026-08-31_1132IST
BOM,BLR,6E,IndiGo,inf,2026-09-01,1,economy,,,7943.0,False,09:50,ok,2026-08-31T11:32:36.022067+00:00,2026-08-31_1132IST
BOM,BLR,6E,IndiGo,6.000000000000001e+230,2026-09-01,1,economy,,,8239.0,False,13:55,ok,2026-08-31T11:32:36.022067+00:00,2026-08-31_1132IST
BOM,BLR,6E,IndiGo,6.000000000000001e+230,2026-09-01,1,economy,,,8239.0,False,13:55,ok,2026-08-31T11:32:36.022067+00:00,2026-08-31_1132IST
BOM,BLR,6E,IndiGo,inf,2026-09-01,1,economy,,,8239.0,False,18:05,ok,2026-08-31T11:32:36.022067+00:00,2026-08-31_1132IST
BOM,BLR,6E,IndiGo,inf,2026-09-01,1,economy,,,8371.0,False,12:30,ok,2026-08-31T11:32:36.022067+00:00,2026-08-31_1132IST
BOM,BLR,6E,IndiGo,inf,2026-09-01,1,economy,,,8502.0,False,14:40,ok,2026-08-31T11:32:36.022067+00:00,2026-08-31_1132IST
BOM,BLR,6E,IndiGo,inf,2026-09-01,1,economy,,,8581.0,False,18:40,ok,2026-08-31T11:32:36.022067+00:00,2026-08-31_1132IST
BOM,BLR,6E,IndiGo,inf,2026-09-01,1,economy,,,9843.0,False,09:15,ok,2026-08-31T11:32:36.022067+00:00,2026-08-31_1132IST
BOM,BLR,6E,IndiGo,inf,2026-09-01,1,economy,,,10053.0,False,06:15,ok,2026-08-31T11:32:36.022067+00:00,2026-08-31_1132IST
BOM,BLR,6E,IndiGo,inf,2026-09-01,1,economy,,,10184.0,False,16:50,ok,2026-08-31T11:32:36.022067+00:00,2026-08-31_1132IST
BOM,BLR,6E,IndiGo,inf,2026-09-01,1,economy,,,10319.0,False,09:50,ok,2026-08-31T11:32:36.022067+00:00,2026-08-31_1132IST
BOM,BLR,6E,IndiGo,inf,2026-09-01,1,economy,,,10900.0,False,13:35,ok,2026-08-31T11:32:36.022067+00:00,2026-08-31_1132IST
BOM,BLR,6E,IndiGo,inf,2026-09-01,1,economy,,,11832.0,False,15:25,ok,2026-08-31T11:32:36.022067+00:00,2026-08-31_1132IST
BOM,BLR,6E,IndiGo,6e+240,2026-09-01,1,economy,,,11832.0,False,15:45,ok,2026-08-31T11:32:36.022067+00:00,2026-08-31_1132IST
BOM,BLR,6E,IndiGo,inf,2026-09-01,1,economy,,,11832.0,False,17:25,ok,2026-08-31T11:32:36.022067+00:00,2026-08-31_1132IST
BOM,BLR,6E,IndiGo,inf,2026-09-01,1,economy,,,11964.0,False,10:25,ok,2026-08-31T11:32:36.022067+00:00,2026-08-31_1132IST
BOM,BLR,6E,IndiGo,inf,2026-09-01,1,economy,,,12646.0,False,10:15,ok,2026-08-31T11:32:36.022067+00:00,2026-08-31_1132IST
BOM,BLR,6E,IndiGo,inf,2026-09-01,1,economy,,,12856.0,False,05:35,ok,2026-08-31T11:32:36.022067+00:00,2026-08-31_1132IST
BOM,BLR,6E,IndiGo,inf,2026-09-01,1,economy,,,12856.0,False,05:35,ok,2026-08-31T11:32:36.022067+00:00,2026-08-31_1132IST
BOM,BLR,6E,IndiGo,inf,2026-09-01,1,economy,,,12856.0,False,14:55,ok,2026-08-31T11:32:36.022067+00:00,2026-08-31_1132IST
BOM,BLR,6E,IndiGo,inf,2026-09-01,1,economy,,,12856.0,False,20:00,ok,2026-08-31T11:32:36.022067+00:00,2026-08-31_1132IST
BOM,BLR,6E,IndiGo,inf,2026-09-01,1,economy,,,13047.0,False,12:30,ok,2026-08-31T11:32:36.022067+00:00,2026-08-31_1132IST
BOM,BLR,6E,IndiGo,inf,2026-09-01,1,economy,,,13982.0,False,12:05,ok,2026-08-31T11:32:36.022067+00:00,2026-08-31_1132IST
BOM,BLR,6E,IndiGo,inf,2026-09-01,1,economy,,,13983.0,False,15:10,ok,2026-08-31T11:32:36.022067+00:00,2026-08-31_1132IST
BOM,BLR,6E,IndiGo,inf,2026-09-01,1,economy,,,13983.0,False,15:10,ok,2026-08-31T11:32:36.022067+00:00,2026-08-31_1132IST
BOM,BLR,6E,IndiGo,inf,2026-09-01,1,economy,,,13983.0,False,16:45,ok,2026-08-31T11:32:36.022067+00:00,2026-08-31_1132IST
BOM,BLR,6E,IndiGo,inf,2026-09-01,1,economy,,,13983.0,False,16:45,ok,2026-08-31T11:32:36.022067+00:00,2026-08-31_1132IST
BOM,BLR,6E,IndiGo,inf,2026-09-01,1,economy,,,14765.0,False,13:45,ok,2026-08-31T11:32:36.022067+00:00,2026-08-31_1132IST
BOM,BLR,6E,IndiGo,inf,2026-09-01,1,economy,,,14765.0,False,15:25,ok,2026-08-31T11:32:36.022067+00:00,2026-08-31_1132IST
BOM,BLR,6E,IndiGo,inf,2026-09-01,1,economy,,,14808.0,False,15:10,ok,2026-08-31T11:32:36.022067+00:00,2026-08-31_1132IST
BOM,BLR,6E,IndiGo,inf,2026-09-01,1,economy,,,14917.0,False,18:15,ok,2026-08-31T11:32:36.022067+00:00,2026-08-31_1132IST
BOM,BLR,6E,IndiGo,inf,2026-09-01,1,economy,,,15010.0,False,10:15,ok,2026-08-31T11:32:36.022067+00:00,2026-08-31_1132IST
BOM,BLR,6E,IndiGo,inf,2026-09-01,1,economy,,,16711.0,False,05:45,ok,2026-08-31T11:32:36.022067+00:00,2026-08-31_1132IST
BOM,BLR,6E,IndiGo,inf,2026-09-01,1,economy,,,17621.0,False,11:40,ok,2026-08-31T11:32:36.022067+00:00,2026-08-31_1132IST
BOM,BLR,6E,IndiGo,inf,2026-09-01,1,economy,,,17963.0,False,05:00,ok,2026-08-31T11:32:36.022067+00:00,2026-08-31_1132IST
BOM,BLR,6E,IndiGo,6e+261,2026-09-01,1,economy,,,18040.0,False,11:20,ok,2026-08-31T11:32:36.022067+00:00,2026-08-31_1132IST
BOM,BLR,6E,IndiGo,inf,2026-09-01,1,economy,,,18717.0,False,11:40,ok,2026-08-31T11:32:36.022067+00:00,2026-08-31_1132IST
BOM,BLR,6E,IndiGo,inf,2026-09-01,1,economy,,,19652.0,False,17:10,ok,2026-08-31T11:32:36.022067+00:00,2026-08-31_1132IST
BOM,BLR,6E,IndiGo,6.000000000000001e+136,2026-09-01,1,economy,,,19865.0,False,04:05,ok,2026-08-31T11:32:36.022067+00:00,2026-08-31_1132IST
BOM,BLR,6E,IndiGo,6e+261,2026-09-01,1,economy,,,20801.0,False,11:20,ok,2026-08-31T11:32:36.022067+00:00,2026-08-31_1132IST
BOM,BLR,6E,IndiGo,inf,2026-09-01,1,economy,,,23254.0,False,04:00,ok,2026-08-31T11:32:36.022067+00:00,2026-08-31_1132IST
DEL,CCU,6E,IndiGo,inf,2026-09-01,1,business,,,26140.0,False,16:00,ok,2026-08-31T11:33:50.608039+00:00,2026-08-31_1133IST
DEL,CCU,6E,IndiGo,inf,2026-09-01,1,economy,,,8200.0,False,16:00,ok,2026-08-31T11:33:50.608039+00:00,2026-08-31_1133IST
DEL,CCU,6E,IndiGo,inf,2026-09-01,1,business,,,29680.0,False,17:55,ok,2026-08-31T11:33:50.608039+00:00,2026-08-31_1133IST
DEL,CCU,6E,IndiGo,inf,2026-09-01,1,economy,,,8200.0,False,17:55,ok,2026-08-31T11:33:50.608039+00:00,2026-08-31_1133IST
DEL,CCU,6E,IndiGo,inf,2026-09-01,1,business,,,26140.0,False,21:50,ok,2026-08-31T11:33:50.608039+00:00,2026-08-31_1133IST
DEL,CCU,6E,IndiGo,inf,2026-09-01,1,economy,,,8200.0,False,21:50,ok,2026-08-31T11:33:50.608039+00:00,2026-08-31_1133IST
DEL,CCU,6E,IndiGo,6e+247,2026-09-01,1,business,,,26140.0,False,23:30,ok,2026-08-31T11:33:50.608039+00:00,2026-08-31_1133IST
DEL,CCU,6E,IndiGo,6e+247,2026-09-01,1,economy,,,8200.0,False,23:30,ok,2026-08-31T11:33:50.608039+00:00,2026-08-31_1133IST
DEL,CCU,6E,IndiGo,inf,2026-09-01,1,business,,,26140.0,False,05:00,ok,2026-08-31T11:33:50.608039+00:00,2026-08-31_1133IST
DEL,CCU,6E,IndiGo,inf,2026-09-01,1,economy,,,8463.0,False,05:00,ok,2026-08-31T11:33:50.608039+00:00,2026-08-31_1133IST
DEL,CCU,6E,IndiGo,inf,2026-09-01,1,business,,,26140.0,False,14:25,ok,2026-08-31T11:33:50.608039+00:00,2026-08-31_1133IST
DEL,CCU,6E,IndiGo,inf,2026-09-01,1,economy,,,8463.0,False,14:25,ok,2026-08-31T11:33:50.608039+00:00,2026-08-31_1133IST
DEL,CCU,6E,IndiGo,inf,2026-09-01,1,business,,,26140.0,False,19:30,ok,2026-08-31T11:33:50.608039+00:00,2026-08-31_1133IST
DEL,CCU,6E,IndiGo,inf,2026-09-01,1,economy,,,9250.0,False,19:30,ok,2026-08-31T11:33:50.608039+00:00,2026-08-31_1133IST
DEL,CCU,6E,IndiGo,inf,2026-09-01,1,business,,,26140.0,False,07:20,ok,2026-08-31T11:33:50.608039+00:00,2026-08-31_1133IST
DEL,CCU,6E,IndiGo,inf,2026-09-01,1,economy,,,9775.0,False,07:20,ok,2026-08-31T11:33:50.608039+00:00,2026-08-31_1133IST
DEL,CCU,6E,IndiGo,inf,2026-09-01,1,business,,,26140.0,False,12:45,ok,2026-08-31T11:33:50.608039+00:00,2026-08-31_1133IST
DEL,CCU,6E,IndiGo,inf,2026-09-01,1,economy,,,9775.0,False,12:45,ok,2026-08-31T11:33:50.608039+00:00,2026-08-31_1133IST
DEL,CCU,6E,IndiGo,inf,2026-09-01,1,business,,,26140.0,False,08:30,ok,2026-08-31T11:33:50.608039+00:00,2026-08-31_1133IST
DEL,CCU,6E,IndiGo,inf,2026-09-01,1,economy,,,10405.0,False,08:30,ok,2026-08-31T11:33:50.608039+00:00,2026-08-31_1133IST
DEL,CCU,6E,IndiGo,inf,2026-09-01,1,business,,,26140.0,False,10:15,ok,2026-08-31T11:33:50.608039+00:00,2026-08-31_1133IST
DEL,CCU,6E,IndiGo,inf,2026-09-01,1,economy,,,10405.0,False,10:15,ok,2026-08-31T11:33:50.608039+00:00,2026-08-31_1133IST
DEL,CCU,6E,IndiGo,inf,2026-09-01,1,economy,,,6727.0,False,14:35,ok,2026-08-31T11:33:50.608039+00:00,2026-08-31_1133IST
DEL,CCU,6E,IndiGo,inf,2026-09-01,1,economy,,,6806.0,False,07:40,ok,2026-08-31T11:33:50.608039+00:00,2026-08-31_1133IST
DEL,CCU,6E,IndiGo,inf,2026-09-01,1,economy,,,6911.0,False,04:45,ok,2026-08-31T11:33:50.608039+00:00,2026-08-31_1133IST
DEL,CCU,6E,IndiGo,inf,2026-09-01,1,economy,,,6911.0,False,07:45,ok,2026-08-31T11:33:50.608039+00:00,2026-08-31_1133IST
DEL,CCU,6E,IndiGo,inf,2026-09-01,1,economy,,,6911.0,False,07:45,ok,2026-08-31T11:33:50.608039+00:00,2026-08-31_1133IST
DEL,CCU,6E,IndiGo,inf,2026-09-01,1,economy,,,6937.0,False,17:20,ok,2026-08-31T11:33:50.608039+00:00,2026-08-31_1133IST
DEL,CCU,6E,IndiGo,inf,2026-09-01,1,economy,,,7147.0,False,14:50,ok,2026-08-31T11:33:50.608039+00:00,2026-08-31_1133IST
DEL,CCU,6E,IndiGo,inf,2026-09-01,1,economy,,,7147.0,False,17:05,ok,2026-08-31T11:33:50.608039+00:00,2026-08-31_1133IST
DEL,CCU,6E,IndiGo,inf,2026-09-01,1,economy,,,7147.0,False,23:15,ok,2026-08-31T11:33:50.608039+00:00,2026-08-31_1133IST
DEL,CCU,6E,IndiGo,inf,2026-09-01,1,economy,,,7336.0,False,12:20,ok,2026-08-31T11:33:50.608039+00:00,2026-08-31_1133IST
DEL,CCU,6E,IndiGo,inf,2026-09-01,1,economy,,,7336.0,False,14:40,ok,2026-08-31T11:33:50.608039+00:00,2026-08-31_1133IST
DEL,CCU,6E,IndiGo,inf,2026-09-01,1,economy,,,7441.0,False,04:45,ok,2026-08-31T11:33:50.608039+00:00,2026-08-31_1133IST
DEL,CCU,6E,IndiGo,inf,2026-09-01,1,economy,,,7441.0,False,07:45,ok,2026-08-31T11:33:50.608039+00:00,2026-08-31_1133IST
DEL,CCU,6E,IndiGo,inf,2026-09-01,1,economy,,,7677.0,False,21:00,ok,2026-08-31T11:33:50.608039+00:00,2026-08-31_1133IST
DEL,CCU,6E,IndiGo,inf,2026-09-01,1,economy,,,8260.0,False,11:45,ok,2026-08-31T11:33:50.608039+00:00,2026-08-31_1133IST
DEL,CCU,6E,IndiGo,inf,2026-09-01,1,economy,,,8350.0,False,13:20,ok,2026-08-31T11:33:50.608039+00:00,2026-08-31_1133IST
DEL,CCU,6E,IndiGo,inf,2026-09-01,1,economy,,,8365.0,False,06:20,ok,2026-08-31T11:33:50.608039+00:00,2026-08-31_1133IST
DEL,CCU,6E,IndiGo,inf,2026-09-01,1,economy,,,8901.0,False,17:55,ok,2026-08-31T11:33:50.608039+00:00,2026-08-31_1133IST
DEL,CCU,6E,IndiGo,inf,2026-09-01,1,economy,,,9265.0,False,09:20,ok,2026-08-31T11:33:50.608039+00:00,2026-08-31_1133IST
DEL,CCU,6E,IndiGo,inf,2026-09-01,1,economy,,,9580.0,False,13:25,ok,2026-08-31T11:33:50.608039+00:00,2026-08-31_1133IST
DEL,CCU,6E,IndiGo,inf,2026-09-01,1,economy,,,10381.0,False,13:30,ok,2026-08-31T11:33:50.608039+00:00,2026-08-31_1133IST
DEL,CCU,6E,IndiGo,inf,2026-09-01,1,economy,,,10996.0,False,15:10,ok,2026-08-31T11:33:50.608039+00:00,2026-08-31_1133IST
DEL,CCU,6E,IndiGo,inf,2026-09-01,1,economy,,,10996.0,False,15:10,ok,2026-08-31T11:33:50.608039+00:00,2026-08-31_1133IST
DEL,CCU,6E,IndiGo,inf,2026-09-01,1,economy,,,11199.0,False,11:10,ok,2026-08-31T11:33:50.608039+00:00,2026-08-31_1133IST
DEL,CCU,6E,IndiGo,inf,2026-09-01,1,economy,,,11232.0,False,13:30,ok,2026-08-31T11:33:50.608039+00:00,2026-08-31_1133IST
DEL,CCU,6E,IndiGo,inf,2026-09-01,1,economy,,,11232.0,False,16:15,ok,2026-08-31T11:33:50.608039+00:00,2026-08-31_1133IST
DEL,CCU,6E,IndiGo,inf,2026-09-01,1,economy,,,11794.0,False,16:40,ok,2026-08-31T11:33:50.608039+00:00,2026-08-31_1133IST
DEL,CCU,6E,IndiGo,inf,2026-09-01,1,economy,,,11827.0,False,07:40,ok,2026-08-31T11:33:50.608039+00:00,2026-08-31_1133IST
DEL,CCU,6E,IndiGo,inf,2026-09-01,1,economy,,,11827.0,False,12:55,ok,2026-08-31T11:33:50.608039+00:00,2026-08-31_1133IST
DEL,CCU,6E,IndiGo,inf,2026-09-01,1,economy,,,11827.0,False,14:00,ok,2026-08-31T11:33:50.608039+00:00,2026-08-31_1133IST
DEL,CCU,6E,IndiGo,inf,2026-09-01,1,economy,,,12856.0,False,05:00,ok,2026-08-31T11:33:50.608039+00:00,2026-08-31_1133IST
DEL,CCU,6E,IndiGo,inf,2026-09-01,1,economy,,,12925.0,False,12:20,ok,2026-08-31T11:33:50.608039+00:00,2026-08-31_1133IST
DEL,CCU,6E,IndiGo,inf,2026-09-01,1,economy,,,13908.0,False,16:20,ok,2026-08-31T11:33:50.608039+00:00,2026-08-31_1133IST
DEL,CCU,6E,IndiGo,inf,2026-09-01,1,economy,,,13968.0,False,13:25,ok,2026-08-31T11:33:50.608039+00:00,2026-08-31_1133IST
DEL,CCU,6E,IndiGo,inf,2026-09-01,1,economy,,,14149.0,False,10:50,ok,2026-08-31T11:33:50.608039+00:00,2026-08-31_1133IST
DEL,CCU,6E,IndiGo,inf,2026-09-01,1,economy,,,14830.0,False,06:20,ok,2026-08-31T11:33:50.608039+00:00,2026-08-31_1133IST
DEL,CCU,6E,IndiGo,inf,2026-09-01,1,economy,,,15431.0,False,09:55,ok,2026-08-31T11:33:50.608039+00:00,2026-08-31_1133IST
DEL,CCU,6E,IndiGo,inf,2026-09-01,1,business,,,33098.0,False,02:25,ok,2026-08-31T11:33:50.608039+00:00,2026-08-31_1133IST
DEL,CCU,6E,IndiGo,inf,2026-09-01,1,economy,,,15514.0,False,02:25,ok,2026-08-31T11:33:50.608039+00:00,2026-08-31_1133IST
DEL,CCU,6E,IndiGo,inf,2026-09-01,1,economy,,,15628.0,False,10:00,ok,2026-08-31T11:33:50.608039+00:00,2026-08-31_1133IST
DEL,CCU,6E,IndiGo,inf,2026-09-01,1,economy,,,16384.0,False,14:40,ok,2026-08-31T11:33:50.608039+00:00,2026-08-31_1133IST
DEL,CCU,6E,IndiGo,inf,2026-09-01,1,business,,,34396.0,False,02:25,ok,2026-08-31T11:33:50.608039+00:00,2026-08-31_1133IST
DEL,CCU,6E,IndiGo,inf,2026-09-01,1,economy,,,16669.0,False,02:25,ok,2026-08-31T11:33:50.608039+00:00,2026-08-31_1133IST
DEL,CCU,6E,IndiGo,inf,2026-09-01,1,economy,,,16807.0,False,12:20,ok,2026-08-31T11:33:50.608039+00:00,2026-08-31_1133IST
DEL,CCU,6E,IndiGo,inf,2026-09-01,1,economy,,,17518.0,False,05:10,ok,2026-08-31T11:33:50.608039+00:00,2026-08-31_1133IST
DEL,CCU,6E,IndiGo,inf,2026-09-01,1,economy,,,19307.0,False,13:05,ok,2026-08-31T11:33:50.608039+00:00,2026-08-31_1133IST
DEL,CCU,6E,IndiGo,inf,2026-09-01,1,economy,,,19482.0,False,05:55,ok,2026-08-31T11:33:50.608039+00:00,2026-08-31_1133IST
DEL,CCU,6E,IndiGo,inf,2026-09-01,1,business,,,34396.0,False,08:30,ok,2026-08-31T11:33:50.608039+00:00,2026-08-31_1133IST
DEL,CCU,6E,IndiGo,inf,2026-09-01,1,economy,,,21513.0,False,08:30,ok,2026-08-31T11:33:50.608039+00:00,2026-08-31_1133IST
DEL,CCU,6E,IndiGo,inf,2026-09-01,1,economy,,,21595.0,False,14:25,ok,2026-08-31T11:33:50.608039+00:00,2026-08-31_1133IST
DEL,CCU,6E,IndiGo,6e+203,2026-09-01,1,business,,,34396.0,False,07:10,ok,2026-08-31T11:33:50.608039+00:00,2026-08-31_1133IST
DEL,CCU,6E,IndiGo,6e+203,2026-09-01,1,economy,,,22375.0,False,07:10,ok,2026-08-31T11:33:50.608039+00:00,2026-08-31_1133IST
BLR,HYD,6E,IndiGo,inf,2026-09-01,1,,,,,False,16:30,parse_error,2026-08-31T11:35:05.087414+00:00,2026-08-31_1135IST
BLR,HYD,6E,IndiGo,inf,2026-09-01,1,,,,,False,21:30,parse_error,2026-08-31T11:35:05.087414+00:00,2026-08-31_1135IST
BLR,HYD,6E,IndiGo,inf,2026-09-01,1,,,,,False,11:35,parse_error,2026-08-31T11:35:05.087414+00:00,2026-08-31_1135IST
BLR,HYD,6E,IndiGo,inf,2026-09-01,1,,,,,False,19:45,parse_error,2026-08-31T11:35:05.087414+00:00,2026-08-31_1135IST
BLR,HYD,6E,IndiGo,inf,2026-09-01,1,,,,,False,18:35,parse_error,2026-08-31T11:35:05.087414+00:00,2026-08-31_1135IST
BLR,HYD,6E,IndiGo,inf,2026-09-01,1,,,,,False,10:15,parse_error,2026-08-31T11:35:05.087414+00:00,2026-08-31_1135IST
BLR,HYD,6E,IndiGo,inf,2026-09-01,1,,,,,False,08:15,parse_error,2026-08-31T11:35:05.087414+00:00,2026-08-31_1135IST
BLR,HYD,6E,IndiGo,inf,2026-09-01,1,,,,,False,09:15,parse_error,2026-08-31T11:35:05.087414+00:00,2026-08-31_1135IST
BLR,HYD,6E,IndiGo,inf,2026-09-01,1,,,,,False,06:25,parse_error,2026-08-31T11:35:05.087414+00:00,2026-08-31_1135IST
BLR,HYD,6E,IndiGo,inf,2026-09-01,1,,,,,False,04:30,parse_error,2026-08-31T11:35:05.087414+00:00,2026-08-31_1135IST
BLR,HYD,6E,IndiGo,inf,2026-09-01,1,,,,,False,10:50,parse_error,2026-08-31T11:35:05.087414+00:00,2026-08-31_1135IST
BLR,HYD,6E,IndiGo,inf,2026-09-01,1,,,,,False,12:50,parse_error,2026-08-31T11:35:05.087414+00:00,2026-08-31_1135IST
BLR,HYD,6E,IndiGo,6e+182,2026-09-01,1,,,,,False,15:00,parse_error,2026-08-31T11:35:05.087414+00:00,2026-08-31_1135IST
BLR,HYD,6E,IndiGo,inf,2026-09-01,1,,,,,False,17:40,parse_error,2026-08-31T11:35:05.087414+00:00,2026-08-31_1135IST
BLR,HYD,6E,IndiGo,inf,2026-09-01,1,,,,,False,17:40,parse_error,2026-08-31T11:35:05.087414+00:00,2026-08-31_1135IST
BLR,HYD,6E,IndiGo,inf,2026-09-01,1,,,,,False,19:15,parse_error,2026-08-31T11:35:05.087414+00:00,2026-08-31_1135IST
BLR,HYD,6E,IndiGo,inf,2026-09-01,1,,,,,False,21:40,parse_error,2026-08-31T11:35:05.087414+00:00,2026-08-31_1135IST
BLR,HYD,6E,IndiGo,6e+116,2026-09-01,1,,,,,False,23:05,parse_error,2026-08-31T11:35:05.087414+00:00,2026-08-31_1135IST
BLR,HYD,6E,IndiGo,6e+116,2026-09-01,1,,,,,False,23:05,parse_error,2026-08-31T11:35:05.087414+00:00,2026-08-31_1135IST
BLR,HYD,6E,IndiGo,inf,2026-09-01,1,,,,,False,10:40,parse_error,2026-08-31T11:35:05.087414+00:00,2026-08-31_1135IST
BLR,HYD,6E,IndiGo,inf,2026-09-01,1,,,,,False,12:50,parse_error,2026-08-31T11:35:05.087414+00:00,2026-08-31_1135IST
BLR,HYD,6E,IndiGo,inf,2026-09-01,1,,,,,False,12:50,parse_error,2026-08-31T11:35:05.087414+00:00,2026-08-31_1135IST
BLR,HYD,6E,IndiGo,inf,2026-09-01,1,,,,,False,13:10,parse_error,2026-08-31T11:35:05.087414+00:00,2026-08-31_1135IST
BLR,HYD,6E,IndiGo,inf,2026-09-01,1,,,,,False,13:10,parse_error,2026-08-31T11:35:05.087414+00:00,2026-08-31_1135IST
BLR,HYD,6E,IndiGo,inf,2026-09-01,1,,,,,False,14:40,parse_error,2026-08-31T11:35:05.087414+00:00,2026-08-31_1135IST
BLR,HYD,6E,IndiGo,6e+182,2026-09-01,1,,,,,False,15:00,parse_error,2026-08-31T11:35:05.087414+00:00,2026-08-31_1135IST
BLR,HYD,6E,IndiGo,6e+182,2026-09-01,1,,,,,False,15:00,parse_error,2026-08-31T11:35:05.087414+00:00,2026-08-31_1135IST
BLR,HYD,6E,IndiGo,inf,2026-09-01,1,,,,,False,15:15,parse_error,2026-08-31T11:35:05.087414+00:00,2026-08-31_1135IST
BLR,HYD,6E,IndiGo,inf,2026-09-01,1,,,,,False,18:15,parse_error,2026-08-31T11:35:05.087414+00:00,2026-08-31_1135IST
BLR,HYD,6E,IndiGo,6e+105,2026-09-01,1,,,,,False,18:50,parse_error,2026-08-31T11:35:05.087414+00:00,2026-08-31_1135IST
BLR,HYD,6E,IndiGo,6e+105,2026-09-01,1,,,,,False,18:50,parse_error,2026-08-31T11:35:05.087414+00:00,2026-08-31_1135IST
BLR,HYD,6E,IndiGo,inf,2026-09-01,1,,,,,False,20:40,parse_error,2026-08-31T11:35:05.087414+00:00,2026-08-31_1135IST
BLR,HYD,6E,IndiGo,inf,2026-09-01,1,,,,,False,12:50,parse_error,2026-08-31T11:35:05.087414+00:00,2026-08-31_1135IST
BLR,HYD,6E,IndiGo,inf,2026-09-01,1,,,,,False,15:15,parse_error,2026-08-31T11:35:05.087414+00:00,2026-08-31_1135IST
BLR,HYD,6E,IndiGo,inf,2026-09-01,1,,,,,False,17:15,parse_error,2026-08-31T11:35:05.087414+00:00,2026-08-31_1135IST
BLR,HYD,6E,IndiGo,inf,2026-09-01,1,,,,,False,06:50,parse_error,2026-08-31T11:35:05.087414+00:00,2026-08-31_1135IST
BLR,HYD,6E,IndiGo,inf,2026-09-01,1,,,,,False,07:15,parse_error,2026-08-31T11:35:05.087414+00:00,2026-08-31_1135IST
BLR,HYD,6E,IndiGo,inf,2026-09-01,1,,,,,False,10:50,parse_error,2026-08-31T11:35:05.087414+00:00,2026-08-31_1135IST
BLR,HYD,6E,IndiGo,inf,2026-09-01,1,,,,,False,12:35,parse_error,2026-08-31T11:35:05.087414+00:00,2026-08-31_1135IST
BLR,HYD,6E,IndiGo,inf,2026-09-01,1,,,,,False,17:15,parse_error,2026-08-31T11:35:05.087414+00:00,2026-08-31_1135IST
BLR,HYD,6E,IndiGo,inf,2026-09-01,1,,,,,False,06:50,parse_error,2026-08-31T11:35:05.087414+00:00,2026-08-31_1135IST
BLR,HYD,6E,IndiGo,inf,2026-09-01,1,,,,,False,01:05,parse_error,2026-08-31T11:35:05.087414+00:00,2026-08-31_1135IST
BLR,HYD,6E,IndiGo,inf,2026-09-01,1,,,,,False,02:40,parse_error,2026-08-31T11:35:05.087414+00:00,2026-08-31_1135IST
BLR,HYD,6E,IndiGo,inf,2026-09-01,1,,,,,False,07:05,parse_error,2026-08-31T11:35:05.087414+00:00,2026-08-31_1135IST
BLR,HYD,6E,IndiGo,inf,2026-09-01,1,,,,,False,12:35,parse_error,2026-08-31T11:35:05.087414+00:00,2026-08-31_1135IST
BLR,HYD,6E,IndiGo,inf,2026-09-01,1,,,,,False,12:35,parse_error,2026-08-31T11:35:05.087414+00:00,2026-08-31_1135IST
BLR,HYD,6E,IndiGo,5.9999999999999995e+109,2026-09-01,1,,,,,False,17:00,parse_error,2026-08-31T11:35:05.087414+00:00,2026-08-31_1135IST
BLR,HYD,6E,IndiGo,inf,2026-09-01,1,,,,,False,18:50,parse_error,2026-08-31T11:35:05.087414+00:00,2026-08-31_1135IST
BLR,HYD,6E,IndiGo,inf,2026-09-01,1,,,,,False,06:25,parse_error,2026-08-31T11:35:05.087414+00:00,2026-08-31_1135IST
BLR,HYD,6E,IndiGo,inf,2026-09-01,1,,,,,False,21:40,parse_error,2026-08-31T11:35:05.087414+00:00,2026-08-31_1135IST
BLR,HYD,6E,IndiGo,inf,2026-09-01,1,,,,,False,07:05,parse_error,2026-08-31T11:35:05.087414+00:00,2026-08-31_1135IST
BLR,HYD,6E,IndiGo,inf,2026-09-01,1,,,,,False,07:05,parse_error,2026-08-31T11:35:05.087414+00:00,2026-08-31_1135IST
BLR,HYD,6E,IndiGo,inf,2026-09-01,1,,,,,False,10:55,parse_error,2026-08-31T11:35:05.087414+00:00,2026-08-31_1135IST
BLR,HYD,6E,IndiGo,inf,2026-09-01,1,,,,,False,07:05,parse_error,2026-08-31T11:35:05.087414+00:00,2026-08-31_1135IST
BLR,HYD,6E,IndiGo,inf,2026-09-01,1,,,,,False,14:35,parse_error,2026-08-31T11:35:05.087414+00:00,2026-08-31_1135IST
BLR,HYD,6E,IndiGo,inf,2026-09-01,1,,,,,False,11:40,parse_error,2026-08-31T11:35:05.087414+00:00,2026-08-31_1135IST
BLR,HYD,6E,IndiGo,inf,2026-09-01,1,,,,,False,11:40,parse_error,2026-08-31T11:35:05.087414+00:00,2026-08-31_1135IST
BLR,HYD,6E,IndiGo,inf,2026-09-01,1,,,,,False,07:15,sold_out,2026-08-31T11:35:05.087414+00:00,2026-08-31_1135IST
MAA,DEL,6E,IndiGo,inf,2026-09-01,1,business,,,28240.0,False,23:45,ok,2026-08-31T11:36:06.473409+00:00,2026-08-31_1136IST
MAA,DEL,6E,IndiGo,inf,2026-09-01,1,economy,,,10608.0,False,23:45,ok,2026-08-31T11:36:06.473409+00:00,2026-08-31_1136IST
MAA,DEL,6E,IndiGo,inf,2026-09-01,1,business,,,39899.0,False,11:10,ok,2026-08-31T11:36:06.473409+00:00,2026-08-31_1136IST
MAA,DEL,6E,IndiGo,inf,2026-09-01,1,economy,,,11130.0,False,11:10,ok,2026-08-31T11:36:06.473409+00:00,2026-08-31_1136IST
MAA,DEL,6E,IndiGo,inf,2026-09-01,1,business,,,28240.0,False,13:00,ok,2026-08-31T11:36:06.473409+00:00,2026-08-31_1136IST
MAA,DEL,6E,IndiGo,inf,2026-09-01,1,economy,,,11130.0,False,13:00,ok,2026-08-31T11:36:06.473409+00:00,2026-08-31_1136IST
MAA,DEL,6E,IndiGo,inf,2026-09-01,1,business,,,28240.0,False,14:30,ok,2026-08-31T11:36:06.473409+00:00,2026-08-31_1136IST
MAA,DEL,6E,IndiGo,inf,2026-09-01,1,economy,,,11130.0,False,14:30,ok,2026-08-31T11:36:06.473409+00:00,2026-08-31_1136IST
MAA,DEL,6E,IndiGo,inf,2026-09-01,1,business,,,28240.0,False,21:50,ok,2026-08-31T11:36:06.473409+00:00,2026-08-31_1136IST
MAA,DEL,6E,IndiGo,inf,2026-09-01,1,economy,,,11130.0,False,21:50,ok,2026-08-31T11:36:06.473409+00:00,2026-08-31_1136IST
MAA,DEL,6E,IndiGo,inf,2026-09-01,1,business,,,28240.0,False,09:15,ok,2026-08-31T11:36:06.473409+00:00,2026-08-31_1136IST
MAA,DEL,6E,IndiGo,inf,2026-09-01,1,economy,,,11681.0,False,09:15,ok,2026-08-31T11:36:06.473409+00:00,2026-08-31_1136IST
MAA,DEL,6E,IndiGo,inf,2026-09-01,1,business,,,28240.0,False,16:45,ok,2026-08-31T11:36:06.473409+00:00,2026-08-31_1136IST
MAA,DEL,6E,IndiGo,inf,2026-09-01,1,economy,,,14222.0,False,16:45,ok,2026-08-31T11:36:06.473409+00:00,2026-08-31_1136IST
MAA,DEL,6E,IndiGo,inf,2026-09-01,1,business,,,39899.0,False,19:00,ok,2026-08-31T11:36:06.473409+00:00,2026-08-31_1136IST
MAA,DEL,6E,IndiGo,inf,2026-09-01,1,economy,,,15720.0,False,19:00,ok,2026-08-31T11:36:06.473409+00:00,2026-08-31_1136IST
MAA,DEL,6E,IndiGo,inf,2026-09-01,1,business,,,30280.0,False,06:30,ok,2026-08-31T11:36:06.473409+00:00,2026-08-31_1136IST
MAA,DEL,6E,IndiGo,inf,2026-09-01,1,economy,,,18306.0,False,06:30,ok,2026-08-31T11:36:06.473409+00:00,2026-08-31_1136IST
MAA,DEL,6E,IndiGo,6e+193,2026-09-01,1,economy,,,8447.0,False,20:00,ok,2026-08-31T11:36:06.473409+00:00,2026-08-31_1136IST
MAA,DEL,6E,IndiGo,inf,2026-09-01,1,economy,,,8526.0,False,14:35,ok,2026-08-31T11:36:06.473409+00:00,2026-08-31_1136IST
MAA,DEL,6E,IndiGo,inf,2026-09-01,1,economy,,,8526.0,False,14:35,ok,2026-08-31T11:36:06.473409+00:00,2026-08-31_1136IST
MAA,DEL,6E,IndiGo,inf,2026-09-01,1,economy,,,8526.0,False,16:15,ok,2026-08-31T11:36:06.473409+00:00,2026-08-31_1136IST
MAA,DEL,6E,IndiGo,6e+183,2026-09-01,1,business,,,33135.0,False,16:35,ok,2026-08-31T11:36:06.473409+00:00,2026-08-31_1136IST
MAA,DEL,6E,IndiGo,6e+183,2026-09-01,1,economy,,,9087.0,False,16:35,ok,2026-08-31T11:36:06.473409+00:00,2026-08-31_1136IST
MAA,DEL,6E,IndiGo,inf,2026-09-01,1,economy,,,9087.0,False,21:25,ok,2026-08-31T11:36:06.473409+00:00,2026-08-31_1136IST
MAA,DEL,6E,IndiGo,inf,2026-09-01,1,economy,,,9166.0,False,10:55,ok,2026-08-31T11:36:06.473409+00:00,2026-08-31_1136IST
MAA,DEL,6E,IndiGo,inf,2026-09-01,1,economy,,,9166.0,False,16:15,ok,2026-08-31T11:36:06.473409+00:00,2026-08-31_1136IST
MAA,DEL,6E,IndiGo,inf,2026-09-01,1,economy,,,9792.0,False,11:55,ok,2026-08-31T11:36:06.473409+00:00,2026-08-31_1136IST
MAA,DEL,6E,IndiGo,inf,2026-09-01,1,economy,,,10566.0,False,21:25,ok,2026-08-31T11:36:06.473409+00:00,2026-08-31_1136IST
MAA,DEL,6E,IndiGo,inf,2026-09-01,1,economy,,,10776.0,False,17:00,ok,2026-08-31T11:36:06.473409+00:00,2026-08-31_1136IST
MAA,DEL,6E,IndiGo,inf,2026-09-01,1,economy,,,11417.0,False,09:30,ok,2026-08-31T11:36:06.473409+00:00,2026-08-31_1136IST
MAA,DEL,6E,IndiGo,inf,2026-09-01,1,business,,,34549.0,False,22:20,ok,2026-08-31T11:36:06.473409+00:00,2026-08-31_1136IST
MAA,DEL,6E,IndiGo,inf,2026-09-01,1,economy,,,11417.0,False,22:20,ok,2026-08-31T11:36:06.473409+00:00,2026-08-31_1136IST
MAA,DEL,6E,IndiGo,inf,2026-09-01,1,economy,,,11496.0,False,17:45,ok,2026-08-31T11:36:06.473409+00:00,2026-08-31_1136IST
MAA,DEL,6E,IndiGo,inf,2026-09-01,1,economy,,,11496.0,False,18:20,ok,2026-08-31T11:36:06.473409+00:00,2026-08-31_1136IST
MAA,DEL,6E,IndiGo,inf,2026-09-01,1,economy,,,11809.0,False,14:35,ok,2026-08-31T11:36:06.473409+00:00,2026-08-31_1136IST
MAA,DEL,6E,IndiGo,inf,2026-09-01,1,business,,,39741.0,False,11:00,ok,2026-08-31T11:36:06.473409+00:00,2026-08-31_1136IST
MAA,DEL,6E,IndiGo,inf,2026-09-01,1,economy,,,12563.0,False,11:00,ok,2026-08-31T11:36:06.473409+00:00,2026-08-31_1136IST
MAA,DEL,6E,IndiGo,inf,2026-09-01,1,business,,,39741.0,False,11:00,ok,2026-08-31T11:36:06.473409+00:00,2026-08-31_1136IST
MAA,DEL,6E,IndiGo,inf,2026-09-01,1,economy,,,12563.0,False,11:00,ok,2026-08-31T11:36:06.473409+00:00,2026-08-31_1136IST
MAA,DEL,6E,IndiGo,inf,2026-09-01,1,economy,,,13178.0,False,17:45,ok,2026-08-31T11:36:06.473409+00:00,2026-08-31_1136IST
MAA,DEL,6E,IndiGo,inf,2026-09-01,1,economy,,,13241.0,False,08:55,ok,2026-08-31T11:36:06.473409+00:00,2026-08-31_1136IST
MAA,DEL,6E,IndiGo,6.000000000000001e+244,2026-09-01,1,economy,,,13382.0,False,03:55,ok,2026-08-31T11:36:06.473409+00:00,2026-08-31_1136IST
MAA,DEL,6E,IndiGo,inf,2026-09-01,1,economy,,,13592.0,False,08:20,ok,2026-08-31T11:36:06.473409+00:00,2026-08-31_1136IST
MAA,DEL,6E,IndiGo,inf,2026-09-01,1,business,,,40966.0,False,09:00,ok,2026-08-31T11:36:06.473409+00:00,2026-08-31_1136IST
MAA,DEL,6E,IndiGo,inf,2026-09-01,1,economy,,,13592.0,False,09:00,ok,2026-08-31T11:36:06.473409+00:00,2026-08-31_1136IST
MAA,DEL,6E,IndiGo,inf,2026-09-01,1,business,,,40966.0,False,09:00,ok,2026-08-31T11:36:06.473409+00:00,2026-08-31_1136IST
MAA,DEL,6E,IndiGo,inf,2026-09-01,1,economy,,,13592.0,False,09:00,ok,2026-08-31T11:36:06.473409+00:00,2026-08-31_1136IST
MAA,DEL,6E,IndiGo,inf,2026-09-01,1,business,,,40966.0,False,09:00,ok,2026-08-31T11:36:06.473409+00:00,2026-08-31_1136IST
MAA,DEL,6E,IndiGo,inf,2026-09-01,1,economy,,,13592.0,False,09:00,ok,2026-08-31T11:36:06.473409+00:00,2026-08-31_1136IST
MAA,DEL,6E,IndiGo,inf,2026-09-01,1,business,,,39741.0,False,12:45,ok,2026-08-31T11:36:06.473409+00:00,2026-08-31_1136IST
MAA,DEL,6E,IndiGo,inf,2026-09-01,1,economy,,,13592.0,False,12:45,ok,2026-08-31T11:36:06.473409+00:00,2026-08-31_1136IST
MAA,DEL,6E,IndiGo,inf,2026-09-01,1,economy,,,14303.0,False,13:10,ok,2026-08-31T11:36:06.473409+00:00,2026-08-31_1136IST
MAA,DEL,6E,IndiGo,inf,2026-09-01,1,economy,,,14513.0,False,11:25,ok,2026-08-31T11:36:06.473409+00:00,2026-08-31_1136IST
MAA,DEL,6E,IndiGo,inf,2026-09-01,1,economy,,,14638.0,False,11:45,ok,2026-08-31T11:36:06.473409+00:00,2026-08-31_1136IST
MAA,DEL,6E,IndiGo,inf,2026-09-01,1,business,,,39741.0,False,12:45,ok,2026-08-31T11:36:06.473409+00:00,2026-08-31_1136IST
MAA,DEL,6E,IndiGo,inf,2026-09-01,1,economy,,,15850.0,False,12:45,ok,2026-08-31T11:36:06.473409+00:00,2026-08-31_1136IST
MAA,DEL,6E,IndiGo,inf,2026-09-01,1,economy,,,15872.0,False,05:25,ok,2026-08-31T11:36:06.473409+00:00,2026-08-31_1136IST
MAA,DEL,6E,IndiGo,inf,2026-09-01,1,business,,,39741.0,False,06:45,ok,2026-08-31T11:36:06.473409+00:00,2026-08-31_1136IST
MAA,DEL,6E,IndiGo,inf,2026-09-01,1,economy,,,15966.0,False,06:45,ok,2026-08-31T11:36:06.473409+00:00,2026-08-31_1136IST
MAA,DEL,6E,IndiGo,inf,2026-09-01,1,business,,,39741.0,False,06:45,ok,2026-08-31T11:36:06.473409+00:00,2026-08-31_1136IST
MAA,DEL,6E,IndiGo,inf,2026-09-01,1,economy,,,15966.0,False,06:45,ok,2026-08-31T11:36:06.473409+00:00,2026-08-31_1136IST
MAA,DEL,6E,IndiGo,inf,2026-09-01,1,economy,,,15966.0,False,18:05,ok,2026-08-31T11:36:06.473409+00:00,2026-08-31_1136IST
MAA,DEL,6E,IndiGo,6e+189,2026-09-01,1,economy,,,17259.0,False,19:05,ok,2026-08-31T11:36:06.473409+00:00,2026-08-31_1136IST
MAA,DEL,6E,IndiGo,6e+189,2026-09-01,1,economy,,,17259.0,False,19:05,ok,2026-08-31T11:36:06.473409+00:00,2026-08-31_1136IST
MAA,DEL,6E,IndiGo,inf,2026-09-01,1,business,,,35141.0,False,11:10,ok,2026-08-31T11:36:06.473409+00:00,2026-08-31_1136IST
MAA,DEL,6E,IndiGo,inf,2026-09-01,1,economy,,,17567.0,False,11:10,ok,2026-08-31T11:36:06.473409+00:00,2026-08-31_1136IST
MAA,DEL,6E,IndiGo,inf,2026-09-01,1,business,,,47116.0,False,14:45,ok,2026-08-31T11:36:06.473409+00:00,2026-08-31_1136IST
MAA,DEL,6E,IndiGo,inf,2026-09-01,1,economy,,,17662.0,False,14:45,ok,2026-08-31T11:36:06.473409+00:00,2026-08-31_1136IST
MAA,DEL,6E,IndiGo,inf,2026-09-01,1,business,,,40966.0,False,16:40,ok,2026-08-31T11:36:06.473409+00:00,2026-08-31_1136IST
MAA,DEL,6E,IndiGo,inf,2026-09-01,1,economy,,,17772.0,False,16:40,ok,2026-08-31T11:36:06.473409+00:00,2026-08-31_1136IST
MAA,DEL,6E,IndiGo,inf,2026-09-01,1,economy,,,18239.0,False,16:10,ok,2026-08-31T11:36:06.473409+00:00,2026-08-31_1136IST
MAA,DEL,6E,IndiGo,6.000000000000001e+244,2026-09-01,1,economy,,,18624.0,False,03:55,ok,2026-08-31T11:36:06.473409+00:00,2026-08-31_1136IST
MAA,DEL,6E,IndiGo,inf,2026-09-01,1,economy,,,18992.0,False,17:45,ok,2026-08-31T11:36:06.473409+00:00,2026-08-31_1136IST
MAA,DEL,6E,IndiGo,inf,2026-09-01,1,economy,,,19018.0,False,13:50,ok,2026-08-31T11:36:06.473409+00:00,2026-08-31_1136IST
MAA,DEL,6E,IndiGo,inf,2026-09-01,1,business,,,37132.0,False,02:30,ok,2026-08-31T11:36:06.473409+00:00,2026-08-31_1136IST
MAA,DEL,6E,IndiGo,inf,2026-09-01,1,economy,,,19074.0,False,02:30,ok,2026-08-31T11:36:06.473409+00:00,2026-08-31_1136IST
MAA,DEL,6E,IndiGo,inf,2026-09-01,1,economy,,,20009.0,False,17:50,ok,2026-08-31T11:36:06.473409+00:00,2026-08-31_1136IST
MAA,DEL,6E,IndiGo,inf,2026-09-01,1,business,,,44507.0,False,02:30,ok,2026-08-31T11:36:06.473409+00:00,2026-08-31_1136IST
MAA,DEL,6E,IndiGo,inf,2026-09-01,1,economy,,,21016.0,False,02:30,ok,2026-08-31T11:36:06.473409+00:00,2026-08-31_1136IST
MAA,DEL,6E,IndiGo,inf,2026-09-01,1,economy,,,21243.0,False,13:10,ok,2026-08-31T11:36:06.473409+00:00,2026-08-31_1136IST
MAA,DEL,6E,IndiGo,inf,2026-09-01,1,economy,,,22170.0,False,07:05,ok,2026-08-31T11:36:06.473409+00:00,2026-08-31_1136IST
MAA,DEL,6E,IndiGo,inf,2026-09-01,1,economy,,,22815.0,False,07:05,ok,2026-08-31T11:36:06.473409+00:00,2026-08-31_1136IST
DEL,BOM,6E,IndiGo,inf,2026-09-07,7,business,,,24260.0,False,11:00,ok,2026-08-31T11:37:21.731721+00:00,2026-08-31_1137IST
DEL,BOM,6E,IndiGo,inf,2026-09-07,7,economy,,,6305.0,False,11:00,ok,2026-08-31T11:37:21.731721+00:00,2026-08-31_1137IST
DEL,BOM,6E,IndiGo,inf,2026-09-07,7,business,,,28443.0,False,12:00,ok,2026-08-31T11:37:21.731721+00:00,2026-08-31_1137IST
DEL,BOM,6E,IndiGo,inf,2026-09-07,7,economy,,,6305.0,False,12:00,ok,2026-08-31T11:37:21.731721+00:00,2026-08-31_1137IST
DEL,BOM,6E,IndiGo,inf,2026-09-07,7,business,,,24260.0,False,13:00,ok,2026-08-31T11:37:21.731721+00:00,2026-08-31_1137IST
DEL,BOM,6E,IndiGo,inf,2026-09-07,7,economy,,,6305.0,False,13:00,ok,2026-08-31T11:37:21.731721+00:00,2026-08-31_1137IST
DEL,BOM,6E,IndiGo,inf,2026-09-07,7,business,,,24260.0,False,14:00,ok,2026-08-31T11:37:21.731721+00:00,2026-08-31_1137IST
DEL,BOM,6E,IndiGo,inf,2026-09-07,7,economy,,,6305.0,False,14:00,ok,2026-08-31T11:37:21.731721+00:00,2026-08-31_1137IST
DEL,BOM,6E,IndiGo,inf,2026-09-07,7,business,,,24260.0,False,14:45,ok,2026-08-31T11:37:21.731721+00:00,2026-08-31_1137IST
DEL,BOM,6E,IndiGo,inf,2026-09-07,7,economy,,,6305.0,False,14:45,ok,2026-08-31T11:37:21.731721+00:00,2026-08-31_1137IST
DEL,BOM,6E,IndiGo,inf,2026-09-07,7,business,,,24260.0,False,15:30,ok,2026-08-31T11:37:21.731721+00:00,2026-08-31_1137IST
DEL,BOM,6E,IndiGo,inf,2026-09-07,7,economy,,,6305.0,False,15:30,ok,2026-08-31T11:37:21.731721+00:00,2026-08-31_1137IST
DEL,BOM,6E,IndiGo,inf,2026-09-07,7,business,,,24260.0,False,16:15,ok,2026-08-31T11:37:21.731721+00:00,2026-08-31_1137IST
DEL,BOM,6E,IndiGo,inf,2026-09-07,7,economy,,,6305.0,False,16:15,ok,2026-08-31T11:37:21.731721+00:00,2026-08-31_1137IST
DEL,BOM,6E,IndiGo,inf,2026-09-07,7,business,,,24260.0,False,17:00,ok,2026-08-31T11:37:21.731721+00:00,2026-08-31_1137IST
DEL,BOM,6E,IndiGo,inf,2026-09-07,7,economy,,,6305.0,False,17:00,ok,2026-08-31T11:37:21.731721+00:00,2026-08-31_1137IST
DEL,BOM,6E,IndiGo,inf,2026-09-07,7,business,,,24260.0,False,18:00,ok,2026-08-31T11:37:21.731721+00:00,2026-08-31_1137IST
DEL,BOM,6E,IndiGo,inf,2026-09-07,7,economy,,,6305.0,False,18:00,ok,2026-08-31T11:37:21.731721+00:00,2026-08-31_1137IST
DEL,BOM,6E,IndiGo,inf,2026-09-07,7,business,,,24260.0,False,19:00,ok,2026-08-31T11:37:21.731721+00:00,2026-08-31_1137IST
DEL,BOM,6E,IndiGo,inf,2026-09-07,7,economy,,,6305.0,False,19:00,ok,2026-08-31T11:37:21.731721+00:00,2026-08-31_1137IST
DEL,BOM,6E,IndiGo,inf,2026-09-07,7,business,,,24260.0,False,23:30,ok,2026-08-31T11:37:21.731721+00:00,2026-08-31_1137IST
DEL,BOM,6E,IndiGo,inf,2026-09-07,7,economy,,,6305.0,False,23:30,ok,2026-08-31T11:37:21.731721+00:00,2026-08-31_1137IST
DEL,BOM,6E,IndiGo,inf,2026-09-07,7,business,,,24260.0,False,10:15,ok,2026-08-31T11:37:21.731721+00:00,2026-08-31_1137IST
DEL,BOM,6E,IndiGo,inf,2026-09-07,7,economy,,,6357.0,False,10:15,ok,2026-08-31T11:37:21.731721+00:00,2026-08-31_1137IST
DEL,BOM,6E,IndiGo,inf,2026-09-07,7,business,,,24260.0,False,22:45,ok,2026-08-31T11:37:21.731721+00:00,2026-08-31_1137IST
DEL,BOM,6E,IndiGo,inf,2026-09-07,7,economy,,,6357.0,False,22:45,ok,2026-08-31T11:37:21.731721+00:00,2026-08-31_1137IST
DEL,BOM,6E,IndiGo,inf,2026-09-07,7,business,,,24260.0,False,05:00,ok,2026-08-31T11:37:21.731721+00:00,2026-08-31_1137IST
DEL,BOM,6E,IndiGo,inf,2026-09-07,7,economy,,,6431.0,False,05:00,ok,2026-08-31T11:37:21.731721+00:00,2026-08-31_1137IST
DEL,BOM,6E,IndiGo,inf,2026-09-07,7,business,,,24260.0,False,06:05,ok,2026-08-31T11:37:21.731721+00:00,2026-08-31_1137IST
DEL,BOM,6E,IndiGo,inf,2026-09-07,7,economy,,,6431.0,False,06:05,ok,2026-08-31T11:37:21.731721+00:00,2026-08-31_1137IST
DEL,BOM,6E,IndiGo,inf,2026-09-07,7,business,,,24260.0,False,08:45,ok,2026-08-31T11:37:21.731721+00:00,2026-08-31_1137IST
DEL,BOM,6E,IndiGo,inf,2026-09-07,7,economy,,,6431.0,False,08:45,ok,2026-08-31T11:37:21.731721+00:00,2026-08-31_1137IST
DEL,BOM,6E,IndiGo,inf,2026-09-07,7,business,,,24260.0,False,09:30,ok,2026-08-31T11:37:21.731721+00:00,2026-08-31_1137IST
DEL,BOM,6E,IndiGo,inf,2026-09-07,7,economy,,,6431.0,False,09:30,ok,2026-08-31T11:37:21.731721+00:00,2026-08-31_1137IST
DEL,BOM,6E,IndiGo,6.000000000000001e+303,2026-09-07,7,business,,,28443.0,False,20:00,ok,2026-08-31T11:37:21.731721+00:00,2026-08-31_1137IST
DEL,BOM,6E,IndiGo,6.000000000000001e+303,2026-09-07,7,economy,,,6431.0,False,20:00,ok,2026-08-31T11:37:21.731721+00:00,2026-08-31_1137IST
DEL,BOM,6E,IndiGo,inf,2026-09-07,7,business,,,24260.0,False,20:45,ok,2026-08-31T11:37:21.731721+00:00,2026-08-31_1137IST
DEL,BOM,6E,IndiGo,inf,2026-09-07,7,economy,,,6431.0,False,20:45,ok,2026-08-31T11:37:21.731721+00:00,2026-08-31_1137IST
DEL,BOM,6E,IndiGo,inf,2026-09-07,7,business,,,24260.0,False,21:45,ok,2026-08-31T11:37:21.731721+00:00,2026-08-31_1137IST
DEL,BOM,6E,IndiGo,inf,2026-09-07,7,economy,,,6431.0,False,21:45,ok,2026-08-31T11:37:21.731721+00:00,2026-08-31_1137IST
DEL,BOM,6E,IndiGo,inf,2026-09-07,7,business,,,24260.0,False,07:15,ok,2026-08-31T11:37:21.731721+00:00,2026-08-31_1137IST
DEL,BOM,6E,IndiGo,inf,2026-09-07,7,economy,,,7003.0,False,07:15,ok,2026-08-31T11:37:21.731721+00:00,2026-08-31_1137IST
DEL,BOM,6E,IndiGo,inf,2026-09-07,7,business,,,24260.0,False,08:00,ok,2026-08-31T11:37:21.731721+00:00,2026-08-31_1137IST
DEL,BOM,6E,IndiGo,inf,2026-09-07,7,economy,,,7318.0,False,08:00,ok,2026-08-31T11:37:21.731721+00:00,2026-08-31_1137IST
DEL,BOM,6E,IndiGo,inf,2026-09-07,7,economy,,,6179.0,False,15:50,ok,2026-08-31T11:37:21.731721+00:00,2026-08-31_1137IST
DEL,BOM,6E,IndiGo,inf,2026-09-07,7,economy,,,6179.0,False,18:30,ok,2026-08-31T11:37:21.731721+00:00,2026-08-31_1137IST
DEL,BOM,6E,IndiGo,inf,2026-09-07,7,economy,,,6179.0,False,19:35,ok,2026-08-31T11:37:21.731721+00:00,2026-08-31_1137IST
DEL,BOM,6E,IndiGo,inf,2026-09-07,7,economy,,,6179.0,False,21:50,ok,2026-08-31T11:37:21.731721+00:00,2026-08-31_1137IST
DEL,BOM,6E,IndiGo,inf,2026-09-07,7,economy,,,6310.0,False,04:40,ok,2026-08-31T11:37:21.731721+00:00,2026-08-31_1137IST
DEL,BOM,6E,IndiGo,inf,2026-09-07,7,economy,,,6310.0,False,05:55,ok,2026-08-31T11:37:21.731721+00:00,2026-08-31_1137IST
DEL,BOM,6E,IndiGo,inf,2026-09-07,7,economy,,,6310.0,False,09:00,ok,2026-08-31T11:37:21.731721+00:00,2026-08-31_1137IST
DEL,BOM,6E,IndiGo,inf,2026-09-07,7,economy,,,6310.0,False,15:00,ok,2026-08-31T11:37:21.731721+00:00,2026-08-31_1137IST
DEL,BOM,6E,IndiGo,inf,2026-09-07,7,economy,,,6310.0,False,16:30,ok,2026-08-31T11:37:21.731721+00:00,2026-08-31_1137IST
DEL,BOM,6E,IndiGo,inf,2026-09-07,7,economy,,,6310.0,False,17:20,ok,2026-08-31T11:37:21.731721+00:00,2026-08-31_1137IST
DEL,BOM,6E,IndiGo,inf,2026-09-07,7,economy,,,6310.0,False,17:20,ok,2026-08-31T11:37:21.731721+00:00,2026-08-31_1137IST
DEL,BOM,6E,IndiGo,inf,2026-09-07,7,economy,,,6310.0,False,19:10,ok,2026-08-31T11:37:21.731721+00:00,2026-08-31_1137IST
DEL,BOM,6E,IndiGo,inf,2026-09-07,7,economy,,,6310.0,False,19:40,ok,2026-08-31T11:37:21.731721+00:00,2026-08-31_1137IST
DEL,BOM,6E,IndiGo,inf,2026-09-07,7,economy,,,6389.0,False,08:15,ok,2026-08-31T11:37:21.731721+00:00,2026-08-31_1137IST
DEL,BOM,6E,IndiGo,inf,2026-09-07,7,economy,,,6389.0,False,09:00,ok,2026-08-31T11:37:21.731721+00:00,2026-08-31_1137IST
DEL,BOM,6E,IndiGo,inf,2026-09-07,7,economy,,,6389.0,False,19:45,ok,2026-08-31T11:37:21.731721+00:00,2026-08-31_1137IST
DEL,BOM,6E,IndiGo,inf,2026-09-07,7,economy,,,6389.0,False,21:25,ok,2026-08-31T11:37:21.731721+00:00,2026-08-31_1137IST
DEL,BOM,6E,IndiGo,inf,2026-09-07,7,business,,,36166.0,False,13:30,ok,2026-08-31T11:37:21.731721+00:00,2026-08-31_1137IST
DEL,BOM,6E,IndiGo,inf,2026-09-07,7,economy,,,6520.0,False,13:30,ok,2026-08-31T11:37:21.731721+00:00,2026-08-31_1137IST
DEL,BOM,6E,IndiGo,inf,2026-09-07,7,business,,,36166.0,False,13:30,ok,2026-08-31T11:37:21.731721+00:00,2026-08-31_1137IST
DEL,BOM,6E,IndiGo,inf,2026-09-07,7,economy,,,6520.0,False,13:30,ok,2026-08-31T11:37:21.731721+00:00,2026-08-31_1137IST
DEL,BOM,6E,IndiGo,inf,2026-09-07,7,business,,,36166.0,False,14:45,ok,2026-08-31T11:37:21.731721+00:00,2026-08-31_1137IST
DEL,BOM,6E,IndiGo,inf,2026-09-07,7,economy,,,6520.0,False,14:45,ok,2026-08-31T11:37:21.731721+00:00,2026-08-31_1137IST
DEL,BOM,6E,IndiGo,inf,2026-09-07,7,economy,,,6520.0,False,18:40,ok,2026-08-31T11:37:21.731721+00:00,2026-08-31_1137IST
DEL,BOM,6E,IndiGo,inf,2026-09-07,7,economy,,,6520.0,False,23:15,ok,2026-08-31T11:37:21.731721+00:00,2026-08-31_1137IST
DEL,BOM,6E,IndiGo,inf,2026-09-07,7,economy,,,6599.0,False,12:15,ok,2026-08-31T11:37:21.731721+00:00,2026-08-31_1137IST
DEL,BOM,6E,IndiGo,inf,2026-09-07,7,economy,,,6599.0,False,19:30,ok,2026-08-31T11:37:21.731721+00:00,2026-08-31_1137IST
DEL,BOM,6E,IndiGo,inf,2026-09-07,7,economy,,,6659.0,False,07:30,ok,2026-08-31T11:37:21.731721+00:00,2026-08-31_1137IST
DEL,BOM,6E,IndiGo,inf,2026-09-07,7,economy,,,6869.0,False,13:20,ok,2026-08-31T11:37:21.731721+00:00,2026-08-31_1137IST
DEL,BOM,6E,IndiGo,inf,2026-09-07,7,economy,,,7318.0,False,05:00,ok,2026-08-31T11:37:21.731721+00:00,2026-08-31_1137IST
DEL,BOM,6E,IndiGo,inf,2026-09-07,7,economy,,,7397.0,False,14:00,ok,2026-08-31T11:37:21.731721+00:00,2026-08-31_1137IST
DEL,BOM,6E,IndiGo,inf,2026-09-07,7,economy,,,8405.0,False,05:40,ok,2026-08-31T11:37:21.731721+00:00,2026-08-31_1137IST
DEL,BOM,6E,IndiGo,inf,2026-09-07,7,economy,,,8405.0,False,09:45,ok,2026-08-31T11:37:21.731721+00:00,2026-08-31_1137IST
DEL,BOM,6E,IndiGo,inf,2026-09-07,7,economy,,,9447.0,False,13:45,ok,2026-08-31T11:37:21.731721+00:00,2026-08-31_1137IST
DEL,BOM,6E,IndiGo,inf,2026-09-07,7,economy,,,9618.0,False,17:05,ok,2026-08-31T11:37:21.731721+00:00,2026-08-31_1137IST
DEL,BOM,6E,IndiGo,inf,2026-09-07,7,economy,,,9877.0,False,00:15,ok,2026-08-31T11:37:21.731721+00:00,2026-08-31_1137IST
DEL,BOM,6E,IndiGo,inf,2026-09-07,7,economy,,,9903.0,False,12:20,ok,2026-08-31T11:37:21.731721+00:00,2026-08-31_1137IST
DEL,BOM,6E,IndiGo,inf,2026-09-07,7,economy,,,11044.0,False,11:20,ok,2026-08-31T11:37:21.731721+00:00,2026-08-31_1137IST
DEL,BOM,6E,IndiGo,inf,2026-09-07,7,business,,,36166.0,False,19:45,ok,2026-08-31T11:37:21.731721+00:00,2026-08-31_1137IST
DEL,BOM,6E,IndiGo,inf,2026-09-07,7,economy,,,11187.0,False,19:45,ok,2026-08-31T11:37:21.731721+00:00,2026-08-31_1137IST
DEL,BOM,6E,IndiGo,inf,2026-09-07,7,economy,,,11656.0,False,05:10,ok,2026-08-31T11:37:21.731721+00:00,2026-08-31_1137IST
DEL,BOM,6E,IndiGo,inf,2026-09-07,7,economy,,,11656.0,False,15:35,ok,2026-08-31T11:37:21.731721+00:00,2026-08-31_1137IST
DEL,BOM,6E,IndiGo,inf,2026-09-07,7,business,,,36166.0,False,09:55,ok,2026-08-31T11:37:21.731721+00:00,2026-08-31_1137IST
DEL,BOM,6E,IndiGo,inf,2026-09-07,7,economy,,,12631.0,False,09:55,ok,2026-08-31T11:37:21.731721+00:00,2026-08-31_1137IST
DEL,BOM,6E,IndiGo,inf,2026-09-07,7,business,,,36166.0,False,17:55,ok,2026-08-31T11:37:21.731721+00:00,2026-08-31_1137IST
DEL,BOM,6E,IndiGo,inf,2026-09-07,7,economy,,,12777.0,False,17:55,ok,2026-08-31T11:37:21.731721+00:00,2026-08-31_1137IST
DEL,BOM,6E,IndiGo,inf,2026-09-07,7,economy,,,12831.0,False,14:50,ok,2026-08-31T11:37:21.731721+00:00,2026-08-31_1137IST
DEL,BOM,6E,IndiGo,inf,2026-09-07,7,economy,,,12831.0,False,17:05,ok,2026-08-31T11:37:21.731721+00:00,2026-08-31_1137IST
DEL,BOM,6E,IndiGo,inf,2026-09-07,7,economy,,,12884.0,False,05:10,ok,2026-08-31T11:37:21.731721+00:00,2026-08-31_1137IST
DEL,BOM,6E,IndiGo,inf,2026-09-07,7,business,,,36166.0,False,02:25,ok,2026-08-31T11:37:21.731721+00:00,2026-08-31_1137IST
DEL,BOM,6E,IndiGo,inf,2026-09-07,7,economy,,,14225.0,False,02:25,ok,2026-08-31T11:37:21.731721+00:00,2026-08-31_1137IST
DEL,BOM,6E,IndiGo,inf,2026-09-07,7,business,,,36166.0,False,08:30,ok,2026-08-31T11:37:21.731721+00:00,2026-08-31_1137IST
DEL,BOM,6E,IndiGo,inf,2026-09-07,7,economy,,,20223.0,False,08:30,ok,2026-08-31T11:37:21.731721+00:00,2026-08-31_1137IST
DEL,BLR,6E,IndiGo,inf,2026-09-07,7,business,,,29794.0,False,22:00,ok,2026-08-31T11:38:33.949376+00:00,2026-08-31_1138IST
DEL,BLR,6E,IndiGo,inf,2026-09-07,7,economy,,,8523.0,False,22:00,ok,2026-08-31T11:38:33.949376+00:00,2026-08-31_1138IST
DEL,BLR,6E,IndiGo,inf,2026-09-07,7,business,,,29794.0,False,23:30,ok,2026-08-31T11:38:33.949376+00:00,2026-08-31_1138IST
DEL,BLR,6E,IndiGo,inf,2026-09-07,7,economy,,,8523.0,False,23:30,ok,2026-08-31T11:38:33.949376+00:00,2026-08-31_1138IST
DEL,BLR,6E,IndiGo,inf,2026-09-07,7,business,,,29794.0,False,20:45,ok,2026-08-31T11:38:33.949376+00:00,2026-08-31_1138IST
DEL,BLR,6E,IndiGo,inf,2026-09-07,7,economy,,,8980.0,False,20:45,ok,2026-08-31T11:38:33.949376+00:00,2026-08-31_1138IST
DEL,BLR,6E,IndiGo,inf,2026-09-07,7,business,,,29794.0,False,18:20,ok,2026-08-31T11:38:33.949376+00:00,2026-08-31_1138IST
DEL,BLR,6E,IndiGo,inf,2026-09-07,7,economy,,,9465.0,False,18:20,ok,2026-08-31T11:38:33.949376+00:00,2026-08-31_1138IST
DEL,BLR,6E,IndiGo,inf,2026-09-07,7,business,,,29794.0,False,19:30,ok,2026-08-31T11:38:33.949376+00:00,2026-08-31_1138IST
DEL,BLR,6E,IndiGo,inf,2026-09-07,7,economy,,,9465.0,False,19:30,ok,2026-08-31T11:38:33.949376+00:00,2026-08-31_1138IST
DEL,BLR,6E,IndiGo,inf,2026-09-07,7,business,,,29794.0,False,14:30,ok,2026-08-31T11:38:33.949376+00:00,2026-08-31_1138IST
DEL,BLR,6E,IndiGo,inf,2026-09-07,7,economy,,,9980.0,False,14:30,ok,2026-08-31T11:38:33.949376+00:00,2026-08-31_1138IST
DEL,BLR,6E,IndiGo,inf,2026-09-07,7,business,,,29794.0,False,15:45,ok,2026-08-31T11:38:33.949376+00:00,2026-08-31_1138IST
DEL,BLR,6E,IndiGo,inf,2026-09-07,7,economy,,,9980.0,False,15:45,ok,2026-08-31T11:38:33.949376+00:00,2026-08-31_1138IST
DEL,BLR,6E,IndiGo,inf,2026-09-07,7,business,,,29794.0,False,17:00,ok,2026-08-31T11:38:33.949376+00:00,2026-08-31_1138IST
DEL,BLR,6E,IndiGo,inf,2026-09-07,7,economy,,,9980.0,False,17:00,ok,2026-08-31T11:38:33.949376+00:00,2026-08-31_1138IST
DEL,BLR,6E,IndiGo,inf,2026-09-07,7,business,,,29794.0,False,05:45,ok,2026-08-31T11:38:33.949376+00:00,2026-08-31_1138IST
DEL,BLR,6E,IndiGo,inf,2026-09-07,7,economy,,,10527.0,False,05:45,ok,2026-08-31T11:38:33.949376+00:00,2026-08-31_1138IST
DEL,BLR,6E,IndiGo,inf,2026-09-07,7,business,,,29794.0,False,07:05,ok,2026-08-31T11:38:33.949376+00:00,2026-08-31_1138IST
DEL,BLR,6E,IndiGo,inf,2026-09-07,7,economy,,,10527.0,False,07:05,ok,2026-08-31T11:38:33.949376+00:00,2026-08-31_1138IST
DEL,BLR,6E,IndiGo,inf,2026-09-07,7,business,,,29794.0,False,09:30,ok,2026-08-31T11:38:33.949376+00:00,2026-08-31_1138IST
DEL,BLR,6E,IndiGo,inf,2026-09-07,7,economy,,,10527.0,False,09:30,ok,2026-08-31T11:38:33.949376+00:00,2026-08-31_1138IST
DEL,BLR,6E,IndiGo,inf,2026-09-07,7,business,,,29794.0,False,10:45,ok,2026-08-31T11:38:33.949376+00:00,2026-08-31_1138IST
DEL,BLR,6E,IndiGo,inf,2026-09-07,7,economy,,,10527.0,False,10:45,ok,2026-08-31T11:38:33.949376+00:00,2026-08-31_1138IST
DEL,BLR,6E,IndiGo,inf,2026-09-07,7,business,,,29794.0,False,12:20,ok,2026-08-31T11:38:33.949376+00:00,2026-08-31_1138IST
DEL,BLR,6E,IndiGo,inf,2026-09-07,7,economy,,,10527.0,False,12:20,ok,2026-08-31T11:38:33.949376+00:00,2026-08-31_1138IST
DEL,BLR,6E,IndiGo,6e+176,2026-09-07,7,business,,,29794.0,False,13:15,ok,2026-08-31T11:38:33.949376+00:00,2026-08-31_1138IST
DEL,BLR,6E,IndiGo,6e+176,2026-09-07,7,economy,,,10527.0,False,13:15,ok,2026-08-31T11:38:33.949376+00:00,2026-08-31_1138IST
DEL,BLR,6E,IndiGo,inf,2026-09-07,7,business,,,29794.0,False,03:00,ok,2026-08-31T11:38:33.949376+00:00,2026-08-31_1138IST
DEL,BLR,6E,IndiGo,inf,2026-09-07,7,economy,,,11725.0,False,03:00,ok,2026-08-31T11:38:33.949376+00:00,2026-08-31_1138IST
DEL,BLR,6E,IndiGo,inf,2026-09-07,7,business,,,29794.0,False,08:20,ok,2026-08-31T11:38:33.949376+00:00,2026-08-31_1138IST
DEL,BLR,6E,IndiGo,inf,2026-09-07,7,economy,,,13816.0,False,08:20,ok,2026-08-31T11:38:33.949376+00:00,2026-08-31_1138IST
DEL,BLR,6E,IndiGo,inf,2026-09-07,7,business,,,27769.0,False,14:45,ok,2026-08-31T11:38:33.949376+00:00,2026-08-31_1138IST
DEL,BLR,6E,IndiGo,inf,2026-09-07,7,economy,,,9894.0,False,14:45,ok,2026-08-31T11:38:33.949376+00:00,2026-08-31_1138IST
DEL,BLR,6E,IndiGo,inf,2026-09-07,7,economy,,,9999.0,False,16:30,ok,2026-08-31T11:38:33.949376+00:00,2026-08-31_1138IST
DEL,BLR,6E,IndiGo,inf,2026-09-07,7,business,,,29112.0,False,13:30,ok,2026-08-31T11:38:33.949376+00:00,2026-08-31_1138IST
DEL,BLR,6E,IndiGo,inf,2026-09-07,7,economy,,,10077.0,False,13:30,ok,2026-08-31T11:38:33.949376+00:00,2026-08-31_1138IST
DEL,BLR,6E,IndiGo,inf,2026-09-07,7,business,,,28173.0,False,16:15,ok,2026-08-31T11:38:33.949376+00:00,2026-08-31_1138IST
DEL,BLR,6E,IndiGo,inf,2026-09-07,7,economy,,,10077.0,False,16:15,ok,2026-08-31T11:38:33.949376+00:00,2026-08-31_1138IST
DEL,BLR,6E,IndiGo,inf,2026-09-07,7,business,,,29112.0,False,17:55,ok,2026-08-31T11:38:33.949376+00:00,2026-08-31_1138IST
DEL,BLR,6E,IndiGo,inf,2026-09-07,7,economy,,,10077.0,False,17:55,ok,2026-08-31T11:38:33.949376+00:00,2026-08-31_1138IST
DEL,BLR,6E,IndiGo,inf,2026-09-07,7,economy,,,10209.0,False,05:10,ok,2026-08-31T11:38:33.949376+00:00,2026-08-31_1138IST
DEL,BLR,6E,IndiGo,inf,2026-09-07,7,economy,,,10209.0,False,05:55,ok,2026-08-31T11:38:33.949376+00:00,2026-08-31_1138IST
DEL,BLR,6E,IndiGo,inf,2026-09-07,7,economy,,,10209.0,False,06:55,ok,2026-08-31T11:38:33.949376+00:00,2026-08-31_1138IST
DEL,BLR,6E,IndiGo,inf,2026-09-07,7,business,,,40388.0,False,14:00,ok,2026-08-31T11:38:33.949376+00:00,2026-08-31_1138IST
DEL,BLR,6E,IndiGo,inf,2026-09-07,7,economy,,,10209.0,False,14:00,ok,2026-08-31T11:38:33.949376+00:00,2026-08-31_1138IST
DEL,BLR,6E,IndiGo,inf,2026-09-07,7,economy,,,10209.0,False,15:20,ok,2026-08-31T11:38:33.949376+00:00,2026-08-31_1138IST
DEL,BLR,6E,IndiGo,inf,2026-09-07,7,business,,,30900.0,False,16:25,ok,2026-08-31T11:38:33.949376+00:00,2026-08-31_1138IST
DEL,BLR,6E,IndiGo,inf,2026-09-07,7,economy,,,10209.0,False,16:25,ok,2026-08-31T11:38:33.949376+00:00,2026-08-31_1138IST
DEL,BLR,6E,IndiGo,inf,2026-09-07,7,business,,,40388.0,False,17:00,ok,2026-08-31T11:38:33.949376+00:00,2026-08-31_1138IST
DEL,BLR,6E,IndiGo,inf,2026-09-07,7,economy,,,10209.0,False,17:00,ok,2026-08-31T11:38:33.949376+00:00,2026-08-31_1138IST
DEL,BLR,6E,IndiGo,inf,2026-09-07,7,economy,,,10209.0,False,17:05,ok,2026-08-31T11:38:33.949376+00:00,2026-08-31_1138IST
DEL,BLR,6E,IndiGo,inf,2026-09-07,7,business,,,40388.0,False,18:00,ok,2026-08-31T11:38:33.949376+00:00,2026-08-31_1138IST
DEL,BLR,6E,IndiGo,inf,2026-09-07,7,economy,,,10209.0,False,18:00,ok,2026-08-31T11:38:33.949376+00:00,2026-08-31_1138IST
DEL,BLR,6E,IndiGo,inf,2026-09-07,7,business,,,40388.0,False,18:00,ok,2026-08-31T11:38:33.949376+00:00,2026-08-31_1138IST
DEL,BLR,6E,IndiGo,inf,2026-09-07,7,economy,,,10209.0,False,18:00,ok,2026-08-31T11:38:33.949376+00:00,2026-08-31_1138IST
DEL,BLR,6E,IndiGo,inf,2026-09-07,7,economy,,,10209.0,False,19:35,ok,2026-08-31T11:38:33.949376+00:00,2026-08-31_1138IST
DEL,BLR,6E,IndiGo,inf,2026-09-07,7,business,,,40388.0,False,20:45,ok,2026-08-31T11:38:33.949376+00:00,2026-08-31_1138IST
DEL,BLR,6E,IndiGo,inf,2026-09-07,7,economy,,,10209.0,False,20:45,ok,2026-08-31T11:38:33.949376+00:00,2026-08-31_1138IST
DEL,BLR,6E,IndiGo,inf,2026-09-07,7,economy,,,10209.0,False,21:15,ok,2026-08-31T11:38:33.949376+00:00,2026-08-31_1138IST
DEL,BLR,6E,IndiGo,inf,2026-09-07,7,business,,,26851.0,False,23:00,ok,2026-08-31T11:38:33.949376+00:00,2026-08-31_1138IST
DEL,BLR,6E,IndiGo,inf,2026-09-07,7,economy,,,10209.0,False,23:00,ok,2026-08-31T11:38:33.949376+00:00,2026-08-31_1138IST
DEL,BLR,6E,IndiGo,inf,2026-09-07,7,economy,,,10287.0,False,07:05,ok,2026-08-31T11:38:33.949376+00:00,2026-08-31_1138IST
DEL,BLR,6E,IndiGo,inf,2026-09-07,7,economy,,,10287.0,False,09:15,ok,2026-08-31T11:38:33.949376+00:00,2026-08-31_1138IST
DEL,BLR,6E,IndiGo,inf,2026-09-07,7,economy,,,10287.0,False,11:00,ok,2026-08-31T11:38:33.949376+00:00,2026-08-31_1138IST
DEL,BLR,6E,IndiGo,inf,2026-09-07,7,economy,,,10287.0,False,12:15,ok,2026-08-31T11:38:33.949376+00:00,2026-08-31_1138IST
DEL,BLR,6E,IndiGo,inf,2026-09-07,7,economy,,,10287.0,False,14:00,ok,2026-08-31T11:38:33.949376+00:00,2026-08-31_1138IST
DEL,BLR,6E,IndiGo,inf,2026-09-07,7,economy,,,10287.0,False,15:15,ok,2026-08-31T11:38:33.949376+00:00,2026-08-31_1138IST
DEL,BLR,6E,IndiGo,inf,2026-09-07,7,economy,,,10287.0,False,15:50,ok,2026-08-31T11:38:33.949376+00:00,2026-08-31_1138IST
DEL,BLR,6E,IndiGo,inf,2026-09-07,7,economy,,,10287.0,False,16:40,ok,2026-08-31T11:38:33.949376+00:00,2026-08-31_1138IST
DEL,BLR,6E,IndiGo,inf,2026-09-07,7,economy,,,10287.0,False,17:50,ok,2026-08-31T11:38:33.949376+00:00,2026-08-31_1138IST
DEL,BLR,6E,IndiGo,inf,2026-09-07,7,economy,,,10287.0,False,18:15,ok,2026-08-31T11:38:33.949376+00:00,2026-08-31_1138IST
DEL,BLR,6E,IndiGo,inf,2026-09-07,7,economy,,,10287.0,False,19:45,ok,2026-08-31T11:38:33.949376+00:00,2026-08-31_1138IST
DEL,BLR,6E,IndiGo,inf,2026-09-07,7,economy,,,10419.0,False,18:40,ok,2026-08-31T11:38:33.949376+00:00,2026-08-31_1138IST
DEL,BLR,6E,IndiGo,inf,2026-09-07,7,economy,,,10445.0,False,17:10,ok,2026-08-31T11:38:33.949376+00:00,2026-08-31_1138IST
DEL,BLR,6E,IndiGo,inf,2026-09-07,7,business,,,34496.0,False,05:00,ok,2026-08-31T11:38:33.949376+00:00,2026-08-31_1138IST
DEL,BLR,6E,IndiGo,inf,2026-09-07,7,economy,,,10629.0,False,05:00,ok,2026-08-31T11:38:33.949376+00:00,2026-08-31_1138IST
DEL,BLR,6E,IndiGo,inf,2026-09-07,7,business,,,28173.0,False,11:45,ok,2026-08-31T11:38:33.949376+00:00,2026-08-31_1138IST
DEL,BLR,6E,IndiGo,inf,2026-09-07,7,economy,,,10731.0,False,11:45,ok,2026-08-31T11:38:33.949376+00:00,2026-08-31_1138IST
DEL,BLR,6E,IndiGo,inf,2026-09-07,7,economy,,,11069.0,False,13:10,ok,2026-08-31T11:38:33.949376+00:00,2026-08-31_1138IST
DEL,BLR,6E,IndiGo,inf,2026-09-07,7,business,,,34496.0,False,08:30,ok,2026-08-31T11:38:33.949376+00:00,2026-08-31_1138IST
DEL,BLR,6E,IndiGo,inf,2026-09-07,7,economy,,,12261.0,False,08:30,ok,2026-08-31T11:38:33.949376+00:00,2026-08-31_1138IST
DEL,BLR,6E,IndiGo,inf,2026-09-07,7,business,,,28122.0,False,02:20,ok,2026-08-31T11:38:33.949376+00:00,2026-08-31_1138IST
DEL,BLR,6E,IndiGo,inf,2026-09-07,7,economy,,,12363.0,False,02:20,ok,2026-08-31T11:38:33.949376+00:00,2026-08-31_1138IST
DEL,BLR,6E,IndiGo,inf,2026-09-07,7,economy,,,12480.0,False,10:55,ok,2026-08-31T11:38:33.949376+00:00,2026-08-31_1138IST
DEL,BLR,6E,IndiGo,inf,2026-09-07,7,economy,,,12850.0,False,10:25,ok,2026-08-31T11:38:33.949376+00:00,2026-08-31_1138IST
DEL,BLR,6E,IndiGo,inf,2026-09-07,7,business,,,29654.0,False,02:25,ok,2026-08-31T11:38:33.949376+00:00,2026-08-31_1138IST
DEL,BLR,6E,IndiGo,inf,2026-09-07,7,economy,,,12861.0,False,02:25,ok,2026-08-31T11:38:33.949376+00:00,2026-08-31_1138IST
DEL,BLR,6E,IndiGo,inf,2026-09-07,7,business,,,40388.0,False,08:00,ok,2026-08-31T11:38:33.949376+00:00,2026-08-31_1138IST
DEL,BLR,6E,IndiGo,inf,2026-09-07,7,economy,,,13009.0,False,08:00,ok,2026-08-31T11:38:33.949376+00:00,2026-08-31_1138IST
DEL,BLR,6E,IndiGo,inf,2026-09-07,7,business,,,30254.0,False,09:55,ok,2026-08-31T11:38:33.949376+00:00,2026-08-31_1138IST
DEL,BLR,6E,IndiGo,inf,2026-09-07,7,economy,,,13474.0,False,09:55,ok,2026-08-31T11:38:33.949376+00:00,2026-08-31_1138IST
DEL,BLR,6E,IndiGo,inf,2026-09-07,7,economy,,,14393.0,False,17:20,ok,2026-08-31T11:38:33.949376+00:00,2026-08-31_1138IST
DEL,BLR,6E,IndiGo,inf,2026-09-07,7,economy,,,21519.0,False,04:50,ok,2026-08-31T11:38:33.949376+00:00,2026-08-31_1138IST
BOM,BLR,6E,IndiGo,inf,2026-09-07,7,business,,,22340.0,False,01:10,ok,2026-08-31T11:39:46.732770+00:00,2026-08-31_1139IST
BOM,BLR,6E,IndiGo,inf,2026-09-07,7,economy,,,5573.0,False,01:10,ok,2026-08-31T11:39:46.732770+00:00,2026-08-31_1139IST
BOM,BLR,6E,IndiGo,inf,2026-09-07,7,business,,,22340.0,False,04:30,ok,2026-08-31T11:39:46.732770+00:00,2026-08-31_1139IST
BOM,BLR,6E,IndiGo,inf,2026-09-07,7,economy,,,5573.0,False,04:30,ok,2026-08-31T11:39:46.732770+00:00,2026-08-31_1139IST
BOM,BLR,6E,IndiGo,inf,2026-09-07,7,business,,,22340.0,False,06:30,ok,2026-08-31T11:39:46.732770+00:00,2026-08-31_1139IST
BOM,BLR,6E,IndiGo,inf,2026-09-07,7,economy,,,6599.0,False,06:30,ok,2026-08-31T11:39:46.732770+00:00,2026-08-31_1139IST
BOM,BLR,6E,IndiGo,inf,2026-09-07,7,business,,,22340.0,False,11:00,ok,2026-08-31T11:39:46.732770+00:00,2026-08-31_1139IST
BOM,BLR,6E,IndiGo,inf,2026-09-07,7,economy,,,6599.0,False,11:00,ok,2026-08-31T11:39:46.732770+00:00,2026-08-31_1139IST
BOM,BLR,6E,IndiGo,inf,2026-09-07,7,business,,,22340.0,False,12:30,ok,2026-08-31T11:39:46.732770+00:00,2026-08-31_1139IST
BOM,BLR,6E,IndiGo,inf,2026-09-07,7,economy,,,6599.0,False,12:30,ok,2026-08-31T11:39:46.732770+00:00,2026-08-31_1139IST
BOM,BLR,6E,IndiGo,inf,2026-09-07,7,business,,,22340.0,False,14:30,ok,2026-08-31T11:39:46.732770+00:00,2026-08-31_1139IST
BOM,BLR,6E,IndiGo,inf,2026-09-07,7,economy,,,6599.0,False,14:30,ok,2026-08-31T11:39:46.732770+00:00,2026-08-31_1139IST
BOM,BLR,6E,IndiGo,inf,2026-09-07,7,business,,,22340.0,False,21:30,ok,2026-08-31T11:39:46.732770+00:00,2026-08-31_1139IST
BOM,BLR,6E,IndiGo,inf,2026-09-07,7,economy,,,6599.0,False,21:30,ok,2026-08-31T11:39:46.732770+00:00,2026-08-31_1139IST
BOM,BLR,6E,IndiGo,inf,2026-09-07,7,business,,,22340.0,False,22:20,ok,2026-08-31T11:39:46.732770+00:00,2026-08-31_1139IST
BOM,BLR,6E,IndiGo,inf,2026-09-07,7,economy,,,6599.0,False,22:20,ok,2026-08-31T11:39:46.732770+00:00,2026-08-31_1139IST
BOM,BLR,6E,IndiGo,inf,2026-09-07,7,economy,,,6914.0,False,08:05,ok,2026-08-31T11:39:46.732770+00:00,2026-08-31_1139IST
BOM,BLR,6E,IndiGo,inf,2026-09-07,7,business,,,22340.0,False,09:50,ok,2026-08-31T11:39:46.732770+00:00,2026-08-31_1139IST
BOM,BLR,6E,IndiGo,inf,2026-09-07,7,economy,,,6914.0,False,09:50,ok,2026-08-31T11:39:46.732770+00:00,2026-08-31_1139IST
BOM,BLR,6E,IndiGo,inf,2026-09-07,7,business,,,22340.0,False,17:00,ok,2026-08-31T11:39:46.732770+00:00,2026-08-31_1139IST
BOM,BLR,6E,IndiGo,inf,2026-09-07,7,economy,,,6914.0,False,17:00,ok,2026-08-31T11:39:46.732770+00:00,2026-08-31_1139IST
BOM,BLR,6E,IndiGo,inf,2026-09-07,7,business,,,22340.0,False,18:30,ok,2026-08-31T11:39:46.732770+00:00,2026-08-31_1139IST
BOM,BLR,6E,IndiGo,inf,2026-09-07,7,economy,,,6914.0,False,18:30,ok,2026-08-31T11:39:46.732770+00:00,2026-08-31_1139IST
BOM,BLR,6E,IndiGo,6e+261,2026-09-07,7,economy,,,6013.0,False,11:20,ok,2026-08-31T11:39:46.732770+00:00,2026-08-31_1139IST
BOM,BLR,6E,IndiGo,inf,2026-09-07,7,economy,,,6145.0,False,00:30,ok,2026-08-31T11:39:46.732770+00:00,2026-08-31_1139IST
BOM,BLR,6E,IndiGo,inf,2026-09-07,7,business,,,24771.0,False,15:10,ok,2026-08-31T11:39:46.732770+00:00,2026-08-31_1139IST
BOM,BLR,6E,IndiGo,inf,2026-09-07,7,economy,,,6145.0,False,15:10,ok,2026-08-31T11:39:46.732770+00:00,2026-08-31_1139IST
BOM,BLR,6E,IndiGo,inf,2026-09-07,7,business,,,23428.0,False,15:10,ok,2026-08-31T11:39:46.732770+00:00,2026-08-31_1139IST
BOM,BLR,6E,IndiGo,inf,2026-09-07,7,economy,,,6145.0,False,15:10,ok,2026-08-31T11:39:46.732770+00:00,2026-08-31_1139IST
BOM,BLR,6E,IndiGo,inf,2026-09-07,7,business,,,23833.0,False,15:10,ok,2026-08-31T11:39:46.732770+00:00,2026-08-31_1139IST
BOM,BLR,6E,IndiGo,inf,2026-09-07,7,economy,,,6145.0,False,15:10,ok,2026-08-31T11:39:46.732770+00:00,2026-08-31_1139IST
BOM,BLR,6E,IndiGo,inf,2026-09-07,7,business,,,24771.0,False,15:10,ok,2026-08-31T11:39:46.732770+00:00,2026-08-31_1139IST
BOM,BLR,6E,IndiGo,inf,2026-09-07,7,economy,,,6145.0,False,15:10,ok,2026-08-31T11:39:46.732770+00:00,2026-08-31_1139IST
BOM,BLR,6E,IndiGo,inf,2026-09-07,7,business,,,23833.0,False,16:45,ok,2026-08-31T11:39:46.732770+00:00,2026-08-31_1139IST
BOM,BLR,6E,IndiGo,inf,2026-09-07,7,economy,,,6145.0,False,16:45,ok,2026-08-31T11:39:46.732770+00:00,2026-08-31_1139IST
BOM,BLR,6E,IndiGo,inf,2026-09-07,7,business,,,24771.0,False,16:45,ok,2026-08-31T11:39:46.732770+00:00,2026-08-31_1139IST
BOM,BLR,6E,IndiGo,inf,2026-09-07,7,economy,,,6145.0,False,16:45,ok,2026-08-31T11:39:46.732770+00:00,2026-08-31_1139IST
BOM,BLR,6E,IndiGo,6.000000000000001e+136,2026-09-07,7,economy,,,6355.0,False,04:05,ok,2026-08-31T11:39:46.732770+00:00,2026-08-31_1139IST
BOM,BLR,6E,IndiGo,6.000000000000001e+136,2026-09-07,7,economy,,,6355.0,False,04:05,ok,2026-08-31T11:39:46.732770+00:00,2026-08-31_1139IST
BOM,BLR,6E,IndiGo,6.000000000000001e+136,2026-09-07,7,economy,,,6355.0,False,04:05,ok,2026-08-31T11:39:46.732770+00:00,2026-08-31_1139IST
BOM,BLR,6E,IndiGo,inf,2026-09-07,7,economy,,,6355.0,False,05:35,ok,2026-08-31T11:39:46.732770+00:00,2026-08-31_1139IST
BOM,BLR,6E,IndiGo,inf,2026-09-07,7,economy,,,6355.0,False,05:35,ok,2026-08-31T11:39:46.732770+00:00,2026-08-31_1139IST
BOM,BLR,6E,IndiGo,inf,2026-09-07,7,economy,,,6355.0,False,08:15,ok,2026-08-31T11:39:46.732770+00:00,2026-08-31_1139IST
BOM,BLR,6E,IndiGo,inf,2026-09-07,7,economy,,,6355.0,False,09:35,ok,2026-08-31T11:39:46.732770+00:00,2026-08-31_1139IST
BOM,BLR,6E,IndiGo,inf,2026-09-07,7,economy,,,6355.0,False,09:50,ok,2026-08-31T11:39:46.732770+00:00,2026-08-31_1139IST
BOM,BLR,6E,IndiGo,inf,2026-09-07,7,economy,,,6355.0,False,09:50,ok,2026-08-31T11:39:46.732770+00:00,2026-08-31_1139IST
BOM,BLR,6E,IndiGo,inf,2026-09-07,7,economy,,,6355.0,False,11:40,ok,2026-08-31T11:39:46.732770+00:00,2026-08-31_1139IST
BOM,BLR,6E,IndiGo,inf,2026-09-07,7,economy,,,6355.0,False,12:30,ok,2026-08-31T11:39:46.732770+00:00,2026-08-31_1139IST
BOM,BLR,6E,IndiGo,inf,2026-09-07,7,economy,,,6355.0,False,12:30,ok,2026-08-31T11:39:46.732770+00:00,2026-08-31_1139IST
BOM,BLR,6E,IndiGo,inf,2026-09-07,7,economy,,,6355.0,False,13:45,ok,2026-08-31T11:39:46.732770+00:00,2026-08-31_1139IST
BOM,BLR,6E,IndiGo,inf,2026-09-07,7,economy,,,6355.0,False,15:25,ok,2026-08-31T11:39:46.732770+00:00,2026-08-31_1139IST
BOM,BLR,6E,IndiGo,inf,2026-09-07,7,economy,,,6355.0,False,15:25,ok,2026-08-31T11:39:46.732770+00:00,2026-08-31_1139IST
BOM,BLR,6E,IndiGo,6e+240,2026-09-07,7,economy,,,6355.0,False,15:45,ok,2026-08-31T11:39:46.732770+00:00,2026-08-31_1139IST
BOM,BLR,6E,IndiGo,inf,2026-09-07,7,economy,,,6355.0,False,17:10,ok,2026-08-31T11:39:46.732770+00:00,2026-08-31_1139IST
BOM,BLR,6E,IndiGo,inf,2026-09-07,7,economy,,,6355.0,False,17:25,ok,2026-08-31T11:39:46.732770+00:00,2026-08-31_1139IST
BOM,BLR,6E,IndiGo,inf,2026-09-07,7,economy,,,6494.0,False,05:00,ok,2026-08-31T11:39:46.732770+00:00,2026-08-31_1139IST
BOM,BLR,6E,IndiGo,inf,2026-09-07,7,economy,,,6757.0,False,16:55,ok,2026-08-31T11:39:46.732770+00:00,2026-08-31_1139IST
BOM,BLR,6E,IndiGo,inf,2026-09-07,7,economy,,,6835.0,False,06:15,ok,2026-08-31T11:39:46.732770+00:00,2026-08-31_1139IST
BOM,BLR,6E,IndiGo,6e+261,2026-09-07,7,economy,,,7021.0,False,11:20,ok,2026-08-31T11:39:46.732770+00:00,2026-08-31_1139IST
BOM,BLR,6E,IndiGo,inf,2026-09-07,7,economy,,,7021.0,False,18:05,ok,2026-08-31T11:39:46.732770+00:00,2026-08-31_1139IST
BOM,BLR,6E,IndiGo,inf,2026-09-07,7,business,,,24771.0,False,11:45,ok,2026-08-31T11:39:46.732770+00:00,2026-08-31_1139IST
BOM,BLR,6E,IndiGo,inf,2026-09-07,7,economy,,,7153.0,False,11:45,ok,2026-08-31T11:39:46.732770+00:00,2026-08-31_1139IST
BOM,BLR,6E,IndiGo,inf,2026-09-07,7,economy,,,7363.0,False,18:15,ok,2026-08-31T11:39:46.732770+00:00,2026-08-31_1139IST
BOM,BLR,6E,IndiGo,inf,2026-09-07,7,economy,,,7943.0,False,04:00,ok,2026-08-31T11:39:46.732770+00:00,2026-08-31_1139IST
BOM,BLR,6E,IndiGo,inf,2026-09-07,7,economy,,,7943.0,False,18:40,ok,2026-08-31T11:39:46.732770+00:00,2026-08-31_1139IST
BOM,BLR,6E,IndiGo,inf,2026-09-07,7,economy,,,8074.0,False,16:50,ok,2026-08-31T11:39:46.732770+00:00,2026-08-31_1139IST
BOM,BLR,6E,IndiGo,inf,2026-09-07,7,economy,,,8184.0,False,16:40,ok,2026-08-31T11:39:46.732770+00:00,2026-08-31_1139IST
BOM,BLR,6E,IndiGo,inf,2026-09-07,7,economy,,,8184.0,False,16:40,ok,2026-08-31T11:39:46.732770+00:00,2026-08-31_1139IST
BOM,BLR,6E,IndiGo,inf,2026-09-07,7,economy,,,8581.0,False,20:00,ok,2026-08-31T11:39:46.732770+00:00,2026-08-31_1139IST
BOM,BLR,6E,IndiGo,inf,2026-09-07,7,economy,,,9046.0,False,11:40,ok,2026-08-31T11:39:46.732770+00:00,2026-08-31_1139IST
BOM,BLR,6E,IndiGo,inf,2026-09-07,7,economy,,,9046.0,False,13:45,ok,2026-08-31T11:39:46.732770+00:00,2026-08-31_1139IST
BOM,BLR,6E,IndiGo,6.000000000000001e+230,2026-09-07,7,economy,,,9969.0,False,13:55,ok,2026-08-31T11:39:46.732770+00:00,2026-08-31_1139IST
BOM,BLR,6E,IndiGo,inf,2026-09-07,7,business,,,25118.0,False,10:15,ok,2026-08-31T11:39:46.732770+00:00,2026-08-31_1139IST
BOM,BLR,6E,IndiGo,inf,2026-09-07,7,economy,,,10334.0,False,10:15,ok,2026-08-31T11:39:46.732770+00:00,2026-08-31_1139IST
BOM,BLR,6E,IndiGo,6.000000000000001e+230,2026-09-07,7,economy,,,10346.0,False,13:55,ok,2026-08-31T11:39:46.732770+00:00,2026-08-31_1139IST
BOM,BLR,6E,IndiGo,inf,2026-09-07,7,economy,,,11476.0,False,09:15,ok,2026-08-31T11:39:46.732770+00:00,2026-08-31_1139IST
BOM,BLR,6E,IndiGo,inf,2026-09-07,7,business,,,27198.0,False,10:15,ok,2026-08-31T11:39:46.732770+00:00,2026-08-31_1139IST
BOM,BLR,6E,IndiGo,inf,2026-09-07,7,economy,,,11818.0,False,10:15,ok,2026-08-31T11:39:46.732770+00:00,2026-08-31_1139IST
BOM,BLR,6E,IndiGo,inf,2026-09-07,7,business,,,23833.0,False,11:45,ok,2026-08-31T11:39:46.732770+00:00,2026-08-31_1139IST
BOM,BLR,6E,IndiGo,inf,2026-09-07,7,economy,,,13005.0,False,11:45,ok,2026-08-31T11:39:46.732770+00:00,2026-08-31_1139IST
BOM,BLR,6E,IndiGo,inf,2026-09-07,7,business,,,25913.0,False,11:45,ok,2026-08-31T11:39:46.732770+00:00,2026-08-31_1139IST
BOM,BLR,6E,IndiGo,inf,2026-09-07,7,economy,,,14489.0,False,11:45,ok,2026-08-31T11:39:46.732770+00:00,2026-08-31_1139IST
DEL,CCU,6E,IndiGo,inf,2026-09-07,7,business,,,26140.0,False,14:25,ok,2026-08-31T11:40:51.026549+00:00,2026-08-31_1140IST
DEL,CCU,6E,IndiGo,inf,2026-09-07,7,economy,,,8200.0,False,14:25,ok,2026-08-31T11:40:51.026549+00:00,2026-08-31_1140IST
DEL,CCU,6E,IndiGo,6e+247,2026-09-07,7,business,,,26140.0,False,23:30,ok,2026-08-31T11:40:51.026549+00:00,2026-08-31_1140IST
DEL,CCU,6E,IndiGo,6e+247,2026-09-07,7,economy,,,8200.0,False,23:30,ok,2026-08-31T11:40:51.026549+00:00,2026-08-31_1140IST
DEL,CCU,6E,IndiGo,inf,2026-09-07,7,business,,,26140.0,False,05:00,ok,2026-08-31T11:40:51.026549+00:00,2026-08-31_1140IST
DEL,CCU,6E,IndiGo,inf,2026-09-07,7,economy,,,8778.0,False,05:00,ok,2026-08-31T11:40:51.026549+00:00,2026-08-31_1140IST
DEL,CCU,6E,IndiGo,inf,2026-09-07,7,business,,,26140.0,False,17:55,ok,2026-08-31T11:40:51.026549+00:00,2026-08-31_1140IST
DEL,CCU,6E,IndiGo,inf,2026-09-07,7,economy,,,8778.0,False,17:55,ok,2026-08-31T11:40:51.026549+00:00,2026-08-31_1140IST
DEL,CCU,6E,IndiGo,inf,2026-09-07,7,business,,,26140.0,False,07:20,ok,2026-08-31T11:40:51.026549+00:00,2026-08-31_1140IST
DEL,CCU,6E,IndiGo,inf,2026-09-07,7,economy,,,9775.0,False,07:20,ok,2026-08-31T11:40:51.026549+00:00,2026-08-31_1140IST
DEL,CCU,6E,IndiGo,inf,2026-09-07,7,business,,,26140.0,False,12:45,ok,2026-08-31T11:40:51.026549+00:00,2026-08-31_1140IST
DEL,CCU,6E,IndiGo,inf,2026-09-07,7,economy,,,10405.0,False,12:45,ok,2026-08-31T11:40:51.026549+00:00,2026-08-31_1140IST
DEL,CCU,6E,IndiGo,inf,2026-09-07,7,business,,,26140.0,False,19:30,ok,2026-08-31T11:40:51.026549+00:00,2026-08-31_1140IST
DEL,CCU,6E,IndiGo,inf,2026-09-07,7,economy,,,10405.0,False,19:30,ok,2026-08-31T11:40:51.026549+00:00,2026-08-31_1140IST
DEL,CCU,6E,IndiGo,inf,2026-09-07,7,business,,,26140.0,False,08:30,ok,2026-08-31T11:40:51.026549+00:00,2026-08-31_1140IST
DEL,CCU,6E,IndiGo,inf,2026-09-07,7,economy,,,11140.0,False,08:30,ok,2026-08-31T11:40:51.026549+00:00,2026-08-31_1140IST
DEL,CCU,6E,IndiGo,inf,2026-09-07,7,business,,,26140.0,False,16:00,ok,2026-08-31T11:40:51.026549+00:00,2026-08-31_1140IST
DEL,CCU,6E,IndiGo,inf,2026-09-07,7,economy,,,11928.0,False,16:00,ok,2026-08-31T11:40:51.026549+00:00,2026-08-31_1140IST
DEL,CCU,6E,IndiGo,inf,2026-09-07,7,business,,,26140.0,False,10:15,ok,2026-08-31T11:40:51.026549+00:00,2026-08-31_1140IST
DEL,CCU,6E,IndiGo,inf,2026-09-07,7,economy,,,12715.0,False,10:15,ok,2026-08-31T11:40:51.026549+00:00,2026-08-31_1140IST
DEL,CCU,6E,IndiGo,inf,2026-09-07,7,economy,,,6596.0,False,13:35,ok,2026-08-31T11:40:51.026549+00:00,2026-08-31_1140IST
DEL,CCU,6E,IndiGo,inf,2026-09-07,7,economy,,,6596.0,False,16:20,ok,2026-08-31T11:40:51.026549+00:00,2026-08-31_1140IST
DEL,CCU,6E,IndiGo,inf,2026-09-07,7,economy,,,6727.0,False,05:55,ok,2026-08-31T11:40:51.026549+00:00,2026-08-31_1140IST
DEL,CCU,6E,IndiGo,inf,2026-09-07,7,economy,,,6727.0,False,14:35,ok,2026-08-31T11:40:51.026549+00:00,2026-08-31_1140IST
DEL,CCU,6E,IndiGo,inf,2026-09-07,7,economy,,,6911.0,False,07:30,ok,2026-08-31T11:40:51.026549+00:00,2026-08-31_1140IST
DEL,CCU,6E,IndiGo,inf,2026-09-07,7,economy,,,6911.0,False,07:45,ok,2026-08-31T11:40:51.026549+00:00,2026-08-31_1140IST
DEL,CCU,6E,IndiGo,inf,2026-09-07,7,economy,,,6911.0,False,14:40,ok,2026-08-31T11:40:51.026549+00:00,2026-08-31_1140IST
DEL,CCU,6E,IndiGo,inf,2026-09-07,7,economy,,,6911.0,False,15:10,ok,2026-08-31T11:40:51.026549+00:00,2026-08-31_1140IST
DEL,CCU,6E,IndiGo,inf,2026-09-07,7,economy,,,6911.0,False,15:10,ok,2026-08-31T11:40:51.026549+00:00,2026-08-31_1140IST
DEL,CCU,6E,IndiGo,inf,2026-09-07,7,economy,,,6937.0,False,17:20,ok,2026-08-31T11:40:51.026549+00:00,2026-08-31_1140IST
DEL,CCU,6E,IndiGo,inf,2026-09-07,7,economy,,,7147.0,False,05:10,ok,2026-08-31T11:40:51.026549+00:00,2026-08-31_1140IST
DEL,CCU,6E,IndiGo,inf,2026-09-07,7,economy,,,7147.0,False,12:20,ok,2026-08-31T11:40:51.026549+00:00,2026-08-31_1140IST
DEL,CCU,6E,IndiGo,inf,2026-09-07,7,economy,,,7147.0,False,13:30,ok,2026-08-31T11:40:51.026549+00:00,2026-08-31_1140IST
DEL,CCU,6E,IndiGo,inf,2026-09-07,7,economy,,,7147.0,False,14:45,ok,2026-08-31T11:40:51.026549+00:00,2026-08-31_1140IST
DEL,CCU,6E,IndiGo,inf,2026-09-07,7,economy,,,7147.0,False,14:50,ok,2026-08-31T11:40:51.026549+00:00,2026-08-31_1140IST
DEL,CCU,6E,IndiGo,inf,2026-09-07,7,economy,,,7147.0,False,16:15,ok,2026-08-31T11:40:51.026549+00:00,2026-08-31_1140IST
DEL,CCU,6E,IndiGo,inf,2026-09-07,7,economy,,,7147.0,False,17:05,ok,2026-08-31T11:40:51.026549+00:00,2026-08-31_1140IST
DEL,CCU,6E,IndiGo,inf,2026-09-07,7,economy,,,7147.0,False,23:15,ok,2026-08-31T11:40:51.026549+00:00,2026-08-31_1140IST
DEL,CCU,6E,IndiGo,inf,2026-09-07,7,economy,,,7252.0,False,12:00,ok,2026-08-31T11:40:51.026549+00:00,2026-08-31_1140IST
DEL,CCU,6E,IndiGo,inf,2026-09-07,7,economy,,,7257.0,False,14:25,ok,2026-08-31T11:40:51.026549+00:00,2026-08-31_1140IST
DEL,CCU,6E,IndiGo,inf,2026-09-07,7,economy,,,7257.0,False,16:20,ok,2026-08-31T11:40:51.026549+00:00,2026-08-31_1140IST
DEL,CCU,6E,IndiGo,inf,2026-09-07,7,economy,,,7336.0,False,12:20,ok,2026-08-31T11:40:51.026549+00:00,2026-08-31_1140IST
DEL,CCU,6E,IndiGo,inf,2026-09-07,7,economy,,,7336.0,False,14:40,ok,2026-08-31T11:40:51.026549+00:00,2026-08-31_1140IST
DEL,CCU,6E,IndiGo,inf,2026-09-07,7,economy,,,7336.0,False,14:40,ok,2026-08-31T11:40:51.026549+00:00,2026-08-31_1140IST
DEL,CCU,6E,IndiGo,inf,2026-09-07,7,economy,,,7840.0,False,08:00,ok,2026-08-31T11:40:51.026549+00:00,2026-08-31_1140IST
DEL,CCU,6E,IndiGo,inf,2026-09-07,7,economy,,,8234.0,False,13:25,ok,2026-08-31T11:40:51.026549+00:00,2026-08-31_1140IST
DEL,CCU,6E,IndiGo,inf,2026-09-07,7,economy,,,8260.0,False,02:25,ok,2026-08-31T11:40:51.026549+00:00,2026-08-31_1140IST
DEL,CCU,6E,IndiGo,inf,2026-09-07,7,economy,,,8260.0,False,09:55,ok,2026-08-31T11:40:51.026549+00:00,2026-08-31_1140IST
DEL,CCU,6E,IndiGo,inf,2026-09-07,7,economy,,,8260.0,False,11:45,ok,2026-08-31T11:40:51.026549+00:00,2026-08-31_1140IST
DEL,CCU,6E,IndiGo,inf,2026-09-07,7,economy,,,8260.0,False,17:55,ok,2026-08-31T11:40:51.026549+00:00,2026-08-31_1140IST
DEL,CCU,6E,IndiGo,inf,2026-09-07,7,economy,,,8350.0,False,06:20,ok,2026-08-31T11:40:51.026549+00:00,2026-08-31_1140IST
DEL,CCU,6E,IndiGo,inf,2026-09-07,7,economy,,,8560.0,False,09:20,ok,2026-08-31T11:40:51.026549+00:00,2026-08-31_1140IST
DEL,CCU,6E,IndiGo,inf,2026-09-07,7,economy,,,8560.0,False,15:50,ok,2026-08-31T11:40:51.026549+00:00,2026-08-31_1140IST
DEL,CCU,6E,IndiGo,inf,2026-09-07,7,economy,,,9006.0,False,06:20,ok,2026-08-31T11:40:51.026549+00:00,2026-08-31_1140IST
DEL,CCU,6E,IndiGo,inf,2026-09-07,7,economy,,,9265.0,False,07:40,ok,2026-08-31T11:40:51.026549+00:00,2026-08-31_1140IST
DEL,CCU,6E,IndiGo,inf,2026-09-07,7,economy,,,9606.0,False,08:30,ok,2026-08-31T11:40:51.026549+00:00,2026-08-31_1140IST
DEL,CCU,6E,IndiGo,inf,2026-09-07,7,economy,,,9606.0,False,08:30,ok,2026-08-31T11:40:51.026549+00:00,2026-08-31_1140IST
DEL,CCU,6E,IndiGo,inf,2026-09-07,7,economy,,,10040.0,False,14:00,ok,2026-08-31T11:40:51.026549+00:00,2026-08-31_1140IST
DEL,CCU,6E,IndiGo,inf,2026-09-07,7,economy,,,10081.0,False,07:40,ok,2026-08-31T11:40:51.026549+00:00,2026-08-31_1140IST
DEL,CCU,6E,IndiGo,inf,2026-09-07,7,economy,,,10609.0,False,12:20,ok,2026-08-31T11:40:51.026549+00:00,2026-08-31_1140IST
DEL,CCU,6E,IndiGo,6e+203,2026-09-07,7,economy,,,11232.0,False,07:10,ok,2026-08-31T11:40:51.026549+00:00,2026-08-31_1140IST
DEL,CCU,6E,IndiGo,6e+203,2026-09-07,7,economy,,,11232.0,False,07:10,ok,2026-08-31T11:40:51.026549+00:00,2026-08-31_1140IST
DEL,CCU,6E,IndiGo,inf,2026-09-07,7,economy,,,12856.0,False,05:00,ok,2026-08-31T11:40:51.026549+00:00,2026-08-31_1140IST
DEL,CCU,6E,IndiGo,inf,2026-09-07,7,economy,,,12856.0,False,09:20,ok,2026-08-31T11:40:51.026549+00:00,2026-08-31_1140IST
DEL,CCU,6E,IndiGo,inf,2026-09-07,7,economy,,,12856.0,False,12:55,ok,2026-08-31T11:40:51.026549+00:00,2026-08-31_1140IST
DEL,CCU,6E,IndiGo,inf,2026-09-07,7,economy,,,12961.0,False,10:50,ok,2026-08-31T11:40:51.026549+00:00,2026-08-31_1140IST
DEL,CCU,6E,IndiGo,inf,2026-09-07,7,business,,,32036.0,False,02:25,ok,2026-08-31T11:40:51.026549+00:00,2026-08-31_1140IST
DEL,CCU,6E,IndiGo,inf,2026-09-07,7,economy,,,15829.0,False,02:25,ok,2026-08-31T11:40:51.026549+00:00,2026-08-31_1140IST
DEL,CCU,6E,IndiGo,inf,2026-09-07,7,economy,,,21625.0,False,10:50,ok,2026-08-31T11:40:51.026549+00:00,2026-08-31_1140IST
BLR,HYD,6E,IndiGo,inf,2026-09-07,7,,,,,False,10:15,parse_error,2026-08-31T11:42:07.531348+00:00,2026-08-31_1142IST
BLR,HYD,6E,IndiGo,inf,2026-09-07,7,,,,,False,18:35,parse_error,2026-08-31T11:42:07.531348+00:00,2026-08-31_1142IST
BLR,HYD,6E,IndiGo,inf,2026-09-07,7,,,,,False,21:30,parse_error,2026-08-31T11:42:07.531348+00:00,2026-08-31_1142IST
BLR,HYD,6E,IndiGo,inf,2026-09-07,7,,,,,False,16:30,parse_error,2026-08-31T11:42:07.531348+00:00,2026-08-31_1142IST
BLR,HYD,6E,IndiGo,inf,2026-09-07,7,,,,,False,11:35,parse_error,2026-08-31T11:42:07.531348+00:00,2026-08-31_1142IST
BLR,HYD,6E,IndiGo,inf,2026-09-07,7,,,,,False,06:25,parse_error,2026-08-31T11:42:07.531348+00:00,2026-08-31_1142IST
BLR,HYD,6E,IndiGo,inf,2026-09-07,7,,,,,False,09:15,parse_error,2026-08-31T11:42:07.531348+00:00,2026-08-31_1142IST
BLR,HYD,6E,IndiGo,inf,2026-09-07,7,,,,,False,08:15,parse_error,2026-08-31T11:42:07.531348+00:00,2026-08-31_1142IST
BLR,HYD,6E,IndiGo,inf,2026-09-07,7,,,,,False,19:45,parse_error,2026-08-31T11:42:07.531348+00:00,2026-08-31_1142IST
BLR,HYD,6E,IndiGo,inf,2026-09-07,7,,,,,False,07:05,parse_error,2026-08-31T11:42:07.531348+00:00,2026-08-31_1142IST
BLR,HYD,6E,IndiGo,inf,2026-09-07,7,,,,,False,07:05,parse_error,2026-08-31T11:42:07.531348+00:00,2026-08-31_1142IST
BLR,HYD,6E,IndiGo,inf,2026-09-07,7,,,,,False,07:15,parse_error,2026-08-31T11:42:07.531348+00:00,2026-08-31_1142IST
BLR,HYD,6E,IndiGo,inf,2026-09-07,7,,,,,False,12:45,parse_error,2026-08-31T11:42:07.531348+00:00,2026-08-31_1142IST
BLR,HYD,6E,IndiGo,inf,2026-09-07,7,,,,,False,13:10,parse_error,2026-08-31T11:42:07.531348+00:00,2026-08-31_1142IST
BLR,HYD,6E,IndiGo,inf,2026-09-07,7,,,,,False,15:15,parse_error,2026-08-31T11:42:07.531348+00:00,2026-08-31_1142IST
BLR,HYD,6E,IndiGo,inf,2026-09-07,7,,,,,False,15:15,parse_error,2026-08-31T11:42:07.531348+00:00,2026-08-31_1142IST
BLR,HYD,6E,IndiGo,6e+173,2026-09-07,7,,,,,False,15:30,parse_error,2026-08-31T11:42:07.531348+00:00,2026-08-31_1142IST
BLR,HYD,6E,IndiGo,6e+173,2026-09-07,7,,,,,False,15:30,parse_error,2026-08-31T11:42:07.531348+00:00,2026-08-31_1142IST
BLR,HYD,6E,IndiGo,inf,2026-09-07,7,,,,,False,17:15,parse_error,2026-08-31T11:42:07.531348+00:00,2026-08-31_1142IST
BLR,HYD,6E,IndiGo,inf,2026-09-07,7,,,,,False,17:15,parse_error,2026-08-31T11:42:07.531348+00:00,2026-08-31_1142IST
BLR,HYD,6E,IndiGo,inf,2026-09-07,7,,,,,False,17:40,parse_error,2026-08-31T11:42:07.531348+00:00,2026-08-31_1142IST
BLR,HYD,6E,IndiGo,inf,2026-09-07,7,,,,,False,17:40,parse_error,2026-08-31T11:42:07.531348+00:00,2026-08-31_1142IST
BLR,HYD,6E,IndiGo,inf,2026-09-07,7,,,,,False,18:15,parse_error,2026-08-31T11:42:07.531348+00:00,2026-08-31_1142IST
BLR,HYD,6E,IndiGo,6e+105,2026-09-07,7,,,,,False,18:45,parse_error,2026-08-31T11:42:07.531348+00:00,2026-08-31_1142IST
BLR,HYD,6E,IndiGo,6e+105,2026-09-07,7,,,,,False,18:45,parse_error,2026-08-31T11:42:07.531348+00:00,2026-08-31_1142IST
BLR,HYD,6E,IndiGo,inf,2026-09-07,7,,,,,False,19:15,parse_error,2026-08-31T11:42:07.531348+00:00,2026-08-31_1142IST
BLR,HYD,6E,IndiGo,inf,2026-09-07,7,,,,,False,21:40,parse_error,2026-08-31T11:42:07.531348+00:00,2026-08-31_1142IST
BLR,HYD,6E,IndiGo,6e+116,2026-09-07,7,,,,,False,23:05,parse_error,2026-08-31T11:42:07.531348+00:00,2026-08-31_1142IST
BLR,HYD,6E,IndiGo,inf,2026-09-07,7,,,,,False,07:05,parse_error,2026-08-31T11:42:07.531348+00:00,2026-08-31_1142IST
BLR,HYD,6E,IndiGo,inf,2026-09-07,7,,,,,False,10:25,parse_error,2026-08-31T11:42:07.531348+00:00,2026-08-31_1142IST
BLR,HYD,6E,IndiGo,inf,2026-09-07,7,,,,,False,10:45,parse_error,2026-08-31T11:42:07.531348+00:00,2026-08-31_1142IST
BLR,HYD,6E,IndiGo,inf,2026-09-07,7,,,,,False,05:20,parse_error,2026-08-31T11:42:07.531348+00:00,2026-08-31_1142IST
BLR,HYD,6E,IndiGo,inf,2026-09-07,7,,,,,False,06:50,parse_error,2026-08-31T11:42:07.531348+00:00,2026-08-31_1142IST
BLR,HYD,6E,IndiGo,inf,2026-09-07,7,,,,,False,07:05,parse_error,2026-08-31T11:42:07.531348+00:00,2026-08-31_1142IST
BLR,HYD,6E,IndiGo,inf,2026-09-07,7,,,,,False,08:05,parse_error,2026-08-31T11:42:07.531348+00:00,2026-08-31_1142IST
BLR,HYD,6E,IndiGo,inf,2026-09-07,7,,,,,False,12:45,parse_error,2026-08-31T11:42:07.531348+00:00,2026-08-31_1142IST
BLR,HYD,6E,IndiGo,inf,2026-09-07,7,,,,,False,20:40,parse_error,2026-08-31T11:42:07.531348+00:00,2026-08-31_1142IST
BLR,HYD,6E,IndiGo,inf,2026-09-07,7,,,,,False,08:05,parse_error,2026-08-31T11:42:07.531348+00:00,2026-08-31_1142IST
BLR,HYD,6E,IndiGo,inf,2026-09-07,7,,,,,False,12:35,parse_error,2026-08-31T11:42:07.531348+00:00,2026-08-31_1142IST
BLR,HYD,6E,IndiGo,inf,2026-09-07,7,,,,,False,13:10,parse_error,2026-08-31T11:42:07.531348+00:00,2026-08-31_1142IST
BLR,HYD,6E,IndiGo,inf,2026-09-07,7,,,,,False,06:25,parse_error,2026-08-31T11:42:07.531348+00:00,2026-08-31_1142IST
BLR,HYD,6E,IndiGo,inf,2026-09-07,7,,,,,False,05:20,parse_error,2026-08-31T11:42:07.531348+00:00,2026-08-31_1142IST
BLR,HYD,6E,IndiGo,inf,2026-09-07,7,,,,,False,07:05,parse_error,2026-08-31T11:42:07.531348+00:00,2026-08-31_1142IST
BLR,HYD,6E,IndiGo,inf,2026-09-07,7,,,,,False,02:40,parse_error,2026-08-31T11:42:07.531348+00:00,2026-08-31_1142IST
BLR,HYD,6E,IndiGo,inf,2026-09-07,7,,,,,False,10:25,parse_error,2026-08-31T11:42:07.531348+00:00,2026-08-31_1142IST
BLR,HYD,6E,IndiGo,inf,2026-09-07,7,,,,,False,11:40,parse_error,2026-08-31T11:42:07.531348+00:00,2026-08-31_1142IST
BLR,HYD,6E,IndiGo,inf,2026-09-07,7,,,,,False,11:40,parse_error,2026-08-31T11:42:07.531348+00:00,2026-08-31_1142IST
BLR,HYD,6E,IndiGo,inf,2026-09-07,7,,,,,False,12:35,parse_error,2026-08-31T11:42:07.531348+00:00,2026-08-31_1142IST
BLR,HYD,6E,IndiGo,inf,2026-09-07,7,,,,,False,12:55,parse_error,2026-08-31T11:42:07.531348+00:00,2026-08-31_1142IST
BLR,HYD,6E,IndiGo,5.9999999999999995e+109,2026-09-07,7,,,,,False,17:00,parse_error,2026-08-31T11:42:07.531348+00:00,2026-08-31_1142IST
BLR,HYD,6E,IndiGo,inf,2026-09-07,7,,,,,False,18:50,parse_error,2026-08-31T11:42:07.531348+00:00,2026-08-31_1142IST
BLR,HYD,6E,IndiGo,inf,2026-09-07,7,,,,,False,06:50,parse_error,2026-08-31T11:42:07.531348+00:00,2026-08-31_1142IST
BLR,HYD,6E,IndiGo,inf,2026-09-07,7,,,,,False,10:55,parse_error,2026-08-31T11:42:07.531348+00:00,2026-08-31_1142IST
BLR,HYD,6E,IndiGo,inf,2026-09-07,7,,,,,False,07:15,parse_error,2026-08-31T11:42:07.531348+00:00,2026-08-31_1142IST
BLR,HYD,6E,IndiGo,inf,2026-09-07,7,,,,,False,06:50,parse_error,2026-08-31T11:42:07.531348+00:00,2026-08-31_1142IST
BLR,HYD,6E,IndiGo,inf,2026-09-07,7,,,,,False,10:50,parse_error,2026-08-31T11:42:07.531348+00:00,2026-08-31_1142IST
BLR,HYD,6E,IndiGo,inf,2026-09-07,7,,,,,False,01:05,parse_error,2026-08-31T11:42:07.531348+00:00,2026-08-31_1142IST
BLR,HYD,6E,IndiGo,inf,2026-09-07,7,,,,,False,10:50,parse_error,2026-08-31T11:42:07.531348+00:00,2026-08-31_1142IST
BLR,HYD,6E,IndiGo,inf,2026-09-07,7,,,,,False,10:40,parse_error,2026-08-31T11:42:07.531348+00:00,2026-08-31_1142IST
MAA,DEL,6E,IndiGo,inf,2026-09-07,7,business,,,28240.0,False,13:00,ok,2026-08-31T11:43:09.688455+00:00,2026-08-31_1143IST
MAA,DEL,6E,IndiGo,inf,2026-09-07,7,economy,,,9648.0,False,13:00,ok,2026-08-31T11:43:09.688455+00:00,2026-08-31_1143IST
MAA,DEL,6E,IndiGo,inf,2026-09-07,7,business,,,28240.0,False,14:30,ok,2026-08-31T11:43:09.688455+00:00,2026-08-31_1143IST
MAA,DEL,6E,IndiGo,inf,2026-09-07,7,economy,,,9648.0,False,14:30,ok,2026-08-31T11:43:09.688455+00:00,2026-08-31_1143IST
MAA,DEL,6E,IndiGo,inf,2026-09-07,7,business,,,28240.0,False,16:45,ok,2026-08-31T11:43:09.688455+00:00,2026-08-31_1143IST
MAA,DEL,6E,IndiGo,inf,2026-09-07,7,economy,,,9648.0,False,16:45,ok,2026-08-31T11:43:09.688455+00:00,2026-08-31_1143IST
MAA,DEL,6E,IndiGo,inf,2026-09-07,7,business,,,28240.0,False,19:00,ok,2026-08-31T11:43:09.688455+00:00,2026-08-31_1143IST
MAA,DEL,6E,IndiGo,inf,2026-09-07,7,economy,,,9648.0,False,19:00,ok,2026-08-31T11:43:09.688455+00:00,2026-08-31_1143IST
MAA,DEL,6E,IndiGo,inf,2026-09-07,7,business,,,28240.0,False,21:50,ok,2026-08-31T11:43:09.688455+00:00,2026-08-31_1143IST
MAA,DEL,6E,IndiGo,inf,2026-09-07,7,economy,,,9648.0,False,21:50,ok,2026-08-31T11:43:09.688455+00:00,2026-08-31_1143IST
MAA,DEL,6E,IndiGo,inf,2026-09-07,7,business,,,28240.0,False,23:45,ok,2026-08-31T11:43:09.688455+00:00,2026-08-31_1143IST
MAA,DEL,6E,IndiGo,inf,2026-09-07,7,economy,,,9648.0,False,23:45,ok,2026-08-31T11:43:09.688455+00:00,2026-08-31_1143IST
MAA,DEL,6E,IndiGo,inf,2026-09-07,7,business,,,28240.0,False,09:15,ok,2026-08-31T11:43:09.688455+00:00,2026-08-31_1143IST
MAA,DEL,6E,IndiGo,inf,2026-09-07,7,economy,,,10114.0,False,09:15,ok,2026-08-31T11:43:09.688455+00:00,2026-08-31_1143IST
MAA,DEL,6E,IndiGo,inf,2026-09-07,7,business,,,28240.0,False,11:10,ok,2026-08-31T11:43:09.688455+00:00,2026-08-31_1143IST
MAA,DEL,6E,IndiGo,inf,2026-09-07,7,economy,,,10608.0,False,11:10,ok,2026-08-31T11:43:09.688455+00:00,2026-08-31_1143IST
MAA,DEL,6E,IndiGo,inf,2026-09-07,7,business,,,28240.0,False,06:30,ok,2026-08-31T11:43:09.688455+00:00,2026-08-31_1143IST
MAA,DEL,6E,IndiGo,inf,2026-09-07,7,economy,,,14222.0,False,06:30,ok,2026-08-31T11:43:09.688455+00:00,2026-08-31_1143IST
MAA,DEL,6E,IndiGo,inf,2026-09-07,7,economy,,,8526.0,False,10:55,ok,2026-08-31T11:43:09.688455+00:00,2026-08-31_1143IST
MAA,DEL,6E,IndiGo,inf,2026-09-07,7,economy,,,8526.0,False,10:55,ok,2026-08-31T11:43:09.688455+00:00,2026-08-31_1143IST
MAA,DEL,6E,IndiGo,inf,2026-09-07,7,economy,,,8526.0,False,14:35,ok,2026-08-31T11:43:09.688455+00:00,2026-08-31_1143IST
MAA,DEL,6E,IndiGo,inf,2026-09-07,7,economy,,,8526.0,False,14:35,ok,2026-08-31T11:43:09.688455+00:00,2026-08-31_1143IST
MAA,DEL,6E,IndiGo,inf,2026-09-07,7,economy,,,8526.0,False,15:45,ok,2026-08-31T11:43:09.688455+00:00,2026-08-31_1143IST
MAA,DEL,6E,IndiGo,inf,2026-09-07,7,economy,,,8526.0,False,18:20,ok,2026-08-31T11:43:09.688455+00:00,2026-08-31_1143IST
MAA,DEL,6E,IndiGo,6e+189,2026-09-07,7,economy,,,8526.0,False,19:05,ok,2026-08-31T11:43:09.688455+00:00,2026-08-31_1143IST
MAA,DEL,6E,IndiGo,inf,2026-09-07,7,economy,,,8657.0,False,02:30,ok,2026-08-31T11:43:09.688455+00:00,2026-08-31_1143IST
MAA,DEL,6E,IndiGo,inf,2026-09-07,7,economy,,,8657.0,False,02:30,ok,2026-08-31T11:43:09.688455+00:00,2026-08-31_1143IST
MAA,DEL,6E,IndiGo,inf,2026-09-07,7,business,,,39741.0,False,05:00,ok,2026-08-31T11:43:09.688455+00:00,2026-08-31_1143IST
MAA,DEL,6E,IndiGo,inf,2026-09-07,7,economy,,,8657.0,False,05:00,ok,2026-08-31T11:43:09.688455+00:00,2026-08-31_1143IST
MAA,DEL,6E,IndiGo,inf,2026-09-07,7,business,,,39741.0,False,11:00,ok,2026-08-31T11:43:09.688455+00:00,2026-08-31_1143IST
MAA,DEL,6E,IndiGo,inf,2026-09-07,7,economy,,,8657.0,False,11:00,ok,2026-08-31T11:43:09.688455+00:00,2026-08-31_1143IST
MAA,DEL,6E,IndiGo,inf,2026-09-07,7,business,,,39741.0,False,12:45,ok,2026-08-31T11:43:09.688455+00:00,2026-08-31_1143IST
MAA,DEL,6E,IndiGo,inf,2026-09-07,7,economy,,,8657.0,False,12:45,ok,2026-08-31T11:43:09.688455+00:00,2026-08-31_1143IST
MAA,DEL,6E,IndiGo,inf,2026-09-07,7,business,,,39741.0,False,12:45,ok,2026-08-31T11:43:09.688455+00:00,2026-08-31_1143IST
MAA,DEL,6E,IndiGo,inf,2026-09-07,7,economy,,,8657.0,False,12:45,ok,2026-08-31T11:43:09.688455+00:00,2026-08-31_1143IST
MAA,DEL,6E,IndiGo,inf,2026-09-07,7,economy,,,8657.0,False,13:50,ok,2026-08-31T11:43:09.688455+00:00,2026-08-31_1143IST
MAA,DEL,6E,IndiGo,inf,2026-09-07,7,economy,,,8657.0,False,18:05,ok,2026-08-31T11:43:09.688455+00:00,2026-08-31_1143IST
MAA,DEL,6E,IndiGo,6e+253,2026-09-07,7,economy,,,9087.0,False,03:10,ok,2026-08-31T11:43:09.688455+00:00,2026-08-31_1143IST
MAA,DEL,6E,IndiGo,inf,2026-09-07,7,economy,,,9087.0,False,09:55,ok,2026-08-31T11:43:09.688455+00:00,2026-08-31_1143IST
MAA,DEL,6E,IndiGo,inf,2026-09-07,7,business,,,29241.0,False,11:10,ok,2026-08-31T11:43:09.688455+00:00,2026-08-31_1143IST
MAA,DEL,6E,IndiGo,inf,2026-09-07,7,economy,,,9087.0,False,11:10,ok,2026-08-31T11:43:09.688455+00:00,2026-08-31_1143IST
MAA,DEL,6E,IndiGo,inf,2026-09-07,7,economy,,,9087.0,False,12:00,ok,2026-08-31T11:43:09.688455+00:00,2026-08-31_1143IST
MAA,DEL,6E,IndiGo,inf,2026-09-07,7,economy,,,9087.0,False,16:10,ok,2026-08-31T11:43:09.688455+00:00,2026-08-31_1143IST
MAA,DEL,6E,IndiGo,6e+193,2026-09-07,7,economy,,,9087.0,False,20:00,ok,2026-08-31T11:43:09.688455+00:00,2026-08-31_1143IST
MAA,DEL,6E,IndiGo,inf,2026-09-07,7,business,,,27823.0,False,22:20,ok,2026-08-31T11:43:09.688455+00:00,2026-08-31_1143IST
MAA,DEL,6E,IndiGo,inf,2026-09-07,7,economy,,,9087.0,False,22:20,ok,2026-08-31T11:43:09.688455+00:00,2026-08-31_1143IST
MAA,DEL,6E,IndiGo,inf,2026-09-07,7,economy,,,9166.0,False,16:15,ok,2026-08-31T11:43:09.688455+00:00,2026-08-31_1143IST
MAA,DEL,6E,IndiGo,inf,2026-09-07,7,economy,,,9792.0,False,18:15,ok,2026-08-31T11:43:09.688455+00:00,2026-08-31_1143IST
MAA,DEL,6E,IndiGo,inf,2026-09-07,7,economy,,,9792.0,False,21:25,ok,2026-08-31T11:43:09.688455+00:00,2026-08-31_1143IST
MAA,DEL,6E,IndiGo,inf,2026-09-07,7,economy,,,10566.0,False,09:05,ok,2026-08-31T11:43:09.688455+00:00,2026-08-31_1143IST
MAA,DEL,6E,IndiGo,inf,2026-09-07,7,economy,,,10644.0,False,08:55,ok,2026-08-31T11:43:09.688455+00:00,2026-08-31_1143IST
MAA,DEL,6E,IndiGo,inf,2026-09-07,7,economy,,,10770.0,False,18:20,ok,2026-08-31T11:43:09.688455+00:00,2026-08-31_1143IST
MAA,DEL,6E,IndiGo,inf,2026-09-07,7,economy,,,11417.0,False,09:05,ok,2026-08-31T11:43:09.688455+00:00,2026-08-31_1143IST
MAA,DEL,6E,IndiGo,6e+183,2026-09-07,7,business,,,32309.0,False,16:35,ok,2026-08-31T11:43:09.688455+00:00,2026-08-31_1143IST
MAA,DEL,6E,IndiGo,6e+183,2026-09-07,7,economy,,,11417.0,False,16:35,ok,2026-08-31T11:43:09.688455+00:00,2026-08-31_1143IST
MAA,DEL,6E,IndiGo,inf,2026-09-07,7,economy,,,11540.0,False,17:45,ok,2026-08-31T11:43:09.688455+00:00,2026-08-31_1143IST
MAA,DEL,6E,IndiGo,inf,2026-09-07,7,business,,,39741.0,False,09:00,ok,2026-08-31T11:43:09.688455+00:00,2026-08-31_1143IST
MAA,DEL,6E,IndiGo,inf,2026-09-07,7,economy,,,11627.0,False,09:00,ok,2026-08-31T11:43:09.688455+00:00,2026-08-31_1143IST
MAA,DEL,6E,IndiGo,inf,2026-09-07,7,business,,,39741.0,False,16:40,ok,2026-08-31T11:43:09.688455+00:00,2026-08-31_1143IST
MAA,DEL,6E,IndiGo,inf,2026-09-07,7,economy,,,11627.0,False,16:40,ok,2026-08-31T11:43:09.688455+00:00,2026-08-31_1143IST
MAA,DEL,6E,IndiGo,inf,2026-09-07,7,business,,,39741.0,False,18:15,ok,2026-08-31T11:43:09.688455+00:00,2026-08-31_1143IST
MAA,DEL,6E,IndiGo,inf,2026-09-07,7,economy,,,11627.0,False,18:15,ok,2026-08-31T11:43:09.688455+00:00,2026-08-31_1143IST
MAA,DEL,6E,IndiGo,inf,2026-09-07,7,economy,,,12128.0,False,12:00,ok,2026-08-31T11:43:09.688455+00:00,2026-08-31_1143IST
MAA,DEL,6E,IndiGo,inf,2026-09-07,7,economy,,,12353.0,False,07:10,ok,2026-08-31T11:43:09.688455+00:00,2026-08-31_1143IST
MAA,DEL,6E,IndiGo,inf,2026-09-07,7,business,,,39741.0,False,14:45,ok,2026-08-31T11:43:09.688455+00:00,2026-08-31_1143IST
MAA,DEL,6E,IndiGo,inf,2026-09-07,7,economy,,,12502.0,False,14:45,ok,2026-08-31T11:43:09.688455+00:00,2026-08-31_1143IST
MAA,DEL,6E,IndiGo,inf,2026-09-07,7,business,,,39741.0,False,06:45,ok,2026-08-31T11:43:09.688455+00:00,2026-08-31_1143IST
MAA,DEL,6E,IndiGo,inf,2026-09-07,7,economy,,,12563.0,False,06:45,ok,2026-08-31T11:43:09.688455+00:00,2026-08-31_1143IST
MAA,DEL,6E,IndiGo,inf,2026-09-07,7,economy,,,12563.0,False,11:45,ok,2026-08-31T11:43:09.688455+00:00,2026-08-31_1143IST
MAA,DEL,6E,IndiGo,inf,2026-09-07,7,business,,,28413.0,False,05:40,ok,2026-08-31T11:43:09.688455+00:00,2026-08-31_1143IST
MAA,DEL,6E,IndiGo,inf,2026-09-07,7,economy,,,12633.0,False,05:40,ok,2026-08-31T11:43:09.688455+00:00,2026-08-31_1143IST
MAA,DEL,6E,IndiGo,inf,2026-09-07,7,economy,,,14073.0,False,07:10,ok,2026-08-31T11:43:09.688455+00:00,2026-08-31_1143IST
MAA,DEL,6E,IndiGo,inf,2026-09-07,7,economy,,,14513.0,False,11:55,ok,2026-08-31T11:43:09.688455+00:00,2026-08-31_1143IST
MAA,DEL,6E,IndiGo,inf,2026-09-07,7,economy,,,14723.0,False,08:20,ok,2026-08-31T11:43:09.688455+00:00,2026-08-31_1143IST
MAA,DEL,6E,IndiGo,inf,2026-09-07,7,economy,,,15632.0,False,07:05,ok,2026-08-31T11:43:09.688455+00:00,2026-08-31_1143IST
MAA,DEL,6E,IndiGo,inf,2026-09-07,7,economy,,,15632.0,False,07:05,ok,2026-08-31T11:43:09.688455+00:00,2026-08-31_1143IST
MAA,DEL,6E,IndiGo,inf,2026-09-07,7,business,,,39741.0,False,09:00,ok,2026-08-31T11:43:09.688455+00:00,2026-08-31_1143IST
MAA,DEL,6E,IndiGo,inf,2026-09-07,7,economy,,,15850.0,False,09:00,ok,2026-08-31T11:43:09.688455+00:00,2026-08-31_1143IST
MAA,DEL,6E,IndiGo,inf,2026-09-07,7,economy,,,16123.0,False,17:45,ok,2026-08-31T11:43:09.688455+00:00,2026-08-31_1143IST
MAA,DEL,6E,IndiGo,inf,2026-09-07,7,economy,,,17730.0,False,17:50,ok,2026-08-31T11:43:09.688455+00:00,2026-08-31_1143IST
MAA,DEL,6E,IndiGo,inf,2026-09-07,7,economy,,,18239.0,False,08:10,ok,2026-08-31T11:43:09.688455+00:00,2026-08-31_1143IST
MAA,DEL,6E,IndiGo,6.000000000000001e+244,2026-09-07,7,economy,,,19338.0,False,03:55,ok,2026-08-31T11:43:09.688455+00:00,2026-08-31_1143IST
DEL,BOM,6E,IndiGo,inf,2026-09-15,15,business,,,21900.0,False,05:00,ok,2026-08-31T11:44:15.606212+00:00,2026-08-31_1144IST
DEL,BOM,6E,IndiGo,inf,2026-09-15,15,economy,,,6305.0,False,05:00,ok,2026-08-31T11:44:15.606212+00:00,2026-08-31_1144IST
DEL,BOM,6E,IndiGo,inf,2026-09-15,15,business,,,21900.0,False,10:15,ok,2026-08-31T11:44:15.606212+00:00,2026-08-31_1144IST
DEL,BOM,6E,IndiGo,inf,2026-09-15,15,economy,,,6305.0,False,10:15,ok,2026-08-31T11:44:15.606212+00:00,2026-08-31_1144IST
DEL,BOM,6E,IndiGo,inf,2026-09-15,15,business,,,21900.0,False,11:00,ok,2026-08-31T11:44:15.606212+00:00,2026-08-31_1144IST
DEL,BOM,6E,IndiGo,inf,2026-09-15,15,economy,,,6305.0,False,11:00,ok,2026-08-31T11:44:15.606212+00:00,2026-08-31_1144IST
DEL,BOM,6E,IndiGo,inf,2026-09-15,15,business,,,21900.0,False,13:00,ok,2026-08-31T11:44:15.606212+00:00,2026-08-31_1144IST
DEL,BOM,6E,IndiGo,inf,2026-09-15,15,economy,,,6305.0,False,13:00,ok,2026-08-31T11:44:15.606212+00:00,2026-08-31_1144IST
DEL,BOM,6E,IndiGo,inf,2026-09-15,15,business,,,21900.0,False,14:45,ok,2026-08-31T11:44:15.606212+00:00,2026-08-31_1144IST
DEL,BOM,6E,IndiGo,inf,2026-09-15,15,economy,,,6305.0,False,14:45,ok,2026-08-31T11:44:15.606212+00:00,2026-08-31_1144IST
DEL,BOM,6E,IndiGo,inf,2026-09-15,15,business,,,21900.0,False,15:30,ok,2026-08-31T11:44:15.606212+00:00,2026-08-31_1144IST
DEL,BOM,6E,IndiGo,inf,2026-09-15,15,economy,,,6305.0,False,15:30,ok,2026-08-31T11:44:15.606212+00:00,2026-08-31_1144IST
DEL,BOM,6E,IndiGo,inf,2026-09-15,15,business,,,21900.0,False,16:15,ok,2026-08-31T11:44:15.606212+00:00,2026-08-31_1144IST
DEL,BOM,6E,IndiGo,inf,2026-09-15,15,economy,,,6305.0,False,16:15,ok,2026-08-31T11:44:15.606212+00:00,2026-08-31_1144IST
DEL,BOM,6E,IndiGo,inf,2026-09-15,15,business,,,21900.0,False,22:45,ok,2026-08-31T11:44:15.606212+00:00,2026-08-31_1144IST
DEL,BOM,6E,IndiGo,inf,2026-09-15,15,economy,,,6305.0,False,22:45,ok,2026-08-31T11:44:15.606212+00:00,2026-08-31_1144IST
DEL,BOM,6E,IndiGo,inf,2026-09-15,15,business,,,21900.0,False,23:30,ok,2026-08-31T11:44:15.606212+00:00,2026-08-31_1144IST
DEL,BOM,6E,IndiGo,inf,2026-09-15,15,economy,,,6305.0,False,23:30,ok,2026-08-31T11:44:15.606212+00:00,2026-08-31_1144IST
DEL,BOM,6E,IndiGo,inf,2026-09-15,15,business,,,21900.0,False,06:05,ok,2026-08-31T11:44:15.606212+00:00,2026-08-31_1144IST
DEL,BOM,6E,IndiGo,inf,2026-09-15,15,economy,,,6357.0,False,06:05,ok,2026-08-31T11:44:15.606212+00:00,2026-08-31_1144IST
DEL,BOM,6E,IndiGo,inf,2026-09-15,15,business,,,21900.0,False,08:45,ok,2026-08-31T11:44:15.606212+00:00,2026-08-31_1144IST
DEL,BOM,6E,IndiGo,inf,2026-09-15,15,economy,,,6357.0,False,08:45,ok,2026-08-31T11:44:15.606212+00:00,2026-08-31_1144IST
DEL,BOM,6E,IndiGo,inf,2026-09-15,15,business,,,21900.0,False,09:30,ok,2026-08-31T11:44:15.606212+00:00,2026-08-31_1144IST
DEL,BOM,6E,IndiGo,inf,2026-09-15,15,economy,,,6357.0,False,09:30,ok,2026-08-31T11:44:15.606212+00:00,2026-08-31_1144IST
DEL,BOM,6E,IndiGo,inf,2026-09-15,15,business,,,21900.0,False,12:00,ok,2026-08-31T11:44:15.606212+00:00,2026-08-31_1144IST
DEL,BOM,6E,IndiGo,inf,2026-09-15,15,economy,,,6357.0,False,12:00,ok,2026-08-31T11:44:15.606212+00:00,2026-08-31_1144IST
DEL,BOM,6E,IndiGo,inf,2026-09-15,15,business,,,21900.0,False,14:00,ok,2026-08-31T11:44:15.606212+00:00,2026-08-31_1144IST
DEL,BOM,6E,IndiGo,inf,2026-09-15,15,economy,,,6357.0,False,14:00,ok,2026-08-31T11:44:15.606212+00:00,2026-08-31_1144IST
DEL,BOM,6E,IndiGo,inf,2026-09-15,15,business,,,21900.0,False,17:00,ok,2026-08-31T11:44:15.606212+00:00,2026-08-31_1144IST
DEL,BOM,6E,IndiGo,inf,2026-09-15,15,economy,,,6357.0,False,17:00,ok,2026-08-31T11:44:15.606212+00:00,2026-08-31_1144IST
DEL,BOM,6E,IndiGo,inf,2026-09-15,15,business,,,21900.0,False,19:00,ok,2026-08-31T11:44:15.606212+00:00,2026-08-31_1144IST
DEL,BOM,6E,IndiGo,inf,2026-09-15,15,economy,,,6357.0,False,19:00,ok,2026-08-31T11:44:15.606212+00:00,2026-08-31_1144IST
DEL,BOM,6E,IndiGo,6.000000000000001e+303,2026-09-15,15,business,,,21900.0,False,20:00,ok,2026-08-31T11:44:15.606212+00:00,2026-08-31_1144IST
DEL,BOM,6E,IndiGo,6.000000000000001e+303,2026-09-15,15,economy,,,6357.0,False,20:00,ok,2026-08-31T11:44:15.606212+00:00,2026-08-31_1144IST
DEL,BOM,6E,IndiGo,inf,2026-09-15,15,business,,,21900.0,False,07:15,ok,2026-08-31T11:44:15.606212+00:00,2026-08-31_1144IST
DEL,BOM,6E,IndiGo,inf,2026-09-15,15,economy,,,6431.0,False,07:15,ok,2026-08-31T11:44:15.606212+00:00,2026-08-31_1144IST
DEL,BOM,6E,IndiGo,inf,2026-09-15,15,business,,,21900.0,False,08:00,ok,2026-08-31T11:44:15.606212+00:00,2026-08-31_1144IST
DEL,BOM,6E,IndiGo,inf,2026-09-15,15,economy,,,6431.0,False,08:00,ok,2026-08-31T11:44:15.606212+00:00,2026-08-31_1144IST
DEL,BOM,6E,IndiGo,inf,2026-09-15,15,business,,,21900.0,False,18:00,ok,2026-08-31T11:44:15.606212+00:00,2026-08-31_1144IST
DEL,BOM,6E,IndiGo,inf,2026-09-15,15,economy,,,6431.0,False,18:00,ok,2026-08-31T11:44:15.606212+00:00,2026-08-31_1144IST
DEL,BOM,6E,IndiGo,inf,2026-09-15,15,business,,,21900.0,False,21:45,ok,2026-08-31T11:44:15.606212+00:00,2026-08-31_1144IST
DEL,BOM,6E,IndiGo,inf,2026-09-15,15,economy,,,6431.0,False,21:45,ok,2026-08-31T11:44:15.606212+00:00,2026-08-31_1144IST
DEL,BOM,6E,IndiGo,inf,2026-09-15,15,economy,,,7272.0,False,00:15,ok,2026-08-31T11:44:15.606212+00:00,2026-08-31_1144IST
DEL,BOM,6E,IndiGo,inf,2026-09-15,15,economy,,,7272.0,False,05:10,ok,2026-08-31T11:44:15.606212+00:00,2026-08-31_1144IST
DEL,BOM,6E,IndiGo,inf,2026-09-15,15,economy,,,7272.0,False,05:10,ok,2026-08-31T11:44:15.606212+00:00,2026-08-31_1144IST
DEL,BOM,6E,IndiGo,inf,2026-09-15,15,economy,,,7272.0,False,07:30,ok,2026-08-31T11:44:15.606212+00:00,2026-08-31_1144IST
DEL,BOM,6E,IndiGo,inf,2026-09-15,15,economy,,,7272.0,False,09:45,ok,2026-08-31T11:44:15.606212+00:00,2026-08-31_1144IST
DEL,BOM,6E,IndiGo,inf,2026-09-15,15,economy,,,7272.0,False,12:20,ok,2026-08-31T11:44:15.606212+00:00,2026-08-31_1144IST
DEL,BOM,6E,IndiGo,inf,2026-09-15,15,economy,,,7272.0,False,14:50,ok,2026-08-31T11:44:15.606212+00:00,2026-08-31_1144IST
DEL,BOM,6E,IndiGo,inf,2026-09-15,15,economy,,,7272.0,False,15:35,ok,2026-08-31T11:44:15.606212+00:00,2026-08-31_1144IST
DEL,BOM,6E,IndiGo,inf,2026-09-15,15,economy,,,7272.0,False,15:50,ok,2026-08-31T11:44:15.606212+00:00,2026-08-31_1144IST
DEL,BOM,6E,IndiGo,inf,2026-09-15,15,economy,,,7272.0,False,17:05,ok,2026-08-31T11:44:15.606212+00:00,2026-08-31_1144IST
DEL,BOM,6E,IndiGo,inf,2026-09-15,15,economy,,,7272.0,False,17:05,ok,2026-08-31T11:44:15.606212+00:00,2026-08-31_1144IST
DEL,BOM,6E,IndiGo,inf,2026-09-15,15,economy,,,7272.0,False,18:30,ok,2026-08-31T11:44:15.606212+00:00,2026-08-31_1144IST
DEL,BOM,6E,IndiGo,inf,2026-09-15,15,economy,,,7272.0,False,21:50,ok,2026-08-31T11:44:15.606212+00:00,2026-08-31_1144IST
DEL,BOM,6E,IndiGo,inf,2026-09-15,15,economy,,,7403.0,False,05:55,ok,2026-08-31T11:44:15.606212+00:00,2026-08-31_1144IST
DEL,BOM,6E,IndiGo,inf,2026-09-15,15,economy,,,7403.0,False,09:00,ok,2026-08-31T11:44:15.606212+00:00,2026-08-31_1144IST
DEL,BOM,6E,IndiGo,inf,2026-09-15,15,economy,,,7403.0,False,11:20,ok,2026-08-31T11:44:15.606212+00:00,2026-08-31_1144IST
DEL,BOM,6E,IndiGo,inf,2026-09-15,15,economy,,,7403.0,False,15:00,ok,2026-08-31T11:44:15.606212+00:00,2026-08-31_1144IST
DEL,BOM,6E,IndiGo,inf,2026-09-15,15,economy,,,7403.0,False,16:30,ok,2026-08-31T11:44:15.606212+00:00,2026-08-31_1144IST
DEL,BOM,6E,IndiGo,inf,2026-09-15,15,economy,,,7403.0,False,17:20,ok,2026-08-31T11:44:15.606212+00:00,2026-08-31_1144IST
DEL,BOM,6E,IndiGo,inf,2026-09-15,15,economy,,,7403.0,False,17:20,ok,2026-08-31T11:44:15.606212+00:00,2026-08-31_1144IST
DEL,BOM,6E,IndiGo,inf,2026-09-15,15,economy,,,7403.0,False,19:10,ok,2026-08-31T11:44:15.606212+00:00,2026-08-31_1144IST
DEL,BOM,6E,IndiGo,inf,2026-09-15,15,economy,,,7403.0,False,19:40,ok,2026-08-31T11:44:15.606212+00:00,2026-08-31_1144IST
DEL,BOM,6E,IndiGo,inf,2026-09-15,15,economy,,,7482.0,False,07:05,ok,2026-08-31T11:44:15.606212+00:00,2026-08-31_1144IST
DEL,BOM,6E,IndiGo,inf,2026-09-15,15,economy,,,7482.0,False,08:15,ok,2026-08-31T11:44:15.606212+00:00,2026-08-31_1144IST
DEL,BOM,6E,IndiGo,inf,2026-09-15,15,economy,,,7482.0,False,09:00,ok,2026-08-31T11:44:15.606212+00:00,2026-08-31_1144IST
DEL,BOM,6E,IndiGo,inf,2026-09-15,15,economy,,,7482.0,False,13:20,ok,2026-08-31T11:44:15.606212+00:00,2026-08-31_1144IST
DEL,BOM,6E,IndiGo,inf,2026-09-15,15,economy,,,7482.0,False,14:00,ok,2026-08-31T11:44:15.606212+00:00,2026-08-31_1144IST
DEL,BOM,6E,IndiGo,inf,2026-09-15,15,economy,,,7482.0,False,16:30,ok,2026-08-31T11:44:15.606212+00:00,2026-08-31_1144IST
DEL,BOM,6E,IndiGo,inf,2026-09-15,15,economy,,,7482.0,False,19:45,ok,2026-08-31T11:44:15.606212+00:00,2026-08-31_1144IST
DEL,BOM,6E,IndiGo,inf,2026-09-15,15,economy,,,7482.0,False,21:25,ok,2026-08-31T11:44:15.606212+00:00,2026-08-31_1144IST
DEL,BOM,6E,IndiGo,inf,2026-09-15,15,business,,,29617.0,False,02:25,ok,2026-08-31T11:44:15.606212+00:00,2026-08-31_1144IST
DEL,BOM,6E,IndiGo,inf,2026-09-15,15,economy,,,7613.0,False,02:25,ok,2026-08-31T11:44:15.606212+00:00,2026-08-31_1144IST
DEL,BOM,6E,IndiGo,inf,2026-09-15,15,business,,,29617.0,False,08:30,ok,2026-08-31T11:44:15.606212+00:00,2026-08-31_1144IST
DEL,BOM,6E,IndiGo,inf,2026-09-15,15,economy,,,7613.0,False,08:30,ok,2026-08-31T11:44:15.606212+00:00,2026-08-31_1144IST
DEL,BOM,6E,IndiGo,inf,2026-09-15,15,business,,,29617.0,False,09:55,ok,2026-08-31T11:44:15.606212+00:00,2026-08-31_1144IST
DEL,BOM,6E,IndiGo,inf,2026-09-15,15,economy,,,7613.0,False,09:55,ok,2026-08-31T11:44:15.606212+00:00,2026-08-31_1144IST
DEL,BOM,6E,IndiGo,inf,2026-09-15,15,business,,,29617.0,False,13:30,ok,2026-08-31T11:44:15.606212+00:00,2026-08-31_1144IST
DEL,BOM,6E,IndiGo,inf,2026-09-15,15,economy,,,7613.0,False,13:30,ok,2026-08-31T11:44:15.606212+00:00,2026-08-31_1144IST
DEL,BOM,6E,IndiGo,inf,2026-09-15,15,business,,,29617.0,False,13:30,ok,2026-08-31T11:44:15.606212+00:00,2026-08-31_1144IST
DEL,BOM,6E,IndiGo,inf,2026-09-15,15,economy,,,7613.0,False,13:30,ok,2026-08-31T11:44:15.606212+00:00,2026-08-31_1144IST
DEL,BOM,6E,IndiGo,inf,2026-09-15,15,economy,,,7613.0,False,13:45,ok,2026-08-31T11:44:15.606212+00:00,2026-08-31_1144IST
DEL,BOM,6E,IndiGo,inf,2026-09-15,15,economy,,,7613.0,False,18:40,ok,2026-08-31T11:44:15.606212+00:00,2026-08-31_1144IST
DEL,BOM,6E,IndiGo,inf,2026-09-15,15,business,,,29617.0,False,19:45,ok,2026-08-31T11:44:15.606212+00:00,2026-08-31_1144IST
DEL,BOM,6E,IndiGo,inf,2026-09-15,15,economy,,,7613.0,False,19:45,ok,2026-08-31T11:44:15.606212+00:00,2026-08-31_1144IST
DEL,BOM,6E,IndiGo,inf,2026-09-15,15,economy,,,7613.0,False,23:15,ok,2026-08-31T11:44:15.606212+00:00,2026-08-31_1144IST
DEL,BOM,6E,IndiGo,inf,2026-09-15,15,economy,,,7692.0,False,12:15,ok,2026-08-31T11:44:15.606212+00:00,2026-08-31_1144IST
DEL,BOM,6E,IndiGo,inf,2026-09-15,15,economy,,,7692.0,False,19:30,ok,2026-08-31T11:44:15.606212+00:00,2026-08-31_1144IST
DEL,BOM,6E,IndiGo,inf,2026-09-15,15,economy,,,7928.0,False,11:20,ok,2026-08-31T11:44:15.606212+00:00,2026-08-31_1144IST
DEL,BOM,6E,IndiGo,inf,2026-09-15,15,economy,,,8323.0,False,19:35,ok,2026-08-31T11:44:15.606212+00:00,2026-08-31_1144IST
DEL,BOM,6E,IndiGo,inf,2026-09-15,15,economy,,,8507.0,False,05:40,ok,2026-08-31T11:44:15.606212+00:00,2026-08-31_1144IST
DEL,BOM,6E,IndiGo,inf,2026-09-15,15,economy,,,9368.0,False,10:55,ok,2026-08-31T11:44:15.606212+00:00,2026-08-31_1144IST
DEL,BLR,6E,IndiGo,inf,2026-09-15,15,business,,,25900.0,False,03:00,ok,2026-08-31T11:45:24.427936+00:00,2026-08-31_1145IST
DEL,BLR,6E,IndiGo,inf,2026-09-15,15,economy,,,8523.0,False,03:00,ok,2026-08-31T11:45:24.427936+00:00,2026-08-31_1145IST
DEL,BLR,6E,IndiGo,inf,2026-09-15,15,business,,,25900.0,False,22:00,ok,2026-08-31T11:45:24.427936+00:00,2026-08-31_1145IST
DEL,BLR,6E,IndiGo,inf,2026-09-15,15,economy,,,8523.0,False,22:00,ok,2026-08-31T11:45:24.427936+00:00,2026-08-31_1145IST
DEL,BLR,6E,IndiGo,inf,2026-09-15,15,business,,,25900.0,False,23:30,ok,2026-08-31T11:45:24.427936+00:00,2026-08-31_1145IST
DEL,BLR,6E,IndiGo,inf,2026-09-15,15,economy,,,8523.0,False,23:30,ok,2026-08-31T11:45:24.427936+00:00,2026-08-31_1145IST
DEL,BLR,6E,IndiGo,inf,2026-09-15,15,business,,,25900.0,False,05:45,ok,2026-08-31T11:45:24.427936+00:00,2026-08-31_1145IST
DEL,BLR,6E,IndiGo,inf,2026-09-15,15,economy,,,8980.0,False,05:45,ok,2026-08-31T11:45:24.427936+00:00,2026-08-31_1145IST
DEL,BLR,6E,IndiGo,inf,2026-09-15,15,business,,,25900.0,False,20:45,ok,2026-08-31T11:45:24.427936+00:00,2026-08-31_1145IST
DEL,BLR,6E,IndiGo,inf,2026-09-15,15,economy,,,8980.0,False,20:45,ok,2026-08-31T11:45:24.427936+00:00,2026-08-31_1145IST
DEL,BLR,6E,IndiGo,inf,2026-09-15,15,business,,,25900.0,False,07:05,ok,2026-08-31T11:45:24.427936+00:00,2026-08-31_1145IST
DEL,BLR,6E,IndiGo,inf,2026-09-15,15,economy,,,9465.0,False,07:05,ok,2026-08-31T11:45:24.427936+00:00,2026-08-31_1145IST
DEL,BLR,6E,IndiGo,inf,2026-09-15,15,business,,,25900.0,False,14:30,ok,2026-08-31T11:45:24.427936+00:00,2026-08-31_1145IST
DEL,BLR,6E,IndiGo,inf,2026-09-15,15,economy,,,9465.0,False,14:30,ok,2026-08-31T11:45:24.427936+00:00,2026-08-31_1145IST
DEL,BLR,6E,IndiGo,inf,2026-09-15,15,business,,,25900.0,False,15:45,ok,2026-08-31T11:45:24.427936+00:00,2026-08-31_1145IST
DEL,BLR,6E,IndiGo,inf,2026-09-15,15,economy,,,9465.0,False,15:45,ok,2026-08-31T11:45:24.427936+00:00,2026-08-31_1145IST
DEL,BLR,6E,IndiGo,inf,2026-09-15,15,business,,,25900.0,False,17:00,ok,2026-08-31T11:45:24.427936+00:00,2026-08-31_1145IST
DEL,BLR,6E,IndiGo,inf,2026-09-15,15,economy,,,9465.0,False,17:00,ok,2026-08-31T11:45:24.427936+00:00,2026-08-31_1145IST
DEL,BLR,6E,IndiGo,inf,2026-09-15,15,business,,,25900.0,False,18:20,ok,2026-08-31T11:45:24.427936+00:00,2026-08-31_1145IST
DEL,BLR,6E,IndiGo,inf,2026-09-15,15,economy,,,9465.0,False,18:20,ok,2026-08-31T11:45:24.427936+00:00,2026-08-31_1145IST
DEL,BLR,6E,IndiGo,inf,2026-09-15,15,business,,,25900.0,False,19:30,ok,2026-08-31T11:45:24.427936+00:00,2026-08-31_1145IST
DEL,BLR,6E,IndiGo,inf,2026-09-15,15,economy,,,9465.0,False,19:30,ok,2026-08-31T11:45:24.427936+00:00,2026-08-31_1145IST
DEL,BLR,6E,IndiGo,inf,2026-09-15,15,business,,,25900.0,False,08:20,ok,2026-08-31T11:45:24.427936+00:00,2026-08-31_1145IST
DEL,BLR,6E,IndiGo,inf,2026-09-15,15,economy,,,9980.0,False,08:20,ok,2026-08-31T11:45:24.427936+00:00,2026-08-31_1145IST
DEL,BLR,6E,IndiGo,inf,2026-09-15,15,business,,,25900.0,False,09:30,ok,2026-08-31T11:45:24.427936+00:00,2026-08-31_1145IST
DEL,BLR,6E,IndiGo,inf,2026-09-15,15,economy,,,10527.0,False,09:30,ok,2026-08-31T11:45:24.427936+00:00,2026-08-31_1145IST
DEL,BLR,6E,IndiGo,inf,2026-09-15,15,business,,,25900.0,False,10:45,ok,2026-08-31T11:45:24.427936+00:00,2026-08-31_1145IST
DEL,BLR,6E,IndiGo,inf,2026-09-15,15,economy,,,10527.0,False,10:45,ok,2026-08-31T11:45:24.427936+00:00,2026-08-31_1145IST
DEL,BLR,6E,IndiGo,inf,2026-09-15,15,business,,,25900.0,False,12:20,ok,2026-08-31T11:45:24.427936+00:00,2026-08-31_1145IST
DEL,BLR,6E,IndiGo,inf,2026-09-15,15,economy,,,11109.0,False,12:20,ok,2026-08-31T11:45:24.427936+00:00,2026-08-31_1145IST
DEL,BLR,6E,IndiGo,inf,2026-09-15,15,business,,,24394.0,False,17:55,ok,2026-08-31T11:45:24.427936+00:00,2026-08-31_1145IST
DEL,BLR,6E,IndiGo,inf,2026-09-15,15,economy,,,10113.0,False,17:55,ok,2026-08-31T11:45:24.427936+00:00,2026-08-31_1145IST
DEL,BLR,6E,IndiGo,inf,2026-09-15,15,economy,,,10347.0,False,19:45,ok,2026-08-31T11:45:24.427936+00:00,2026-08-31_1145IST
DEL,BLR,6E,IndiGo,inf,2026-09-15,15,business,,,24760.0,False,11:45,ok,2026-08-31T11:45:24.427936+00:00,2026-08-31_1145IST
DEL,BLR,6E,IndiGo,inf,2026-09-15,15,economy,,,10439.0,False,11:45,ok,2026-08-31T11:45:24.427936+00:00,2026-08-31_1145IST
DEL,BLR,6E,IndiGo,inf,2026-09-15,15,business,,,24394.0,False,16:15,ok,2026-08-31T11:45:24.427936+00:00,2026-08-31_1145IST
DEL,BLR,6E,IndiGo,inf,2026-09-15,15,economy,,,10660.0,False,16:15,ok,2026-08-31T11:45:24.427936+00:00,2026-08-31_1145IST
DEL,BLR,6E,IndiGo,inf,2026-09-15,15,economy,,,10662.0,False,07:05,ok,2026-08-31T11:45:24.427936+00:00,2026-08-31_1145IST
DEL,BLR,6E,IndiGo,inf,2026-09-15,15,economy,,,10697.0,False,19:35,ok,2026-08-31T11:45:24.427936+00:00,2026-08-31_1145IST
DEL,BLR,6E,IndiGo,inf,2026-09-15,15,business,,,25164.0,False,09:55,ok,2026-08-31T11:45:24.427936+00:00,2026-08-31_1145IST
DEL,BLR,6E,IndiGo,inf,2026-09-15,15,economy,,,10799.0,False,09:55,ok,2026-08-31T11:45:24.427936+00:00,2026-08-31_1145IST
DEL,BLR,6E,IndiGo,inf,2026-09-15,15,business,,,26668.0,False,23:00,ok,2026-08-31T11:45:24.427936+00:00,2026-08-31_1145IST
DEL,BLR,6E,IndiGo,inf,2026-09-15,15,economy,,,10860.0,False,23:00,ok,2026-08-31T11:45:24.427936+00:00,2026-08-31_1145IST
DEL,BLR,6E,IndiGo,inf,2026-09-15,15,economy,,,10948.0,False,15:50,ok,2026-08-31T11:45:24.427936+00:00,2026-08-31_1145IST
DEL,BLR,6E,IndiGo,inf,2026-09-15,15,economy,,,10974.0,False,16:30,ok,2026-08-31T11:45:24.427936+00:00,2026-08-31_1145IST
DEL,BLR,6E,IndiGo,inf,2026-09-15,15,business,,,25164.0,False,16:15,ok,2026-08-31T11:45:24.427936+00:00,2026-08-31_1145IST
DEL,BLR,6E,IndiGo,inf,2026-09-15,15,economy,,,11053.0,False,16:15,ok,2026-08-31T11:45:24.427936+00:00,2026-08-31_1145IST
DEL,BLR,6E,IndiGo,inf,2026-09-15,15,business,,,27887.0,False,02:20,ok,2026-08-31T11:45:24.427936+00:00,2026-08-31_1145IST
DEL,BLR,6E,IndiGo,inf,2026-09-15,15,economy,,,11184.0,False,02:20,ok,2026-08-31T11:45:24.427936+00:00,2026-08-31_1145IST
DEL,BLR,6E,IndiGo,inf,2026-09-15,15,economy,,,11184.0,False,05:10,ok,2026-08-31T11:45:24.427936+00:00,2026-08-31_1145IST
DEL,BLR,6E,IndiGo,inf,2026-09-15,15,economy,,,11184.0,False,05:55,ok,2026-08-31T11:45:24.427936+00:00,2026-08-31_1145IST
DEL,BLR,6E,IndiGo,inf,2026-09-15,15,economy,,,11184.0,False,06:55,ok,2026-08-31T11:45:24.427936+00:00,2026-08-31_1145IST
DEL,BLR,6E,IndiGo,inf,2026-09-15,15,business,,,34488.0,False,08:00,ok,2026-08-31T11:45:24.427936+00:00,2026-08-31_1145IST
DEL,BLR,6E,IndiGo,inf,2026-09-15,15,economy,,,11184.0,False,08:00,ok,2026-08-31T11:45:24.427936+00:00,2026-08-31_1145IST
DEL,BLR,6E,IndiGo,inf,2026-09-15,15,business,,,34488.0,False,11:00,ok,2026-08-31T11:45:24.427936+00:00,2026-08-31_1145IST
DEL,BLR,6E,IndiGo,inf,2026-09-15,15,economy,,,11184.0,False,11:00,ok,2026-08-31T11:45:24.427936+00:00,2026-08-31_1145IST
DEL,BLR,6E,IndiGo,inf,2026-09-15,15,economy,,,11184.0,False,11:20,ok,2026-08-31T11:45:24.427936+00:00,2026-08-31_1145IST
DEL,BLR,6E,IndiGo,inf,2026-09-15,15,business,,,34488.0,False,14:00,ok,2026-08-31T11:45:24.427936+00:00,2026-08-31_1145IST
DEL,BLR,6E,IndiGo,inf,2026-09-15,15,economy,,,11184.0,False,14:00,ok,2026-08-31T11:45:24.427936+00:00,2026-08-31_1145IST
DEL,BLR,6E,IndiGo,inf,2026-09-15,15,economy,,,11184.0,False,15:20,ok,2026-08-31T11:45:24.427936+00:00,2026-08-31_1145IST
DEL,BLR,6E,IndiGo,inf,2026-09-15,15,economy,,,11184.0,False,16:20,ok,2026-08-31T11:45:24.427936+00:00,2026-08-31_1145IST
DEL,BLR,6E,IndiGo,inf,2026-09-15,15,business,,,27445.0,False,16:25,ok,2026-08-31T11:45:24.427936+00:00,2026-08-31_1145IST
DEL,BLR,6E,IndiGo,inf,2026-09-15,15,economy,,,11184.0,False,16:25,ok,2026-08-31T11:45:24.427936+00:00,2026-08-31_1145IST
DEL,BLR,6E,IndiGo,inf,2026-09-15,15,business,,,34488.0,False,17:00,ok,2026-08-31T11:45:24.427936+00:00,2026-08-31_1145IST
DEL,BLR,6E,IndiGo,inf,2026-09-15,15,economy,,,11184.0,False,17:00,ok,2026-08-31T11:45:24.427936+00:00,2026-08-31_1145IST
DEL,BLR,6E,IndiGo,inf,2026-09-15,15,economy,,,11184.0,False,17:05,ok,2026-08-31T11:45:24.427936+00:00,2026-08-31_1145IST
DEL,BLR,6E,IndiGo,inf,2026-09-15,15,economy,,,11184.0,False,17:20,ok,2026-08-31T11:45:24.427936+00:00,2026-08-31_1145IST
DEL,BLR,6E,IndiGo,inf,2026-09-15,15,business,,,34488.0,False,18:00,ok,2026-08-31T11:45:24.427936+00:00,2026-08-31_1145IST
DEL,BLR,6E,IndiGo,inf,2026-09-15,15,economy,,,11184.0,False,18:00,ok,2026-08-31T11:45:24.427936+00:00,2026-08-31_1145IST
DEL,BLR,6E,IndiGo,inf,2026-09-15,15,business,,,34488.0,False,18:00,ok,2026-08-31T11:45:24.427936+00:00,2026-08-31_1145IST
DEL,BLR,6E,IndiGo,inf,2026-09-15,15,economy,,,11184.0,False,18:00,ok,2026-08-31T11:45:24.427936+00:00,2026-08-31_1145IST
DEL,BLR,6E,IndiGo,inf,2026-09-15,15,business,,,26668.0,False,21:15,ok,2026-08-31T11:45:24.427936+00:00,2026-08-31_1145IST
DEL,BLR,6E,IndiGo,inf,2026-09-15,15,economy,,,11184.0,False,21:15,ok,2026-08-31T11:45:24.427936+00:00,2026-08-31_1145IST
DEL,BLR,6E,IndiGo,inf,2026-09-15,15,economy,,,11263.0,False,09:15,ok,2026-08-31T11:45:24.427936+00:00,2026-08-31_1145IST
DEL,BLR,6E,IndiGo,inf,2026-09-15,15,economy,,,11263.0,False,09:55,ok,2026-08-31T11:45:24.427936+00:00,2026-08-31_1145IST
DEL,BLR,6E,IndiGo,inf,2026-09-15,15,economy,,,11263.0,False,11:00,ok,2026-08-31T11:45:24.427936+00:00,2026-08-31_1145IST
DEL,BLR,6E,IndiGo,inf,2026-09-15,15,economy,,,11263.0,False,12:15,ok,2026-08-31T11:45:24.427936+00:00,2026-08-31_1145IST
DEL,BLR,6E,IndiGo,inf,2026-09-15,15,economy,,,11263.0,False,13:10,ok,2026-08-31T11:45:24.427936+00:00,2026-08-31_1145IST
DEL,BLR,6E,IndiGo,inf,2026-09-15,15,economy,,,11263.0,False,14:00,ok,2026-08-31T11:45:24.427936+00:00,2026-08-31_1145IST
DEL,BLR,6E,IndiGo,inf,2026-09-15,15,economy,,,11263.0,False,15:15,ok,2026-08-31T11:45:24.427936+00:00,2026-08-31_1145IST
DEL,BLR,6E,IndiGo,inf,2026-09-15,15,economy,,,11263.0,False,16:40,ok,2026-08-31T11:45:24.427936+00:00,2026-08-31_1145IST
DEL,BLR,6E,IndiGo,inf,2026-09-15,15,economy,,,11263.0,False,17:50,ok,2026-08-31T11:45:24.427936+00:00,2026-08-31_1145IST
DEL,BLR,6E,IndiGo,inf,2026-09-15,15,economy,,,11263.0,False,18:15,ok,2026-08-31T11:45:24.427936+00:00,2026-08-31_1145IST
DEL,BLR,6E,IndiGo,inf,2026-09-15,15,economy,,,11394.0,False,18:40,ok,2026-08-31T11:45:24.427936+00:00,2026-08-31_1145IST
DEL,BLR,6E,IndiGo,inf,2026-09-15,15,economy,,,11420.0,False,17:10,ok,2026-08-31T11:45:24.427936+00:00,2026-08-31_1145IST
DEL,BLR,6E,IndiGo,inf,2026-09-15,15,business,,,30189.0,False,05:00,ok,2026-08-31T11:45:24.427936+00:00,2026-08-31_1145IST
DEL,BLR,6E,IndiGo,inf,2026-09-15,15,economy,,,11604.0,False,05:00,ok,2026-08-31T11:45:24.427936+00:00,2026-08-31_1145IST
DEL,BLR,6E,IndiGo,inf,2026-09-15,15,business,,,30189.0,False,08:30,ok,2026-08-31T11:45:24.427936+00:00,2026-08-31_1145IST
DEL,BLR,6E,IndiGo,inf,2026-09-15,15,economy,,,11604.0,False,08:30,ok,2026-08-31T11:45:24.427936+00:00,2026-08-31_1145IST
DEL,BLR,6E,IndiGo,inf,2026-09-15,15,economy,,,11604.0,False,10:35,ok,2026-08-31T11:45:24.427936+00:00,2026-08-31_1145IST
DEL,BLR,6E,IndiGo,inf,2026-09-15,15,economy,,,11806.0,False,16:30,ok,2026-08-31T11:45:24.427936+00:00,2026-08-31_1145IST
DEL,BLR,6E,IndiGo,inf,2026-09-15,15,business,,,37052.0,False,10:25,ok,2026-08-31T11:45:24.427936+00:00,2026-08-31_1145IST
DEL,BLR,6E,IndiGo,inf,2026-09-15,15,economy,,,27105.0,False,10:25,ok,2026-08-31T11:45:24.427936+00:00,2026-08-31_1145IST
BOM,BLR,6E,IndiGo,inf,2026-09-15,15,business,,,18800.0,False,01:10,ok,2026-08-31T11:46:37.452254+00:00,2026-08-31_1146IST
BOM,BLR,6E,IndiGo,inf,2026-09-15,15,economy,,,4943.0,False,01:10,ok,2026-08-31T11:46:37.452254+00:00,2026-08-31_1146IST
BOM,BLR,6E,IndiGo,inf,2026-09-15,15,business,,,18800.0,False,04:30,ok,2026-08-31T11:46:37.452254+00:00,2026-08-31_1146IST
BOM,BLR,6E,IndiGo,inf,2026-09-15,15,economy,,,4943.0,False,04:30,ok,2026-08-31T11:46:37.452254+00:00,2026-08-31_1146IST
BOM,BLR,6E,IndiGo,inf,2026-09-15,15,business,,,18800.0,False,06:30,ok,2026-08-31T11:46:37.452254+00:00,2026-08-31_1146IST
BOM,BLR,6E,IndiGo,inf,2026-09-15,15,economy,,,6599.0,False,06:30,ok,2026-08-31T11:46:37.452254+00:00,2026-08-31_1146IST
BOM,BLR,6E,IndiGo,inf,2026-09-15,15,economy,,,6599.0,False,08:05,ok,2026-08-31T11:46:37.452254+00:00,2026-08-31_1146IST
BOM,BLR,6E,IndiGo,inf,2026-09-15,15,business,,,18800.0,False,09:50,ok,2026-08-31T11:46:37.452254+00:00,2026-08-31_1146IST
BOM,BLR,6E,IndiGo,inf,2026-09-15,15,economy,,,6599.0,False,09:50,ok,2026-08-31T11:46:37.452254+00:00,2026-08-31_1146IST
BOM,BLR,6E,IndiGo,inf,2026-09-15,15,business,,,18800.0,False,11:00,ok,2026-08-31T11:46:37.452254+00:00,2026-08-31_1146IST
BOM,BLR,6E,IndiGo,inf,2026-09-15,15,economy,,,6599.0,False,11:00,ok,2026-08-31T11:46:37.452254+00:00,2026-08-31_1146IST
BOM,BLR,6E,IndiGo,inf,2026-09-15,15,business,,,18800.0,False,12:30,ok,2026-08-31T11:46:37.452254+00:00,2026-08-31_1146IST
BOM,BLR,6E,IndiGo,inf,2026-09-15,15,economy,,,6599.0,False,12:30,ok,2026-08-31T11:46:37.452254+00:00,2026-08-31_1146IST
BOM,BLR,6E,IndiGo,inf,2026-09-15,15,business,,,18800.0,False,14:30,ok,2026-08-31T11:46:37.452254+00:00,2026-08-31_1146IST
BOM,BLR,6E,IndiGo,inf,2026-09-15,15,economy,,,6599.0,False,14:30,ok,2026-08-31T11:46:37.452254+00:00,2026-08-31_1146IST
BOM,BLR,6E,IndiGo,inf,2026-09-15,15,business,,,18800.0,False,15:35,ok,2026-08-31T11:46:37.452254+00:00,2026-08-31_1146IST
BOM,BLR,6E,IndiGo,inf,2026-09-15,15,economy,,,6599.0,False,15:35,ok,2026-08-31T11:46:37.452254+00:00,2026-08-31_1146IST
BOM,BLR,6E,IndiGo,inf,2026-09-15,15,business,,,18800.0,False,21:30,ok,2026-08-31T11:46:37.452254+00:00,2026-08-31_1146IST
BOM,BLR,6E,IndiGo,inf,2026-09-15,15,economy,,,6599.0,False,21:30,ok,2026-08-31T11:46:37.452254+00:00,2026-08-31_1146IST
BOM,BLR,6E,IndiGo,inf,2026-09-15,15,business,,,18800.0,False,22:20,ok,2026-08-31T11:46:37.452254+00:00,2026-08-31_1146IST
BOM,BLR,6E,IndiGo,inf,2026-09-15,15,economy,,,6599.0,False,22:20,ok,2026-08-31T11:46:37.452254+00:00,2026-08-31_1146IST
BOM,BLR,6E,IndiGo,inf,2026-09-15,15,business,,,18800.0,False,17:00,ok,2026-08-31T11:46:37.452254+00:00,2026-08-31_1146IST
BOM,BLR,6E,IndiGo,inf,2026-09-15,15,economy,,,7229.0,False,17:00,ok,2026-08-31T11:46:37.452254+00:00,2026-08-31_1146IST
BOM,BLR,6E,IndiGo,inf,2026-09-15,15,business,,,18800.0,False,18:30,ok,2026-08-31T11:46:37.452254+00:00,2026-08-31_1146IST
BOM,BLR,6E,IndiGo,inf,2026-09-15,15,economy,,,7229.0,False,18:30,ok,2026-08-31T11:46:37.452254+00:00,2026-08-31_1146IST
BOM,BLR,6E,IndiGo,inf,2026-09-15,15,business,,,20293.0,False,05:45,ok,2026-08-31T11:46:37.452254+00:00,2026-08-31_1146IST
BOM,BLR,6E,IndiGo,inf,2026-09-15,15,economy,,,6277.0,False,05:45,ok,2026-08-31T11:46:37.452254+00:00,2026-08-31_1146IST
BOM,BLR,6E,IndiGo,inf,2026-09-15,15,business,,,20293.0,False,10:15,ok,2026-08-31T11:46:37.452254+00:00,2026-08-31_1146IST
BOM,BLR,6E,IndiGo,inf,2026-09-15,15,economy,,,6277.0,False,10:15,ok,2026-08-31T11:46:37.452254+00:00,2026-08-31_1146IST
BOM,BLR,6E,IndiGo,inf,2026-09-15,15,business,,,19888.0,False,10:15,ok,2026-08-31T11:46:37.452254+00:00,2026-08-31_1146IST
BOM,BLR,6E,IndiGo,inf,2026-09-15,15,economy,,,6277.0,False,10:15,ok,2026-08-31T11:46:37.452254+00:00,2026-08-31_1146IST
BOM,BLR,6E,IndiGo,inf,2026-09-15,15,business,,,20293.0,False,11:40,ok,2026-08-31T11:46:37.452254+00:00,2026-08-31_1146IST
BOM,BLR,6E,IndiGo,inf,2026-09-15,15,economy,,,6277.0,False,11:40,ok,2026-08-31T11:46:37.452254+00:00,2026-08-31_1146IST
BOM,BLR,6E,IndiGo,inf,2026-09-15,15,business,,,19888.0,False,11:40,ok,2026-08-31T11:46:37.452254+00:00,2026-08-31_1146IST
BOM,BLR,6E,IndiGo,inf,2026-09-15,15,economy,,,6277.0,False,11:40,ok,2026-08-31T11:46:37.452254+00:00,2026-08-31_1146IST
BOM,BLR,6E,IndiGo,inf,2026-09-15,15,economy,,,6277.0,False,12:30,ok,2026-08-31T11:46:37.452254+00:00,2026-08-31_1146IST
BOM,BLR,6E,IndiGo,inf,2026-09-15,15,business,,,20293.0,False,15:10,ok,2026-08-31T11:46:37.452254+00:00,2026-08-31_1146IST
BOM,BLR,6E,IndiGo,inf,2026-09-15,15,economy,,,6277.0,False,15:10,ok,2026-08-31T11:46:37.452254+00:00,2026-08-31_1146IST
BOM,BLR,6E,IndiGo,inf,2026-09-15,15,business,,,20293.0,False,15:10,ok,2026-08-31T11:46:37.452254+00:00,2026-08-31_1146IST
BOM,BLR,6E,IndiGo,inf,2026-09-15,15,economy,,,6277.0,False,15:10,ok,2026-08-31T11:46:37.452254+00:00,2026-08-31_1146IST
BOM,BLR,6E,IndiGo,inf,2026-09-15,15,business,,,19522.0,False,15:10,ok,2026-08-31T11:46:37.452254+00:00,2026-08-31_1146IST
BOM,BLR,6E,IndiGo,inf,2026-09-15,15,economy,,,6277.0,False,15:10,ok,2026-08-31T11:46:37.452254+00:00,2026-08-31_1146IST
BOM,BLR,6E,IndiGo,inf,2026-09-15,15,business,,,20293.0,False,16:45,ok,2026-08-31T11:46:37.452254+00:00,2026-08-31_1146IST
BOM,BLR,6E,IndiGo,inf,2026-09-15,15,economy,,,6277.0,False,16:45,ok,2026-08-31T11:46:37.452254+00:00,2026-08-31_1146IST
BOM,BLR,6E,IndiGo,inf,2026-09-15,15,business,,,19522.0,False,16:45,ok,2026-08-31T11:46:37.452254+00:00,2026-08-31_1146IST
BOM,BLR,6E,IndiGo,inf,2026-09-15,15,economy,,,6277.0,False,16:45,ok,2026-08-31T11:46:37.452254+00:00,2026-08-31_1146IST
BOM,BLR,6E,IndiGo,inf,2026-09-15,15,economy,,,6487.0,False,05:35,ok,2026-08-31T11:46:37.452254+00:00,2026-08-31_1146IST
BOM,BLR,6E,IndiGo,inf,2026-09-15,15,economy,,,6487.0,False,06:15,ok,2026-08-31T11:46:37.452254+00:00,2026-08-31_1146IST
BOM,BLR,6E,IndiGo,inf,2026-09-15,15,economy,,,6487.0,False,09:35,ok,2026-08-31T11:46:37.452254+00:00,2026-08-31_1146IST
BOM,BLR,6E,IndiGo,inf,2026-09-15,15,economy,,,6487.0,False,09:50,ok,2026-08-31T11:46:37.452254+00:00,2026-08-31_1146IST
BOM,BLR,6E,IndiGo,inf,2026-09-15,15,economy,,,6487.0,False,09:50,ok,2026-08-31T11:46:37.452254+00:00,2026-08-31_1146IST
BOM,BLR,6E,IndiGo,inf,2026-09-15,15,economy,,,6487.0,False,11:40,ok,2026-08-31T11:46:37.452254+00:00,2026-08-31_1146IST
BOM,BLR,6E,IndiGo,inf,2026-09-15,15,economy,,,6487.0,False,11:40,ok,2026-08-31T11:46:37.452254+00:00,2026-08-31_1146IST
BOM,BLR,6E,IndiGo,inf,2026-09-15,15,economy,,,6487.0,False,12:05,ok,2026-08-31T11:46:37.452254+00:00,2026-08-31_1146IST
BOM,BLR,6E,IndiGo,inf,2026-09-15,15,economy,,,6487.0,False,13:45,ok,2026-08-31T11:46:37.452254+00:00,2026-08-31_1146IST
BOM,BLR,6E,IndiGo,inf,2026-09-15,15,economy,,,6487.0,False,13:45,ok,2026-08-31T11:46:37.452254+00:00,2026-08-31_1146IST
BOM,BLR,6E,IndiGo,inf,2026-09-15,15,economy,,,6487.0,False,14:55,ok,2026-08-31T11:46:37.452254+00:00,2026-08-31_1146IST
BOM,BLR,6E,IndiGo,inf,2026-09-15,15,economy,,,6487.0,False,15:25,ok,2026-08-31T11:46:37.452254+00:00,2026-08-31_1146IST
BOM,BLR,6E,IndiGo,inf,2026-09-15,15,economy,,,6487.0,False,15:25,ok,2026-08-31T11:46:37.452254+00:00,2026-08-31_1146IST
BOM,BLR,6E,IndiGo,6e+240,2026-09-15,15,economy,,,6487.0,False,15:45,ok,2026-08-31T11:46:37.452254+00:00,2026-08-31_1146IST
BOM,BLR,6E,IndiGo,inf,2026-09-15,15,economy,,,6487.0,False,17:10,ok,2026-08-31T11:46:37.452254+00:00,2026-08-31_1146IST
BOM,BLR,6E,IndiGo,inf,2026-09-15,15,economy,,,6487.0,False,17:25,ok,2026-08-31T11:46:37.452254+00:00,2026-08-31_1146IST
BOM,BLR,6E,IndiGo,inf,2026-09-15,15,economy,,,6487.0,False,18:15,ok,2026-08-31T11:46:37.452254+00:00,2026-08-31_1146IST
BOM,BLR,6E,IndiGo,inf,2026-09-15,15,economy,,,6487.0,False,18:40,ok,2026-08-31T11:46:37.452254+00:00,2026-08-31_1146IST
BOM,BLR,6E,IndiGo,inf,2026-09-15,15,economy,,,6487.0,False,20:00,ok,2026-08-31T11:46:37.452254+00:00,2026-08-31_1146IST
BOM,BLR,6E,IndiGo,inf,2026-09-15,15,economy,,,6618.0,False,10:25,ok,2026-08-31T11:46:37.452254+00:00,2026-08-31_1146IST
BOM,BLR,6E,IndiGo,inf,2026-09-15,15,economy,,,6618.0,False,16:50,ok,2026-08-31T11:46:37.452254+00:00,2026-08-31_1146IST
BOM,BLR,6E,IndiGo,inf,2026-09-15,15,economy,,,7181.0,False,18:05,ok,2026-08-31T11:46:37.452254+00:00,2026-08-31_1146IST
BOM,BLR,6E,IndiGo,inf,2026-09-15,15,economy,,,7312.0,False,12:30,ok,2026-08-31T11:46:37.452254+00:00,2026-08-31_1146IST
BOM,BLR,6E,IndiGo,inf,2026-09-15,15,economy,,,7522.0,False,05:35,ok,2026-08-31T11:46:37.452254+00:00,2026-08-31_1146IST
BOM,BLR,6E,IndiGo,inf,2026-09-15,15,economy,,,7522.0,False,09:35,ok,2026-08-31T11:46:37.452254+00:00,2026-08-31_1146IST
BOM,BLR,6E,IndiGo,6.000000000000001e+230,2026-09-15,15,economy,,,7777.0,False,13:55,ok,2026-08-31T11:46:37.452254+00:00,2026-08-31_1146IST
BOM,BLR,6E,IndiGo,6.000000000000001e+230,2026-09-15,15,economy,,,7777.0,False,13:55,ok,2026-08-31T11:46:37.452254+00:00,2026-08-31_1146IST
BOM,BLR,6E,IndiGo,inf,2026-09-15,15,economy,,,7777.0,False,16:40,ok,2026-08-31T11:46:37.452254+00:00,2026-08-31_1146IST
BOM,BLR,6E,IndiGo,inf,2026-09-15,15,economy,,,7777.0,False,16:40,ok,2026-08-31T11:46:37.452254+00:00,2026-08-31_1146IST
BOM,BLR,6E,IndiGo,inf,2026-09-15,15,economy,,,7909.0,False,09:15,ok,2026-08-31T11:46:37.452254+00:00,2026-08-31_1146IST
BOM,BLR,6E,IndiGo,inf,2026-09-15,15,economy,,,8040.0,False,16:55,ok,2026-08-31T11:46:37.452254+00:00,2026-08-31_1146IST
BOM,BLR,6E,IndiGo,inf,2026-09-15,15,economy,,,8119.0,False,13:35,ok,2026-08-31T11:46:37.452254+00:00,2026-08-31_1146IST
BOM,BLR,6E,IndiGo,inf,2026-09-15,15,economy,,,8695.0,False,14:40,ok,2026-08-31T11:46:37.452254+00:00,2026-08-31_1146IST
BOM,BLR,6E,IndiGo,inf,2026-09-15,15,economy,,,8774.0,False,04:00,ok,2026-08-31T11:46:37.452254+00:00,2026-08-31_1146IST
BOM,BLR,6E,IndiGo,inf,2026-09-15,15,economy,,,8778.0,False,05:00,ok,2026-08-31T11:46:37.452254+00:00,2026-08-31_1146IST
BOM,BLR,6E,IndiGo,6e+261,2026-09-15,15,economy,,,11523.0,False,11:20,ok,2026-08-31T11:46:37.452254+00:00,2026-08-31_1146IST
BOM,BLR,6E,IndiGo,6e+261,2026-09-15,15,economy,,,11995.0,False,11:20,ok,2026-08-31T11:46:37.452254+00:00,2026-08-31_1146IST
BOM,BLR,6E,IndiGo,inf,2026-09-15,15,economy,,,12440.0,False,09:05,ok,2026-08-31T11:46:37.452254+00:00,2026-08-31_1146IST
DEL,CCU,6E,IndiGo,inf,2026-09-15,15,business,,,22600.0,False,05:00,ok,2026-08-31T11:47:52.616189+00:00,2026-08-31_1147IST
DEL,CCU,6E,IndiGo,inf,2026-09-15,15,economy,,,8200.0,False,05:00,ok,2026-08-31T11:47:52.616189+00:00,2026-08-31_1147IST
DEL,CCU,6E,IndiGo,inf,2026-09-15,15,business,,,22600.0,False,07:20,ok,2026-08-31T11:47:52.616189+00:00,2026-08-31_1147IST
DEL,CCU,6E,IndiGo,inf,2026-09-15,15,economy,,,8200.0,False,07:20,ok,2026-08-31T11:47:52.616189+00:00,2026-08-31_1147IST
DEL,CCU,6E,IndiGo,inf,2026-09-15,15,business,,,22600.0,False,08:30,ok,2026-08-31T11:47:52.616189+00:00,2026-08-31_1147IST
DEL,CCU,6E,IndiGo,inf,2026-09-15,15,economy,,,8200.0,False,08:30,ok,2026-08-31T11:47:52.616189+00:00,2026-08-31_1147IST
DEL,CCU,6E,IndiGo,inf,2026-09-15,15,business,,,22600.0,False,10:15,ok,2026-08-31T11:47:52.616189+00:00,2026-08-31_1147IST
DEL,CCU,6E,IndiGo,inf,2026-09-15,15,economy,,,8200.0,False,10:15,ok,2026-08-31T11:47:52.616189+00:00,2026-08-31_1147IST
DEL,CCU,6E,IndiGo,inf,2026-09-15,15,business,,,22600.0,False,14:25,ok,2026-08-31T11:47:52.616189+00:00,2026-08-31_1147IST
DEL,CCU,6E,IndiGo,inf,2026-09-15,15,economy,,,8200.0,False,14:25,ok,2026-08-31T11:47:52.616189+00:00,2026-08-31_1147IST
DEL,CCU,6E,IndiGo,inf,2026-09-15,15,business,,,22600.0,False,19:30,ok,2026-08-31T11:47:52.616189+00:00,2026-08-31_1147IST
DEL,CCU,6E,IndiGo,inf,2026-09-15,15,economy,,,8200.0,False,19:30,ok,2026-08-31T11:47:52.616189+00:00,2026-08-31_1147IST
DEL,CCU,6E,IndiGo,inf,2026-09-15,15,business,,,22600.0,False,21:50,ok,2026-08-31T11:47:52.616189+00:00,2026-08-31_1147IST
DEL,CCU,6E,IndiGo,inf,2026-09-15,15,economy,,,8200.0,False,21:50,ok,2026-08-31T11:47:52.616189+00:00,2026-08-31_1147IST
DEL,CCU,6E,IndiGo,6e+247,2026-09-15,15,business,,,22600.0,False,23:30,ok,2026-08-31T11:47:52.616189+00:00,2026-08-31_1147IST
DEL,CCU,6E,IndiGo,6e+247,2026-09-15,15,economy,,,8200.0,False,23:30,ok,2026-08-31T11:47:52.616189+00:00,2026-08-31_1147IST
DEL,CCU,6E,IndiGo,inf,2026-09-15,15,business,,,22600.0,False,16:00,ok,2026-08-31T11:47:52.616189+00:00,2026-08-31_1147IST
DEL,CCU,6E,IndiGo,inf,2026-09-15,15,economy,,,8778.0,False,16:00,ok,2026-08-31T11:47:52.616189+00:00,2026-08-31_1147IST
DEL,CCU,6E,IndiGo,inf,2026-09-15,15,business,,,22600.0,False,17:55,ok,2026-08-31T11:47:52.616189+00:00,2026-08-31_1147IST
DEL,CCU,6E,IndiGo,inf,2026-09-15,15,economy,,,8778.0,False,17:55,ok,2026-08-31T11:47:52.616189+00:00,2026-08-31_1147IST
DEL,CCU,6E,IndiGo,inf,2026-09-15,15,business,,,22600.0,False,12:45,ok,2026-08-31T11:47:52.616189+00:00,2026-08-31_1147IST
DEL,CCU,6E,IndiGo,inf,2026-09-15,15,economy,,,9250.0,False,12:45,ok,2026-08-31T11:47:52.616189+00:00,2026-08-31_1147IST
DEL,CCU,6E,IndiGo,inf,2026-09-15,15,economy,,,6892.0,False,06:20,ok,2026-08-31T11:47:52.616189+00:00,2026-08-31_1147IST
DEL,CCU,6E,IndiGo,inf,2026-09-15,15,economy,,,6892.0,False,11:10,ok,2026-08-31T11:47:52.616189+00:00,2026-08-31_1147IST
DEL,CCU,6E,IndiGo,inf,2026-09-15,15,economy,,,7023.0,False,05:55,ok,2026-08-31T11:47:52.616189+00:00,2026-08-31_1147IST
DEL,CCU,6E,IndiGo,inf,2026-09-15,15,economy,,,7023.0,False,14:35,ok,2026-08-31T11:47:52.616189+00:00,2026-08-31_1147IST
DEL,CCU,6E,IndiGo,inf,2026-09-15,15,economy,,,7102.0,False,07:40,ok,2026-08-31T11:47:52.616189+00:00,2026-08-31_1147IST
DEL,CCU,6E,IndiGo,inf,2026-09-15,15,economy,,,7102.0,False,09:20,ok,2026-08-31T11:47:52.616189+00:00,2026-08-31_1147IST
DEL,CCU,6E,IndiGo,inf,2026-09-15,15,economy,,,7102.0,False,14:00,ok,2026-08-31T11:47:52.616189+00:00,2026-08-31_1147IST
DEL,CCU,6E,IndiGo,inf,2026-09-15,15,economy,,,7207.0,False,04:45,ok,2026-08-31T11:47:52.616189+00:00,2026-08-31_1147IST
DEL,CCU,6E,IndiGo,inf,2026-09-15,15,economy,,,7207.0,False,04:45,ok,2026-08-31T11:47:52.616189+00:00,2026-08-31_1147IST
DEL,CCU,6E,IndiGo,inf,2026-09-15,15,economy,,,7207.0,False,07:45,ok,2026-08-31T11:47:52.616189+00:00,2026-08-31_1147IST
DEL,CCU,6E,IndiGo,inf,2026-09-15,15,economy,,,7207.0,False,07:45,ok,2026-08-31T11:47:52.616189+00:00,2026-08-31_1147IST
DEL,CCU,6E,IndiGo,inf,2026-09-15,15,economy,,,7207.0,False,07:45,ok,2026-08-31T11:47:52.616189+00:00,2026-08-31_1147IST
DEL,CCU,6E,IndiGo,inf,2026-09-15,15,economy,,,7207.0,False,15:10,ok,2026-08-31T11:47:52.616189+00:00,2026-08-31_1147IST
DEL,CCU,6E,IndiGo,inf,2026-09-15,15,economy,,,7207.0,False,15:10,ok,2026-08-31T11:47:52.616189+00:00,2026-08-31_1147IST
DEL,CCU,6E,IndiGo,inf,2026-09-15,15,economy,,,7233.0,False,17:20,ok,2026-08-31T11:47:52.616189+00:00,2026-08-31_1147IST
DEL,CCU,6E,IndiGo,inf,2026-09-15,15,economy,,,7417.0,False,13:25,ok,2026-08-31T11:47:52.616189+00:00,2026-08-31_1147IST
DEL,CCU,6E,IndiGo,inf,2026-09-15,15,economy,,,7417.0,False,13:25,ok,2026-08-31T11:47:52.616189+00:00,2026-08-31_1147IST
DEL,CCU,6E,IndiGo,inf,2026-09-15,15,business,,,27965.0,False,02:25,ok,2026-08-31T11:47:52.616189+00:00,2026-08-31_1147IST
DEL,CCU,6E,IndiGo,inf,2026-09-15,15,economy,,,7443.0,False,02:25,ok,2026-08-31T11:47:52.616189+00:00,2026-08-31_1147IST
DEL,CCU,6E,IndiGo,inf,2026-09-15,15,business,,,28437.0,False,02:25,ok,2026-08-31T11:47:52.616189+00:00,2026-08-31_1147IST
DEL,CCU,6E,IndiGo,inf,2026-09-15,15,economy,,,7443.0,False,02:25,ok,2026-08-31T11:47:52.616189+00:00,2026-08-31_1147IST
DEL,CCU,6E,IndiGo,inf,2026-09-15,15,economy,,,7443.0,False,05:10,ok,2026-08-31T11:47:52.616189+00:00,2026-08-31_1147IST
DEL,CCU,6E,IndiGo,inf,2026-09-15,15,business,,,28437.0,False,08:30,ok,2026-08-31T11:47:52.616189+00:00,2026-08-31_1147IST
DEL,CCU,6E,IndiGo,inf,2026-09-15,15,economy,,,7443.0,False,08:30,ok,2026-08-31T11:47:52.616189+00:00,2026-08-31_1147IST
DEL,CCU,6E,IndiGo,inf,2026-09-15,15,business,,,28437.0,False,09:55,ok,2026-08-31T11:47:52.616189+00:00,2026-08-31_1147IST
DEL,CCU,6E,IndiGo,inf,2026-09-15,15,economy,,,7443.0,False,09:55,ok,2026-08-31T11:47:52.616189+00:00,2026-08-31_1147IST
DEL,CCU,6E,IndiGo,inf,2026-09-15,15,economy,,,7443.0,False,10:00,ok,2026-08-31T11:47:52.616189+00:00,2026-08-31_1147IST
DEL,CCU,6E,IndiGo,inf,2026-09-15,15,economy,,,7443.0,False,10:50,ok,2026-08-31T11:47:52.616189+00:00,2026-08-31_1147IST
DEL,CCU,6E,IndiGo,inf,2026-09-15,15,business,,,28437.0,False,11:45,ok,2026-08-31T11:47:52.616189+00:00,2026-08-31_1147IST
DEL,CCU,6E,IndiGo,inf,2026-09-15,15,economy,,,7443.0,False,11:45,ok,2026-08-31T11:47:52.616189+00:00,2026-08-31_1147IST
DEL,CCU,6E,IndiGo,inf,2026-09-15,15,economy,,,7443.0,False,12:20,ok,2026-08-31T11:47:52.616189+00:00,2026-08-31_1147IST
DEL,CCU,6E,IndiGo,inf,2026-09-15,15,business,,,28437.0,False,13:30,ok,2026-08-31T11:47:52.616189+00:00,2026-08-31_1147IST
DEL,CCU,6E,IndiGo,inf,2026-09-15,15,economy,,,7443.0,False,13:30,ok,2026-08-31T11:47:52.616189+00:00,2026-08-31_1147IST
DEL,CCU,6E,IndiGo,inf,2026-09-15,15,business,,,27965.0,False,13:30,ok,2026-08-31T11:47:52.616189+00:00,2026-08-31_1147IST
DEL,CCU,6E,IndiGo,inf,2026-09-15,15,economy,,,7443.0,False,13:30,ok,2026-08-31T11:47:52.616189+00:00,2026-08-31_1147IST
DEL,CCU,6E,IndiGo,inf,2026-09-15,15,economy,,,7443.0,False,14:50,ok,2026-08-31T11:47:52.616189+00:00,2026-08-31_1147IST
DEL,CCU,6E,IndiGo,inf,2026-09-15,15,business,,,27965.0,False,16:15,ok,2026-08-31T11:47:52.616189+00:00,2026-08-31_1147IST
DEL,CCU,6E,IndiGo,inf,2026-09-15,15,economy,,,7443.0,False,16:15,ok,2026-08-31T11:47:52.616189+00:00,2026-08-31_1147IST
DEL,CCU,6E,IndiGo,inf,2026-09-15,15,economy,,,7443.0,False,17:05,ok,2026-08-31T11:47:52.616189+00:00,2026-08-31_1147IST
DEL,CCU,6E,IndiGo,inf,2026-09-15,15,business,,,27965.0,False,17:55,ok,2026-08-31T11:47:52.616189+00:00,2026-08-31_1147IST
DEL,CCU,6E,IndiGo,inf,2026-09-15,15,economy,,,7443.0,False,17:55,ok,2026-08-31T11:47:52.616189+00:00,2026-08-31_1147IST
DEL,CCU,6E,IndiGo,inf,2026-09-15,15,business,,,27965.0,False,21:00,ok,2026-08-31T11:47:52.616189+00:00,2026-08-31_1147IST
DEL,CCU,6E,IndiGo,inf,2026-09-15,15,economy,,,7443.0,False,21:00,ok,2026-08-31T11:47:52.616189+00:00,2026-08-31_1147IST
DEL,CCU,6E,IndiGo,inf,2026-09-15,15,business,,,27965.0,False,23:15,ok,2026-08-31T11:47:52.616189+00:00,2026-08-31_1147IST
DEL,CCU,6E,IndiGo,inf,2026-09-15,15,economy,,,7443.0,False,23:15,ok,2026-08-31T11:47:52.616189+00:00,2026-08-31_1147IST
DEL,CCU,6E,IndiGo,inf,2026-09-15,15,economy,,,7451.0,False,13:20,ok,2026-08-31T11:47:52.616189+00:00,2026-08-31_1147IST
DEL,CCU,6E,IndiGo,inf,2026-09-15,15,economy,,,7548.0,False,06:20,ok,2026-08-31T11:47:52.616189+00:00,2026-08-31_1147IST
DEL,CCU,6E,IndiGo,inf,2026-09-15,15,economy,,,7583.0,False,14:25,ok,2026-08-31T11:47:52.616189+00:00,2026-08-31_1147IST
DEL,CCU,6E,IndiGo,inf,2026-09-15,15,economy,,,7583.0,False,16:20,ok,2026-08-31T11:47:52.616189+00:00,2026-08-31_1147IST
DEL,CCU,6E,IndiGo,inf,2026-09-15,15,economy,,,7661.0,False,12:20,ok,2026-08-31T11:47:52.616189+00:00,2026-08-31_1147IST
DEL,CCU,6E,IndiGo,inf,2026-09-15,15,economy,,,7661.0,False,12:20,ok,2026-08-31T11:47:52.616189+00:00,2026-08-31_1147IST
DEL,CCU,6E,IndiGo,inf,2026-09-15,15,economy,,,7661.0,False,13:05,ok,2026-08-31T11:47:52.616189+00:00,2026-08-31_1147IST
DEL,CCU,6E,IndiGo,inf,2026-09-15,15,economy,,,7661.0,False,14:40,ok,2026-08-31T11:47:52.616189+00:00,2026-08-31_1147IST
DEL,CCU,6E,IndiGo,inf,2026-09-15,15,economy,,,7661.0,False,14:40,ok,2026-08-31T11:47:52.616189+00:00,2026-08-31_1147IST
DEL,CCU,6E,IndiGo,inf,2026-09-15,15,economy,,,8067.0,False,16:40,ok,2026-08-31T11:47:52.616189+00:00,2026-08-31_1147IST
DEL,CCU,6E,IndiGo,inf,2026-09-15,15,economy,,,8277.0,False,12:55,ok,2026-08-31T11:47:52.616189+00:00,2026-08-31_1147IST
DEL,CCU,6E,IndiGo,inf,2026-09-15,15,economy,,,8953.0,False,07:40,ok,2026-08-31T11:47:52.616189+00:00,2026-08-31_1147IST
DEL,CCU,6E,IndiGo,6e+203,2026-09-15,15,business,,,28437.0,False,07:10,ok,2026-08-31T11:47:52.616189+00:00,2026-08-31_1147IST
DEL,CCU,6E,IndiGo,6e+203,2026-09-15,15,economy,,,9294.0,False,07:10,ok,2026-08-31T11:47:52.616189+00:00,2026-08-31_1147IST
DEL,CCU,6E,IndiGo,inf,2026-09-15,15,economy,,,14681.0,False,05:00,ok,2026-08-31T11:47:52.616189+00:00,2026-08-31_1147IST
BLR,HYD,6E,IndiGo,inf,2026-09-15,15,,,,,False,11:35,parse_error,2026-08-31T11:49:04.715576+00:00,2026-08-31_1149IST
BLR,HYD,6E,IndiGo,inf,2026-09-15,15,,,,,False,18:35,parse_error,2026-08-31T11:49:04.715576+00:00,2026-08-31_1149IST
BLR,HYD,6E,IndiGo,inf,2026-09-15,15,,,,,False,19:45,parse_error,2026-08-31T11:49:04.715576+00:00,2026-08-31_1149IST
BLR,HYD,6E,IndiGo,inf,2026-09-15,15,,,,,False,21:30,parse_error,2026-08-31T11:49:04.715576+00:00,2026-08-31_1149IST
BLR,HYD,6E,IndiGo,inf,2026-09-15,15,,,,,False,10:15,parse_error,2026-08-31T11:49:04.715576+00:00,2026-08-31_1149IST
BLR,HYD,6E,IndiGo,inf,2026-09-15,15,,,,,False,16:30,parse_error,2026-08-31T11:49:04.715576+00:00,2026-08-31_1149IST
BLR,HYD,6E,IndiGo,inf,2026-09-15,15,,,,,False,09:15,parse_error,2026-08-31T11:49:04.715576+00:00,2026-08-31_1149IST
BLR,HYD,6E,IndiGo,inf,2026-09-15,15,,,,,False,08:15,parse_error,2026-08-31T11:49:04.715576+00:00,2026-08-31_1149IST
BLR,HYD,6E,IndiGo,inf,2026-09-15,15,,,,,False,06:25,parse_error,2026-08-31T11:49:04.715576+00:00,2026-08-31_1149IST
BLR,HYD,6E,IndiGo,inf,2026-09-15,15,,,,,False,04:30,parse_error,2026-08-31T11:49:04.715576+00:00,2026-08-31_1149IST
BLR,HYD,6E,IndiGo,inf,2026-09-15,15,,,,,False,07:05,parse_error,2026-08-31T11:49:04.715576+00:00,2026-08-31_1149IST
BLR,HYD,6E,IndiGo,inf,2026-09-15,15,,,,,False,07:05,parse_error,2026-08-31T11:49:04.715576+00:00,2026-08-31_1149IST
BLR,HYD,6E,IndiGo,inf,2026-09-15,15,,,,,False,07:15,parse_error,2026-08-31T11:49:04.715576+00:00,2026-08-31_1149IST
BLR,HYD,6E,IndiGo,inf,2026-09-15,15,,,,,False,10:50,parse_error,2026-08-31T11:49:04.715576+00:00,2026-08-31_1149IST
BLR,HYD,6E,IndiGo,inf,2026-09-15,15,,,,,False,10:50,parse_error,2026-08-31T11:49:04.715576+00:00,2026-08-31_1149IST
BLR,HYD,6E,IndiGo,inf,2026-09-15,15,,,,,False,11:40,parse_error,2026-08-31T11:49:04.715576+00:00,2026-08-31_1149IST
BLR,HYD,6E,IndiGo,inf,2026-09-15,15,,,,,False,12:35,parse_error,2026-08-31T11:49:04.715576+00:00,2026-08-31_1149IST
BLR,HYD,6E,IndiGo,inf,2026-09-15,15,,,,,False,12:35,parse_error,2026-08-31T11:49:04.715576+00:00,2026-08-31_1149IST
BLR,HYD,6E,IndiGo,inf,2026-09-15,15,,,,,False,12:50,parse_error,2026-08-31T11:49:04.715576+00:00,2026-08-31_1149IST
BLR,HYD,6E,IndiGo,inf,2026-09-15,15,,,,,False,12:50,parse_error,2026-08-31T11:49:04.715576+00:00,2026-08-31_1149IST
BLR,HYD,6E,IndiGo,inf,2026-09-15,15,,,,,False,12:50,parse_error,2026-08-31T11:49:04.715576+00:00,2026-08-31_1149IST
BLR,HYD,6E,IndiGo,inf,2026-09-15,15,,,,,False,12:50,parse_error,2026-08-31T11:49:04.715576+00:00,2026-08-31_1149IST
BLR,HYD,6E,IndiGo,inf,2026-09-15,15,,,,,False,13:10,parse_error,2026-08-31T11:49:04.715576+00:00,2026-08-31_1149IST
BLR,HYD,6E,IndiGo,inf,2026-09-15,15,,,,,False,13:10,parse_error,2026-08-31T11:49:04.715576+00:00,2026-08-31_1149IST
BLR,HYD,6E,IndiGo,inf,2026-09-15,15,,,,,False,14:40,parse_error,2026-08-31T11:49:04.715576+00:00,2026-08-31_1149IST
BLR,HYD,6E,IndiGo,6e+182,2026-09-15,15,,,,,False,15:00,parse_error,2026-08-31T11:49:04.715576+00:00,2026-08-31_1149IST
BLR,HYD,6E,IndiGo,6e+182,2026-09-15,15,,,,,False,15:00,parse_error,2026-08-31T11:49:04.715576+00:00,2026-08-31_1149IST
BLR,HYD,6E,IndiGo,inf,2026-09-15,15,,,,,False,15:15,parse_error,2026-08-31T11:49:04.715576+00:00,2026-08-31_1149IST
BLR,HYD,6E,IndiGo,inf,2026-09-15,15,,,,,False,15:15,parse_error,2026-08-31T11:49:04.715576+00:00,2026-08-31_1149IST
BLR,HYD,6E,IndiGo,inf,2026-09-15,15,,,,,False,17:15,parse_error,2026-08-31T11:49:04.715576+00:00,2026-08-31_1149IST
BLR,HYD,6E,IndiGo,inf,2026-09-15,15,,,,,False,17:15,parse_error,2026-08-31T11:49:04.715576+00:00,2026-08-31_1149IST
BLR,HYD,6E,IndiGo,inf,2026-09-15,15,,,,,False,17:40,parse_error,2026-08-31T11:49:04.715576+00:00,2026-08-31_1149IST
BLR,HYD,6E,IndiGo,inf,2026-09-15,15,,,,,False,17:40,parse_error,2026-08-31T11:49:04.715576+00:00,2026-08-31_1149IST
BLR,HYD,6E,IndiGo,inf,2026-09-15,15,,,,,False,18:15,parse_error,2026-08-31T11:49:04.715576+00:00,2026-08-31_1149IST
BLR,HYD,6E,IndiGo,6e+105,2026-09-15,15,,,,,False,18:50,parse_error,2026-08-31T11:49:04.715576+00:00,2026-08-31_1149IST
BLR,HYD,6E,IndiGo,6e+105,2026-09-15,15,,,,,False,18:50,parse_error,2026-08-31T11:49:04.715576+00:00,2026-08-31_1149IST
BLR,HYD,6E,IndiGo,inf,2026-09-15,15,,,,,False,19:15,parse_error,2026-08-31T11:49:04.715576+00:00,2026-08-31_1149IST
BLR,HYD,6E,IndiGo,inf,2026-09-15,15,,,,,False,20:40,parse_error,2026-08-31T11:49:04.715576+00:00,2026-08-31_1149IST
BLR,HYD,6E,IndiGo,inf,2026-09-15,15,,,,,False,21:40,parse_error,2026-08-31T11:49:04.715576+00:00,2026-08-31_1149IST
BLR,HYD,6E,IndiGo,inf,2026-09-15,15,,,,,False,21:40,parse_error,2026-08-31T11:49:04.715576+00:00,2026-08-31_1149IST
BLR,HYD,6E,IndiGo,6e+116,2026-09-15,15,,,,,False,23:05,parse_error,2026-08-31T11:49:04.715576+00:00,2026-08-31_1149IST
BLR,HYD,6E,IndiGo,6e+116,2026-09-15,15,,,,,False,23:05,parse_error,2026-08-31T11:49:04.715576+00:00,2026-08-31_1149IST
BLR,HYD,6E,IndiGo,inf,2026-09-15,15,,,,,False,10:40,parse_error,2026-08-31T11:49:04.715576+00:00,2026-08-31_1149IST
BLR,HYD,6E,IndiGo,inf,2026-09-15,15,,,,,False,02:40,parse_error,2026-08-31T11:49:04.715576+00:00,2026-08-31_1149IST
BLR,HYD,6E,IndiGo,inf,2026-09-15,15,,,,,False,11:40,parse_error,2026-08-31T11:49:04.715576+00:00,2026-08-31_1149IST
BLR,HYD,6E,IndiGo,inf,2026-09-15,15,,,,,False,06:50,parse_error,2026-08-31T11:49:04.715576+00:00,2026-08-31_1149IST
BLR,HYD,6E,IndiGo,inf,2026-09-15,15,,,,,False,10:55,parse_error,2026-08-31T11:49:04.715576+00:00,2026-08-31_1149IST
BLR,HYD,6E,IndiGo,inf,2026-09-15,15,,,,,False,14:35,parse_error,2026-08-31T11:49:04.715576+00:00,2026-08-31_1149IST
BLR,HYD,6E,IndiGo,6e+182,2026-09-15,15,,,,,False,15:00,parse_error,2026-08-31T11:49:04.715576+00:00,2026-08-31_1149IST
BLR,HYD,6E,IndiGo,5.9999999999999995e+109,2026-09-15,15,,,,,False,17:00,parse_error,2026-08-31T11:49:04.715576+00:00,2026-08-31_1149IST
BLR,HYD,6E,IndiGo,inf,2026-09-15,15,,,,,False,18:50,parse_error,2026-08-31T11:49:04.715576+00:00,2026-08-31_1149IST
BLR,HYD,6E,IndiGo,inf,2026-09-15,15,,,,,False,06:25,parse_error,2026-08-31T11:49:04.715576+00:00,2026-08-31_1149IST
BLR,HYD,6E,IndiGo,inf,2026-09-15,15,,,,,False,01:05,parse_error,2026-08-31T11:49:04.715576+00:00,2026-08-31_1149IST
BLR,HYD,6E,IndiGo,inf,2026-09-15,15,,,,,False,06:50,parse_error,2026-08-31T11:49:04.715576+00:00,2026-08-31_1149IST
BLR,HYD,6E,IndiGo,inf,2026-09-15,15,,,,,False,08:05,parse_error,2026-08-31T11:49:04.715576+00:00,2026-08-31_1149IST
BLR,HYD,6E,IndiGo,inf,2026-09-15,15,,,,,False,07:15,parse_error,2026-08-31T11:49:04.715576+00:00,2026-08-31_1149IST
BLR,HYD,6E,IndiGo,inf,2026-09-15,15,,,,,False,07:15,parse_error,2026-08-31T11:49:04.715576+00:00,2026-08-31_1149IST
BLR,HYD,6E,IndiGo,inf,2026-09-15,15,,,,,False,07:05,parse_error,2026-08-31T11:49:04.715576+00:00,2026-08-31_1149IST
BLR,HYD,6E,IndiGo,inf,2026-09-15,15,,,,,False,07:05,parse_error,2026-08-31T11:49:04.715576+00:00,2026-08-31_1149IST
MAA,DEL,6E,IndiGo,inf,2026-09-15,15,business,,,24700.0,False,11:10,ok,2026-08-31T11:50:09.763888+00:00,2026-08-31_1150IST
MAA,DEL,6E,IndiGo,inf,2026-09-15,15,economy,,,9648.0,False,11:10,ok,2026-08-31T11:50:09.763888+00:00,2026-08-31_1150IST
MAA,DEL,6E,IndiGo,inf,2026-09-15,15,business,,,24700.0,False,13:00,ok,2026-08-31T11:50:09.763888+00:00,2026-08-31_1150IST
MAA,DEL,6E,IndiGo,inf,2026-09-15,15,economy,,,9648.0,False,13:00,ok,2026-08-31T11:50:09.763888+00:00,2026-08-31_1150IST
MAA,DEL,6E,IndiGo,inf,2026-09-15,15,business,,,24700.0,False,14:30,ok,2026-08-31T11:50:09.763888+00:00,2026-08-31_1150IST
MAA,DEL,6E,IndiGo,inf,2026-09-15,15,economy,,,9648.0,False,14:30,ok,2026-08-31T11:50:09.763888+00:00,2026-08-31_1150IST
MAA,DEL,6E,IndiGo,inf,2026-09-15,15,business,,,24700.0,False,16:45,ok,2026-08-31T11:50:09.763888+00:00,2026-08-31_1150IST
MAA,DEL,6E,IndiGo,inf,2026-09-15,15,economy,,,9648.0,False,16:45,ok,2026-08-31T11:50:09.763888+00:00,2026-08-31_1150IST
MAA,DEL,6E,IndiGo,inf,2026-09-15,15,business,,,24700.0,False,21:50,ok,2026-08-31T11:50:09.763888+00:00,2026-08-31_1150IST
MAA,DEL,6E,IndiGo,inf,2026-09-15,15,economy,,,9648.0,False,21:50,ok,2026-08-31T11:50:09.763888+00:00,2026-08-31_1150IST
MAA,DEL,6E,IndiGo,inf,2026-09-15,15,business,,,24700.0,False,23:45,ok,2026-08-31T11:50:09.763888+00:00,2026-08-31_1150IST
MAA,DEL,6E,IndiGo,inf,2026-09-15,15,economy,,,9648.0,False,23:45,ok,2026-08-31T11:50:09.763888+00:00,2026-08-31_1150IST
MAA,DEL,6E,IndiGo,inf,2026-09-15,15,business,,,24700.0,False,09:15,ok,2026-08-31T11:50:09.763888+00:00,2026-08-31_1150IST
MAA,DEL,6E,IndiGo,inf,2026-09-15,15,economy,,,10608.0,False,09:15,ok,2026-08-31T11:50:09.763888+00:00,2026-08-31_1150IST
MAA,DEL,6E,IndiGo,inf,2026-09-15,15,business,,,24700.0,False,19:00,ok,2026-08-31T11:50:09.763888+00:00,2026-08-31_1150IST
MAA,DEL,6E,IndiGo,inf,2026-09-15,15,economy,,,10608.0,False,19:00,ok,2026-08-31T11:50:09.763888+00:00,2026-08-31_1150IST
MAA,DEL,6E,IndiGo,inf,2026-09-15,15,business,,,24700.0,False,06:30,ok,2026-08-31T11:50:09.763888+00:00,2026-08-31_1150IST
MAA,DEL,6E,IndiGo,inf,2026-09-15,15,economy,,,17396.0,False,06:30,ok,2026-08-31T11:50:09.763888+00:00,2026-08-31_1150IST
MAA,DEL,6E,IndiGo,inf,2026-09-15,15,economy,,,9802.0,False,13:10,ok,2026-08-31T11:50:09.763888+00:00,2026-08-31_1150IST
MAA,DEL,6E,IndiGo,6e+253,2026-09-15,15,business,,,27587.0,False,03:10,ok,2026-08-31T11:50:09.763888+00:00,2026-08-31_1150IST
MAA,DEL,6E,IndiGo,6e+253,2026-09-15,15,economy,,,10012.0,False,03:10,ok,2026-08-31T11:50:09.763888+00:00,2026-08-31_1150IST
MAA,DEL,6E,IndiGo,6.000000000000001e+244,2026-09-15,15,economy,,,10012.0,False,03:55,ok,2026-08-31T11:50:09.763888+00:00,2026-08-31_1150IST
MAA,DEL,6E,IndiGo,inf,2026-09-15,15,business,,,27587.0,False,05:40,ok,2026-08-31T11:50:09.763888+00:00,2026-08-31_1150IST
MAA,DEL,6E,IndiGo,inf,2026-09-15,15,economy,,,10012.0,False,05:40,ok,2026-08-31T11:50:09.763888+00:00,2026-08-31_1150IST
MAA,DEL,6E,IndiGo,inf,2026-09-15,15,economy,,,10012.0,False,07:10,ok,2026-08-31T11:50:09.763888+00:00,2026-08-31_1150IST
MAA,DEL,6E,IndiGo,inf,2026-09-15,15,economy,,,10012.0,False,07:10,ok,2026-08-31T11:50:09.763888+00:00,2026-08-31_1150IST
MAA,DEL,6E,IndiGo,inf,2026-09-15,15,economy,,,10012.0,False,09:05,ok,2026-08-31T11:50:09.763888+00:00,2026-08-31_1150IST
MAA,DEL,6E,IndiGo,inf,2026-09-15,15,economy,,,10012.0,False,09:05,ok,2026-08-31T11:50:09.763888+00:00,2026-08-31_1150IST
MAA,DEL,6E,IndiGo,inf,2026-09-15,15,economy,,,10012.0,False,09:30,ok,2026-08-31T11:50:09.763888+00:00,2026-08-31_1150IST
MAA,DEL,6E,IndiGo,inf,2026-09-15,15,economy,,,10012.0,False,09:55,ok,2026-08-31T11:50:09.763888+00:00,2026-08-31_1150IST
MAA,DEL,6E,IndiGo,inf,2026-09-15,15,business,,,30185.0,False,11:10,ok,2026-08-31T11:50:09.763888+00:00,2026-08-31_1150IST
MAA,DEL,6E,IndiGo,inf,2026-09-15,15,economy,,,10012.0,False,11:10,ok,2026-08-31T11:50:09.763888+00:00,2026-08-31_1150IST
MAA,DEL,6E,IndiGo,inf,2026-09-15,15,economy,,,10012.0,False,11:25,ok,2026-08-31T11:50:09.763888+00:00,2026-08-31_1150IST
MAA,DEL,6E,IndiGo,inf,2026-09-15,15,economy,,,10012.0,False,11:55,ok,2026-08-31T11:50:09.763888+00:00,2026-08-31_1150IST
MAA,DEL,6E,IndiGo,inf,2026-09-15,15,economy,,,10012.0,False,12:00,ok,2026-08-31T11:50:09.763888+00:00,2026-08-31_1150IST
MAA,DEL,6E,IndiGo,6e+183,2026-09-15,15,business,,,28061.0,False,16:35,ok,2026-08-31T11:50:09.763888+00:00,2026-08-31_1150IST
MAA,DEL,6E,IndiGo,6e+183,2026-09-15,15,economy,,,10012.0,False,16:35,ok,2026-08-31T11:50:09.763888+00:00,2026-08-31_1150IST
MAA,DEL,6E,IndiGo,inf,2026-09-15,15,economy,,,10012.0,False,17:50,ok,2026-08-31T11:50:09.763888+00:00,2026-08-31_1150IST
MAA,DEL,6E,IndiGo,6e+193,2026-09-15,15,economy,,,10012.0,False,20:00,ok,2026-08-31T11:50:09.763888+00:00,2026-08-31_1150IST
MAA,DEL,6E,IndiGo,inf,2026-09-15,15,economy,,,10012.0,False,21:25,ok,2026-08-31T11:50:09.763888+00:00,2026-08-31_1150IST
MAA,DEL,6E,IndiGo,inf,2026-09-15,15,business,,,27823.0,False,22:20,ok,2026-08-31T11:50:09.763888+00:00,2026-08-31_1150IST
MAA,DEL,6E,IndiGo,inf,2026-09-15,15,economy,,,10012.0,False,22:20,ok,2026-08-31T11:50:09.763888+00:00,2026-08-31_1150IST
MAA,DEL,6E,IndiGo,inf,2026-09-15,15,economy,,,10091.0,False,08:55,ok,2026-08-31T11:50:09.763888+00:00,2026-08-31_1150IST
MAA,DEL,6E,IndiGo,inf,2026-09-15,15,economy,,,10091.0,False,10:55,ok,2026-08-31T11:50:09.763888+00:00,2026-08-31_1150IST
MAA,DEL,6E,IndiGo,inf,2026-09-15,15,economy,,,10091.0,False,14:35,ok,2026-08-31T11:50:09.763888+00:00,2026-08-31_1150IST
MAA,DEL,6E,IndiGo,inf,2026-09-15,15,economy,,,10091.0,False,14:35,ok,2026-08-31T11:50:09.763888+00:00,2026-08-31_1150IST
MAA,DEL,6E,IndiGo,inf,2026-09-15,15,economy,,,10091.0,False,16:15,ok,2026-08-31T11:50:09.763888+00:00,2026-08-31_1150IST
MAA,DEL,6E,IndiGo,inf,2026-09-15,15,economy,,,10091.0,False,17:45,ok,2026-08-31T11:50:09.763888+00:00,2026-08-31_1150IST
MAA,DEL,6E,IndiGo,inf,2026-09-15,15,economy,,,10091.0,False,17:45,ok,2026-08-31T11:50:09.763888+00:00,2026-08-31_1150IST
MAA,DEL,6E,IndiGo,inf,2026-09-15,15,economy,,,10091.0,False,18:20,ok,2026-08-31T11:50:09.763888+00:00,2026-08-31_1150IST
MAA,DEL,6E,IndiGo,6e+189,2026-09-15,15,economy,,,10091.0,False,19:05,ok,2026-08-31T11:50:09.763888+00:00,2026-08-31_1150IST
MAA,DEL,6E,IndiGo,inf,2026-09-15,15,business,,,30214.0,False,08:20,ok,2026-08-31T11:50:09.763888+00:00,2026-08-31_1150IST
MAA,DEL,6E,IndiGo,inf,2026-09-15,15,economy,,,10222.0,False,08:20,ok,2026-08-31T11:50:09.763888+00:00,2026-08-31_1150IST
MAA,DEL,6E,IndiGo,inf,2026-09-15,15,business,,,35375.0,False,11:00,ok,2026-08-31T11:50:09.763888+00:00,2026-08-31_1150IST
MAA,DEL,6E,IndiGo,inf,2026-09-15,15,economy,,,10222.0,False,11:00,ok,2026-08-31T11:50:09.763888+00:00,2026-08-31_1150IST
MAA,DEL,6E,IndiGo,inf,2026-09-15,15,business,,,33282.0,False,11:45,ok,2026-08-31T11:50:09.763888+00:00,2026-08-31_1150IST
MAA,DEL,6E,IndiGo,inf,2026-09-15,15,economy,,,10222.0,False,11:45,ok,2026-08-31T11:50:09.763888+00:00,2026-08-31_1150IST
MAA,DEL,6E,IndiGo,inf,2026-09-15,15,business,,,35375.0,False,16:40,ok,2026-08-31T11:50:09.763888+00:00,2026-08-31_1150IST
MAA,DEL,6E,IndiGo,inf,2026-09-15,15,economy,,,10222.0,False,16:40,ok,2026-08-31T11:50:09.763888+00:00,2026-08-31_1150IST
MAA,DEL,6E,IndiGo,inf,2026-09-15,15,economy,,,10222.0,False,17:00,ok,2026-08-31T11:50:09.763888+00:00,2026-08-31_1150IST
MAA,DEL,6E,IndiGo,inf,2026-09-15,15,economy,,,10222.0,False,18:05,ok,2026-08-31T11:50:09.763888+00:00,2026-08-31_1150IST
MAA,DEL,6E,IndiGo,inf,2026-09-15,15,economy,,,10380.0,False,17:45,ok,2026-08-31T11:50:09.763888+00:00,2026-08-31_1150IST
MAA,DEL,6E,IndiGo,inf,2026-09-15,15,economy,,,10808.0,False,18:20,ok,2026-08-31T11:50:09.763888+00:00,2026-08-31_1150IST
MAA,DEL,6E,IndiGo,inf,2026-09-15,15,economy,,,11489.0,False,16:10,ok,2026-08-31T11:50:09.763888+00:00,2026-08-31_1150IST
MAA,DEL,6E,IndiGo,inf,2026-09-15,15,economy,,,12032.0,False,07:05,ok,2026-08-31T11:50:09.763888+00:00,2026-08-31_1150IST
MAA,DEL,6E,IndiGo,inf,2026-09-15,15,economy,,,12032.0,False,07:05,ok,2026-08-31T11:50:09.763888+00:00,2026-08-31_1150IST
MAA,DEL,6E,IndiGo,inf,2026-09-15,15,business,,,35375.0,False,11:00,ok,2026-08-31T11:50:09.763888+00:00,2026-08-31_1150IST
MAA,DEL,6E,IndiGo,inf,2026-09-15,15,economy,,,12553.0,False,11:00,ok,2026-08-31T11:50:09.763888+00:00,2026-08-31_1150IST
MAA,DEL,6E,IndiGo,inf,2026-09-15,15,business,,,35375.0,False,12:45,ok,2026-08-31T11:50:09.763888+00:00,2026-08-31_1150IST
MAA,DEL,6E,IndiGo,inf,2026-09-15,15,economy,,,12553.0,False,12:45,ok,2026-08-31T11:50:09.763888+00:00,2026-08-31_1150IST
MAA,DEL,6E,IndiGo,inf,2026-09-15,15,business,,,35375.0,False,12:45,ok,2026-08-31T11:50:09.763888+00:00,2026-08-31_1150IST
MAA,DEL,6E,IndiGo,inf,2026-09-15,15,economy,,,12711.0,False,12:45,ok,2026-08-31T11:50:09.763888+00:00,2026-08-31_1150IST
MAA,DEL,6E,IndiGo,inf,2026-09-15,15,business,,,35375.0,False,09:00,ok,2026-08-31T11:50:09.763888+00:00,2026-08-31_1150IST
MAA,DEL,6E,IndiGo,inf,2026-09-15,15,economy,,,13602.0,False,09:00,ok,2026-08-31T11:50:09.763888+00:00,2026-08-31_1150IST
MAA,DEL,6E,IndiGo,inf,2026-09-15,15,business,,,35375.0,False,09:00,ok,2026-08-31T11:50:09.763888+00:00,2026-08-31_1150IST
MAA,DEL,6E,IndiGo,inf,2026-09-15,15,economy,,,13602.0,False,09:00,ok,2026-08-31T11:50:09.763888+00:00,2026-08-31_1150IST
MAA,DEL,6E,IndiGo,inf,2026-09-15,15,business,,,35375.0,False,18:15,ok,2026-08-31T11:50:09.763888+00:00,2026-08-31_1150IST
MAA,DEL,6E,IndiGo,inf,2026-09-15,15,economy,,,13760.0,False,18:15,ok,2026-08-31T11:50:09.763888+00:00,2026-08-31_1150IST
MAA,DEL,6E,IndiGo,inf,2026-09-15,15,economy,,,13914.0,False,02:30,ok,2026-08-31T11:50:09.763888+00:00,2026-08-31_1150IST
MAA,DEL,6E,IndiGo,inf,2026-09-15,15,economy,,,13914.0,False,02:30,ok,2026-08-31T11:50:09.763888+00:00,2026-08-31_1150IST
MAA,DEL,6E,IndiGo,inf,2026-09-15,15,economy,,,14487.0,False,09:55,ok,2026-08-31T11:50:09.763888+00:00,2026-08-31_1150IST
MAA,DEL,6E,IndiGo,inf,2026-09-15,15,business,,,35375.0,False,06:45,ok,2026-08-31T11:50:09.763888+00:00,2026-08-31_1150IST
MAA,DEL,6E,IndiGo,inf,2026-09-15,15,economy,,,16355.0,False,06:45,ok,2026-08-31T11:50:09.763888+00:00,2026-08-31_1150IST
DEL,BOM,6E,IndiGo,inf,2026-09-30,30,business,,,21900.0,False,05:00,ok,2026-08-31T11:51:21.609325+00:00,2026-08-31_1151IST
DEL,BOM,6E,IndiGo,inf,2026-09-30,30,economy,,,6305.0,False,05:00,ok,2026-08-31T11:51:21.609325+00:00,2026-08-31_1151IST
DEL,BOM,6E,IndiGo,inf,2026-09-30,30,business,,,26083.0,False,08:45,ok,2026-08-31T11:51:21.609325+00:00,2026-08-31_1151IST
DEL,BOM,6E,IndiGo,inf,2026-09-30,30,economy,,,6305.0,False,08:45,ok,2026-08-31T11:51:21.609325+00:00,2026-08-31_1151IST
DEL,BOM,6E,IndiGo,inf,2026-09-30,30,business,,,21900.0,False,09:30,ok,2026-08-31T11:51:21.609325+00:00,2026-08-31_1151IST
DEL,BOM,6E,IndiGo,inf,2026-09-30,30,economy,,,6305.0,False,09:30,ok,2026-08-31T11:51:21.609325+00:00,2026-08-31_1151IST
DEL,BOM,6E,IndiGo,inf,2026-09-30,30,business,,,21900.0,False,10:15,ok,2026-08-31T11:51:21.609325+00:00,2026-08-31_1151IST
DEL,BOM,6E,IndiGo,inf,2026-09-30,30,economy,,,6305.0,False,10:15,ok,2026-08-31T11:51:21.609325+00:00,2026-08-31_1151IST
DEL,BOM,6E,IndiGo,inf,2026-09-30,30,business,,,21900.0,False,11:00,ok,2026-08-31T11:51:21.609325+00:00,2026-08-31_1151IST
DEL,BOM,6E,IndiGo,inf,2026-09-30,30,economy,,,6305.0,False,11:00,ok,2026-08-31T11:51:21.609325+00:00,2026-08-31_1151IST
DEL,BOM,6E,IndiGo,inf,2026-09-30,30,business,,,21900.0,False,13:00,ok,2026-08-31T11:51:21.609325+00:00,2026-08-31_1151IST
DEL,BOM,6E,IndiGo,inf,2026-09-30,30,economy,,,6305.0,False,13:00,ok,2026-08-31T11:51:21.609325+00:00,2026-08-31_1151IST
DEL,BOM,6E,IndiGo,inf,2026-09-30,30,business,,,21900.0,False,14:00,ok,2026-08-31T11:51:21.609325+00:00,2026-08-31_1151IST
DEL,BOM,6E,IndiGo,inf,2026-09-30,30,economy,,,6305.0,False,14:00,ok,2026-08-31T11:51:21.609325+00:00,2026-08-31_1151IST
DEL,BOM,6E,IndiGo,inf,2026-09-30,30,business,,,21900.0,False,14:45,ok,2026-08-31T11:51:21.609325+00:00,2026-08-31_1151IST
DEL,BOM,6E,IndiGo,inf,2026-09-30,30,economy,,,6305.0,False,14:45,ok,2026-08-31T11:51:21.609325+00:00,2026-08-31_1151IST
DEL,BOM,6E,IndiGo,inf,2026-09-30,30,business,,,21900.0,False,15:30,ok,2026-08-31T11:51:21.609325+00:00,2026-08-31_1151IST
DEL,BOM,6E,IndiGo,inf,2026-09-30,30,economy,,,6305.0,False,15:30,ok,2026-08-31T11:51:21.609325+00:00,2026-08-31_1151IST
DEL,BOM,6E,IndiGo,inf,2026-09-30,30,business,,,21900.0,False,16:15,ok,2026-08-31T11:51:21.609325+00:00,2026-08-31_1151IST
DEL,BOM,6E,IndiGo,inf,2026-09-30,30,economy,,,6305.0,False,16:15,ok,2026-08-31T11:51:21.609325+00:00,2026-08-31_1151IST
DEL,BOM,6E,IndiGo,inf,2026-09-30,30,business,,,21900.0,False,17:00,ok,2026-08-31T11:51:21.609325+00:00,2026-08-31_1151IST
DEL,BOM,6E,IndiGo,inf,2026-09-30,30,economy,,,6305.0,False,17:00,ok,2026-08-31T11:51:21.609325+00:00,2026-08-31_1151IST
DEL,BOM,6E,IndiGo,inf,2026-09-30,30,business,,,21900.0,False,22:45,ok,2026-08-31T11:51:21.609325+00:00,2026-08-31_1151IST
DEL,BOM,6E,IndiGo,inf,2026-09-30,30,economy,,,6305.0,False,22:45,ok,2026-08-31T11:51:21.609325+00:00,2026-08-31_1151IST
DEL,BOM,6E,IndiGo,inf,2026-09-30,30,business,,,21900.0,False,06:05,ok,2026-08-31T11:51:21.609325+00:00,2026-08-31_1151IST
DEL,BOM,6E,IndiGo,inf,2026-09-30,30,economy,,,6357.0,False,06:05,ok,2026-08-31T11:51:21.609325+00:00,2026-08-31_1151IST
DEL,BOM,6E,IndiGo,inf,2026-09-30,30,business,,,21900.0,False,12:00,ok,2026-08-31T11:51:21.609325+00:00,2026-08-31_1151IST
DEL,BOM,6E,IndiGo,inf,2026-09-30,30,economy,,,6357.0,False,12:00,ok,2026-08-31T11:51:21.609325+00:00,2026-08-31_1151IST
DEL,BOM,6E,IndiGo,inf,2026-09-30,30,business,,,21900.0,False,07:15,ok,2026-08-31T11:51:21.609325+00:00,2026-08-31_1151IST
DEL,BOM,6E,IndiGo,inf,2026-09-30,30,economy,,,6431.0,False,07:15,ok,2026-08-31T11:51:21.609325+00:00,2026-08-31_1151IST
DEL,BOM,6E,IndiGo,inf,2026-09-30,30,business,,,21900.0,False,08:00,ok,2026-08-31T11:51:21.609325+00:00,2026-08-31_1151IST
DEL,BOM,6E,IndiGo,inf,2026-09-30,30,economy,,,6431.0,False,08:00,ok,2026-08-31T11:51:21.609325+00:00,2026-08-31_1151IST
DEL,BOM,6E,IndiGo,inf,2026-09-30,30,business,,,21900.0,False,18:00,ok,2026-08-31T11:51:21.609325+00:00,2026-08-31_1151IST
DEL,BOM,6E,IndiGo,inf,2026-09-30,30,economy,,,6431.0,False,18:00,ok,2026-08-31T11:51:21.609325+00:00,2026-08-31_1151IST
DEL,BOM,6E,IndiGo,inf,2026-09-30,30,business,,,21900.0,False,19:00,ok,2026-08-31T11:51:21.609325+00:00,2026-08-31_1151IST
DEL,BOM,6E,IndiGo,inf,2026-09-30,30,economy,,,6431.0,False,19:00,ok,2026-08-31T11:51:21.609325+00:00,2026-08-31_1151IST
DEL,BOM,6E,IndiGo,6.000000000000001e+303,2026-09-30,30,business,,,21900.0,False,20:00,ok,2026-08-31T11:51:21.609325+00:00,2026-08-31_1151IST
DEL,BOM,6E,IndiGo,6.000000000000001e+303,2026-09-30,30,economy,,,6431.0,False,20:00,ok,2026-08-31T11:51:21.609325+00:00,2026-08-31_1151IST
DEL,BOM,6E,IndiGo,inf,2026-09-30,30,business,,,21900.0,False,20:45,ok,2026-08-31T11:51:21.609325+00:00,2026-08-31_1151IST
DEL,BOM,6E,IndiGo,inf,2026-09-30,30,economy,,,6431.0,False,20:45,ok,2026-08-31T11:51:21.609325+00:00,2026-08-31_1151IST
DEL,BOM,6E,IndiGo,inf,2026-09-30,30,business,,,21900.0,False,21:45,ok,2026-08-31T11:51:21.609325+00:00,2026-08-31_1151IST
DEL,BOM,6E,IndiGo,inf,2026-09-30,30,economy,,,6431.0,False,21:45,ok,2026-08-31T11:51:21.609325+00:00,2026-08-31_1151IST
DEL,BOM,6E,IndiGo,inf,2026-09-30,30,business,,,21900.0,False,23:30,ok,2026-08-31T11:51:21.609325+00:00,2026-08-31_1151IST
DEL,BOM,6E,IndiGo,inf,2026-09-30,30,economy,,,6688.0,False,23:30,ok,2026-08-31T11:51:21.609325+00:00,2026-08-31_1151IST
DEL,BOM,6E,IndiGo,inf,2026-09-30,30,economy,,,6964.0,False,00:15,ok,2026-08-31T11:51:21.609325+00:00,2026-08-31_1151IST
DEL,BOM,6E,IndiGo,inf,2026-09-30,30,economy,,,7272.0,False,05:10,ok,2026-08-31T11:51:21.609325+00:00,2026-08-31_1151IST
DEL,BOM,6E,IndiGo,inf,2026-09-30,30,economy,,,7272.0,False,05:10,ok,2026-08-31T11:51:21.609325+00:00,2026-08-31_1151IST
DEL,BOM,6E,IndiGo,inf,2026-09-30,30,economy,,,7272.0,False,05:40,ok,2026-08-31T11:51:21.609325+00:00,2026-08-31_1151IST
DEL,BOM,6E,IndiGo,inf,2026-09-30,30,economy,,,7272.0,False,07:30,ok,2026-08-31T11:51:21.609325+00:00,2026-08-31_1151IST
DEL,BOM,6E,IndiGo,inf,2026-09-30,30,economy,,,7272.0,False,09:45,ok,2026-08-31T11:51:21.609325+00:00,2026-08-31_1151IST
DEL,BOM,6E,IndiGo,inf,2026-09-30,30,economy,,,7272.0,False,11:10,ok,2026-08-31T11:51:21.609325+00:00,2026-08-31_1151IST
DEL,BOM,6E,IndiGo,inf,2026-09-30,30,economy,,,7272.0,False,14:50,ok,2026-08-31T11:51:21.609325+00:00,2026-08-31_1151IST
DEL,BOM,6E,IndiGo,inf,2026-09-30,30,economy,,,7272.0,False,15:35,ok,2026-08-31T11:51:21.609325+00:00,2026-08-31_1151IST
DEL,BOM,6E,IndiGo,inf,2026-09-30,30,economy,,,7272.0,False,17:05,ok,2026-08-31T11:51:21.609325+00:00,2026-08-31_1151IST
DEL,BOM,6E,IndiGo,inf,2026-09-30,30,economy,,,7272.0,False,17:05,ok,2026-08-31T11:51:21.609325+00:00,2026-08-31_1151IST
DEL,BOM,6E,IndiGo,inf,2026-09-30,30,economy,,,7272.0,False,18:30,ok,2026-08-31T11:51:21.609325+00:00,2026-08-31_1151IST
DEL,BOM,6E,IndiGo,inf,2026-09-30,30,economy,,,7272.0,False,19:35,ok,2026-08-31T11:51:21.609325+00:00,2026-08-31_1151IST
DEL,BOM,6E,IndiGo,inf,2026-09-30,30,economy,,,7403.0,False,05:55,ok,2026-08-31T11:51:21.609325+00:00,2026-08-31_1151IST
DEL,BOM,6E,IndiGo,inf,2026-09-30,30,economy,,,7403.0,False,09:00,ok,2026-08-31T11:51:21.609325+00:00,2026-08-31_1151IST
DEL,BOM,6E,IndiGo,inf,2026-09-30,30,economy,,,7403.0,False,11:20,ok,2026-08-31T11:51:21.609325+00:00,2026-08-31_1151IST
DEL,BOM,6E,IndiGo,inf,2026-09-30,30,economy,,,7403.0,False,12:10,ok,2026-08-31T11:51:21.609325+00:00,2026-08-31_1151IST
DEL,BOM,6E,IndiGo,inf,2026-09-30,30,economy,,,7403.0,False,15:00,ok,2026-08-31T11:51:21.609325+00:00,2026-08-31_1151IST
DEL,BOM,6E,IndiGo,inf,2026-09-30,30,economy,,,7403.0,False,16:30,ok,2026-08-31T11:51:21.609325+00:00,2026-08-31_1151IST
DEL,BOM,6E,IndiGo,inf,2026-09-30,30,economy,,,7403.0,False,17:20,ok,2026-08-31T11:51:21.609325+00:00,2026-08-31_1151IST
DEL,BOM,6E,IndiGo,inf,2026-09-30,30,economy,,,7403.0,False,17:20,ok,2026-08-31T11:51:21.609325+00:00,2026-08-31_1151IST
DEL,BOM,6E,IndiGo,inf,2026-09-30,30,economy,,,7403.0,False,19:10,ok,2026-08-31T11:51:21.609325+00:00,2026-08-31_1151IST
DEL,BOM,6E,IndiGo,inf,2026-09-30,30,economy,,,7403.0,False,19:40,ok,2026-08-31T11:51:21.609325+00:00,2026-08-31_1151IST
DEL,BOM,6E,IndiGo,inf,2026-09-30,30,economy,,,7482.0,False,08:15,ok,2026-08-31T11:51:21.609325+00:00,2026-08-31_1151IST
DEL,BOM,6E,IndiGo,inf,2026-09-30,30,economy,,,7482.0,False,13:20,ok,2026-08-31T11:51:21.609325+00:00,2026-08-31_1151IST
DEL,BOM,6E,IndiGo,inf,2026-09-30,30,economy,,,7482.0,False,19:45,ok,2026-08-31T11:51:21.609325+00:00,2026-08-31_1151IST
DEL,BOM,6E,IndiGo,inf,2026-09-30,30,economy,,,7482.0,False,21:25,ok,2026-08-31T11:51:21.609325+00:00,2026-08-31_1151IST
DEL,BOM,6E,IndiGo,inf,2026-09-30,30,business,,,29617.0,False,08:30,ok,2026-08-31T11:51:21.609325+00:00,2026-08-31_1151IST
DEL,BOM,6E,IndiGo,inf,2026-09-30,30,economy,,,7613.0,False,08:30,ok,2026-08-31T11:51:21.609325+00:00,2026-08-31_1151IST
DEL,BOM,6E,IndiGo,inf,2026-09-30,30,business,,,29617.0,False,11:45,ok,2026-08-31T11:51:21.609325+00:00,2026-08-31_1151IST
DEL,BOM,6E,IndiGo,inf,2026-09-30,30,economy,,,7613.0,False,11:45,ok,2026-08-31T11:51:21.609325+00:00,2026-08-31_1151IST
DEL,BOM,6E,IndiGo,inf,2026-09-30,30,business,,,29617.0,False,13:30,ok,2026-08-31T11:51:21.609325+00:00,2026-08-31_1151IST
DEL,BOM,6E,IndiGo,inf,2026-09-30,30,economy,,,7613.0,False,13:30,ok,2026-08-31T11:51:21.609325+00:00,2026-08-31_1151IST
DEL,BOM,6E,IndiGo,inf,2026-09-30,30,business,,,29617.0,False,13:30,ok,2026-08-31T11:51:21.609325+00:00,2026-08-31_1151IST
DEL,BOM,6E,IndiGo,inf,2026-09-30,30,economy,,,7613.0,False,13:30,ok,2026-08-31T11:51:21.609325+00:00,2026-08-31_1151IST
DEL,BOM,6E,IndiGo,inf,2026-09-30,30,business,,,29617.0,False,17:55,ok,2026-08-31T11:51:21.609325+00:00,2026-08-31_1151IST
DEL,BOM,6E,IndiGo,inf,2026-09-30,30,economy,,,7613.0,False,17:55,ok,2026-08-31T11:51:21.609325+00:00,2026-08-31_1151IST
DEL,BOM,6E,IndiGo,inf,2026-09-30,30,business,,,29617.0,False,19:45,ok,2026-08-31T11:51:21.609325+00:00,2026-08-31_1151IST
DEL,BOM,6E,IndiGo,inf,2026-09-30,30,economy,,,7613.0,False,19:45,ok,2026-08-31T11:51:21.609325+00:00,2026-08-31_1151IST
DEL,BOM,6E,IndiGo,inf,2026-09-30,30,economy,,,7613.0,False,23:15,ok,2026-08-31T11:51:21.609325+00:00,2026-08-31_1151IST
DEL,BOM,6E,IndiGo,inf,2026-09-30,30,economy,,,8100.0,False,21:50,ok,2026-08-31T11:51:21.609325+00:00,2026-08-31_1151IST
DEL,BOM,6E,IndiGo,inf,2026-09-30,30,economy,,,8201.0,False,13:45,ok,2026-08-31T11:51:21.609325+00:00,2026-08-31_1151IST
DEL,BOM,6E,IndiGo,inf,2026-09-30,30,economy,,,8201.0,False,18:40,ok,2026-08-31T11:51:21.609325+00:00,2026-08-31_1151IST
DEL,BOM,6E,IndiGo,inf,2026-09-30,30,economy,,,10211.0,False,14:00,ok,2026-08-31T11:51:21.609325+00:00,2026-08-31_1151IST
DEL,BOM,6E,IndiGo,inf,2026-09-30,30,economy,,,10343.0,False,15:50,ok,2026-08-31T11:51:21.609325+00:00,2026-08-31_1151IST
DEL,BOM,6E,IndiGo,inf,2026-09-30,30,business,,,29617.0,False,14:45,ok,2026-08-31T11:51:21.609325+00:00,2026-08-31_1151IST
DEL,BOM,6E,IndiGo,inf,2026-09-30,30,economy,,,11444.0,False,14:45,ok,2026-08-31T11:51:21.609325+00:00,2026-08-31_1151IST
DEL,BOM,6E,IndiGo,inf,2026-09-30,30,business,,,29617.0,False,09:55,ok,2026-08-31T11:51:21.609325+00:00,2026-08-31_1151IST
DEL,BOM,6E,IndiGo,inf,2026-09-30,30,economy,,,12207.0,False,09:55,ok,2026-08-31T11:51:21.609325+00:00,2026-08-31_1151IST
DEL,BOM,6E,IndiGo,inf,2026-09-30,30,business,,,38385.0,False,12:15,ok,2026-08-31T11:51:21.609325+00:00,2026-08-31_1151IST
DEL,BOM,6E,IndiGo,inf,2026-09-30,30,economy,,,12225.0,False,12:15,ok,2026-08-31T11:51:21.609325+00:00,2026-08-31_1151IST
DEL,BOM,6E,IndiGo,inf,2026-09-30,30,economy,,,16832.0,False,09:00,ok,2026-08-31T11:51:21.609325+00:00,2026-08-31_1151IST
DEL,BOM,6E,IndiGo,inf,2026-09-30,30,business,,,35047.0,False,19:30,ok,2026-08-31T11:51:21.609325+00:00,2026-08-31_1151IST
DEL,BOM,6E,IndiGo,inf,2026-09-30,30,economy,,,18138.0,False,19:30,ok,2026-08-31T11:51:21.609325+00:00,2026-08-31_1151IST
DEL,BOM,6E,IndiGo,inf,2026-09-30,30,economy,,,22296.0,False,12:40,ok,2026-08-31T11:51:21.609325+00:00,2026-08-31_1151IST
DEL,BLR,6E,IndiGo,inf,2026-09-30,30,business,,,25900.0,False,03:00,ok,2026-08-31T11:52:42.507686+00:00,2026-08-31_1152IST
DEL,BLR,6E,IndiGo,inf,2026-09-30,30,economy,,,8523.0,False,03:00,ok,2026-08-31T11:52:42.507686+00:00,2026-08-31_1152IST
DEL,BLR,6E,IndiGo,inf,2026-09-30,30,business,,,25900.0,False,05:45,ok,2026-08-31T11:52:42.507686+00:00,2026-08-31_1152IST
DEL,BLR,6E,IndiGo,inf,2026-09-30,30,economy,,,8523.0,False,05:45,ok,2026-08-31T11:52:42.507686+00:00,2026-08-31_1152IST
DEL,BLR,6E,IndiGo,inf,2026-09-30,30,business,,,25900.0,False,07:05,ok,2026-08-31T11:52:42.507686+00:00,2026-08-31_1152IST
DEL,BLR,6E,IndiGo,inf,2026-09-30,30,economy,,,8523.0,False,07:05,ok,2026-08-31T11:52:42.507686+00:00,2026-08-31_1152IST
DEL,BLR,6E,IndiGo,inf,2026-09-30,30,business,,,25900.0,False,08:20,ok,2026-08-31T11:52:42.507686+00:00,2026-08-31_1152IST
DEL,BLR,6E,IndiGo,inf,2026-09-30,30,economy,,,8523.0,False,08:20,ok,2026-08-31T11:52:42.507686+00:00,2026-08-31_1152IST
DEL,BLR,6E,IndiGo,inf,2026-09-30,30,business,,,25900.0,False,09:30,ok,2026-08-31T11:52:42.507686+00:00,2026-08-31_1152IST
DEL,BLR,6E,IndiGo,inf,2026-09-30,30,economy,,,8523.0,False,09:30,ok,2026-08-31T11:52:42.507686+00:00,2026-08-31_1152IST
DEL,BLR,6E,IndiGo,inf,2026-09-30,30,business,,,25900.0,False,10:45,ok,2026-08-31T11:52:42.507686+00:00,2026-08-31_1152IST
DEL,BLR,6E,IndiGo,inf,2026-09-30,30,economy,,,8523.0,False,10:45,ok,2026-08-31T11:52:42.507686+00:00,2026-08-31_1152IST
DEL,BLR,6E,IndiGo,inf,2026-09-30,30,business,,,25900.0,False,12:20,ok,2026-08-31T11:52:42.507686+00:00,2026-08-31_1152IST
DEL,BLR,6E,IndiGo,inf,2026-09-30,30,economy,,,8523.0,False,12:20,ok,2026-08-31T11:52:42.507686+00:00,2026-08-31_1152IST
DEL,BLR,6E,IndiGo,6e+176,2026-09-30,30,business,,,25900.0,False,13:15,ok,2026-08-31T11:52:42.507686+00:00,2026-08-31_1152IST
DEL,BLR,6E,IndiGo,6e+176,2026-09-30,30,economy,,,8523.0,False,13:15,ok,2026-08-31T11:52:42.507686+00:00,2026-08-31_1152IST
DEL,BLR,6E,IndiGo,inf,2026-09-30,30,business,,,25900.0,False,14:30,ok,2026-08-31T11:52:42.507686+00:00,2026-08-31_1152IST
DEL,BLR,6E,IndiGo,inf,2026-09-30,30,economy,,,8523.0,False,14:30,ok,2026-08-31T11:52:42.507686+00:00,2026-08-31_1152IST
DEL,BLR,6E,IndiGo,inf,2026-09-30,30,business,,,25900.0,False,15:45,ok,2026-08-31T11:52:42.507686+00:00,2026-08-31_1152IST
DEL,BLR,6E,IndiGo,inf,2026-09-30,30,economy,,,8523.0,False,15:45,ok,2026-08-31T11:52:42.507686+00:00,2026-08-31_1152IST
DEL,BLR,6E,IndiGo,inf,2026-09-30,30,business,,,25900.0,False,17:00,ok,2026-08-31T11:52:42.507686+00:00,2026-08-31_1152IST
DEL,BLR,6E,IndiGo,inf,2026-09-30,30,economy,,,8523.0,False,17:00,ok,2026-08-31T11:52:42.507686+00:00,2026-08-31_1152IST
DEL,BLR,6E,IndiGo,inf,2026-09-30,30,business,,,25900.0,False,18:20,ok,2026-08-31T11:52:42.507686+00:00,2026-08-31_1152IST
DEL,BLR,6E,IndiGo,inf,2026-09-30,30,economy,,,8523.0,False,18:20,ok,2026-08-31T11:52:42.507686+00:00,2026-08-31_1152IST
DEL,BLR,6E,IndiGo,inf,2026-09-30,30,business,,,25900.0,False,19:30,ok,2026-08-31T11:52:42.507686+00:00,2026-08-31_1152IST
DEL,BLR,6E,IndiGo,inf,2026-09-30,30,economy,,,8523.0,False,19:30,ok,2026-08-31T11:52:42.507686+00:00,2026-08-31_1152IST
DEL,BLR,6E,IndiGo,inf,2026-09-30,30,business,,,25900.0,False,22:00,ok,2026-08-31T11:52:42.507686+00:00,2026-08-31_1152IST
DEL,BLR,6E,IndiGo,inf,2026-09-30,30,economy,,,9465.0,False,22:00,ok,2026-08-31T11:52:42.507686+00:00,2026-08-31_1152IST
DEL,BLR,6E,IndiGo,inf,2026-09-30,30,business,,,25900.0,False,20:45,ok,2026-08-31T11:52:42.507686+00:00,2026-08-31_1152IST
DEL,BLR,6E,IndiGo,inf,2026-09-30,30,economy,,,9980.0,False,20:45,ok,2026-08-31T11:52:42.507686+00:00,2026-08-31_1152IST
DEL,BLR,6E,IndiGo,inf,2026-09-30,30,economy,,,9530.0,False,07:40,ok,2026-08-31T11:52:42.507686+00:00,2026-08-31_1152IST
DEL,BLR,6E,IndiGo,inf,2026-09-30,30,business,,,24760.0,False,17:55,ok,2026-08-31T11:52:42.507686+00:00,2026-08-31_1152IST
DEL,BLR,6E,IndiGo,inf,2026-09-30,30,economy,,,10439.0,False,17:55,ok,2026-08-31T11:52:42.507686+00:00,2026-08-31_1152IST
DEL,BLR,6E,IndiGo,inf,2026-09-30,30,economy,,,10502.0,False,16:15,ok,2026-08-31T11:52:42.507686+00:00,2026-08-31_1152IST
DEL,BLR,6E,IndiGo,inf,2026-09-30,30,economy,,,10590.0,False,16:30,ok,2026-08-31T11:52:42.507686+00:00,2026-08-31_1152IST
DEL,BLR,6E,IndiGo,inf,2026-09-30,30,economy,,,10862.0,False,14:00,ok,2026-08-31T11:52:42.507686+00:00,2026-08-31_1152IST
DEL,BLR,6E,IndiGo,inf,2026-09-30,30,economy,,,10862.0,False,17:50,ok,2026-08-31T11:52:42.507686+00:00,2026-08-31_1152IST
DEL,BLR,6E,IndiGo,inf,2026-09-30,30,economy,,,11025.0,False,15:50,ok,2026-08-31T11:52:42.507686+00:00,2026-08-31_1152IST
DEL,BLR,6E,IndiGo,inf,2026-09-30,30,business,,,25164.0,False,09:55,ok,2026-08-31T11:52:42.507686+00:00,2026-08-31_1152IST
DEL,BLR,6E,IndiGo,inf,2026-09-30,30,economy,,,11053.0,False,09:55,ok,2026-08-31T11:52:42.507686+00:00,2026-08-31_1152IST
DEL,BLR,6E,IndiGo,inf,2026-09-30,30,business,,,26103.0,False,11:45,ok,2026-08-31T11:52:42.507686+00:00,2026-08-31_1152IST
DEL,BLR,6E,IndiGo,inf,2026-09-30,30,economy,,,11053.0,False,11:45,ok,2026-08-31T11:52:42.507686+00:00,2026-08-31_1152IST
DEL,BLR,6E,IndiGo,inf,2026-09-30,30,business,,,29442.0,False,13:30,ok,2026-08-31T11:52:42.507686+00:00,2026-08-31_1152IST
DEL,BLR,6E,IndiGo,inf,2026-09-30,30,economy,,,11053.0,False,13:30,ok,2026-08-31T11:52:42.507686+00:00,2026-08-31_1152IST
DEL,BLR,6E,IndiGo,inf,2026-09-30,30,business,,,28636.0,False,14:45,ok,2026-08-31T11:52:42.507686+00:00,2026-08-31_1152IST
DEL,BLR,6E,IndiGo,inf,2026-09-30,30,economy,,,11053.0,False,14:45,ok,2026-08-31T11:52:42.507686+00:00,2026-08-31_1152IST
DEL,BLR,6E,IndiGo,inf,2026-09-30,30,business,,,27907.0,False,16:15,ok,2026-08-31T11:52:42.507686+00:00,2026-08-31_1152IST
DEL,BLR,6E,IndiGo,inf,2026-09-30,30,economy,,,11053.0,False,16:15,ok,2026-08-31T11:52:42.507686+00:00,2026-08-31_1152IST
DEL,BLR,6E,IndiGo,inf,2026-09-30,30,economy,,,11063.0,False,05:10,ok,2026-08-31T11:52:42.507686+00:00,2026-08-31_1152IST
DEL,BLR,6E,IndiGo,inf,2026-09-30,30,economy,,,11063.0,False,17:05,ok,2026-08-31T11:52:42.507686+00:00,2026-08-31_1152IST
DEL,BLR,6E,IndiGo,inf,2026-09-30,30,business,,,26496.0,False,21:15,ok,2026-08-31T11:52:42.507686+00:00,2026-08-31_1152IST
DEL,BLR,6E,IndiGo,inf,2026-09-30,30,economy,,,11113.0,False,21:15,ok,2026-08-31T11:52:42.507686+00:00,2026-08-31_1152IST
DEL,BLR,6E,IndiGo,inf,2026-09-30,30,business,,,27041.0,False,02:20,ok,2026-08-31T11:52:42.507686+00:00,2026-08-31_1152IST
DEL,BLR,6E,IndiGo,inf,2026-09-30,30,economy,,,11184.0,False,02:20,ok,2026-08-31T11:52:42.507686+00:00,2026-08-31_1152IST
DEL,BLR,6E,IndiGo,inf,2026-09-30,30,economy,,,11184.0,False,05:55,ok,2026-08-31T11:52:42.507686+00:00,2026-08-31_1152IST
DEL,BLR,6E,IndiGo,inf,2026-09-30,30,economy,,,11184.0,False,06:55,ok,2026-08-31T11:52:42.507686+00:00,2026-08-31_1152IST
DEL,BLR,6E,IndiGo,inf,2026-09-30,30,business,,,34488.0,False,08:00,ok,2026-08-31T11:52:42.507686+00:00,2026-08-31_1152IST
DEL,BLR,6E,IndiGo,inf,2026-09-30,30,economy,,,11184.0,False,08:00,ok,2026-08-31T11:52:42.507686+00:00,2026-08-31_1152IST
DEL,BLR,6E,IndiGo,inf,2026-09-30,30,business,,,34488.0,False,14:00,ok,2026-08-31T11:52:42.507686+00:00,2026-08-31_1152IST
DEL,BLR,6E,IndiGo,inf,2026-09-30,30,economy,,,11184.0,False,14:00,ok,2026-08-31T11:52:42.507686+00:00,2026-08-31_1152IST
DEL,BLR,6E,IndiGo,inf,2026-09-30,30,economy,,,11184.0,False,15:20,ok,2026-08-31T11:52:42.507686+00:00,2026-08-31_1152IST
DEL,BLR,6E,IndiGo,inf,2026-09-30,30,business,,,34488.0,False,15:30,ok,2026-08-31T11:52:42.507686+00:00,2026-08-31_1152IST
DEL,BLR,6E,IndiGo,inf,2026-09-30,30,economy,,,11184.0,False,15:30,ok,2026-08-31T11:52:42.507686+00:00,2026-08-31_1152IST
DEL,BLR,6E,IndiGo,inf,2026-09-30,30,economy,,,11184.0,False,16:20,ok,2026-08-31T11:52:42.507686+00:00,2026-08-31_1152IST
DEL,BLR,6E,IndiGo,inf,2026-09-30,30,business,,,27238.0,False,16:25,ok,2026-08-31T11:52:42.507686+00:00,2026-08-31_1152IST
DEL,BLR,6E,IndiGo,inf,2026-09-30,30,economy,,,11184.0,False,16:25,ok,2026-08-31T11:52:42.507686+00:00,2026-08-31_1152IST
DEL,BLR,6E,IndiGo,inf,2026-09-30,30,economy,,,11184.0,False,17:20,ok,2026-08-31T11:52:42.507686+00:00,2026-08-31_1152IST
DEL,BLR,6E,IndiGo,inf,2026-09-30,30,business,,,34488.0,False,18:00,ok,2026-08-31T11:52:42.507686+00:00,2026-08-31_1152IST
DEL,BLR,6E,IndiGo,inf,2026-09-30,30,economy,,,11184.0,False,18:00,ok,2026-08-31T11:52:42.507686+00:00,2026-08-31_1152IST
DEL,BLR,6E,IndiGo,inf,2026-09-30,30,business,,,34488.0,False,18:00,ok,2026-08-31T11:52:42.507686+00:00,2026-08-31_1152IST
DEL,BLR,6E,IndiGo,inf,2026-09-30,30,economy,,,11184.0,False,18:00,ok,2026-08-31T11:52:42.507686+00:00,2026-08-31_1152IST
DEL,BLR,6E,IndiGo,inf,2026-09-30,30,economy,,,11184.0,False,19:35,ok,2026-08-31T11:52:42.507686+00:00,2026-08-31_1152IST
DEL,BLR,6E,IndiGo,inf,2026-09-30,30,economy,,,11263.0,False,09:15,ok,2026-08-31T11:52:42.507686+00:00,2026-08-31_1152IST
DEL,BLR,6E,IndiGo,inf,2026-09-30,30,economy,,,11263.0,False,11:00,ok,2026-08-31T11:52:42.507686+00:00,2026-08-31_1152IST
DEL,BLR,6E,IndiGo,inf,2026-09-30,30,business,,,34220.0,False,12:15,ok,2026-08-31T11:52:42.507686+00:00,2026-08-31_1152IST
DEL,BLR,6E,IndiGo,inf,2026-09-30,30,economy,,,11263.0,False,12:15,ok,2026-08-31T11:52:42.507686+00:00,2026-08-31_1152IST
DEL,BLR,6E,IndiGo,inf,2026-09-30,30,economy,,,11263.0,False,15:15,ok,2026-08-31T11:52:42.507686+00:00,2026-08-31_1152IST
DEL,BLR,6E,IndiGo,inf,2026-09-30,30,economy,,,11263.0,False,19:45,ok,2026-08-31T11:52:42.507686+00:00,2026-08-31_1152IST
DEL,BLR,6E,IndiGo,inf,2026-09-30,30,economy,,,11394.0,False,18:40,ok,2026-08-31T11:52:42.507686+00:00,2026-08-31_1152IST
DEL,BLR,6E,IndiGo,inf,2026-09-30,30,business,,,34488.0,False,20:45,ok,2026-08-31T11:52:42.507686+00:00,2026-08-31_1152IST
DEL,BLR,6E,IndiGo,inf,2026-09-30,30,economy,,,11414.0,False,20:45,ok,2026-08-31T11:52:42.507686+00:00,2026-08-31_1152IST
DEL,BLR,6E,IndiGo,inf,2026-09-30,30,economy,,,11420.0,False,17:10,ok,2026-08-31T11:52:42.507686+00:00,2026-08-31_1152IST
DEL,BLR,6E,IndiGo,inf,2026-09-30,30,business,,,32750.0,False,05:00,ok,2026-08-31T11:52:42.507686+00:00,2026-08-31_1152IST
DEL,BLR,6E,IndiGo,inf,2026-09-30,30,economy,,,11604.0,False,05:00,ok,2026-08-31T11:52:42.507686+00:00,2026-08-31_1152IST
DEL,BLR,6E,IndiGo,inf,2026-09-30,30,business,,,29009.0,False,08:30,ok,2026-08-31T11:52:42.507686+00:00,2026-08-31_1152IST
DEL,BLR,6E,IndiGo,inf,2026-09-30,30,economy,,,11604.0,False,08:30,ok,2026-08-31T11:52:42.507686+00:00,2026-08-31_1152IST
DEL,BLR,6E,IndiGo,inf,2026-09-30,30,economy,,,11845.0,False,18:30,ok,2026-08-31T11:52:42.507686+00:00,2026-08-31_1152IST
DEL,BLR,6E,IndiGo,inf,2026-09-30,30,business,,,27887.0,False,23:00,ok,2026-08-31T11:52:42.507686+00:00,2026-08-31_1152IST
DEL,BLR,6E,IndiGo,inf,2026-09-30,30,economy,,,11944.0,False,23:00,ok,2026-08-31T11:52:42.507686+00:00,2026-08-31_1152IST
DEL,BLR,6E,IndiGo,inf,2026-09-30,30,economy,,,12834.0,False,18:15,ok,2026-08-31T11:52:42.507686+00:00,2026-08-31_1152IST
DEL,BLR,6E,IndiGo,inf,2026-09-30,30,economy,,,14834.0,False,16:40,ok,2026-08-31T11:52:42.507686+00:00,2026-08-31_1152IST
DEL,BLR,6E,IndiGo,inf,2026-09-30,30,economy,,,17004.0,False,04:50,ok,2026-08-31T11:52:42.507686+00:00,2026-08-31_1152IST
DEL,BLR,6E,IndiGo,inf,2026-09-30,30,business,,,35400.0,False,10:25,ok,2026-08-31T11:52:42.507686+00:00,2026-08-31_1152IST
DEL,BLR,6E,IndiGo,inf,2026-09-30,30,economy,,,25551.0,False,10:25,ok,2026-08-31T11:52:42.507686+00:00,2026-08-31_1152IST
BOM,BLR,6E,IndiGo,inf,2026-09-30,30,business,,,18800.0,False,01:10,ok,2026-08-31T11:53:59.194403+00:00,2026-08-31_1153IST
BOM,BLR,6E,IndiGo,inf,2026-09-30,30,economy,,,4943.0,False,01:10,ok,2026-08-31T11:53:59.194403+00:00,2026-08-31_1153IST
BOM,BLR,6E,IndiGo,inf,2026-09-30,30,business,,,18800.0,False,04:30,ok,2026-08-31T11:53:59.194403+00:00,2026-08-31_1153IST
BOM,BLR,6E,IndiGo,inf,2026-09-30,30,economy,,,4943.0,False,04:30,ok,2026-08-31T11:53:59.194403+00:00,2026-08-31_1153IST
BOM,BLR,6E,IndiGo,inf,2026-09-30,30,business,,,18800.0,False,06:30,ok,2026-08-31T11:53:59.194403+00:00,2026-08-31_1153IST
BOM,BLR,6E,IndiGo,inf,2026-09-30,30,economy,,,6599.0,False,06:30,ok,2026-08-31T11:53:59.194403+00:00,2026-08-31_1153IST
BOM,BLR,6E,IndiGo,inf,2026-09-30,30,economy,,,6599.0,False,08:05,ok,2026-08-31T11:53:59.194403+00:00,2026-08-31_1153IST
BOM,BLR,6E,IndiGo,inf,2026-09-30,30,business,,,18800.0,False,09:50,ok,2026-08-31T11:53:59.194403+00:00,2026-08-31_1153IST
BOM,BLR,6E,IndiGo,inf,2026-09-30,30,economy,,,6599.0,False,09:50,ok,2026-08-31T11:53:59.194403+00:00,2026-08-31_1153IST
BOM,BLR,6E,IndiGo,inf,2026-09-30,30,business,,,18800.0,False,11:00,ok,2026-08-31T11:53:59.194403+00:00,2026-08-31_1153IST
BOM,BLR,6E,IndiGo,inf,2026-09-30,30,economy,,,6599.0,False,11:00,ok,2026-08-31T11:53:59.194403+00:00,2026-08-31_1153IST
BOM,BLR,6E,IndiGo,inf,2026-09-30,30,business,,,18800.0,False,12:30,ok,2026-08-31T11:53:59.194403+00:00,2026-08-31_1153IST
BOM,BLR,6E,IndiGo,inf,2026-09-30,30,economy,,,6599.0,False,12:30,ok,2026-08-31T11:53:59.194403+00:00,2026-08-31_1153IST
BOM,BLR,6E,IndiGo,inf,2026-09-30,30,business,,,18800.0,False,14:30,ok,2026-08-31T11:53:59.194403+00:00,2026-08-31_1153IST
BOM,BLR,6E,IndiGo,inf,2026-09-30,30,economy,,,6599.0,False,14:30,ok,2026-08-31T11:53:59.194403+00:00,2026-08-31_1153IST
BOM,BLR,6E,IndiGo,inf,2026-09-30,30,business,,,18800.0,False,15:35,ok,2026-08-31T11:53:59.194403+00:00,2026-08-31_1153IST
BOM,BLR,6E,IndiGo,inf,2026-09-30,30,economy,,,6599.0,False,15:35,ok,2026-08-31T11:53:59.194403+00:00,2026-08-31_1153IST
BOM,BLR,6E,IndiGo,inf,2026-09-30,30,business,,,18800.0,False,19:55,ok,2026-08-31T11:53:59.194403+00:00,2026-08-31_1153IST
BOM,BLR,6E,IndiGo,inf,2026-09-30,30,economy,,,6599.0,False,19:55,ok,2026-08-31T11:53:59.194403+00:00,2026-08-31_1153IST
BOM,BLR,6E,IndiGo,inf,2026-09-30,30,business,,,18800.0,False,21:30,ok,2026-08-31T11:53:59.194403+00:00,2026-08-31_1153IST
BOM,BLR,6E,IndiGo,inf,2026-09-30,30,economy,,,6599.0,False,21:30,ok,2026-08-31T11:53:59.194403+00:00,2026-08-31_1153IST
BOM,BLR,6E,IndiGo,inf,2026-09-30,30,business,,,18800.0,False,22:20,ok,2026-08-31T11:53:59.194403+00:00,2026-08-31_1153IST
BOM,BLR,6E,IndiGo,inf,2026-09-30,30,economy,,,6599.0,False,22:20,ok,2026-08-31T11:53:59.194403+00:00,2026-08-31_1153IST
BOM,BLR,6E,IndiGo,inf,2026-09-30,30,business,,,18800.0,False,17:00,ok,2026-08-31T11:53:59.194403+00:00,2026-08-31_1153IST
BOM,BLR,6E,IndiGo,inf,2026-09-30,30,economy,,,6914.0,False,17:00,ok,2026-08-31T11:53:59.194403+00:00,2026-08-31_1153IST
BOM,BLR,6E,IndiGo,inf,2026-09-30,30,business,,,18800.0,False,18:30,ok,2026-08-31T11:53:59.194403+00:00,2026-08-31_1153IST
BOM,BLR,6E,IndiGo,inf,2026-09-30,30,economy,,,7229.0,False,18:30,ok,2026-08-31T11:53:59.194403+00:00,2026-08-31_1153IST
BOM,BLR,6E,IndiGo,inf,2026-09-30,30,economy,,,6487.0,False,15:25,ok,2026-08-31T11:53:59.194403+00:00,2026-08-31_1153IST
BOM,BLR,6E,IndiGo,inf,2026-09-30,30,economy,,,6487.0,False,17:25,ok,2026-08-31T11:53:59.194403+00:00,2026-08-31_1153IST
BOM,BLR,6E,IndiGo,inf,2026-09-30,30,economy,,,6487.0,False,23:10,ok,2026-08-31T11:53:59.194403+00:00,2026-08-31_1153IST
BOM,BLR,6E,IndiGo,inf,2026-09-30,30,business,,,20293.0,False,11:45,ok,2026-08-31T11:53:59.194403+00:00,2026-08-31_1153IST
BOM,BLR,6E,IndiGo,inf,2026-09-30,30,economy,,,7312.0,False,11:45,ok,2026-08-31T11:53:59.194403+00:00,2026-08-31_1153IST
BOM,BLR,6E,IndiGo,inf,2026-09-30,30,economy,,,7522.0,False,11:40,ok,2026-08-31T11:53:59.194403+00:00,2026-08-31_1153IST
BOM,BLR,6E,IndiGo,inf,2026-09-30,30,economy,,,7522.0,False,12:30,ok,2026-08-31T11:53:59.194403+00:00,2026-08-31_1153IST
BOM,BLR,6E,IndiGo,inf,2026-09-30,30,economy,,,8001.0,False,18:05,ok,2026-08-31T11:53:59.194403+00:00,2026-08-31_1153IST
BOM,BLR,6E,IndiGo,inf,2026-09-30,30,economy,,,8040.0,False,14:40,ok,2026-08-31T11:53:59.194403+00:00,2026-08-31_1153IST
BOM,BLR,6E,IndiGo,inf,2026-09-30,30,economy,,,8040.0,False,16:55,ok,2026-08-31T11:53:59.194403+00:00,2026-08-31_1153IST
BOM,BLR,6E,IndiGo,inf,2026-09-30,30,economy,,,8119.0,False,04:00,ok,2026-08-31T11:53:59.194403+00:00,2026-08-31_1153IST
BOM,BLR,6E,IndiGo,inf,2026-09-30,30,economy,,,8119.0,False,06:15,ok,2026-08-31T11:53:59.194403+00:00,2026-08-31_1153IST
BOM,BLR,6E,IndiGo,inf,2026-09-30,30,economy,,,8119.0,False,09:35,ok,2026-08-31T11:53:59.194403+00:00,2026-08-31_1153IST
BOM,BLR,6E,IndiGo,inf,2026-09-30,30,economy,,,8119.0,False,09:50,ok,2026-08-31T11:53:59.194403+00:00,2026-08-31_1153IST
BOM,BLR,6E,IndiGo,inf,2026-09-30,30,economy,,,8119.0,False,09:50,ok,2026-08-31T11:53:59.194403+00:00,2026-08-31_1153IST
BOM,BLR,6E,IndiGo,inf,2026-09-30,30,economy,,,8119.0,False,11:40,ok,2026-08-31T11:53:59.194403+00:00,2026-08-31_1153IST
BOM,BLR,6E,IndiGo,inf,2026-09-30,30,economy,,,8119.0,False,12:30,ok,2026-08-31T11:53:59.194403+00:00,2026-08-31_1153IST
BOM,BLR,6E,IndiGo,inf,2026-09-30,30,economy,,,8119.0,False,13:45,ok,2026-08-31T11:53:59.194403+00:00,2026-08-31_1153IST
BOM,BLR,6E,IndiGo,inf,2026-09-30,30,economy,,,8119.0,False,14:55,ok,2026-08-31T11:53:59.194403+00:00,2026-08-31_1153IST
BOM,BLR,6E,IndiGo,inf,2026-09-30,30,economy,,,8119.0,False,15:25,ok,2026-08-31T11:53:59.194403+00:00,2026-08-31_1153IST
BOM,BLR,6E,IndiGo,6e+240,2026-09-30,30,economy,,,8119.0,False,15:45,ok,2026-08-31T11:53:59.194403+00:00,2026-08-31_1153IST
BOM,BLR,6E,IndiGo,inf,2026-09-30,30,economy,,,8119.0,False,17:10,ok,2026-08-31T11:53:59.194403+00:00,2026-08-31_1153IST
BOM,BLR,6E,IndiGo,inf,2026-09-30,30,economy,,,8119.0,False,18:40,ok,2026-08-31T11:53:59.194403+00:00,2026-08-31_1153IST
BOM,BLR,6E,IndiGo,inf,2026-09-30,30,economy,,,8175.0,False,13:35,ok,2026-08-31T11:53:59.194403+00:00,2026-08-31_1153IST
BOM,BLR,6E,IndiGo,inf,2026-09-30,30,economy,,,8250.0,False,16:50,ok,2026-08-31T11:53:59.194403+00:00,2026-08-31_1153IST
BOM,BLR,6E,IndiGo,inf,2026-09-30,30,economy,,,8432.0,False,16:40,ok,2026-08-31T11:53:59.194403+00:00,2026-08-31_1153IST
BOM,BLR,6E,IndiGo,inf,2026-09-30,30,business,,,19888.0,False,15:10,ok,2026-08-31T11:53:59.194403+00:00,2026-08-31_1153IST
BOM,BLR,6E,IndiGo,inf,2026-09-30,30,economy,,,8564.0,False,15:10,ok,2026-08-31T11:53:59.194403+00:00,2026-08-31_1153IST
BOM,BLR,6E,IndiGo,inf,2026-09-30,30,business,,,23035.0,False,16:45,ok,2026-08-31T11:53:59.194403+00:00,2026-08-31_1153IST
BOM,BLR,6E,IndiGo,inf,2026-09-30,30,economy,,,8564.0,False,16:45,ok,2026-08-31T11:53:59.194403+00:00,2026-08-31_1153IST
BOM,BLR,6E,IndiGo,inf,2026-09-30,30,business,,,19888.0,False,16:45,ok,2026-08-31T11:53:59.194403+00:00,2026-08-31_1153IST
BOM,BLR,6E,IndiGo,inf,2026-09-30,30,economy,,,8564.0,False,16:45,ok,2026-08-31T11:53:59.194403+00:00,2026-08-31_1153IST
BOM,BLR,6E,IndiGo,6e+261,2026-09-30,30,economy,,,9153.0,False,11:20,ok,2026-08-31T11:53:59.194403+00:00,2026-08-31_1153IST
BOM,BLR,6E,IndiGo,6.000000000000001e+230,2026-09-30,30,economy,,,9153.0,False,13:55,ok,2026-08-31T11:53:59.194403+00:00,2026-08-31_1153IST
BOM,BLR,6E,IndiGo,6.000000000000001e+230,2026-09-30,30,economy,,,9153.0,False,13:55,ok,2026-08-31T11:53:59.194403+00:00,2026-08-31_1153IST
BOM,BLR,6E,IndiGo,inf,2026-09-30,30,economy,,,9494.0,False,20:00,ok,2026-08-31T11:53:59.194403+00:00,2026-08-31_1153IST
BOM,BLR,6E,IndiGo,inf,2026-09-30,30,economy,,,9531.0,False,09:05,ok,2026-08-31T11:53:59.194403+00:00,2026-08-31_1153IST
BOM,BLR,6E,IndiGo,inf,2026-09-30,30,economy,,,9930.0,False,05:00,ok,2026-08-31T11:53:59.194403+00:00,2026-08-31_1153IST
BOM,BLR,6E,IndiGo,inf,2026-09-30,30,economy,,,10510.0,False,16:40,ok,2026-08-31T11:53:59.194403+00:00,2026-08-31_1153IST
BOM,BLR,6E,IndiGo,inf,2026-09-30,30,business,,,21231.0,False,11:45,ok,2026-08-31T11:53:59.194403+00:00,2026-08-31_1153IST
BOM,BLR,6E,IndiGo,inf,2026-09-30,30,economy,,,10719.0,False,11:45,ok,2026-08-31T11:53:59.194403+00:00,2026-08-31_1153IST
BOM,BLR,6E,IndiGo,inf,2026-09-30,30,economy,,,11156.0,False,18:15,ok,2026-08-31T11:53:59.194403+00:00,2026-08-31_1153IST
BOM,BLR,6E,IndiGo,6.000000000000001e+230,2026-09-30,30,economy,,,11833.0,False,13:55,ok,2026-08-31T11:53:59.194403+00:00,2026-08-31_1153IST
BOM,BLR,6E,IndiGo,inf,2026-09-30,30,business,,,20293.0,False,10:15,ok,2026-08-31T11:53:59.194403+00:00,2026-08-31_1153IST
BOM,BLR,6E,IndiGo,inf,2026-09-30,30,economy,,,11921.0,False,10:15,ok,2026-08-31T11:53:59.194403+00:00,2026-08-31_1153IST
BOM,BLR,6E,IndiGo,inf,2026-09-30,30,business,,,23035.0,False,15:10,ok,2026-08-31T11:53:59.194403+00:00,2026-08-31_1153IST
BOM,BLR,6E,IndiGo,inf,2026-09-30,30,economy,,,12325.0,False,15:10,ok,2026-08-31T11:53:59.194403+00:00,2026-08-31_1153IST
BOM,BLR,6E,IndiGo,inf,2026-09-30,30,business,,,21231.0,False,10:15,ok,2026-08-31T11:53:59.194403+00:00,2026-08-31_1153IST
BOM,BLR,6E,IndiGo,inf,2026-09-30,30,economy,,,12755.0,False,10:15,ok,2026-08-31T11:53:59.194403+00:00,2026-08-31_1153IST
BOM,BLR,6E,IndiGo,inf,2026-09-30,30,business,,,23765.0,False,11:45,ok,2026-08-31T11:53:59.194403+00:00,2026-08-31_1153IST
BOM,BLR,6E,IndiGo,inf,2026-09-30,30,economy,,,12974.0,False,11:45,ok,2026-08-31T11:53:59.194403+00:00,2026-08-31_1153IST
BOM,BLR,6E,IndiGo,inf,2026-09-30,30,business,,,23765.0,False,15:10,ok,2026-08-31T11:53:59.194403+00:00,2026-08-31_1153IST
BOM,BLR,6E,IndiGo,inf,2026-09-30,30,economy,,,12974.0,False,15:10,ok,2026-08-31T11:53:59.194403+00:00,2026-08-31_1153IST
BOM,BLR,6E,IndiGo,inf,2026-09-30,30,economy,,,13458.0,False,09:15,ok,2026-08-31T11:53:59.194403+00:00,2026-08-31_1153IST
BOM,BLR,6E,IndiGo,inf,2026-09-30,30,business,,,24570.0,False,11:45,ok,2026-08-31T11:53:59.194403+00:00,2026-08-31_1153IST
BOM,BLR,6E,IndiGo,inf,2026-09-30,30,economy,,,13691.0,False,11:45,ok,2026-08-31T11:53:59.194403+00:00,2026-08-31_1153IST
BOM,BLR,6E,IndiGo,inf,2026-09-30,30,business,,,24570.0,False,15:10,ok,2026-08-31T11:53:59.194403+00:00,2026-08-31_1153IST
BOM,BLR,6E,IndiGo,inf,2026-09-30,30,economy,,,13691.0,False,15:10,ok,2026-08-31T11:53:59.194403+00:00,2026-08-31_1153IST
BOM,BLR,6E,IndiGo,6e+261,2026-09-30,30,economy,,,13894.0,False,11:20,ok,2026-08-31T11:53:59.194403+00:00,2026-08-31_1153IST
BOM,BLR,6E,IndiGo,inf,2026-09-30,30,economy,,,20215.0,False,05:35,ok,2026-08-31T11:53:59.194403+00:00,2026-08-31_1153IST
BOM,BLR,6E,IndiGo,inf,2026-09-30,30,economy,,,26355.0,False,05:35,ok,2026-08-31T11:53:59.194403+00:00,2026-08-31_1153IST
DEL,CCU,6E,IndiGo,inf,2026-09-30,30,business,,,22600.0,False,07:20,ok,2026-08-31T11:55:16.154484+00:00,2026-08-31_1155IST
DEL,CCU,6E,IndiGo,inf,2026-09-30,30,economy,,,8200.0,False,07:20,ok,2026-08-31T11:55:16.154484+00:00,2026-08-31_1155IST
DEL,CCU,6E,IndiGo,inf,2026-09-30,30,business,,,22600.0,False,08:30,ok,2026-08-31T11:55:16.154484+00:00,2026-08-31_1155IST
DEL,CCU,6E,IndiGo,inf,2026-09-30,30,economy,,,8200.0,False,08:30,ok,2026-08-31T11:55:16.154484+00:00,2026-08-31_1155IST
DEL,CCU,6E,IndiGo,inf,2026-09-30,30,business,,,22600.0,False,10:15,ok,2026-08-31T11:55:16.154484+00:00,2026-08-31_1155IST
DEL,CCU,6E,IndiGo,inf,2026-09-30,30,economy,,,8200.0,False,10:15,ok,2026-08-31T11:55:16.154484+00:00,2026-08-31_1155IST
DEL,CCU,6E,IndiGo,inf,2026-09-30,30,business,,,22600.0,False,12:45,ok,2026-08-31T11:55:16.154484+00:00,2026-08-31_1155IST
DEL,CCU,6E,IndiGo,inf,2026-09-30,30,economy,,,8200.0,False,12:45,ok,2026-08-31T11:55:16.154484+00:00,2026-08-31_1155IST
DEL,CCU,6E,IndiGo,inf,2026-09-30,30,business,,,22600.0,False,14:25,ok,2026-08-31T11:55:16.154484+00:00,2026-08-31_1155IST
DEL,CCU,6E,IndiGo,inf,2026-09-30,30,economy,,,8200.0,False,14:25,ok,2026-08-31T11:55:16.154484+00:00,2026-08-31_1155IST
DEL,CCU,6E,IndiGo,inf,2026-09-30,30,business,,,22600.0,False,16:00,ok,2026-08-31T11:55:16.154484+00:00,2026-08-31_1155IST
DEL,CCU,6E,IndiGo,inf,2026-09-30,30,economy,,,8200.0,False,16:00,ok,2026-08-31T11:55:16.154484+00:00,2026-08-31_1155IST
DEL,CCU,6E,IndiGo,inf,2026-09-30,30,business,,,22600.0,False,17:55,ok,2026-08-31T11:55:16.154484+00:00,2026-08-31_1155IST
DEL,CCU,6E,IndiGo,inf,2026-09-30,30,economy,,,8200.0,False,17:55,ok,2026-08-31T11:55:16.154484+00:00,2026-08-31_1155IST
DEL,CCU,6E,IndiGo,inf,2026-09-30,30,business,,,22600.0,False,21:50,ok,2026-08-31T11:55:16.154484+00:00,2026-08-31_1155IST
DEL,CCU,6E,IndiGo,inf,2026-09-30,30,economy,,,8200.0,False,21:50,ok,2026-08-31T11:55:16.154484+00:00,2026-08-31_1155IST
DEL,CCU,6E,IndiGo,6e+247,2026-09-30,30,business,,,22600.0,False,23:30,ok,2026-08-31T11:55:16.154484+00:00,2026-08-31_1155IST
DEL,CCU,6E,IndiGo,6e+247,2026-09-30,30,economy,,,8463.0,False,23:30,ok,2026-08-31T11:55:16.154484+00:00,2026-08-31_1155IST
DEL,CCU,6E,IndiGo,inf,2026-09-30,30,business,,,27001.0,False,05:00,ok,2026-08-31T11:55:16.154484+00:00,2026-08-31_1155IST
DEL,CCU,6E,IndiGo,inf,2026-09-30,30,economy,,,8778.0,False,05:00,ok,2026-08-31T11:55:16.154484+00:00,2026-08-31_1155IST
DEL,CCU,6E,IndiGo,inf,2026-09-30,30,business,,,22600.0,False,19:30,ok,2026-08-31T11:55:16.154484+00:00,2026-08-31_1155IST
DEL,CCU,6E,IndiGo,inf,2026-09-30,30,economy,,,9250.0,False,19:30,ok,2026-08-31T11:55:16.154484+00:00,2026-08-31_1155IST
DEL,CCU,6E,IndiGo,inf,2026-09-30,30,economy,,,7417.0,False,13:25,ok,2026-08-31T11:55:16.154484+00:00,2026-08-31_1155IST
DEL,CCU,6E,IndiGo,6e+203,2026-09-30,30,business,,,27611.0,False,07:10,ok,2026-08-31T11:55:16.154484+00:00,2026-08-31_1155IST
DEL,CCU,6E,IndiGo,6e+203,2026-09-30,30,economy,,,7443.0,False,07:10,ok,2026-08-31T11:55:16.154484+00:00,2026-08-31_1155IST
DEL,CCU,6E,IndiGo,6e+203,2026-09-30,30,business,,,27611.0,False,07:10,ok,2026-08-31T11:55:16.154484+00:00,2026-08-31_1155IST
DEL,CCU,6E,IndiGo,6e+203,2026-09-30,30,economy,,,7443.0,False,07:10,ok,2026-08-31T11:55:16.154484+00:00,2026-08-31_1155IST
DEL,CCU,6E,IndiGo,inf,2026-09-30,30,business,,,27611.0,False,08:30,ok,2026-08-31T11:55:16.154484+00:00,2026-08-31_1155IST
DEL,CCU,6E,IndiGo,inf,2026-09-30,30,economy,,,7443.0,False,08:30,ok,2026-08-31T11:55:16.154484+00:00,2026-08-31_1155IST
DEL,CCU,6E,IndiGo,inf,2026-09-30,30,business,,,27611.0,False,08:30,ok,2026-08-31T11:55:16.154484+00:00,2026-08-31_1155IST
DEL,CCU,6E,IndiGo,inf,2026-09-30,30,economy,,,7443.0,False,08:30,ok,2026-08-31T11:55:16.154484+00:00,2026-08-31_1155IST
DEL,CCU,6E,IndiGo,inf,2026-09-30,30,business,,,27611.0,False,09:55,ok,2026-08-31T11:55:16.154484+00:00,2026-08-31_1155IST
DEL,CCU,6E,IndiGo,inf,2026-09-30,30,economy,,,7443.0,False,09:55,ok,2026-08-31T11:55:16.154484+00:00,2026-08-31_1155IST
DEL,CCU,6E,IndiGo,inf,2026-09-30,30,business,,,27611.0,False,11:45,ok,2026-08-31T11:55:16.154484+00:00,2026-08-31_1155IST
DEL,CCU,6E,IndiGo,inf,2026-09-30,30,economy,,,7443.0,False,11:45,ok,2026-08-31T11:55:16.154484+00:00,2026-08-31_1155IST
DEL,CCU,6E,IndiGo,inf,2026-09-30,30,business,,,27611.0,False,13:30,ok,2026-08-31T11:55:16.154484+00:00,2026-08-31_1155IST
DEL,CCU,6E,IndiGo,inf,2026-09-30,30,economy,,,7443.0,False,13:30,ok,2026-08-31T11:55:16.154484+00:00,2026-08-31_1155IST
DEL,CCU,6E,IndiGo,inf,2026-09-30,30,business,,,27257.0,False,13:30,ok,2026-08-31T11:55:16.154484+00:00,2026-08-31_1155IST
DEL,CCU,6E,IndiGo,inf,2026-09-30,30,economy,,,7443.0,False,13:30,ok,2026-08-31T11:55:16.154484+00:00,2026-08-31_1155IST
DEL,CCU,6E,IndiGo,inf,2026-09-30,30,business,,,27257.0,False,14:45,ok,2026-08-31T11:55:16.154484+00:00,2026-08-31_1155IST
DEL,CCU,6E,IndiGo,inf,2026-09-30,30,economy,,,7443.0,False,14:45,ok,2026-08-31T11:55:16.154484+00:00,2026-08-31_1155IST
DEL,CCU,6E,IndiGo,inf,2026-09-30,30,economy,,,7443.0,False,14:50,ok,2026-08-31T11:55:16.154484+00:00,2026-08-31_1155IST
DEL,CCU,6E,IndiGo,inf,2026-09-30,30,business,,,27257.0,False,16:15,ok,2026-08-31T11:55:16.154484+00:00,2026-08-31_1155IST
DEL,CCU,6E,IndiGo,inf,2026-09-30,30,economy,,,7443.0,False,16:15,ok,2026-08-31T11:55:16.154484+00:00,2026-08-31_1155IST
DEL,CCU,6E,IndiGo,inf,2026-09-30,30,economy,,,7443.0,False,17:05,ok,2026-08-31T11:55:16.154484+00:00,2026-08-31_1155IST
DEL,CCU,6E,IndiGo,inf,2026-09-30,30,business,,,27257.0,False,17:55,ok,2026-08-31T11:55:16.154484+00:00,2026-08-31_1155IST
DEL,CCU,6E,IndiGo,inf,2026-09-30,30,economy,,,7443.0,False,17:55,ok,2026-08-31T11:55:16.154484+00:00,2026-08-31_1155IST
DEL,CCU,6E,IndiGo,inf,2026-09-30,30,economy,,,7451.0,False,06:20,ok,2026-08-31T11:55:16.154484+00:00,2026-08-31_1155IST
DEL,CCU,6E,IndiGo,inf,2026-09-30,30,economy,,,7451.0,False,13:35,ok,2026-08-31T11:55:16.154484+00:00,2026-08-31_1155IST
DEL,CCU,6E,IndiGo,inf,2026-09-30,30,economy,,,7451.0,False,16:20,ok,2026-08-31T11:55:16.154484+00:00,2026-08-31_1155IST
DEL,CCU,6E,IndiGo,inf,2026-09-30,30,economy,,,7548.0,False,06:20,ok,2026-08-31T11:55:16.154484+00:00,2026-08-31_1155IST
DEL,CCU,6E,IndiGo,inf,2026-09-30,30,economy,,,7548.0,False,12:00,ok,2026-08-31T11:55:16.154484+00:00,2026-08-31_1155IST
DEL,CCU,6E,IndiGo,inf,2026-09-30,30,economy,,,7583.0,False,08:00,ok,2026-08-31T11:55:16.154484+00:00,2026-08-31_1155IST
DEL,CCU,6E,IndiGo,inf,2026-09-30,30,economy,,,7583.0,False,14:25,ok,2026-08-31T11:55:16.154484+00:00,2026-08-31_1155IST
DEL,CCU,6E,IndiGo,inf,2026-09-30,30,economy,,,7583.0,False,14:35,ok,2026-08-31T11:55:16.154484+00:00,2026-08-31_1155IST
DEL,CCU,6E,IndiGo,inf,2026-09-30,30,economy,,,7661.0,False,05:00,ok,2026-08-31T11:55:16.154484+00:00,2026-08-31_1155IST
DEL,CCU,6E,IndiGo,inf,2026-09-30,30,economy,,,7661.0,False,07:40,ok,2026-08-31T11:55:16.154484+00:00,2026-08-31_1155IST
DEL,CCU,6E,IndiGo,inf,2026-09-30,30,economy,,,7661.0,False,07:40,ok,2026-08-31T11:55:16.154484+00:00,2026-08-31_1155IST
DEL,CCU,6E,IndiGo,inf,2026-09-30,30,economy,,,7661.0,False,09:00,ok,2026-08-31T11:55:16.154484+00:00,2026-08-31_1155IST
DEL,CCU,6E,IndiGo,inf,2026-09-30,30,economy,,,7661.0,False,09:20,ok,2026-08-31T11:55:16.154484+00:00,2026-08-31_1155IST
DEL,CCU,6E,IndiGo,inf,2026-09-30,30,economy,,,7661.0,False,11:10,ok,2026-08-31T11:55:16.154484+00:00,2026-08-31_1155IST
DEL,CCU,6E,IndiGo,inf,2026-09-30,30,economy,,,7766.0,False,04:45,ok,2026-08-31T11:55:16.154484+00:00,2026-08-31_1155IST
DEL,CCU,6E,IndiGo,inf,2026-09-30,30,economy,,,7766.0,False,07:45,ok,2026-08-31T11:55:16.154484+00:00,2026-08-31_1155IST
DEL,CCU,6E,IndiGo,inf,2026-09-30,30,economy,,,7766.0,False,14:40,ok,2026-08-31T11:55:16.154484+00:00,2026-08-31_1155IST
DEL,CCU,6E,IndiGo,inf,2026-09-30,30,economy,,,7766.0,False,15:10,ok,2026-08-31T11:55:16.154484+00:00,2026-08-31_1155IST
DEL,CCU,6E,IndiGo,inf,2026-09-30,30,economy,,,7766.0,False,15:10,ok,2026-08-31T11:55:16.154484+00:00,2026-08-31_1155IST
DEL,CCU,6E,IndiGo,inf,2026-09-30,30,economy,,,8003.0,False,23:15,ok,2026-08-31T11:55:16.154484+00:00,2026-08-31_1155IST
DEL,CCU,6E,IndiGo,inf,2026-09-30,30,economy,,,8198.0,False,14:25,ok,2026-08-31T11:55:16.154484+00:00,2026-08-31_1155IST
DEL,CCU,6E,IndiGo,inf,2026-09-30,30,economy,,,8198.0,False,16:20,ok,2026-08-31T11:55:16.154484+00:00,2026-08-31_1155IST
DEL,CCU,6E,IndiGo,inf,2026-09-30,30,economy,,,8277.0,False,09:20,ok,2026-08-31T11:55:16.154484+00:00,2026-08-31_1155IST
DEL,CCU,6E,IndiGo,inf,2026-09-30,30,economy,,,8277.0,False,12:20,ok,2026-08-31T11:55:16.154484+00:00,2026-08-31_1155IST
DEL,CCU,6E,IndiGo,inf,2026-09-30,30,economy,,,8277.0,False,12:20,ok,2026-08-31T11:55:16.154484+00:00,2026-08-31_1155IST
DEL,CCU,6E,IndiGo,inf,2026-09-30,30,economy,,,8277.0,False,14:40,ok,2026-08-31T11:55:16.154484+00:00,2026-08-31_1155IST
DEL,CCU,6E,IndiGo,inf,2026-09-30,30,economy,,,8277.0,False,14:40,ok,2026-08-31T11:55:16.154484+00:00,2026-08-31_1155IST
DEL,CCU,6E,IndiGo,inf,2026-09-30,30,economy,,,9592.0,False,15:50,ok,2026-08-31T11:55:16.154484+00:00,2026-08-31_1155IST
DEL,CCU,6E,IndiGo,inf,2026-09-30,30,economy,,,9697.0,False,12:55,ok,2026-08-31T11:55:16.154484+00:00,2026-08-31_1155IST
DEL,CCU,6E,IndiGo,inf,2026-09-30,30,economy,,,10305.0,False,05:10,ok,2026-08-31T11:55:16.154484+00:00,2026-08-31_1155IST
DEL,CCU,6E,IndiGo,inf,2026-09-30,30,economy,,,13618.0,False,17:20,ok,2026-08-31T11:55:16.154484+00:00,2026-08-31_1155IST
DEL,CCU,6E,IndiGo,inf,2026-09-30,30,economy,,,13929.0,False,14:00,ok,2026-08-31T11:55:16.154484+00:00,2026-08-31_1155IST
DEL,CCU,6E,IndiGo,inf,2026-09-30,30,economy,,,17541.0,False,10:50,ok,2026-08-31T11:55:16.154484+00:00,2026-08-31_1155IST
DEL,CCU,6E,IndiGo,inf,2026-09-30,30,economy,,,20870.0,False,07:30,ok,2026-08-31T11:55:16.154484+00:00,2026-08-31_1155IST
DEL,CCU,6E,IndiGo,inf,2026-09-30,30,economy,,,22788.0,False,10:50,ok,2026-08-31T11:55:16.154484+00:00,2026-08-31_1155IST
BLR,HYD,6E,IndiGo,inf,2026-09-30,30,,,,,False,08:15,parse_error,2026-08-31T11:56:26.575284+00:00,2026-08-31_1156IST
BLR,HYD,6E,IndiGo,inf,2026-09-30,30,,,,,False,10:15,parse_error,2026-08-31T11:56:26.575284+00:00,2026-08-31_1156IST
BLR,HYD,6E,IndiGo,inf,2026-09-30,30,,,,,False,11:35,parse_error,2026-08-31T11:56:26.575284+00:00,2026-08-31_1156IST
BLR,HYD,6E,IndiGo,inf,2026-09-30,30,,,,,False,06:25,parse_error,2026-08-31T11:56:26.575284+00:00,2026-08-31_1156IST
BLR,HYD,6E,IndiGo,inf,2026-09-30,30,,,,,False,09:15,parse_error,2026-08-31T11:56:26.575284+00:00,2026-08-31_1156IST
BLR,HYD,6E,IndiGo,inf,2026-09-30,30,,,,,False,16:30,parse_error,2026-08-31T11:56:26.575284+00:00,2026-08-31_1156IST
BLR,HYD,6E,IndiGo,inf,2026-09-30,30,,,,,False,18:35,parse_error,2026-08-31T11:56:26.575284+00:00,2026-08-31_1156IST
BLR,HYD,6E,IndiGo,inf,2026-09-30,30,,,,,False,19:45,parse_error,2026-08-31T11:56:26.575284+00:00,2026-08-31_1156IST
BLR,HYD,6E,IndiGo,inf,2026-09-30,30,,,,,False,21:30,parse_error,2026-08-31T11:56:26.575284+00:00,2026-08-31_1156IST
BLR,HYD,6E,IndiGo,inf,2026-09-30,30,,,,,False,01:05,parse_error,2026-08-31T11:56:26.575284+00:00,2026-08-31_1156IST
BLR,HYD,6E,IndiGo,inf,2026-09-30,30,,,,,False,02:40,parse_error,2026-08-31T11:56:26.575284+00:00,2026-08-31_1156IST
BLR,HYD,6E,IndiGo,inf,2026-09-30,30,,,,,False,07:05,parse_error,2026-08-31T11:56:26.575284+00:00,2026-08-31_1156IST
BLR,HYD,6E,IndiGo,inf,2026-09-30,30,,,,,False,07:05,parse_error,2026-08-31T11:56:26.575284+00:00,2026-08-31_1156IST
BLR,HYD,6E,IndiGo,inf,2026-09-30,30,,,,,False,07:15,parse_error,2026-08-31T11:56:26.575284+00:00,2026-08-31_1156IST
BLR,HYD,6E,IndiGo,inf,2026-09-30,30,,,,,False,07:15,parse_error,2026-08-31T11:56:26.575284+00:00,2026-08-31_1156IST
BLR,HYD,6E,IndiGo,inf,2026-09-30,30,,,,,False,10:45,parse_error,2026-08-31T11:56:26.575284+00:00,2026-08-31_1156IST
BLR,HYD,6E,IndiGo,inf,2026-09-30,30,,,,,False,11:40,parse_error,2026-08-31T11:56:26.575284+00:00,2026-08-31_1156IST
BLR,HYD,6E,IndiGo,inf,2026-09-30,30,,,,,False,12:45,parse_error,2026-08-31T11:56:26.575284+00:00,2026-08-31_1156IST
BLR,HYD,6E,IndiGo,inf,2026-09-30,30,,,,,False,12:55,parse_error,2026-08-31T11:56:26.575284+00:00,2026-08-31_1156IST
BLR,HYD,6E,IndiGo,inf,2026-09-30,30,,,,,False,13:10,parse_error,2026-08-31T11:56:26.575284+00:00,2026-08-31_1156IST
BLR,HYD,6E,IndiGo,inf,2026-09-30,30,,,,,False,13:10,parse_error,2026-08-31T11:56:26.575284+00:00,2026-08-31_1156IST
BLR,HYD,6E,IndiGo,inf,2026-09-30,30,,,,,False,15:15,parse_error,2026-08-31T11:56:26.575284+00:00,2026-08-31_1156IST
BLR,HYD,6E,IndiGo,inf,2026-09-30,30,,,,,False,15:15,parse_error,2026-08-31T11:56:26.575284+00:00,2026-08-31_1156IST
BLR,HYD,6E,IndiGo,6e+173,2026-09-30,30,,,,,False,15:30,parse_error,2026-08-31T11:56:26.575284+00:00,2026-08-31_1156IST
BLR,HYD,6E,IndiGo,6e+173,2026-09-30,30,,,,,False,15:30,parse_error,2026-08-31T11:56:26.575284+00:00,2026-08-31_1156IST
BLR,HYD,6E,IndiGo,inf,2026-09-30,30,,,,,False,17:15,parse_error,2026-08-31T11:56:26.575284+00:00,2026-08-31_1156IST
BLR,HYD,6E,IndiGo,inf,2026-09-30,30,,,,,False,17:15,parse_error,2026-08-31T11:56:26.575284+00:00,2026-08-31_1156IST
BLR,HYD,6E,IndiGo,inf,2026-09-30,30,,,,,False,18:15,parse_error,2026-08-31T11:56:26.575284+00:00,2026-08-31_1156IST
BLR,HYD,6E,IndiGo,6e+105,2026-09-30,30,,,,,False,18:50,parse_error,2026-08-31T11:56:26.575284+00:00,2026-08-31_1156IST
BLR,HYD,6E,IndiGo,inf,2026-09-30,30,,,,,False,19:15,parse_error,2026-08-31T11:56:26.575284+00:00,2026-08-31_1156IST
BLR,HYD,6E,IndiGo,inf,2026-09-30,30,,,,,False,17:40,parse_error,2026-08-31T11:56:26.575284+00:00,2026-08-31_1156IST
BLR,HYD,6E,IndiGo,inf,2026-09-30,30,,,,,False,06:50,parse_error,2026-08-31T11:56:26.575284+00:00,2026-08-31_1156IST
BLR,HYD,6E,IndiGo,inf,2026-09-30,30,,,,,False,14:35,parse_error,2026-08-31T11:56:26.575284+00:00,2026-08-31_1156IST
BLR,HYD,6E,IndiGo,5.9999999999999995e+109,2026-09-30,30,,,,,False,17:00,parse_error,2026-08-31T11:56:26.575284+00:00,2026-08-31_1156IST
BLR,HYD,6E,IndiGo,inf,2026-09-30,30,,,,,False,18:50,parse_error,2026-08-31T11:56:26.575284+00:00,2026-08-31_1156IST
BLR,HYD,6E,IndiGo,inf,2026-09-30,30,,,,,False,06:25,parse_error,2026-08-31T11:56:26.575284+00:00,2026-08-31_1156IST
BLR,HYD,6E,IndiGo,inf,2026-09-30,30,,,,,False,06:50,parse_error,2026-08-31T11:56:26.575284+00:00,2026-08-31_1156IST
BLR,HYD,6E,IndiGo,inf,2026-09-30,30,,,,,False,10:25,parse_error,2026-08-31T11:56:26.575284+00:00,2026-08-31_1156IST
BLR,HYD,6E,IndiGo,inf,2026-09-30,30,,,,,False,10:25,parse_error,2026-08-31T11:56:26.575284+00:00,2026-08-31_1156IST
BLR,HYD,6E,IndiGo,inf,2026-09-30,30,,,,,False,12:35,parse_error,2026-08-31T11:56:26.575284+00:00,2026-08-31_1156IST
BLR,HYD,6E,IndiGo,inf,2026-09-30,30,,,,,False,12:55,parse_error,2026-08-31T11:56:26.575284+00:00,2026-08-31_1156IST
BLR,HYD,6E,IndiGo,inf,2026-09-30,30,,,,,False,17:40,parse_error,2026-08-31T11:56:26.575284+00:00,2026-08-31_1156IST
BLR,HYD,6E,IndiGo,inf,2026-09-30,30,,,,,False,10:50,parse_error,2026-08-31T11:56:26.575284+00:00,2026-08-31_1156IST
BLR,HYD,6E,IndiGo,6e+116,2026-09-30,30,,,,,False,23:05,parse_error,2026-08-31T11:56:26.575284+00:00,2026-08-31_1156IST
BLR,HYD,6E,IndiGo,inf,2026-09-30,30,,,,,False,12:45,parse_error,2026-08-31T11:56:26.575284+00:00,2026-08-31_1156IST
BLR,HYD,6E,IndiGo,inf,2026-09-30,30,,,,,False,10:25,parse_error,2026-08-31T11:56:26.575284+00:00,2026-08-31_1156IST
BLR,HYD,6E,IndiGo,inf,2026-09-30,30,,,,,False,10:40,parse_error,2026-08-31T11:56:26.575284+00:00,2026-08-31_1156IST
BLR,HYD,6E,IndiGo,inf,2026-09-30,30,,,,,False,06:50,parse_error,2026-08-31T11:56:26.575284+00:00,2026-08-31_1156IST
BLR,HYD,6E,IndiGo,inf,2026-09-30,30,,,,,False,08:05,parse_error,2026-08-31T11:56:26.575284+00:00,2026-08-31_1156IST
BLR,HYD,6E,IndiGo,inf,2026-09-30,30,,,,,False,08:05,parse_error,2026-08-31T11:56:26.575284+00:00,2026-08-31_1156IST
BLR,HYD,6E,IndiGo,6e+105,2026-09-30,30,,,,,False,18:50,parse_error,2026-08-31T11:56:26.575284+00:00,2026-08-31_1156IST
BLR,HYD,6E,IndiGo,inf,2026-09-30,30,,,,,False,20:40,parse_error,2026-08-31T11:56:26.575284+00:00,2026-08-31_1156IST
BLR,HYD,6E,IndiGo,inf,2026-09-30,30,,,,,False,21:40,parse_error,2026-08-31T11:56:26.575284+00:00,2026-08-31_1156IST
BLR,HYD,6E,IndiGo,6e+116,2026-09-30,30,,,,,False,23:05,parse_error,2026-08-31T11:56:26.575284+00:00,2026-08-31_1156IST
BLR,HYD,6E,IndiGo,inf,2026-09-30,30,,,,,False,10:50,parse_error,2026-08-31T11:56:26.575284+00:00,2026-08-31_1156IST
BLR,HYD,6E,IndiGo,inf,2026-09-30,30,,,,,False,07:05,parse_error,2026-08-31T11:56:26.575284+00:00,2026-08-31_1156IST
BLR,HYD,6E,IndiGo,inf,2026-09-30,30,,,,,False,07:05,parse_error,2026-08-31T11:56:26.575284+00:00,2026-08-31_1156IST
BLR,HYD,6E,IndiGo,inf,2026-09-30,30,,,,,False,07:05,parse_error,2026-08-31T11:56:26.575284+00:00,2026-08-31_1156IST
BLR,HYD,6E,IndiGo,inf,2026-09-30,30,,,,,False,12:35,parse_error,2026-08-31T11:56:26.575284+00:00,2026-08-31_1156IST
MAA,DEL,6E,IndiGo,inf,2026-09-30,30,business,,,24700.0,False,14:30,ok,2026-08-31T11:57:28.829324+00:00,2026-08-31_1157IST
MAA,DEL,6E,IndiGo,inf,2026-09-30,30,economy,,,9648.0,False,14:30,ok,2026-08-31T11:57:28.829324+00:00,2026-08-31_1157IST
MAA,DEL,6E,IndiGo,inf,2026-09-30,30,business,,,24700.0,False,06:30,ok,2026-08-31T11:57:28.829324+00:00,2026-08-31_1157IST
MAA,DEL,6E,IndiGo,inf,2026-09-30,30,economy,,,10114.0,False,06:30,ok,2026-08-31T11:57:28.829324+00:00,2026-08-31_1157IST
MAA,DEL,6E,IndiGo,inf,2026-09-30,30,business,,,24700.0,False,09:15,ok,2026-08-31T11:57:28.829324+00:00,2026-08-31_1157IST
MAA,DEL,6E,IndiGo,inf,2026-09-30,30,economy,,,10114.0,False,09:15,ok,2026-08-31T11:57:28.829324+00:00,2026-08-31_1157IST
MAA,DEL,6E,IndiGo,inf,2026-09-30,30,business,,,24700.0,False,11:10,ok,2026-08-31T11:57:28.829324+00:00,2026-08-31_1157IST
MAA,DEL,6E,IndiGo,inf,2026-09-30,30,economy,,,10114.0,False,11:10,ok,2026-08-31T11:57:28.829324+00:00,2026-08-31_1157IST
MAA,DEL,6E,IndiGo,inf,2026-09-30,30,business,,,24700.0,False,16:45,ok,2026-08-31T11:57:28.829324+00:00,2026-08-31_1157IST
MAA,DEL,6E,IndiGo,inf,2026-09-30,30,economy,,,10114.0,False,16:45,ok,2026-08-31T11:57:28.829324+00:00,2026-08-31_1157IST
MAA,DEL,6E,IndiGo,inf,2026-09-30,30,business,,,24700.0,False,21:50,ok,2026-08-31T11:57:28.829324+00:00,2026-08-31_1157IST
MAA,DEL,6E,IndiGo,inf,2026-09-30,30,economy,,,10114.0,False,21:50,ok,2026-08-31T11:57:28.829324+00:00,2026-08-31_1157IST
MAA,DEL,6E,IndiGo,inf,2026-09-30,30,business,,,24700.0,False,13:00,ok,2026-08-31T11:57:28.829324+00:00,2026-08-31_1157IST
MAA,DEL,6E,IndiGo,inf,2026-09-30,30,economy,,,10608.0,False,13:00,ok,2026-08-31T11:57:28.829324+00:00,2026-08-31_1157IST
MAA,DEL,6E,IndiGo,inf,2026-09-30,30,business,,,24700.0,False,19:00,ok,2026-08-31T11:57:28.829324+00:00,2026-08-31_1157IST
MAA,DEL,6E,IndiGo,inf,2026-09-30,30,economy,,,10608.0,False,19:00,ok,2026-08-31T11:57:28.829324+00:00,2026-08-31_1157IST
MAA,DEL,6E,IndiGo,inf,2026-09-30,30,business,,,24700.0,False,23:45,ok,2026-08-31T11:57:28.829324+00:00,2026-08-31_1157IST
MAA,DEL,6E,IndiGo,inf,2026-09-30,30,economy,,,10608.0,False,23:45,ok,2026-08-31T11:57:28.829324+00:00,2026-08-31_1157IST
MAA,DEL,6E,IndiGo,inf,2026-09-30,30,economy,,,8630.0,False,21:25,ok,2026-08-31T11:57:28.829324+00:00,2026-08-31_1157IST
MAA,DEL,6E,IndiGo,inf,2026-09-30,30,economy,,,8708.0,False,08:55,ok,2026-08-31T11:57:28.829324+00:00,2026-08-31_1157IST
MAA,DEL,6E,IndiGo,inf,2026-09-30,30,economy,,,8708.0,False,10:55,ok,2026-08-31T11:57:28.829324+00:00,2026-08-31_1157IST
MAA,DEL,6E,IndiGo,inf,2026-09-30,30,economy,,,8708.0,False,10:55,ok,2026-08-31T11:57:28.829324+00:00,2026-08-31_1157IST
MAA,DEL,6E,IndiGo,inf,2026-09-30,30,economy,,,8708.0,False,15:45,ok,2026-08-31T11:57:28.829324+00:00,2026-08-31_1157IST
MAA,DEL,6E,IndiGo,inf,2026-09-30,30,economy,,,8708.0,False,20:00,ok,2026-08-31T11:57:28.829324+00:00,2026-08-31_1157IST
MAA,DEL,6E,IndiGo,inf,2026-09-30,30,economy,,,8708.0,False,22:00,ok,2026-08-31T11:57:28.829324+00:00,2026-08-31_1157IST
MAA,DEL,6E,IndiGo,inf,2026-09-30,30,economy,,,8840.0,False,02:30,ok,2026-08-31T11:57:28.829324+00:00,2026-08-31_1157IST
MAA,DEL,6E,IndiGo,inf,2026-09-30,30,economy,,,8840.0,False,02:30,ok,2026-08-31T11:57:28.829324+00:00,2026-08-31_1157IST
MAA,DEL,6E,IndiGo,inf,2026-09-30,30,business,,,35375.0,False,12:45,ok,2026-08-31T11:57:28.829324+00:00,2026-08-31_1157IST
MAA,DEL,6E,IndiGo,inf,2026-09-30,30,economy,,,8840.0,False,12:45,ok,2026-08-31T11:57:28.829324+00:00,2026-08-31_1157IST
MAA,DEL,6E,IndiGo,inf,2026-09-30,30,business,,,35375.0,False,12:45,ok,2026-08-31T11:57:28.829324+00:00,2026-08-31_1157IST
MAA,DEL,6E,IndiGo,inf,2026-09-30,30,economy,,,8840.0,False,12:45,ok,2026-08-31T11:57:28.829324+00:00,2026-08-31_1157IST
MAA,DEL,6E,IndiGo,inf,2026-09-30,30,economy,,,8840.0,False,18:05,ok,2026-08-31T11:57:28.829324+00:00,2026-08-31_1157IST
MAA,DEL,6E,IndiGo,inf,2026-09-30,30,business,,,35375.0,False,22:30,ok,2026-08-31T11:57:28.829324+00:00,2026-08-31_1157IST
MAA,DEL,6E,IndiGo,inf,2026-09-30,30,economy,,,8840.0,False,22:30,ok,2026-08-31T11:57:28.829324+00:00,2026-08-31_1157IST
MAA,DEL,6E,IndiGo,inf,2026-09-30,30,economy,,,8997.0,False,17:45,ok,2026-08-31T11:57:28.829324+00:00,2026-08-31_1157IST
MAA,DEL,6E,IndiGo,6e+253,2026-09-30,30,business,,,27587.0,False,03:10,ok,2026-08-31T11:57:28.829324+00:00,2026-08-31_1157IST
MAA,DEL,6E,IndiGo,6e+253,2026-09-30,30,economy,,,9288.0,False,03:10,ok,2026-08-31T11:57:28.829324+00:00,2026-08-31_1157IST
MAA,DEL,6E,IndiGo,6.000000000000001e+244,2026-09-30,30,economy,,,9288.0,False,03:55,ok,2026-08-31T11:57:28.829324+00:00,2026-08-31_1157IST
MAA,DEL,6E,IndiGo,inf,2026-09-30,30,business,,,27587.0,False,05:40,ok,2026-08-31T11:57:28.829324+00:00,2026-08-31_1157IST
MAA,DEL,6E,IndiGo,inf,2026-09-30,30,economy,,,9288.0,False,05:40,ok,2026-08-31T11:57:28.829324+00:00,2026-08-31_1157IST
MAA,DEL,6E,IndiGo,inf,2026-09-30,30,economy,,,9288.0,False,09:55,ok,2026-08-31T11:57:28.829324+00:00,2026-08-31_1157IST
MAA,DEL,6E,IndiGo,inf,2026-09-30,30,business,,,28415.0,False,11:10,ok,2026-08-31T11:57:28.829324+00:00,2026-08-31_1157IST
MAA,DEL,6E,IndiGo,inf,2026-09-30,30,economy,,,9288.0,False,11:10,ok,2026-08-31T11:57:28.829324+00:00,2026-08-31_1157IST
MAA,DEL,6E,IndiGo,inf,2026-09-30,30,economy,,,9288.0,False,12:00,ok,2026-08-31T11:57:28.829324+00:00,2026-08-31_1157IST
MAA,DEL,6E,IndiGo,inf,2026-09-30,30,economy,,,9288.0,False,16:10,ok,2026-08-31T11:57:28.829324+00:00,2026-08-31_1157IST
MAA,DEL,6E,IndiGo,6e+183,2026-09-30,30,business,,,28769.0,False,16:35,ok,2026-08-31T11:57:28.829324+00:00,2026-08-31_1157IST
MAA,DEL,6E,IndiGo,6e+183,2026-09-30,30,economy,,,9288.0,False,16:35,ok,2026-08-31T11:57:28.829324+00:00,2026-08-31_1157IST
MAA,DEL,6E,IndiGo,inf,2026-09-30,30,economy,,,9288.0,False,17:50,ok,2026-08-31T11:57:28.829324+00:00,2026-08-31_1157IST
MAA,DEL,6E,IndiGo,inf,2026-09-30,30,economy,,,9288.0,False,18:15,ok,2026-08-31T11:57:28.829324+00:00,2026-08-31_1157IST
MAA,DEL,6E,IndiGo,inf,2026-09-30,30,economy,,,9367.0,False,15:05,ok,2026-08-31T11:57:28.829324+00:00,2026-08-31_1157IST
MAA,DEL,6E,IndiGo,inf,2026-09-30,30,economy,,,10175.0,False,18:20,ok,2026-08-31T11:57:28.829324+00:00,2026-08-31_1157IST
MAA,DEL,6E,IndiGo,6e+193,2026-09-30,30,economy,,,10175.0,False,20:00,ok,2026-08-31T11:57:28.829324+00:00,2026-08-31_1157IST
MAA,DEL,6E,IndiGo,inf,2026-09-30,30,economy,,,10631.0,False,09:55,ok,2026-08-31T11:57:28.829324+00:00,2026-08-31_1157IST
MAA,DEL,6E,IndiGo,inf,2026-09-30,30,business,,,33282.0,False,08:20,ok,2026-08-31T11:57:28.829324+00:00,2026-08-31_1157IST
MAA,DEL,6E,IndiGo,inf,2026-09-30,30,economy,,,11018.0,False,08:20,ok,2026-08-31T11:57:28.829324+00:00,2026-08-31_1157IST
MAA,DEL,6E,IndiGo,inf,2026-09-30,30,business,,,30214.0,False,11:45,ok,2026-08-31T11:57:28.829324+00:00,2026-08-31_1157IST
MAA,DEL,6E,IndiGo,inf,2026-09-30,30,economy,,,11018.0,False,11:45,ok,2026-08-31T11:57:28.829324+00:00,2026-08-31_1157IST
MAA,DEL,6E,IndiGo,inf,2026-09-30,30,economy,,,11576.0,False,07:05,ok,2026-08-31T11:57:28.829324+00:00,2026-08-31_1157IST
MAA,DEL,6E,IndiGo,inf,2026-09-30,30,economy,,,11576.0,False,07:05,ok,2026-08-31T11:57:28.829324+00:00,2026-08-31_1157IST
MAA,DEL,6E,IndiGo,inf,2026-09-30,30,economy,,,11576.0,False,14:35,ok,2026-08-31T11:57:28.829324+00:00,2026-08-31_1157IST
MAA,DEL,6E,IndiGo,inf,2026-09-30,30,economy,,,11576.0,False,14:35,ok,2026-08-31T11:57:28.829324+00:00,2026-08-31_1157IST
MAA,DEL,6E,IndiGo,inf,2026-09-30,30,economy,,,11848.0,False,16:15,ok,2026-08-31T11:57:28.829324+00:00,2026-08-31_1157IST
MAA,DEL,6E,IndiGo,inf,2026-09-30,30,business,,,35375.0,False,09:00,ok,2026-08-31T11:57:28.829324+00:00,2026-08-31_1157IST
MAA,DEL,6E,IndiGo,inf,2026-09-30,30,economy,,,12553.0,False,09:00,ok,2026-08-31T11:57:28.829324+00:00,2026-08-31_1157IST
MAA,DEL,6E,IndiGo,inf,2026-09-30,30,business,,,35375.0,False,09:00,ok,2026-08-31T11:57:28.829324+00:00,2026-08-31_1157IST
MAA,DEL,6E,IndiGo,inf,2026-09-30,30,economy,,,12553.0,False,09:00,ok,2026-08-31T11:57:28.829324+00:00,2026-08-31_1157IST
MAA,DEL,6E,IndiGo,inf,2026-09-30,30,business,,,35375.0,False,11:00,ok,2026-08-31T11:57:28.829324+00:00,2026-08-31_1157IST
MAA,DEL,6E,IndiGo,inf,2026-09-30,30,economy,,,12553.0,False,11:00,ok,2026-08-31T11:57:28.829324+00:00,2026-08-31_1157IST
MAA,DEL,6E,IndiGo,inf,2026-09-30,30,business,,,35375.0,False,06:45,ok,2026-08-31T11:57:28.829324+00:00,2026-08-31_1157IST
MAA,DEL,6E,IndiGo,inf,2026-09-30,30,economy,,,12711.0,False,06:45,ok,2026-08-31T11:57:28.829324+00:00,2026-08-31_1157IST
MAA,DEL,6E,IndiGo,inf,2026-09-30,30,business,,,35375.0,False,18:15,ok,2026-08-31T11:57:28.829324+00:00,2026-08-31_1157IST
MAA,DEL,6E,IndiGo,inf,2026-09-30,30,economy,,,12711.0,False,18:15,ok,2026-08-31T11:57:28.829324+00:00,2026-08-31_1157IST
MAA,DEL,6E,IndiGo,inf,2026-09-30,30,business,,,35375.0,False,16:40,ok,2026-08-31T11:57:28.829324+00:00,2026-08-31_1157IST
MAA,DEL,6E,IndiGo,inf,2026-09-30,30,economy,,,12856.0,False,16:40,ok,2026-08-31T11:57:28.829324+00:00,2026-08-31_1157IST
MAA,DEL,6E,IndiGo,inf,2026-09-30,30,business,,,28059.0,False,22:20,ok,2026-08-31T11:57:28.829324+00:00,2026-08-31_1157IST
MAA,DEL,6E,IndiGo,inf,2026-09-30,30,economy,,,13428.0,False,22:20,ok,2026-08-31T11:57:28.829324+00:00,2026-08-31_1157IST
MAA,DEL,6E,IndiGo,inf,2026-09-30,30,economy,,,14010.0,False,09:05,ok,2026-08-31T11:57:28.829324+00:00,2026-08-31_1157IST
MAA,DEL,6E,IndiGo,inf,2026-09-30,30,economy,,,14010.0,False,09:05,ok,2026-08-31T11:57:28.829324+00:00,2026-08-31_1157IST
MAA,DEL,6E,IndiGo,inf,2026-09-30,30,economy,,,14246.0,False,07:10,ok,2026-08-31T11:57:28.829324+00:00,2026-08-31_1157IST
MAA,DEL,6E,IndiGo,inf,2026-09-30,30,economy,,,14481.0,False,08:10,ok,2026-08-31T11:57:28.829324+00:00,2026-08-31_1157IST
MAA,DEL,6E,IndiGo,inf,2026-09-30,30,economy,,,14702.0,False,07:10,ok,2026-08-31T11:57:28.829324+00:00,2026-08-31_1157IST
MAA,DEL,6E,IndiGo,inf,2026-09-30,30,economy,,,14702.0,False,12:00,ok,2026-08-31T11:57:28.829324+00:00,2026-08-31_1157IST
MAA,DEL,6E,IndiGo,inf,2026-09-30,30,economy,,,15392.0,False,12:15,ok,2026-08-31T11:57:28.829324+00:00,2026-08-31_1157IST
DEL,BOM,6E,IndiGo,inf,2026-10-15,45,business,,,21900.0,False,08:45,ok,2026-08-31T11:58:39.420629+00:00,2026-08-31_1158IST
DEL,BOM,6E,IndiGo,inf,2026-10-15,45,economy,,,6305.0,False,08:45,ok,2026-08-31T11:58:39.420629+00:00,2026-08-31_1158IST
DEL,BOM,6E,IndiGo,inf,2026-10-15,45,business,,,21900.0,False,10:15,ok,2026-08-31T11:58:39.420629+00:00,2026-08-31_1158IST
DEL,BOM,6E,IndiGo,inf,2026-10-15,45,economy,,,6305.0,False,10:15,ok,2026-08-31T11:58:39.420629+00:00,2026-08-31_1158IST
DEL,BOM,6E,IndiGo,inf,2026-10-15,45,business,,,21900.0,False,15:30,ok,2026-08-31T11:58:39.420629+00:00,2026-08-31_1158IST
DEL,BOM,6E,IndiGo,inf,2026-10-15,45,economy,,,6305.0,False,15:30,ok,2026-08-31T11:58:39.420629+00:00,2026-08-31_1158IST
DEL,BOM,6E,IndiGo,inf,2026-10-15,45,business,,,21900.0,False,16:15,ok,2026-08-31T11:58:39.420629+00:00,2026-08-31_1158IST
DEL,BOM,6E,IndiGo,inf,2026-10-15,45,economy,,,6305.0,False,16:15,ok,2026-08-31T11:58:39.420629+00:00,2026-08-31_1158IST
DEL,BOM,6E,IndiGo,inf,2026-10-15,45,business,,,21900.0,False,17:00,ok,2026-08-31T11:58:39.420629+00:00,2026-08-31_1158IST
DEL,BOM,6E,IndiGo,inf,2026-10-15,45,economy,,,6305.0,False,17:00,ok,2026-08-31T11:58:39.420629+00:00,2026-08-31_1158IST
DEL,BOM,6E,IndiGo,inf,2026-10-15,45,business,,,21900.0,False,23:30,ok,2026-08-31T11:58:39.420629+00:00,2026-08-31_1158IST
DEL,BOM,6E,IndiGo,inf,2026-10-15,45,economy,,,6305.0,False,23:30,ok,2026-08-31T11:58:39.420629+00:00,2026-08-31_1158IST
DEL,BOM,6E,IndiGo,inf,2026-10-15,45,business,,,21900.0,False,03:00,ok,2026-08-31T11:58:39.420629+00:00,2026-08-31_1158IST
DEL,BOM,6E,IndiGo,inf,2026-10-15,45,economy,,,6431.0,False,03:00,ok,2026-08-31T11:58:39.420629+00:00,2026-08-31_1158IST
DEL,BOM,6E,IndiGo,inf,2026-10-15,45,business,,,21900.0,False,05:00,ok,2026-08-31T11:58:39.420629+00:00,2026-08-31_1158IST
DEL,BOM,6E,IndiGo,inf,2026-10-15,45,economy,,,6431.0,False,05:00,ok,2026-08-31T11:58:39.420629+00:00,2026-08-31_1158IST
DEL,BOM,6E,IndiGo,inf,2026-10-15,45,business,,,21900.0,False,06:05,ok,2026-08-31T11:58:39.420629+00:00,2026-08-31_1158IST
DEL,BOM,6E,IndiGo,inf,2026-10-15,45,economy,,,6431.0,False,06:05,ok,2026-08-31T11:58:39.420629+00:00,2026-08-31_1158IST
DEL,BOM,6E,IndiGo,inf,2026-10-15,45,business,,,21900.0,False,07:15,ok,2026-08-31T11:58:39.420629+00:00,2026-08-31_1158IST
DEL,BOM,6E,IndiGo,inf,2026-10-15,45,economy,,,6431.0,False,07:15,ok,2026-08-31T11:58:39.420629+00:00,2026-08-31_1158IST
DEL,BOM,6E,IndiGo,inf,2026-10-15,45,business,,,21900.0,False,08:00,ok,2026-08-31T11:58:39.420629+00:00,2026-08-31_1158IST
DEL,BOM,6E,IndiGo,inf,2026-10-15,45,economy,,,6431.0,False,08:00,ok,2026-08-31T11:58:39.420629+00:00,2026-08-31_1158IST
DEL,BOM,6E,IndiGo,inf,2026-10-15,45,business,,,21900.0,False,09:30,ok,2026-08-31T11:58:39.420629+00:00,2026-08-31_1158IST
DEL,BOM,6E,IndiGo,inf,2026-10-15,45,economy,,,6431.0,False,09:30,ok,2026-08-31T11:58:39.420629+00:00,2026-08-31_1158IST
DEL,BOM,6E,IndiGo,inf,2026-10-15,45,business,,,21900.0,False,11:00,ok,2026-08-31T11:58:39.420629+00:00,2026-08-31_1158IST
DEL,BOM,6E,IndiGo,inf,2026-10-15,45,economy,,,6431.0,False,11:00,ok,2026-08-31T11:58:39.420629+00:00,2026-08-31_1158IST
DEL,BOM,6E,IndiGo,inf,2026-10-15,45,business,,,21900.0,False,12:00,ok,2026-08-31T11:58:39.420629+00:00,2026-08-31_1158IST
DEL,BOM,6E,IndiGo,inf,2026-10-15,45,economy,,,6431.0,False,12:00,ok,2026-08-31T11:58:39.420629+00:00,2026-08-31_1158IST
DEL,BOM,6E,IndiGo,inf,2026-10-15,45,business,,,21900.0,False,13:00,ok,2026-08-31T11:58:39.420629+00:00,2026-08-31_1158IST
DEL,BOM,6E,IndiGo,inf,2026-10-15,45,economy,,,6431.0,False,13:00,ok,2026-08-31T11:58:39.420629+00:00,2026-08-31_1158IST
DEL,BOM,6E,IndiGo,inf,2026-10-15,45,business,,,21900.0,False,14:00,ok,2026-08-31T11:58:39.420629+00:00,2026-08-31_1158IST
DEL,BOM,6E,IndiGo,inf,2026-10-15,45,economy,,,6431.0,False,14:00,ok,2026-08-31T11:58:39.420629+00:00,2026-08-31_1158IST
DEL,BOM,6E,IndiGo,inf,2026-10-15,45,business,,,21900.0,False,14:45,ok,2026-08-31T11:58:39.420629+00:00,2026-08-31_1158IST
DEL,BOM,6E,IndiGo,inf,2026-10-15,45,economy,,,6431.0,False,14:45,ok,2026-08-31T11:58:39.420629+00:00,2026-08-31_1158IST
DEL,BOM,6E,IndiGo,inf,2026-10-15,45,business,,,21900.0,False,18:00,ok,2026-08-31T11:58:39.420629+00:00,2026-08-31_1158IST
DEL,BOM,6E,IndiGo,inf,2026-10-15,45,economy,,,6431.0,False,18:00,ok,2026-08-31T11:58:39.420629+00:00,2026-08-31_1158IST
DEL,BOM,6E,IndiGo,inf,2026-10-15,45,business,,,21900.0,False,19:00,ok,2026-08-31T11:58:39.420629+00:00,2026-08-31_1158IST
DEL,BOM,6E,IndiGo,inf,2026-10-15,45,economy,,,6431.0,False,19:00,ok,2026-08-31T11:58:39.420629+00:00,2026-08-31_1158IST
DEL,BOM,6E,IndiGo,6.000000000000001e+303,2026-10-15,45,business,,,21900.0,False,20:00,ok,2026-08-31T11:58:39.420629+00:00,2026-08-31_1158IST
DEL,BOM,6E,IndiGo,6.000000000000001e+303,2026-10-15,45,economy,,,6431.0,False,20:00,ok,2026-08-31T11:58:39.420629+00:00,2026-08-31_1158IST
DEL,BOM,6E,IndiGo,inf,2026-10-15,45,business,,,21900.0,False,20:45,ok,2026-08-31T11:58:39.420629+00:00,2026-08-31_1158IST
DEL,BOM,6E,IndiGo,inf,2026-10-15,45,economy,,,6431.0,False,20:45,ok,2026-08-31T11:58:39.420629+00:00,2026-08-31_1158IST
DEL,BOM,6E,IndiGo,inf,2026-10-15,45,business,,,21900.0,False,21:45,ok,2026-08-31T11:58:39.420629+00:00,2026-08-31_1158IST
DEL,BOM,6E,IndiGo,inf,2026-10-15,45,economy,,,6431.0,False,21:45,ok,2026-08-31T11:58:39.420629+00:00,2026-08-31_1158IST
DEL,BOM,6E,IndiGo,inf,2026-10-15,45,business,,,21900.0,False,22:45,ok,2026-08-31T11:58:39.420629+00:00,2026-08-31_1158IST
DEL,BOM,6E,IndiGo,inf,2026-10-15,45,economy,,,6431.0,False,22:45,ok,2026-08-31T11:58:39.420629+00:00,2026-08-31_1158IST
DEL,BOM,6E,IndiGo,inf,2026-10-15,45,economy,,,6179.0,False,05:10,ok,2026-08-31T11:58:39.420629+00:00,2026-08-31_1158IST
DEL,BOM,6E,IndiGo,inf,2026-10-15,45,economy,,,6179.0,False,05:10,ok,2026-08-31T11:58:39.420629+00:00,2026-08-31_1158IST
DEL,BOM,6E,IndiGo,inf,2026-10-15,45,economy,,,6179.0,False,05:40,ok,2026-08-31T11:58:39.420629+00:00,2026-08-31_1158IST
DEL,BOM,6E,IndiGo,inf,2026-10-15,45,economy,,,6179.0,False,13:50,ok,2026-08-31T11:58:39.420629+00:00,2026-08-31_1158IST
DEL,BOM,6E,IndiGo,inf,2026-10-15,45,economy,,,6179.0,False,15:35,ok,2026-08-31T11:58:39.420629+00:00,2026-08-31_1158IST
DEL,BOM,6E,IndiGo,inf,2026-10-15,45,economy,,,6179.0,False,21:50,ok,2026-08-31T11:58:39.420629+00:00,2026-08-31_1158IST
DEL,BOM,6E,IndiGo,inf,2026-10-15,45,economy,,,6310.0,False,05:00,ok,2026-08-31T11:58:39.420629+00:00,2026-08-31_1158IST
DEL,BOM,6E,IndiGo,inf,2026-10-15,45,economy,,,6310.0,False,15:00,ok,2026-08-31T11:58:39.420629+00:00,2026-08-31_1158IST
DEL,BOM,6E,IndiGo,inf,2026-10-15,45,economy,,,6389.0,False,13:20,ok,2026-08-31T11:58:39.420629+00:00,2026-08-31_1158IST
DEL,BOM,6E,IndiGo,inf,2026-10-15,45,economy,,,6389.0,False,16:30,ok,2026-08-31T11:58:39.420629+00:00,2026-08-31_1158IST
DEL,BOM,6E,IndiGo,inf,2026-10-15,45,economy,,,6389.0,False,21:25,ok,2026-08-31T11:58:39.420629+00:00,2026-08-31_1158IST
DEL,BOM,6E,IndiGo,inf,2026-10-15,45,business,,,29617.0,False,05:30,ok,2026-08-31T11:58:39.420629+00:00,2026-08-31_1158IST
DEL,BOM,6E,IndiGo,inf,2026-10-15,45,economy,,,6520.0,False,05:30,ok,2026-08-31T11:58:39.420629+00:00,2026-08-31_1158IST
DEL,BOM,6E,IndiGo,inf,2026-10-15,45,business,,,29617.0,False,08:30,ok,2026-08-31T11:58:39.420629+00:00,2026-08-31_1158IST
DEL,BOM,6E,IndiGo,inf,2026-10-15,45,economy,,,6520.0,False,08:30,ok,2026-08-31T11:58:39.420629+00:00,2026-08-31_1158IST
DEL,BOM,6E,IndiGo,inf,2026-10-15,45,economy,,,6659.0,False,00:15,ok,2026-08-31T11:58:39.420629+00:00,2026-08-31_1158IST
DEL,BOM,6E,IndiGo,inf,2026-10-15,45,economy,,,6659.0,False,07:30,ok,2026-08-31T11:58:39.420629+00:00,2026-08-31_1158IST
DEL,BOM,6E,IndiGo,inf,2026-10-15,45,economy,,,6659.0,False,12:20,ok,2026-08-31T11:58:39.420629+00:00,2026-08-31_1158IST
DEL,BOM,6E,IndiGo,inf,2026-10-15,45,economy,,,6659.0,False,14:50,ok,2026-08-31T11:58:39.420629+00:00,2026-08-31_1158IST
DEL,BOM,6E,IndiGo,inf,2026-10-15,45,economy,,,6659.0,False,17:05,ok,2026-08-31T11:58:39.420629+00:00,2026-08-31_1158IST
DEL,BOM,6E,IndiGo,inf,2026-10-15,45,economy,,,6659.0,False,17:05,ok,2026-08-31T11:58:39.420629+00:00,2026-08-31_1158IST
DEL,BOM,6E,IndiGo,inf,2026-10-15,45,economy,,,6659.0,False,18:30,ok,2026-08-31T11:58:39.420629+00:00,2026-08-31_1158IST
DEL,BOM,6E,IndiGo,inf,2026-10-15,45,economy,,,6659.0,False,19:30,ok,2026-08-31T11:58:39.420629+00:00,2026-08-31_1158IST
DEL,BOM,6E,IndiGo,inf,2026-10-15,45,economy,,,6791.0,False,05:55,ok,2026-08-31T11:58:39.420629+00:00,2026-08-31_1158IST
DEL,BOM,6E,IndiGo,inf,2026-10-15,45,economy,,,6791.0,False,09:00,ok,2026-08-31T11:58:39.420629+00:00,2026-08-31_1158IST
DEL,BOM,6E,IndiGo,inf,2026-10-15,45,economy,,,6791.0,False,11:20,ok,2026-08-31T11:58:39.420629+00:00,2026-08-31_1158IST
DEL,BOM,6E,IndiGo,inf,2026-10-15,45,economy,,,6791.0,False,16:30,ok,2026-08-31T11:58:39.420629+00:00,2026-08-31_1158IST
DEL,BOM,6E,IndiGo,inf,2026-10-15,45,economy,,,6791.0,False,17:20,ok,2026-08-31T11:58:39.420629+00:00,2026-08-31_1158IST
DEL,BOM,6E,IndiGo,inf,2026-10-15,45,economy,,,6791.0,False,17:20,ok,2026-08-31T11:58:39.420629+00:00,2026-08-31_1158IST
DEL,BOM,6E,IndiGo,inf,2026-10-15,45,economy,,,6791.0,False,19:10,ok,2026-08-31T11:58:39.420629+00:00,2026-08-31_1158IST
DEL,BOM,6E,IndiGo,inf,2026-10-15,45,economy,,,6791.0,False,19:40,ok,2026-08-31T11:58:39.420629+00:00,2026-08-31_1158IST
DEL,BOM,6E,IndiGo,inf,2026-10-15,45,economy,,,7397.0,False,08:15,ok,2026-08-31T11:58:39.420629+00:00,2026-08-31_1158IST
DEL,BOM,6E,IndiGo,inf,2026-10-15,45,economy,,,7397.0,False,14:00,ok,2026-08-31T11:58:39.420629+00:00,2026-08-31_1158IST
DEL,BOM,6E,IndiGo,inf,2026-10-15,45,business,,,29617.0,False,02:25,ok,2026-08-31T11:58:39.420629+00:00,2026-08-31_1158IST
DEL,BOM,6E,IndiGo,inf,2026-10-15,45,economy,,,7528.0,False,02:25,ok,2026-08-31T11:58:39.420629+00:00,2026-08-31_1158IST
DEL,BOM,6E,IndiGo,inf,2026-10-15,45,business,,,29617.0,False,09:55,ok,2026-08-31T11:58:39.420629+00:00,2026-08-31_1158IST
DEL,BOM,6E,IndiGo,inf,2026-10-15,45,economy,,,7528.0,False,09:55,ok,2026-08-31T11:58:39.420629+00:00,2026-08-31_1158IST
DEL,BOM,6E,IndiGo,inf,2026-10-15,45,economy,,,7528.0,False,13:45,ok,2026-08-31T11:58:39.420629+00:00,2026-08-31_1158IST
DEL,BOM,6E,IndiGo,inf,2026-10-15,45,economy,,,7528.0,False,23:15,ok,2026-08-31T11:58:39.420629+00:00,2026-08-31_1158IST
DEL,BOM,6E,IndiGo,inf,2026-10-15,45,business,,,29617.0,False,13:30,ok,2026-08-31T11:58:39.420629+00:00,2026-08-31_1158IST
DEL,BOM,6E,IndiGo,inf,2026-10-15,45,economy,,,8108.0,False,13:30,ok,2026-08-31T11:58:39.420629+00:00,2026-08-31_1158IST
DEL,BOM,6E,IndiGo,inf,2026-10-15,45,business,,,29617.0,False,14:45,ok,2026-08-31T11:58:39.420629+00:00,2026-08-31_1158IST
DEL,BOM,6E,IndiGo,inf,2026-10-15,45,economy,,,8108.0,False,14:45,ok,2026-08-31T11:58:39.420629+00:00,2026-08-31_1158IST
DEL,BOM,6E,IndiGo,inf,2026-10-15,45,economy,,,8108.0,False,18:40,ok,2026-08-31T11:58:39.420629+00:00,2026-08-31_1158IST
DEL,BOM,6E,IndiGo,inf,2026-10-15,45,business,,,29617.0,False,19:45,ok,2026-08-31T11:58:39.420629+00:00,2026-08-31_1158IST
DEL,BOM,6E,IndiGo,inf,2026-10-15,45,economy,,,8746.0,False,19:45,ok,2026-08-31T11:58:39.420629+00:00,2026-08-31_1158IST
DEL,BOM,6E,IndiGo,inf,2026-10-15,45,economy,,,9178.0,False,10:55,ok,2026-08-31T11:58:39.420629+00:00,2026-08-31_1158IST
DEL,BOM,6E,IndiGo,inf,2026-10-15,45,economy,,,9316.0,False,09:00,ok,2026-08-31T11:58:39.420629+00:00,2026-08-31_1158IST
DEL,BOM,6E,IndiGo,inf,2026-10-15,45,economy,,,9331.0,False,12:10,ok,2026-08-31T11:58:39.420629+00:00,2026-08-31_1158IST
DEL,BOM,6E,IndiGo,inf,2026-10-15,45,business,,,35047.0,False,19:30,ok,2026-08-31T11:58:39.420629+00:00,2026-08-31_1158IST
DEL,BOM,6E,IndiGo,inf,2026-10-15,45,economy,,,9331.0,False,19:30,ok,2026-08-31T11:58:39.420629+00:00,2026-08-31_1158IST
DEL,BOM,6E,IndiGo,inf,2026-10-15,45,economy,,,9762.0,False,12:40,ok,2026-08-31T11:58:39.420629+00:00,2026-08-31_1158IST
DEL,BOM,6E,IndiGo,inf,2026-10-15,45,business,,,29617.0,False,17:55,ok,2026-08-31T11:58:39.420629+00:00,2026-08-31_1158IST
DEL,BOM,6E,IndiGo,inf,2026-10-15,45,economy,,,13021.0,False,17:55,ok,2026-08-31T11:58:39.420629+00:00,2026-08-31_1158IST
DEL,BLR,6E,IndiGo,inf,2026-10-15,45,business,,,25900.0,False,01:05,ok,2026-08-31T11:59:50.429882+00:00,2026-08-31_1159IST
DEL,BLR,6E,IndiGo,inf,2026-10-15,45,economy,,,9742.0,False,01:05,ok,2026-08-31T11:59:50.429882+00:00,2026-08-31_1159IST
DEL,BLR,6E,IndiGo,inf,2026-10-15,45,business,,,25900.0,False,03:00,ok,2026-08-31T11:59:50.429882+00:00,2026-08-31_1159IST
DEL,BLR,6E,IndiGo,inf,2026-10-15,45,economy,,,9742.0,False,03:00,ok,2026-08-31T11:59:50.429882+00:00,2026-08-31_1159IST
DEL,BLR,6E,IndiGo,inf,2026-10-15,45,business,,,25900.0,False,05:45,ok,2026-08-31T11:59:50.429882+00:00,2026-08-31_1159IST
DEL,BLR,6E,IndiGo,inf,2026-10-15,45,economy,,,9742.0,False,05:45,ok,2026-08-31T11:59:50.429882+00:00,2026-08-31_1159IST
DEL,BLR,6E,IndiGo,inf,2026-10-15,45,business,,,25900.0,False,07:05,ok,2026-08-31T11:59:50.429882+00:00,2026-08-31_1159IST
DEL,BLR,6E,IndiGo,inf,2026-10-15,45,economy,,,9742.0,False,07:05,ok,2026-08-31T11:59:50.429882+00:00,2026-08-31_1159IST
DEL,BLR,6E,IndiGo,inf,2026-10-15,45,business,,,25900.0,False,08:20,ok,2026-08-31T11:59:50.429882+00:00,2026-08-31_1159IST
DEL,BLR,6E,IndiGo,inf,2026-10-15,45,economy,,,9742.0,False,08:20,ok,2026-08-31T11:59:50.429882+00:00,2026-08-31_1159IST
DEL,BLR,6E,IndiGo,inf,2026-10-15,45,business,,,25900.0,False,09:30,ok,2026-08-31T11:59:50.429882+00:00,2026-08-31_1159IST
DEL,BLR,6E,IndiGo,inf,2026-10-15,45,economy,,,9742.0,False,09:30,ok,2026-08-31T11:59:50.429882+00:00,2026-08-31_1159IST
DEL,BLR,6E,IndiGo,inf,2026-10-15,45,business,,,25900.0,False,10:45,ok,2026-08-31T11:59:50.429882+00:00,2026-08-31_1159IST
DEL,BLR,6E,IndiGo,inf,2026-10-15,45,economy,,,9742.0,False,10:45,ok,2026-08-31T11:59:50.429882+00:00,2026-08-31_1159IST
DEL,BLR,6E,IndiGo,inf,2026-10-15,45,business,,,25900.0,False,12:15,ok,2026-08-31T11:59:50.429882+00:00,2026-08-31_1159IST
DEL,BLR,6E,IndiGo,inf,2026-10-15,45,economy,,,9742.0,False,12:15,ok,2026-08-31T11:59:50.429882+00:00,2026-08-31_1159IST
DEL,BLR,6E,IndiGo,6e+176,2026-10-15,45,business,,,25900.0,False,13:15,ok,2026-08-31T11:59:50.429882+00:00,2026-08-31_1159IST
DEL,BLR,6E,IndiGo,6e+176,2026-10-15,45,economy,,,9742.0,False,13:15,ok,2026-08-31T11:59:50.429882+00:00,2026-08-31_1159IST
DEL,BLR,6E,IndiGo,inf,2026-10-15,45,business,,,25900.0,False,14:30,ok,2026-08-31T11:59:50.429882+00:00,2026-08-31_1159IST
DEL,BLR,6E,IndiGo,inf,2026-10-15,45,economy,,,9742.0,False,14:30,ok,2026-08-31T11:59:50.429882+00:00,2026-08-31_1159IST
DEL,BLR,6E,IndiGo,inf,2026-10-15,45,business,,,25900.0,False,15:45,ok,2026-08-31T11:59:50.429882+00:00,2026-08-31_1159IST
DEL,BLR,6E,IndiGo,inf,2026-10-15,45,economy,,,9742.0,False,15:45,ok,2026-08-31T11:59:50.429882+00:00,2026-08-31_1159IST
DEL,BLR,6E,IndiGo,inf,2026-10-15,45,business,,,25900.0,False,17:00,ok,2026-08-31T11:59:50.429882+00:00,2026-08-31_1159IST
DEL,BLR,6E,IndiGo,inf,2026-10-15,45,economy,,,9742.0,False,17:00,ok,2026-08-31T11:59:50.429882+00:00,2026-08-31_1159IST
DEL,BLR,6E,IndiGo,inf,2026-10-15,45,business,,,25900.0,False,18:20,ok,2026-08-31T11:59:50.429882+00:00,2026-08-31_1159IST
DEL,BLR,6E,IndiGo,inf,2026-10-15,45,economy,,,9742.0,False,18:20,ok,2026-08-31T11:59:50.429882+00:00,2026-08-31_1159IST
DEL,BLR,6E,IndiGo,inf,2026-10-15,45,business,,,25900.0,False,19:30,ok,2026-08-31T11:59:50.429882+00:00,2026-08-31_1159IST
DEL,BLR,6E,IndiGo,inf,2026-10-15,45,economy,,,9742.0,False,19:30,ok,2026-08-31T11:59:50.429882+00:00,2026-08-31_1159IST
DEL,BLR,6E,IndiGo,inf,2026-10-15,45,business,,,25900.0,False,20:45,ok,2026-08-31T11:59:50.429882+00:00,2026-08-31_1159IST
DEL,BLR,6E,IndiGo,inf,2026-10-15,45,economy,,,9742.0,False,20:45,ok,2026-08-31T11:59:50.429882+00:00,2026-08-31_1159IST
DEL,BLR,6E,IndiGo,inf,2026-10-15,45,business,,,25900.0,False,22:00,ok,2026-08-31T11:59:50.429882+00:00,2026-08-31_1159IST
DEL,BLR,6E,IndiGo,inf,2026-10-15,45,economy,,,9742.0,False,22:00,ok,2026-08-31T11:59:50.429882+00:00,2026-08-31_1159IST
DEL,BLR,6E,IndiGo,inf,2026-10-15,45,business,,,25900.0,False,23:30,ok,2026-08-31T11:59:50.429882+00:00,2026-08-31_1159IST
DEL,BLR,6E,IndiGo,inf,2026-10-15,45,economy,,,9742.0,False,23:30,ok,2026-08-31T11:59:50.429882+00:00,2026-08-31_1159IST
DEL,BLR,6E,IndiGo,inf,2026-10-15,45,business,,,32568.0,False,16:55,ok,2026-08-31T11:59:50.429882+00:00,2026-08-31_1159IST
DEL,BLR,6E,IndiGo,inf,2026-10-15,45,economy,,,8617.0,False,16:55,ok,2026-08-31T11:59:50.429882+00:00,2026-08-31_1159IST
DEL,BLR,6E,IndiGo,inf,2026-10-15,45,business,,,32568.0,False,19:30,ok,2026-08-31T11:59:50.429882+00:00,2026-08-31_1159IST
DEL,BLR,6E,IndiGo,inf,2026-10-15,45,economy,,,8617.0,False,19:30,ok,2026-08-31T11:59:50.429882+00:00,2026-08-31_1159IST
DEL,BLR,6E,IndiGo,inf,2026-10-15,45,economy,,,8941.0,False,07:05,ok,2026-08-31T11:59:50.429882+00:00,2026-08-31_1159IST
DEL,BLR,6E,IndiGo,inf,2026-10-15,45,economy,,,8941.0,False,09:55,ok,2026-08-31T11:59:50.429882+00:00,2026-08-31_1159IST
DEL,BLR,6E,IndiGo,inf,2026-10-15,45,economy,,,8941.0,False,11:10,ok,2026-08-31T11:59:50.429882+00:00,2026-08-31_1159IST
DEL,BLR,6E,IndiGo,inf,2026-10-15,45,business,,,32568.0,False,10:25,ok,2026-08-31T11:59:50.429882+00:00,2026-08-31_1159IST
DEL,BLR,6E,IndiGo,inf,2026-10-15,45,economy,,,9128.0,False,10:25,ok,2026-08-31T11:59:50.429882+00:00,2026-08-31_1159IST
DEL,BLR,6E,IndiGo,inf,2026-10-15,45,business,,,33630.0,False,12:10,ok,2026-08-31T11:59:50.429882+00:00,2026-08-31_1159IST
DEL,BLR,6E,IndiGo,inf,2026-10-15,45,economy,,,9420.0,False,12:10,ok,2026-08-31T11:59:50.429882+00:00,2026-08-31_1159IST
DEL,BLR,6E,IndiGo,inf,2026-10-15,45,business,,,24394.0,False,16:15,ok,2026-08-31T11:59:50.429882+00:00,2026-08-31_1159IST
DEL,BLR,6E,IndiGo,inf,2026-10-15,45,economy,,,9629.0,False,16:15,ok,2026-08-31T11:59:50.429882+00:00,2026-08-31_1159IST
DEL,BLR,6E,IndiGo,inf,2026-10-15,45,economy,,,9641.0,False,17:30,ok,2026-08-31T11:59:50.429882+00:00,2026-08-31_1159IST
DEL,BLR,6E,IndiGo,inf,2026-10-15,45,economy,,,9767.0,False,05:10,ok,2026-08-31T11:59:50.429882+00:00,2026-08-31_1159IST
DEL,BLR,6E,IndiGo,inf,2026-10-15,45,business,,,24760.0,False,02:25,ok,2026-08-31T11:59:50.429882+00:00,2026-08-31_1159IST
DEL,BLR,6E,IndiGo,inf,2026-10-15,45,economy,,,9894.0,False,02:25,ok,2026-08-31T11:59:50.429882+00:00,2026-08-31_1159IST
DEL,BLR,6E,IndiGo,inf,2026-10-15,45,business,,,24760.0,False,02:25,ok,2026-08-31T11:59:50.429882+00:00,2026-08-31_1159IST
DEL,BLR,6E,IndiGo,inf,2026-10-15,45,economy,,,9894.0,False,02:25,ok,2026-08-31T11:59:50.429882+00:00,2026-08-31_1159IST
DEL,BLR,6E,IndiGo,inf,2026-10-15,45,business,,,24760.0,False,09:55,ok,2026-08-31T11:59:50.429882+00:00,2026-08-31_1159IST
DEL,BLR,6E,IndiGo,inf,2026-10-15,45,economy,,,9894.0,False,09:55,ok,2026-08-31T11:59:50.429882+00:00,2026-08-31_1159IST
DEL,BLR,6E,IndiGo,inf,2026-10-15,45,economy,,,9933.0,False,19:30,ok,2026-08-31T11:59:50.429882+00:00,2026-08-31_1159IST
DEL,BLR,6E,IndiGo,inf,2026-10-15,45,business,,,25164.0,False,11:45,ok,2026-08-31T11:59:50.429882+00:00,2026-08-31_1159IST
DEL,BLR,6E,IndiGo,inf,2026-10-15,45,economy,,,10077.0,False,11:45,ok,2026-08-31T11:59:50.429882+00:00,2026-08-31_1159IST
DEL,BLR,6E,IndiGo,inf,2026-10-15,45,business,,,25164.0,False,14:45,ok,2026-08-31T11:59:50.429882+00:00,2026-08-31_1159IST
DEL,BLR,6E,IndiGo,inf,2026-10-15,45,economy,,,10077.0,False,14:45,ok,2026-08-31T11:59:50.429882+00:00,2026-08-31_1159IST
DEL,BLR,6E,IndiGo,inf,2026-10-15,45,economy,,,10077.0,False,16:30,ok,2026-08-31T11:59:50.429882+00:00,2026-08-31_1159IST
DEL,BLR,6E,IndiGo,inf,2026-10-15,45,business,,,24760.0,False,19:45,ok,2026-08-31T11:59:50.429882+00:00,2026-08-31_1159IST
DEL,BLR,6E,IndiGo,inf,2026-10-15,45,economy,,,10077.0,False,19:45,ok,2026-08-31T11:59:50.429882+00:00,2026-08-31_1159IST
DEL,BLR,6E,IndiGo,inf,2026-10-15,45,business,,,28038.0,False,02:20,ok,2026-08-31T11:59:50.429882+00:00,2026-08-31_1159IST
DEL,BLR,6E,IndiGo,inf,2026-10-15,45,economy,,,10209.0,False,02:20,ok,2026-08-31T11:59:50.429882+00:00,2026-08-31_1159IST
DEL,BLR,6E,IndiGo,inf,2026-10-15,45,economy,,,10209.0,False,05:00,ok,2026-08-31T11:59:50.429882+00:00,2026-08-31_1159IST
DEL,BLR,6E,IndiGo,inf,2026-10-15,45,economy,,,10209.0,False,05:55,ok,2026-08-31T11:59:50.429882+00:00,2026-08-31_1159IST
DEL,BLR,6E,IndiGo,inf,2026-10-15,45,economy,,,10209.0,False,11:20,ok,2026-08-31T11:59:50.429882+00:00,2026-08-31_1159IST
DEL,BLR,6E,IndiGo,inf,2026-10-15,45,economy,,,10209.0,False,14:35,ok,2026-08-31T11:59:50.429882+00:00,2026-08-31_1159IST
DEL,BLR,6E,IndiGo,inf,2026-10-15,45,economy,,,10209.0,False,14:50,ok,2026-08-31T11:59:50.429882+00:00,2026-08-31_1159IST
DEL,BLR,6E,IndiGo,inf,2026-10-15,45,economy,,,10209.0,False,15:20,ok,2026-08-31T11:59:50.429882+00:00,2026-08-31_1159IST
DEL,BLR,6E,IndiGo,inf,2026-10-15,45,business,,,34488.0,False,15:30,ok,2026-08-31T11:59:50.429882+00:00,2026-08-31_1159IST
DEL,BLR,6E,IndiGo,inf,2026-10-15,45,economy,,,10209.0,False,15:30,ok,2026-08-31T11:59:50.429882+00:00,2026-08-31_1159IST
DEL,BLR,6E,IndiGo,inf,2026-10-15,45,economy,,,10209.0,False,16:20,ok,2026-08-31T11:59:50.429882+00:00,2026-08-31_1159IST
DEL,BLR,6E,IndiGo,inf,2026-10-15,45,business,,,28498.0,False,16:25,ok,2026-08-31T11:59:50.429882+00:00,2026-08-31_1159IST
DEL,BLR,6E,IndiGo,inf,2026-10-15,45,economy,,,10209.0,False,16:25,ok,2026-08-31T11:59:50.429882+00:00,2026-08-31_1159IST
DEL,BLR,6E,IndiGo,inf,2026-10-15,45,economy,,,10209.0,False,17:05,ok,2026-08-31T11:59:50.429882+00:00,2026-08-31_1159IST
DEL,BLR,6E,IndiGo,inf,2026-10-15,45,business,,,34488.0,False,18:00,ok,2026-08-31T11:59:50.429882+00:00,2026-08-31_1159IST
DEL,BLR,6E,IndiGo,inf,2026-10-15,45,economy,,,10209.0,False,18:00,ok,2026-08-31T11:59:50.429882+00:00,2026-08-31_1159IST
DEL,BLR,6E,IndiGo,inf,2026-10-15,45,economy,,,10209.0,False,18:30,ok,2026-08-31T11:59:50.429882+00:00,2026-08-31_1159IST
DEL,BLR,6E,IndiGo,inf,2026-10-15,45,business,,,28498.0,False,21:15,ok,2026-08-31T11:59:50.429882+00:00,2026-08-31_1159IST
DEL,BLR,6E,IndiGo,inf,2026-10-15,45,economy,,,10209.0,False,21:15,ok,2026-08-31T11:59:50.429882+00:00,2026-08-31_1159IST
DEL,BLR,6E,IndiGo,inf,2026-10-15,45,business,,,28498.0,False,23:00,ok,2026-08-31T11:59:50.429882+00:00,2026-08-31_1159IST
DEL,BLR,6E,IndiGo,inf,2026-10-15,45,economy,,,10209.0,False,23:00,ok,2026-08-31T11:59:50.429882+00:00,2026-08-31_1159IST
DEL,BLR,6E,IndiGo,inf,2026-10-15,45,economy,,,10287.0,False,02:55,ok,2026-08-31T11:59:50.429882+00:00,2026-08-31_1159IST
DEL,BLR,6E,IndiGo,inf,2026-10-15,45,economy,,,10287.0,False,13:10,ok,2026-08-31T11:59:50.429882+00:00,2026-08-31_1159IST
DEL,BLR,6E,IndiGo,inf,2026-10-15,45,economy,,,10287.0,False,15:15,ok,2026-08-31T11:59:50.429882+00:00,2026-08-31_1159IST
DEL,BLR,6E,IndiGo,inf,2026-10-15,45,economy,,,10287.0,False,16:40,ok,2026-08-31T11:59:50.429882+00:00,2026-08-31_1159IST
DEL,BLR,6E,IndiGo,inf,2026-10-15,45,economy,,,10287.0,False,18:15,ok,2026-08-31T11:59:50.429882+00:00,2026-08-31_1159IST
DEL,BLR,6E,IndiGo,inf,2026-10-15,45,economy,,,10321.0,False,15:50,ok,2026-08-31T11:59:50.429882+00:00,2026-08-31_1159IST
DEL,BLR,6E,IndiGo,inf,2026-10-15,45,economy,,,10419.0,False,08:10,ok,2026-08-31T11:59:50.429882+00:00,2026-08-31_1159IST
DEL,BLR,6E,IndiGo,inf,2026-10-15,45,economy,,,10419.0,False,18:40,ok,2026-08-31T11:59:50.429882+00:00,2026-08-31_1159IST
DEL,BLR,6E,IndiGo,inf,2026-10-15,45,economy,,,10419.0,False,19:55,ok,2026-08-31T11:59:50.429882+00:00,2026-08-31_1159IST
DEL,BLR,6E,IndiGo,inf,2026-10-15,45,economy,,,10445.0,False,17:10,ok,2026-08-31T11:59:50.429882+00:00,2026-08-31_1159IST
DEL,BLR,6E,IndiGo,inf,2026-10-15,45,business,,,24394.0,False,17:55,ok,2026-08-31T11:59:50.429882+00:00,2026-08-31_1159IST
DEL,BLR,6E,IndiGo,inf,2026-10-15,45,economy,,,10859.0,False,17:55,ok,2026-08-31T11:59:50.429882+00:00,2026-08-31_1159IST
DEL,BLR,6E,IndiGo,inf,2026-10-15,45,economy,,,11069.0,False,14:00,ok,2026-08-31T11:59:50.429882+00:00,2026-08-31_1159IST
DEL,BLR,6E,IndiGo,inf,2026-10-15,45,economy,,,18700.0,False,17:50,ok,2026-08-31T11:59:50.429882+00:00,2026-08-31_1159IST
DEL,BLR,6E,IndiGo,inf,2026-10-15,45,business,,,33139.0,False,05:00,ok,2026-08-31T11:59:50.429882+00:00,2026-08-31_1159IST
DEL,BLR,6E,IndiGo,inf,2026-10-15,45,economy,,,23043.0,False,05:00,ok,2026-08-31T11:59:50.429882+00:00,2026-08-31_1159IST
DEL,BLR,6E,IndiGo,inf,2026-10-15,45,business,,,33965.0,False,08:30,ok,2026-08-31T11:59:50.429882+00:00,2026-08-31_1159IST
DEL,BLR,6E,IndiGo,inf,2026-10-15,45,economy,,,23778.0,False,08:30,ok,2026-08-31T11:59:50.429882+00:00,2026-08-31_1159IST
BOM,BLR,6E,IndiGo,inf,2026-10-15,45,business,,,18800.0,False,01:10,ok,2026-08-31T12:01:10.767605+00:00,2026-08-31_1201IST
BOM,BLR,6E,IndiGo,inf,2026-10-15,45,economy,,,6599.0,False,01:10,ok,2026-08-31T12:01:10.767605+00:00,2026-08-31_1201IST
BOM,BLR,6E,IndiGo,inf,2026-10-15,45,business,,,18800.0,False,04:30,ok,2026-08-31T12:01:10.767605+00:00,2026-08-31_1201IST
BOM,BLR,6E,IndiGo,inf,2026-10-15,45,economy,,,6599.0,False,04:30,ok,2026-08-31T12:01:10.767605+00:00,2026-08-31_1201IST
BOM,BLR,6E,IndiGo,inf,2026-10-15,45,business,,,18800.0,False,06:15,ok,2026-08-31T12:01:10.767605+00:00,2026-08-31_1201IST
BOM,BLR,6E,IndiGo,inf,2026-10-15,45,economy,,,6599.0,False,06:15,ok,2026-08-31T12:01:10.767605+00:00,2026-08-31_1201IST
BOM,BLR,6E,IndiGo,inf,2026-10-15,45,business,,,18800.0,False,07:45,ok,2026-08-31T12:01:10.767605+00:00,2026-08-31_1201IST
BOM,BLR,6E,IndiGo,inf,2026-10-15,45,economy,,,6599.0,False,07:45,ok,2026-08-31T12:01:10.767605+00:00,2026-08-31_1201IST
BOM,BLR,6E,IndiGo,inf,2026-10-15,45,business,,,18800.0,False,09:50,ok,2026-08-31T12:01:10.767605+00:00,2026-08-31_1201IST
BOM,BLR,6E,IndiGo,inf,2026-10-15,45,economy,,,6599.0,False,09:50,ok,2026-08-31T12:01:10.767605+00:00,2026-08-31_1201IST
BOM,BLR,6E,IndiGo,inf,2026-10-15,45,business,,,18800.0,False,11:00,ok,2026-08-31T12:01:10.767605+00:00,2026-08-31_1201IST
BOM,BLR,6E,IndiGo,inf,2026-10-15,45,economy,,,6599.0,False,11:00,ok,2026-08-31T12:01:10.767605+00:00,2026-08-31_1201IST
BOM,BLR,6E,IndiGo,inf,2026-10-15,45,business,,,18800.0,False,12:30,ok,2026-08-31T12:01:10.767605+00:00,2026-08-31_1201IST
BOM,BLR,6E,IndiGo,inf,2026-10-15,45,economy,,,6599.0,False,12:30,ok,2026-08-31T12:01:10.767605+00:00,2026-08-31_1201IST
BOM,BLR,6E,IndiGo,inf,2026-10-15,45,business,,,18800.0,False,14:30,ok,2026-08-31T12:01:10.767605+00:00,2026-08-31_1201IST
BOM,BLR,6E,IndiGo,inf,2026-10-15,45,economy,,,6599.0,False,14:30,ok,2026-08-31T12:01:10.767605+00:00,2026-08-31_1201IST
BOM,BLR,6E,IndiGo,inf,2026-10-15,45,business,,,18800.0,False,15:35,ok,2026-08-31T12:01:10.767605+00:00,2026-08-31_1201IST
BOM,BLR,6E,IndiGo,inf,2026-10-15,45,economy,,,6599.0,False,15:35,ok,2026-08-31T12:01:10.767605+00:00,2026-08-31_1201IST
BOM,BLR,6E,IndiGo,inf,2026-10-15,45,business,,,18800.0,False,19:50,ok,2026-08-31T12:01:10.767605+00:00,2026-08-31_1201IST
BOM,BLR,6E,IndiGo,inf,2026-10-15,45,economy,,,6599.0,False,19:50,ok,2026-08-31T12:01:10.767605+00:00,2026-08-31_1201IST
BOM,BLR,6E,IndiGo,inf,2026-10-15,45,business,,,18800.0,False,22:20,ok,2026-08-31T12:01:10.767605+00:00,2026-08-31_1201IST
BOM,BLR,6E,IndiGo,inf,2026-10-15,45,economy,,,6599.0,False,22:20,ok,2026-08-31T12:01:10.767605+00:00,2026-08-31_1201IST
BOM,BLR,6E,IndiGo,inf,2026-10-15,45,business,,,18800.0,False,17:00,ok,2026-08-31T12:01:10.767605+00:00,2026-08-31_1201IST
BOM,BLR,6E,IndiGo,inf,2026-10-15,45,economy,,,7229.0,False,17:00,ok,2026-08-31T12:01:10.767605+00:00,2026-08-31_1201IST
BOM,BLR,6E,IndiGo,inf,2026-10-15,45,business,,,18800.0,False,18:30,ok,2026-08-31T12:01:10.767605+00:00,2026-08-31_1201IST
BOM,BLR,6E,IndiGo,inf,2026-10-15,45,economy,,,7229.0,False,18:30,ok,2026-08-31T12:01:10.767605+00:00,2026-08-31_1201IST
BOM,BLR,6E,IndiGo,inf,2026-10-15,45,business,,,18800.0,False,21:30,ok,2026-08-31T12:01:10.767605+00:00,2026-08-31_1201IST
BOM,BLR,6E,IndiGo,inf,2026-10-15,45,economy,,,7229.0,False,21:30,ok,2026-08-31T12:01:10.767605+00:00,2026-08-31_1201IST
BOM,BLR,6E,IndiGo,inf,2026-10-15,45,economy,,,5847.0,False,05:00,ok,2026-08-31T12:01:10.767605+00:00,2026-08-31_1201IST
BOM,BLR,6E,IndiGo,6e+261,2026-10-15,45,economy,,,5847.0,False,11:20,ok,2026-08-31T12:01:10.767605+00:00,2026-08-31_1201IST
BOM,BLR,6E,IndiGo,inf,2026-10-15,45,economy,,,5847.0,False,16:40,ok,2026-08-31T12:01:10.767605+00:00,2026-08-31_1201IST
BOM,BLR,6E,IndiGo,inf,2026-10-15,45,economy,,,5847.0,False,16:40,ok,2026-08-31T12:01:10.767605+00:00,2026-08-31_1201IST
BOM,BLR,6E,IndiGo,inf,2026-10-15,45,economy,,,6013.0,False,18:05,ok,2026-08-31T12:01:10.767605+00:00,2026-08-31_1201IST
BOM,BLR,6E,IndiGo,6.000000000000001e+230,2026-10-15,45,economy,,,6134.0,False,13:55,ok,2026-08-31T12:01:10.767605+00:00,2026-08-31_1201IST
BOM,BLR,6E,IndiGo,inf,2026-10-15,45,business,,,19888.0,False,02:45,ok,2026-08-31T12:01:10.767605+00:00,2026-08-31_1201IST
BOM,BLR,6E,IndiGo,inf,2026-10-15,45,economy,,,6145.0,False,02:45,ok,2026-08-31T12:01:10.767605+00:00,2026-08-31_1201IST
BOM,BLR,6E,IndiGo,inf,2026-10-15,45,business,,,19888.0,False,02:45,ok,2026-08-31T12:01:10.767605+00:00,2026-08-31_1201IST
BOM,BLR,6E,IndiGo,inf,2026-10-15,45,economy,,,6145.0,False,02:45,ok,2026-08-31T12:01:10.767605+00:00,2026-08-31_1201IST
BOM,BLR,6E,IndiGo,inf,2026-10-15,45,economy,,,6145.0,False,09:05,ok,2026-08-31T12:01:10.767605+00:00,2026-08-31_1201IST
BOM,BLR,6E,IndiGo,inf,2026-10-15,45,business,,,19888.0,False,10:15,ok,2026-08-31T12:01:10.767605+00:00,2026-08-31_1201IST
BOM,BLR,6E,IndiGo,inf,2026-10-15,45,economy,,,6145.0,False,10:15,ok,2026-08-31T12:01:10.767605+00:00,2026-08-31_1201IST
BOM,BLR,6E,IndiGo,inf,2026-10-15,45,business,,,19888.0,False,11:45,ok,2026-08-31T12:01:10.767605+00:00,2026-08-31_1201IST
BOM,BLR,6E,IndiGo,inf,2026-10-15,45,economy,,,6145.0,False,11:45,ok,2026-08-31T12:01:10.767605+00:00,2026-08-31_1201IST
BOM,BLR,6E,IndiGo,inf,2026-10-15,45,business,,,20293.0,False,11:45,ok,2026-08-31T12:01:10.767605+00:00,2026-08-31_1201IST
BOM,BLR,6E,IndiGo,inf,2026-10-15,45,economy,,,6145.0,False,11:45,ok,2026-08-31T12:01:10.767605+00:00,2026-08-31_1201IST
BOM,BLR,6E,IndiGo,inf,2026-10-15,45,business,,,20293.0,False,15:10,ok,2026-08-31T12:01:10.767605+00:00,2026-08-31_1201IST
BOM,BLR,6E,IndiGo,inf,2026-10-15,45,economy,,,6145.0,False,15:10,ok,2026-08-31T12:01:10.767605+00:00,2026-08-31_1201IST
BOM,BLR,6E,IndiGo,inf,2026-10-15,45,business,,,19522.0,False,15:10,ok,2026-08-31T12:01:10.767605+00:00,2026-08-31_1201IST
BOM,BLR,6E,IndiGo,inf,2026-10-15,45,economy,,,6145.0,False,15:10,ok,2026-08-31T12:01:10.767605+00:00,2026-08-31_1201IST
BOM,BLR,6E,IndiGo,inf,2026-10-15,45,business,,,19522.0,False,16:45,ok,2026-08-31T12:01:10.767605+00:00,2026-08-31_1201IST
BOM,BLR,6E,IndiGo,inf,2026-10-15,45,economy,,,6145.0,False,16:45,ok,2026-08-31T12:01:10.767605+00:00,2026-08-31_1201IST
BOM,BLR,6E,IndiGo,inf,2026-10-15,45,business,,,19522.0,False,16:45,ok,2026-08-31T12:01:10.767605+00:00,2026-08-31_1201IST
BOM,BLR,6E,IndiGo,inf,2026-10-15,45,economy,,,6145.0,False,16:45,ok,2026-08-31T12:01:10.767605+00:00,2026-08-31_1201IST
BOM,BLR,6E,IndiGo,inf,2026-10-15,45,economy,,,6145.0,False,18:50,ok,2026-08-31T12:01:10.767605+00:00,2026-08-31_1201IST
BOM,BLR,6E,IndiGo,inf,2026-10-15,45,business,,,19888.0,False,19:40,ok,2026-08-31T12:01:10.767605+00:00,2026-08-31_1201IST
BOM,BLR,6E,IndiGo,inf,2026-10-15,45,economy,,,6145.0,False,19:40,ok,2026-08-31T12:01:10.767605+00:00,2026-08-31_1201IST
BOM,BLR,6E,IndiGo,inf,2026-10-15,45,economy,,,6276.0,False,14:40,ok,2026-08-31T12:01:10.767605+00:00,2026-08-31_1201IST
BOM,BLR,6E,IndiGo,6.000000000000001e+136,2026-10-15,45,economy,,,6355.0,False,04:05,ok,2026-08-31T12:01:10.767605+00:00,2026-08-31_1201IST
BOM,BLR,6E,IndiGo,6.000000000000001e+136,2026-10-15,45,economy,,,6355.0,False,04:05,ok,2026-08-31T12:01:10.767605+00:00,2026-08-31_1201IST
BOM,BLR,6E,IndiGo,inf,2026-10-15,45,economy,,,6355.0,False,05:35,ok,2026-08-31T12:01:10.767605+00:00,2026-08-31_1201IST
BOM,BLR,6E,IndiGo,inf,2026-10-15,45,economy,,,6355.0,False,06:15,ok,2026-08-31T12:01:10.767605+00:00,2026-08-31_1201IST
BOM,BLR,6E,IndiGo,inf,2026-10-15,45,economy,,,6355.0,False,09:35,ok,2026-08-31T12:01:10.767605+00:00,2026-08-31_1201IST
BOM,BLR,6E,IndiGo,inf,2026-10-15,45,economy,,,6355.0,False,09:50,ok,2026-08-31T12:01:10.767605+00:00,2026-08-31_1201IST
BOM,BLR,6E,IndiGo,inf,2026-10-15,45,economy,,,6355.0,False,11:40,ok,2026-08-31T12:01:10.767605+00:00,2026-08-31_1201IST
BOM,BLR,6E,IndiGo,inf,2026-10-15,45,economy,,,6355.0,False,11:40,ok,2026-08-31T12:01:10.767605+00:00,2026-08-31_1201IST
BOM,BLR,6E,IndiGo,inf,2026-10-15,45,economy,,,6355.0,False,13:35,ok,2026-08-31T12:01:10.767605+00:00,2026-08-31_1201IST
BOM,BLR,6E,IndiGo,inf,2026-10-15,45,economy,,,6355.0,False,13:45,ok,2026-08-31T12:01:10.767605+00:00,2026-08-31_1201IST
BOM,BLR,6E,IndiGo,inf,2026-10-15,45,economy,,,6355.0,False,13:45,ok,2026-08-31T12:01:10.767605+00:00,2026-08-31_1201IST
BOM,BLR,6E,IndiGo,inf,2026-10-15,45,economy,,,6355.0,False,15:25,ok,2026-08-31T12:01:10.767605+00:00,2026-08-31_1201IST
BOM,BLR,6E,IndiGo,6e+240,2026-10-15,45,economy,,,6355.0,False,15:45,ok,2026-08-31T12:01:10.767605+00:00,2026-08-31_1201IST
BOM,BLR,6E,IndiGo,inf,2026-10-15,45,economy,,,6355.0,False,17:25,ok,2026-08-31T12:01:10.767605+00:00,2026-08-31_1201IST
BOM,BLR,6E,IndiGo,6e+261,2026-10-15,45,economy,,,6651.0,False,11:20,ok,2026-08-31T12:01:10.767605+00:00,2026-08-31_1201IST
BOM,BLR,6E,IndiGo,inf,2026-10-15,45,economy,,,6835.0,False,01:30,ok,2026-08-31T12:01:10.767605+00:00,2026-08-31_1201IST
BOM,BLR,6E,IndiGo,inf,2026-10-15,45,economy,,,6835.0,False,12:05,ok,2026-08-31T12:01:10.767605+00:00,2026-08-31_1201IST
BOM,BLR,6E,IndiGo,inf,2026-10-15,45,economy,,,6835.0,False,17:10,ok,2026-08-31T12:01:10.767605+00:00,2026-08-31_1201IST
BOM,BLR,6E,IndiGo,6.000000000000001e+230,2026-10-15,45,economy,,,6937.0,False,13:55,ok,2026-08-31T12:01:10.767605+00:00,2026-08-31_1201IST
BOM,BLR,6E,IndiGo,inf,2026-10-15,45,economy,,,6967.0,False,10:25,ok,2026-08-31T12:01:10.767605+00:00,2026-08-31_1201IST
BOM,BLR,6E,IndiGo,inf,2026-10-15,45,economy,,,7319.0,False,09:15,ok,2026-08-31T12:01:10.767605+00:00,2026-08-31_1201IST
BOM,BLR,6E,IndiGo,inf,2026-10-15,45,economy,,,7363.0,False,12:30,ok,2026-08-31T12:01:10.767605+00:00,2026-08-31_1201IST
BOM,BLR,6E,IndiGo,inf,2026-10-15,45,economy,,,7363.0,False,20:00,ok,2026-08-31T12:01:10.767605+00:00,2026-08-31_1201IST
BOM,BLR,6E,IndiGo,inf,2026-10-15,45,economy,,,7494.0,False,16:50,ok,2026-08-31T12:01:10.767605+00:00,2026-08-31_1201IST
BOM,BLR,6E,IndiGo,inf,2026-10-15,45,economy,,,7494.0,False,18:35,ok,2026-08-31T12:01:10.767605+00:00,2026-08-31_1201IST
BOM,BLR,6E,IndiGo,inf,2026-10-15,45,economy,,,7943.0,False,04:00,ok,2026-08-31T12:01:10.767605+00:00,2026-08-31_1201IST
BOM,BLR,6E,IndiGo,inf,2026-10-15,45,economy,,,7943.0,False,18:15,ok,2026-08-31T12:01:10.767605+00:00,2026-08-31_1201IST
BOM,BLR,6E,IndiGo,inf,2026-10-15,45,economy,,,8581.0,False,18:40,ok,2026-08-31T12:01:10.767605+00:00,2026-08-31_1201IST
DEL,CCU,6E,IndiGo,inf,2026-10-15,45,business,,,22600.0,False,02:45,ok,2026-08-31T12:02:23.566913+00:00,2026-08-31_1202IST
DEL,CCU,6E,IndiGo,inf,2026-10-15,45,economy,,,13555.0,False,02:45,ok,2026-08-31T12:02:23.566913+00:00,2026-08-31_1202IST
DEL,CCU,6E,IndiGo,inf,2026-10-15,45,business,,,22600.0,False,05:00,ok,2026-08-31T12:02:23.566913+00:00,2026-08-31_1202IST
DEL,CCU,6E,IndiGo,inf,2026-10-15,45,economy,,,13555.0,False,05:00,ok,2026-08-31T12:02:23.566913+00:00,2026-08-31_1202IST
DEL,CCU,6E,IndiGo,inf,2026-10-15,45,business,,,22600.0,False,07:20,ok,2026-08-31T12:02:23.566913+00:00,2026-08-31_1202IST
DEL,CCU,6E,IndiGo,inf,2026-10-15,45,economy,,,13555.0,False,07:20,ok,2026-08-31T12:02:23.566913+00:00,2026-08-31_1202IST
DEL,CCU,6E,IndiGo,inf,2026-10-15,45,business,,,22600.0,False,08:30,ok,2026-08-31T12:02:23.566913+00:00,2026-08-31_1202IST
DEL,CCU,6E,IndiGo,inf,2026-10-15,45,economy,,,13555.0,False,08:30,ok,2026-08-31T12:02:23.566913+00:00,2026-08-31_1202IST
DEL,CCU,6E,IndiGo,inf,2026-10-15,45,business,,,22600.0,False,10:15,ok,2026-08-31T12:02:23.566913+00:00,2026-08-31_1202IST
DEL,CCU,6E,IndiGo,inf,2026-10-15,45,economy,,,13555.0,False,10:15,ok,2026-08-31T12:02:23.566913+00:00,2026-08-31_1202IST
DEL,CCU,6E,IndiGo,inf,2026-10-15,45,business,,,22600.0,False,14:25,ok,2026-08-31T12:02:23.566913+00:00,2026-08-31_1202IST
DEL,CCU,6E,IndiGo,inf,2026-10-15,45,economy,,,13555.0,False,14:25,ok,2026-08-31T12:02:23.566913+00:00,2026-08-31_1202IST
DEL,CCU,6E,IndiGo,inf,2026-10-15,45,business,,,22600.0,False,16:00,ok,2026-08-31T12:02:23.566913+00:00,2026-08-31_1202IST
DEL,CCU,6E,IndiGo,inf,2026-10-15,45,economy,,,13555.0,False,16:00,ok,2026-08-31T12:02:23.566913+00:00,2026-08-31_1202IST
DEL,CCU,6E,IndiGo,inf,2026-10-15,45,business,,,22600.0,False,19:30,ok,2026-08-31T12:02:23.566913+00:00,2026-08-31_1202IST
DEL,CCU,6E,IndiGo,inf,2026-10-15,45,economy,,,13555.0,False,19:30,ok,2026-08-31T12:02:23.566913+00:00,2026-08-31_1202IST
DEL,CCU,6E,IndiGo,inf,2026-10-15,45,business,,,22600.0,False,21:50,ok,2026-08-31T12:02:23.566913+00:00,2026-08-31_1202IST
DEL,CCU,6E,IndiGo,inf,2026-10-15,45,economy,,,13555.0,False,21:50,ok,2026-08-31T12:02:23.566913+00:00,2026-08-31_1202IST
DEL,CCU,6E,IndiGo,6e+247,2026-10-15,45,business,,,22600.0,False,23:30,ok,2026-08-31T12:02:23.566913+00:00,2026-08-31_1202IST
DEL,CCU,6E,IndiGo,6e+247,2026-10-15,45,economy,,,13555.0,False,23:30,ok,2026-08-31T12:02:23.566913+00:00,2026-08-31_1202IST
DEL,CCU,6E,IndiGo,inf,2026-10-15,45,business,,,22600.0,False,12:45,ok,2026-08-31T12:02:23.566913+00:00,2026-08-31_1202IST
DEL,CCU,6E,IndiGo,inf,2026-10-15,45,economy,,,14448.0,False,12:45,ok,2026-08-31T12:02:23.566913+00:00,2026-08-31_1202IST
DEL,CCU,6E,IndiGo,inf,2026-10-15,45,business,,,22600.0,False,17:55,ok,2026-08-31T12:02:23.566913+00:00,2026-08-31_1202IST
DEL,CCU,6E,IndiGo,inf,2026-10-15,45,economy,,,14448.0,False,17:55,ok,2026-08-31T12:02:23.566913+00:00,2026-08-31_1202IST
DEL,CCU,6E,IndiGo,inf,2026-10-15,45,economy,,,9006.0,False,06:20,ok,2026-08-31T12:02:23.566913+00:00,2026-08-31_1202IST
DEL,CCU,6E,IndiGo,inf,2026-10-15,45,economy,,,9711.0,False,12:00,ok,2026-08-31T12:02:23.566913+00:00,2026-08-31_1202IST
DEL,CCU,6E,IndiGo,inf,2026-10-15,45,economy,,,9961.0,False,08:00,ok,2026-08-31T12:02:23.566913+00:00,2026-08-31_1202IST
DEL,CCU,6E,IndiGo,inf,2026-10-15,45,economy,,,10381.0,False,05:10,ok,2026-08-31T12:02:23.566913+00:00,2026-08-31_1202IST
DEL,CCU,6E,IndiGo,inf,2026-10-15,45,economy,,,10891.0,False,13:05,ok,2026-08-31T12:02:23.566913+00:00,2026-08-31_1202IST
DEL,CCU,6E,IndiGo,inf,2026-10-15,45,economy,,,11232.0,False,17:05,ok,2026-08-31T12:02:23.566913+00:00,2026-08-31_1202IST
DEL,CCU,6E,IndiGo,inf,2026-10-15,45,economy,,,11537.0,False,07:40,ok,2026-08-31T12:02:23.566913+00:00,2026-08-31_1202IST
DEL,CCU,6E,IndiGo,inf,2026-10-15,45,economy,,,11829.0,False,16:40,ok,2026-08-31T12:02:23.566913+00:00,2026-08-31_1202IST
DEL,CCU,6E,IndiGo,inf,2026-10-15,45,economy,,,11845.0,False,05:25,ok,2026-08-31T12:02:23.566913+00:00,2026-08-31_1202IST
DEL,CCU,6E,IndiGo,inf,2026-10-15,45,economy,,,12114.0,False,15:50,ok,2026-08-31T12:02:23.566913+00:00,2026-08-31_1202IST
DEL,CCU,6E,IndiGo,inf,2026-10-15,45,economy,,,12142.0,False,13:25,ok,2026-08-31T12:02:23.566913+00:00,2026-08-31_1202IST
DEL,CCU,6E,IndiGo,inf,2026-10-15,45,economy,,,12142.0,False,13:25,ok,2026-08-31T12:02:23.566913+00:00,2026-08-31_1202IST
DEL,CCU,6E,IndiGo,inf,2026-10-15,45,economy,,,12168.0,False,12:20,ok,2026-08-31T12:02:23.566913+00:00,2026-08-31_1202IST
DEL,CCU,6E,IndiGo,inf,2026-10-15,45,economy,,,12777.0,False,05:55,ok,2026-08-31T12:02:23.566913+00:00,2026-08-31_1202IST
DEL,CCU,6E,IndiGo,inf,2026-10-15,45,economy,,,12777.0,False,14:25,ok,2026-08-31T12:02:23.566913+00:00,2026-08-31_1202IST
DEL,CCU,6E,IndiGo,inf,2026-10-15,45,economy,,,12777.0,False,16:20,ok,2026-08-31T12:02:23.566913+00:00,2026-08-31_1202IST
DEL,CCU,6E,IndiGo,inf,2026-10-15,45,economy,,,13110.0,False,14:40,ok,2026-08-31T12:02:23.566913+00:00,2026-08-31_1202IST
DEL,CCU,6E,IndiGo,inf,2026-10-15,45,economy,,,13877.0,False,10:50,ok,2026-08-31T12:02:23.566913+00:00,2026-08-31_1202IST
DEL,CCU,6E,IndiGo,inf,2026-10-15,45,economy,,,14302.0,False,09:10,ok,2026-08-31T12:02:23.566913+00:00,2026-08-31_1202IST
DEL,CCU,6E,IndiGo,inf,2026-10-15,45,economy,,,14828.0,False,17:30,ok,2026-08-31T12:02:23.566913+00:00,2026-08-31_1202IST
DEL,CCU,6E,IndiGo,inf,2026-10-15,45,economy,,,15079.0,False,12:20,ok,2026-08-31T12:02:23.566913+00:00,2026-08-31_1202IST
DEL,CCU,6E,IndiGo,inf,2026-10-15,45,economy,,,15079.0,False,14:40,ok,2026-08-31T12:02:23.566913+00:00,2026-08-31_1202IST
DEL,CCU,6E,IndiGo,inf,2026-10-15,45,economy,,,15248.0,False,07:40,ok,2026-08-31T12:02:23.566913+00:00,2026-08-31_1202IST
DEL,CCU,6E,IndiGo,inf,2026-10-15,45,economy,,,15379.0,False,14:35,ok,2026-08-31T12:02:23.566913+00:00,2026-08-31_1202IST
DEL,CCU,6E,IndiGo,inf,2026-10-15,45,economy,,,15773.0,False,15:10,ok,2026-08-31T12:02:23.566913+00:00,2026-08-31_1202IST
DEL,CCU,6E,IndiGo,inf,2026-10-15,45,economy,,,16309.0,False,15:10,ok,2026-08-31T12:02:23.566913+00:00,2026-08-31_1202IST
DEL,CCU,6E,IndiGo,inf,2026-10-15,45,economy,,,16354.0,False,10:50,ok,2026-08-31T12:02:23.566913+00:00,2026-08-31_1202IST
DEL,CCU,6E,IndiGo,inf,2026-10-15,45,economy,,,16524.0,False,07:40,ok,2026-08-31T12:02:23.566913+00:00,2026-08-31_1202IST
DEL,CCU,6E,IndiGo,inf,2026-10-15,45,economy,,,17656.0,False,06:20,ok,2026-08-31T12:02:23.566913+00:00,2026-08-31_1202IST
DEL,CCU,6E,IndiGo,inf,2026-10-15,45,economy,,,17665.0,False,14:00,ok,2026-08-31T12:02:23.566913+00:00,2026-08-31_1202IST
DEL,CCU,6E,IndiGo,inf,2026-10-15,45,economy,,,18127.0,False,07:30,ok,2026-08-31T12:02:23.566913+00:00,2026-08-31_1202IST
DEL,CCU,6E,IndiGo,inf,2026-10-15,45,business,,,33747.0,False,02:25,ok,2026-08-31T12:02:23.566913+00:00,2026-08-31_1202IST
DEL,CCU,6E,IndiGo,inf,2026-10-15,45,economy,,,18538.0,False,02:25,ok,2026-08-31T12:02:23.566913+00:00,2026-08-31_1202IST
DEL,CCU,6E,IndiGo,inf,2026-10-15,45,business,,,33747.0,False,09:55,ok,2026-08-31T12:02:23.566913+00:00,2026-08-31_1202IST
DEL,CCU,6E,IndiGo,inf,2026-10-15,45,economy,,,18538.0,False,09:55,ok,2026-08-31T12:02:23.566913+00:00,2026-08-31_1202IST
DEL,CCU,6E,IndiGo,inf,2026-10-15,45,business,,,33865.0,False,02:25,ok,2026-08-31T12:02:23.566913+00:00,2026-08-31_1202IST
DEL,CCU,6E,IndiGo,inf,2026-10-15,45,economy,,,18643.0,False,02:25,ok,2026-08-31T12:02:23.566913+00:00,2026-08-31_1202IST
DEL,CCU,6E,IndiGo,inf,2026-10-15,45,business,,,33865.0,False,16:15,ok,2026-08-31T12:02:23.566913+00:00,2026-08-31_1202IST
DEL,CCU,6E,IndiGo,inf,2026-10-15,45,economy,,,18643.0,False,16:15,ok,2026-08-31T12:02:23.566913+00:00,2026-08-31_1202IST
DEL,CCU,6E,IndiGo,inf,2026-10-15,45,economy,,,19289.0,False,08:10,ok,2026-08-31T12:02:23.566913+00:00,2026-08-31_1202IST
DEL,CCU,6E,IndiGo,inf,2026-10-15,45,economy,,,19289.0,False,13:35,ok,2026-08-31T12:02:23.566913+00:00,2026-08-31_1202IST
DEL,CCU,6E,IndiGo,inf,2026-10-15,45,business,,,34809.0,False,13:30,ok,2026-08-31T12:02:23.566913+00:00,2026-08-31_1202IST
DEL,CCU,6E,IndiGo,inf,2026-10-15,45,economy,,,19483.0,False,13:30,ok,2026-08-31T12:02:23.566913+00:00,2026-08-31_1202IST
DEL,CCU,6E,IndiGo,inf,2026-10-15,45,business,,,33747.0,False,08:30,ok,2026-08-31T12:02:23.566913+00:00,2026-08-31_1202IST
DEL,CCU,6E,IndiGo,inf,2026-10-15,45,economy,,,19685.0,False,08:30,ok,2026-08-31T12:02:23.566913+00:00,2026-08-31_1202IST
DEL,CCU,6E,IndiGo,inf,2026-10-15,45,economy,,,19945.0,False,16:20,ok,2026-08-31T12:02:23.566913+00:00,2026-08-31_1202IST
DEL,CCU,6E,IndiGo,6e+203,2026-10-15,45,business,,,34809.0,False,07:10,ok,2026-08-31T12:02:23.566913+00:00,2026-08-31_1202IST
DEL,CCU,6E,IndiGo,6e+203,2026-10-15,45,economy,,,20093.0,False,07:10,ok,2026-08-31T12:02:23.566913+00:00,2026-08-31_1202IST
DEL,CCU,6E,IndiGo,inf,2026-10-15,45,business,,,34809.0,False,08:30,ok,2026-08-31T12:02:23.566913+00:00,2026-08-31_1202IST
DEL,CCU,6E,IndiGo,inf,2026-10-15,45,economy,,,20630.0,False,08:30,ok,2026-08-31T12:02:23.566913+00:00,2026-08-31_1202IST
DEL,CCU,6E,IndiGo,inf,2026-10-15,45,economy,,,21567.0,False,05:00,ok,2026-08-31T12:02:23.566913+00:00,2026-08-31_1202IST
DEL,CCU,6E,IndiGo,inf,2026-10-15,45,economy,,,21576.0,False,17:20,ok,2026-08-31T12:02:23.566913+00:00,2026-08-31_1202IST
DEL,CCU,6E,IndiGo,inf,2026-10-15,45,economy,,,22769.0,False,09:20,ok,2026-08-31T12:02:23.566913+00:00,2026-08-31_1202IST
DEL,CCU,6E,IndiGo,inf,2026-10-15,45,economy,,,23399.0,False,09:20,ok,2026-08-31T12:02:23.566913+00:00,2026-08-31_1202IST
DEL,CCU,6E,IndiGo,inf,2026-10-15,45,business,,,32685.0,False,17:55,ok,2026-08-31T12:02:23.566913+00:00,2026-08-31_1202IST
DEL,CCU,6E,IndiGo,inf,2026-10-15,45,economy,,,23845.0,False,17:55,ok,2026-08-31T12:02:23.566913+00:00,2026-08-31_1202IST
DEL,CCU,6E,IndiGo,inf,2026-10-15,45,business,,,33865.0,False,17:55,ok,2026-08-31T12:02:23.566913+00:00,2026-08-31_1202IST
DEL,CCU,6E,IndiGo,inf,2026-10-15,45,economy,,,24895.0,False,17:55,ok,2026-08-31T12:02:23.566913+00:00,2026-08-31_1202IST
BLR,HYD,6E,IndiGo,inf,2026-10-15,45,,,,,False,16:30,parse_error,2026-08-31T12:03:30.900394+00:00,2026-08-31_1203IST
BLR,HYD,6E,IndiGo,inf,2026-10-15,45,,,,,False,21:25,parse_error,2026-08-31T12:03:30.900394+00:00,2026-08-31_1203IST
BLR,HYD,6E,IndiGo,inf,2026-10-15,45,,,,,False,08:15,parse_error,2026-08-31T12:03:30.900394+00:00,2026-08-31_1203IST
BLR,HYD,6E,IndiGo,inf,2026-10-15,45,,,,,False,09:15,parse_error,2026-08-31T12:03:30.900394+00:00,2026-08-31_1203IST
BLR,HYD,6E,IndiGo,inf,2026-10-15,45,,,,,False,22:30,parse_error,2026-08-31T12:03:30.900394+00:00,2026-08-31_1203IST
BLR,HYD,6E,IndiGo,inf,2026-10-15,45,,,,,False,06:10,parse_error,2026-08-31T12:03:30.900394+00:00,2026-08-31_1203IST
BLR,HYD,6E,IndiGo,inf,2026-10-15,45,,,,,False,10:15,parse_error,2026-08-31T12:03:30.900394+00:00,2026-08-31_1203IST
BLR,HYD,6E,IndiGo,inf,2026-10-15,45,,,,,False,11:35,parse_error,2026-08-31T12:03:30.900394+00:00,2026-08-31_1203IST
BLR,HYD,6E,IndiGo,inf,2026-10-15,45,,,,,False,19:45,parse_error,2026-08-31T12:03:30.900394+00:00,2026-08-31_1203IST
BLR,HYD,6E,IndiGo,inf,2026-10-15,45,,,,,False,18:35,parse_error,2026-08-31T12:03:30.900394+00:00,2026-08-31_1203IST
BLR,HYD,6E,IndiGo,inf,2026-10-15,45,,,,,False,06:50,parse_error,2026-08-31T12:03:30.900394+00:00,2026-08-31_1203IST
BLR,HYD,6E,IndiGo,inf,2026-10-15,45,,,,,False,07:05,parse_error,2026-08-31T12:03:30.900394+00:00,2026-08-31_1203IST
BLR,HYD,6E,IndiGo,inf,2026-10-15,45,,,,,False,15:30,parse_error,2026-08-31T12:03:30.900394+00:00,2026-08-31_1203IST
BLR,HYD,6E,IndiGo,inf,2026-10-15,45,,,,,False,17:15,parse_error,2026-08-31T12:03:30.900394+00:00,2026-08-31_1203IST
BLR,HYD,6E,IndiGo,inf,2026-10-15,45,,,,,False,06:50,parse_error,2026-08-31T12:03:30.900394+00:00,2026-08-31_1203IST
BLR,HYD,6E,IndiGo,inf,2026-10-15,45,,,,,False,07:05,parse_error,2026-08-31T12:03:30.900394+00:00,2026-08-31_1203IST
BLR,HYD,6E,IndiGo,inf,2026-10-15,45,,,,,False,10:25,parse_error,2026-08-31T12:03:30.900394+00:00,2026-08-31_1203IST
BLR,HYD,6E,IndiGo,inf,2026-10-15,45,,,,,False,13:10,parse_error,2026-08-31T12:03:30.900394+00:00,2026-08-31_1203IST
BLR,HYD,6E,IndiGo,inf,2026-10-15,45,,,,,False,06:25,parse_error,2026-08-31T12:03:30.900394+00:00,2026-08-31_1203IST
BLR,HYD,6E,IndiGo,inf,2026-10-15,45,,,,,False,08:05,parse_error,2026-08-31T12:03:30.900394+00:00,2026-08-31_1203IST
BLR,HYD,6E,IndiGo,inf,2026-10-15,45,,,,,False,18:15,parse_error,2026-08-31T12:03:30.900394+00:00,2026-08-31_1203IST
BLR,HYD,6E,IndiGo,inf,2026-10-15,45,,,,,False,07:10,parse_error,2026-08-31T12:03:30.900394+00:00,2026-08-31_1203IST
BLR,HYD,6E,IndiGo,inf,2026-10-15,45,,,,,False,07:15,parse_error,2026-08-31T12:03:30.900394+00:00,2026-08-31_1203IST
BLR,HYD,6E,IndiGo,inf,2026-10-15,45,,,,,False,10:50,parse_error,2026-08-31T12:03:30.900394+00:00,2026-08-31_1203IST
BLR,HYD,6E,IndiGo,inf,2026-10-15,45,,,,,False,14:50,parse_error,2026-08-31T12:03:30.900394+00:00,2026-08-31_1203IST
BLR,HYD,6E,IndiGo,5.9999999999999995e+109,2026-10-15,45,,,,,False,17:00,parse_error,2026-08-31T12:03:30.900394+00:00,2026-08-31_1203IST
BLR,HYD,6E,IndiGo,inf,2026-10-15,45,,,,,False,18:50,parse_error,2026-08-31T12:03:30.900394+00:00,2026-08-31_1203IST
BLR,HYD,6E,IndiGo,6e+116,2026-10-15,45,,,,,False,23:05,parse_error,2026-08-31T12:03:30.900394+00:00,2026-08-31_1203IST
BLR,HYD,6E,IndiGo,inf,2026-10-15,45,,,,,False,01:05,parse_error,2026-08-31T12:03:30.900394+00:00,2026-08-31_1203IST
BLR,HYD,6E,IndiGo,inf,2026-10-15,45,,,,,False,07:10,parse_error,2026-08-31T12:03:30.900394+00:00,2026-08-31_1203IST
BLR,HYD,6E,IndiGo,inf,2026-10-15,45,,,,,False,07:15,parse_error,2026-08-31T12:03:30.900394+00:00,2026-08-31_1203IST
BLR,HYD,6E,IndiGo,inf,2026-10-15,45,,,,,False,08:05,parse_error,2026-08-31T12:03:30.900394+00:00,2026-08-31_1203IST
BLR,HYD,6E,IndiGo,inf,2026-10-15,45,,,,,False,11:40,parse_error,2026-08-31T12:03:30.900394+00:00,2026-08-31_1203IST
BLR,HYD,6E,IndiGo,inf,2026-10-15,45,,,,,False,02:40,parse_error,2026-08-31T12:03:30.900394+00:00,2026-08-31_1203IST
BLR,HYD,6E,IndiGo,inf,2026-10-15,45,,,,,False,07:10,parse_error,2026-08-31T12:03:30.900394+00:00,2026-08-31_1203IST
BLR,HYD,6E,IndiGo,inf,2026-10-15,45,,,,,False,17:15,parse_error,2026-08-31T12:03:30.900394+00:00,2026-08-31_1203IST
BLR,HYD,6E,IndiGo,inf,2026-10-15,45,,,,,False,18:15,parse_error,2026-08-31T12:03:30.900394+00:00,2026-08-31_1203IST
BLR,HYD,6E,IndiGo,inf,2026-10-15,45,,,,,False,19:30,parse_error,2026-08-31T12:03:30.900394+00:00,2026-08-31_1203IST
BLR,HYD,6E,IndiGo,inf,2026-10-15,45,,,,,False,20:20,parse_error,2026-08-31T12:03:30.900394+00:00,2026-08-31_1203IST
BLR,HYD,6E,IndiGo,inf,2026-10-15,45,,,,,False,17:15,parse_error,2026-08-31T12:03:30.900394+00:00,2026-08-31_1203IST
BLR,HYD,6E,IndiGo,inf,2026-10-15,45,,,,,False,19:55,parse_error,2026-08-31T12:03:30.900394+00:00,2026-08-31_1203IST
BLR,HYD,6E,IndiGo,inf,2026-10-15,45,,,,,False,12:45,parse_error,2026-08-31T12:03:30.900394+00:00,2026-08-31_1203IST
BLR,HYD,6E,IndiGo,inf,2026-10-15,45,,,,,False,12:45,parse_error,2026-08-31T12:03:30.900394+00:00,2026-08-31_1203IST
BLR,HYD,6E,IndiGo,6e+105,2026-10-15,45,,,,,False,18:50,parse_error,2026-08-31T12:03:30.900394+00:00,2026-08-31_1203IST
BLR,HYD,6E,IndiGo,inf,2026-10-15,45,,,,,False,12:35,parse_error,2026-08-31T12:03:30.900394+00:00,2026-08-31_1203IST
BLR,HYD,6E,IndiGo,inf,2026-10-15,45,,,,,False,06:50,parse_error,2026-08-31T12:03:30.900394+00:00,2026-08-31_1203IST
BLR,HYD,6E,IndiGo,inf,2026-10-15,45,,,,,False,10:40,parse_error,2026-08-31T12:03:30.900394+00:00,2026-08-31_1203IST
BLR,HYD,6E,IndiGo,inf,2026-10-15,45,,,,,False,12:35,parse_error,2026-08-31T12:03:30.900394+00:00,2026-08-31_1203IST
BLR,HYD,6E,IndiGo,inf,2026-10-15,45,,,,,False,21:40,parse_error,2026-08-31T12:03:30.900394+00:00,2026-08-31_1203IST
BLR,HYD,6E,IndiGo,inf,2026-10-15,45,,,,,False,15:15,parse_error,2026-08-31T12:03:30.900394+00:00,2026-08-31_1203IST
BLR,HYD,6E,IndiGo,6e+116,2026-10-15,45,,,,,False,23:05,parse_error,2026-08-31T12:03:30.900394+00:00,2026-08-31_1203IST
BLR,HYD,6E,IndiGo,inf,2026-10-15,45,,,,,False,17:40,parse_error,2026-08-31T12:03:30.900394+00:00,2026-08-31_1203IST
BLR,HYD,6E,IndiGo,inf,2026-10-15,45,,,,,False,19:15,parse_error,2026-08-31T12:03:30.900394+00:00,2026-08-31_1203IST
BLR,HYD,6E,IndiGo,6e+105,2026-10-15,45,,,,,False,18:50,parse_error,2026-08-31T12:03:30.900394+00:00,2026-08-31_1203IST
BLR,HYD,6E,IndiGo,inf,2026-10-15,45,,,,,False,20:40,parse_error,2026-08-31T12:03:30.900394+00:00,2026-08-31_1203IST
BLR,HYD,6E,IndiGo,inf,2026-10-15,45,,,,,False,15:15,parse_error,2026-08-31T12:03:30.900394+00:00,2026-08-31_1203IST
BLR,HYD,6E,IndiGo,inf,2026-10-15,45,,,,,False,17:40,parse_error,2026-08-31T12:03:30.900394+00:00,2026-08-31_1203IST
BLR,HYD,6E,IndiGo,inf,2026-10-15,45,,,,,False,12:55,parse_error,2026-08-31T12:03:30.900394+00:00,2026-08-31_1203IST
BLR,HYD,6E,IndiGo,inf,2026-10-15,45,,,,,False,12:45,parse_error,2026-08-31T12:03:30.900394+00:00,2026-08-31_1203IST
BLR,HYD,6E,IndiGo,inf,2026-10-15,45,,,,,False,10:25,parse_error,2026-08-31T12:03:30.900394+00:00,2026-08-31_1203IST
MAA,DEL,6E,IndiGo,inf,2026-10-15,45,business,,,24700.0,False,02:45,ok,2026-08-31T12:04:35.249931+00:00,2026-08-31_1204IST
MAA,DEL,6E,IndiGo,inf,2026-10-15,45,economy,,,9648.0,False,02:45,ok,2026-08-31T12:04:35.249931+00:00,2026-08-31_1204IST
MAA,DEL,6E,IndiGo,inf,2026-10-15,45,business,,,24700.0,False,06:30,ok,2026-08-31T12:04:35.249931+00:00,2026-08-31_1204IST
MAA,DEL,6E,IndiGo,inf,2026-10-15,45,economy,,,9648.0,False,06:30,ok,2026-08-31T12:04:35.249931+00:00,2026-08-31_1204IST
MAA,DEL,6E,IndiGo,inf,2026-10-15,45,business,,,24700.0,False,09:15,ok,2026-08-31T12:04:35.249931+00:00,2026-08-31_1204IST
MAA,DEL,6E,IndiGo,inf,2026-10-15,45,economy,,,9648.0,False,09:15,ok,2026-08-31T12:04:35.249931+00:00,2026-08-31_1204IST
MAA,DEL,6E,IndiGo,inf,2026-10-15,45,business,,,24700.0,False,11:10,ok,2026-08-31T12:04:35.249931+00:00,2026-08-31_1204IST
MAA,DEL,6E,IndiGo,inf,2026-10-15,45,economy,,,9648.0,False,11:10,ok,2026-08-31T12:04:35.249931+00:00,2026-08-31_1204IST
MAA,DEL,6E,IndiGo,inf,2026-10-15,45,business,,,24700.0,False,13:00,ok,2026-08-31T12:04:35.249931+00:00,2026-08-31_1204IST
MAA,DEL,6E,IndiGo,inf,2026-10-15,45,economy,,,9648.0,False,13:00,ok,2026-08-31T12:04:35.249931+00:00,2026-08-31_1204IST
MAA,DEL,6E,IndiGo,inf,2026-10-15,45,business,,,24700.0,False,14:30,ok,2026-08-31T12:04:35.249931+00:00,2026-08-31_1204IST
MAA,DEL,6E,IndiGo,inf,2026-10-15,45,economy,,,9648.0,False,14:30,ok,2026-08-31T12:04:35.249931+00:00,2026-08-31_1204IST
MAA,DEL,6E,IndiGo,inf,2026-10-15,45,business,,,24700.0,False,16:45,ok,2026-08-31T12:04:35.249931+00:00,2026-08-31_1204IST
MAA,DEL,6E,IndiGo,inf,2026-10-15,45,economy,,,9648.0,False,16:45,ok,2026-08-31T12:04:35.249931+00:00,2026-08-31_1204IST
MAA,DEL,6E,IndiGo,inf,2026-10-15,45,business,,,24700.0,False,19:00,ok,2026-08-31T12:04:35.249931+00:00,2026-08-31_1204IST
MAA,DEL,6E,IndiGo,inf,2026-10-15,45,economy,,,9648.0,False,19:00,ok,2026-08-31T12:04:35.249931+00:00,2026-08-31_1204IST
MAA,DEL,6E,IndiGo,inf,2026-10-15,45,business,,,24700.0,False,21:50,ok,2026-08-31T12:04:35.249931+00:00,2026-08-31_1204IST
MAA,DEL,6E,IndiGo,inf,2026-10-15,45,economy,,,9648.0,False,21:50,ok,2026-08-31T12:04:35.249931+00:00,2026-08-31_1204IST
MAA,DEL,6E,IndiGo,inf,2026-10-15,45,business,,,24700.0,False,23:45,ok,2026-08-31T12:04:35.249931+00:00,2026-08-31_1204IST
MAA,DEL,6E,IndiGo,inf,2026-10-15,45,economy,,,9648.0,False,23:45,ok,2026-08-31T12:04:35.249931+00:00,2026-08-31_1204IST
MAA,DEL,6E,IndiGo,inf,2026-10-15,45,economy,,,7733.0,False,07:35,ok,2026-08-31T12:04:35.249931+00:00,2026-08-31_1204IST
MAA,DEL,6E,IndiGo,6e+253,2026-10-15,45,business,,,28061.0,False,03:10,ok,2026-08-31T12:04:35.249931+00:00,2026-08-31_1204IST
MAA,DEL,6E,IndiGo,6e+253,2026-10-15,45,economy,,,7864.0,False,03:10,ok,2026-08-31T12:04:35.249931+00:00,2026-08-31_1204IST
MAA,DEL,6E,IndiGo,6.000000000000001e+244,2026-10-15,45,economy,,,7864.0,False,03:55,ok,2026-08-31T12:04:35.249931+00:00,2026-08-31_1204IST
MAA,DEL,6E,IndiGo,inf,2026-10-15,45,business,,,28061.0,False,05:40,ok,2026-08-31T12:04:35.249931+00:00,2026-08-31_1204IST
MAA,DEL,6E,IndiGo,inf,2026-10-15,45,economy,,,7864.0,False,05:40,ok,2026-08-31T12:04:35.249931+00:00,2026-08-31_1204IST
MAA,DEL,6E,IndiGo,inf,2026-10-15,45,economy,,,7864.0,False,07:10,ok,2026-08-31T12:04:35.249931+00:00,2026-08-31_1204IST
MAA,DEL,6E,IndiGo,inf,2026-10-15,45,economy,,,7864.0,False,09:30,ok,2026-08-31T12:04:35.249931+00:00,2026-08-31_1204IST
MAA,DEL,6E,IndiGo,inf,2026-10-15,45,economy,,,7864.0,False,09:55,ok,2026-08-31T12:04:35.249931+00:00,2026-08-31_1204IST
MAA,DEL,6E,IndiGo,inf,2026-10-15,45,economy,,,7864.0,False,10:15,ok,2026-08-31T12:04:35.249931+00:00,2026-08-31_1204IST
MAA,DEL,6E,IndiGo,inf,2026-10-15,45,economy,,,7864.0,False,11:10,ok,2026-08-31T12:04:35.249931+00:00,2026-08-31_1204IST
MAA,DEL,6E,IndiGo,inf,2026-10-15,45,economy,,,7864.0,False,17:50,ok,2026-08-31T12:04:35.249931+00:00,2026-08-31_1204IST
MAA,DEL,6E,IndiGo,inf,2026-10-15,45,economy,,,7864.0,False,18:15,ok,2026-08-31T12:04:35.249931+00:00,2026-08-31_1204IST
MAA,DEL,6E,IndiGo,inf,2026-10-15,45,economy,,,7864.0,False,18:20,ok,2026-08-31T12:04:35.249931+00:00,2026-08-31_1204IST
MAA,DEL,6E,IndiGo,inf,2026-10-15,45,economy,,,7864.0,False,21:25,ok,2026-08-31T12:04:35.249931+00:00,2026-08-31_1204IST
MAA,DEL,6E,IndiGo,inf,2026-10-15,45,economy,,,8074.0,False,02:30,ok,2026-08-31T12:04:35.249931+00:00,2026-08-31_1204IST
MAA,DEL,6E,IndiGo,inf,2026-10-15,45,business,,,35375.0,False,11:00,ok,2026-08-31T12:04:35.249931+00:00,2026-08-31_1204IST
MAA,DEL,6E,IndiGo,inf,2026-10-15,45,economy,,,8074.0,False,11:00,ok,2026-08-31T12:04:35.249931+00:00,2026-08-31_1204IST
MAA,DEL,6E,IndiGo,inf,2026-10-15,45,business,,,35375.0,False,12:45,ok,2026-08-31T12:04:35.249931+00:00,2026-08-31_1204IST
MAA,DEL,6E,IndiGo,inf,2026-10-15,45,economy,,,8074.0,False,12:45,ok,2026-08-31T12:04:35.249931+00:00,2026-08-31_1204IST
MAA,DEL,6E,IndiGo,inf,2026-10-15,45,economy,,,8237.0,False,13:10,ok,2026-08-31T12:04:35.249931+00:00,2026-08-31_1204IST
MAA,DEL,6E,IndiGo,inf,2026-10-15,45,business,,,28061.0,False,01:10,ok,2026-08-31T12:04:35.249931+00:00,2026-08-31_1204IST
MAA,DEL,6E,IndiGo,inf,2026-10-15,45,economy,,,8447.0,False,01:10,ok,2026-08-31T12:04:35.249931+00:00,2026-08-31_1204IST
MAA,DEL,6E,IndiGo,inf,2026-10-15,45,economy,,,8447.0,False,12:00,ok,2026-08-31T12:04:35.249931+00:00,2026-08-31_1204IST
MAA,DEL,6E,IndiGo,inf,2026-10-15,45,economy,,,8447.0,False,16:10,ok,2026-08-31T12:04:35.249931+00:00,2026-08-31_1204IST
MAA,DEL,6E,IndiGo,6e+193,2026-10-15,45,economy,,,8447.0,False,20:00,ok,2026-08-31T12:04:35.249931+00:00,2026-08-31_1204IST
MAA,DEL,6E,IndiGo,inf,2026-10-15,45,economy,,,8447.0,False,22:35,ok,2026-08-31T12:04:35.249931+00:00,2026-08-31_1204IST
MAA,DEL,6E,IndiGo,inf,2026-10-15,45,economy,,,8526.0,False,07:05,ok,2026-08-31T12:04:35.249931+00:00,2026-08-31_1204IST
MAA,DEL,6E,IndiGo,inf,2026-10-15,45,economy,,,8526.0,False,08:55,ok,2026-08-31T12:04:35.249931+00:00,2026-08-31_1204IST
MAA,DEL,6E,IndiGo,inf,2026-10-15,45,economy,,,8526.0,False,10:55,ok,2026-08-31T12:04:35.249931+00:00,2026-08-31_1204IST
MAA,DEL,6E,IndiGo,inf,2026-10-15,45,economy,,,8526.0,False,10:55,ok,2026-08-31T12:04:35.249931+00:00,2026-08-31_1204IST
MAA,DEL,6E,IndiGo,inf,2026-10-15,45,economy,,,8526.0,False,14:35,ok,2026-08-31T12:04:35.249931+00:00,2026-08-31_1204IST
MAA,DEL,6E,IndiGo,inf,2026-10-15,45,economy,,,8526.0,False,14:35,ok,2026-08-31T12:04:35.249931+00:00,2026-08-31_1204IST
MAA,DEL,6E,IndiGo,inf,2026-10-15,45,economy,,,8526.0,False,17:45,ok,2026-08-31T12:04:35.249931+00:00,2026-08-31_1204IST
MAA,DEL,6E,IndiGo,6e+189,2026-10-15,45,economy,,,8526.0,False,19:05,ok,2026-08-31T12:04:35.249931+00:00,2026-08-31_1204IST
MAA,DEL,6E,IndiGo,inf,2026-10-15,45,business,,,35375.0,False,05:00,ok,2026-08-31T12:04:35.249931+00:00,2026-08-31_1204IST
MAA,DEL,6E,IndiGo,inf,2026-10-15,45,economy,,,8657.0,False,05:00,ok,2026-08-31T12:04:35.249931+00:00,2026-08-31_1204IST
MAA,DEL,6E,IndiGo,inf,2026-10-15,45,business,,,35375.0,False,09:00,ok,2026-08-31T12:04:35.249931+00:00,2026-08-31_1204IST
MAA,DEL,6E,IndiGo,inf,2026-10-15,45,economy,,,8657.0,False,09:00,ok,2026-08-31T12:04:35.249931+00:00,2026-08-31_1204IST
MAA,DEL,6E,IndiGo,inf,2026-10-15,45,business,,,35375.0,False,09:00,ok,2026-08-31T12:04:35.249931+00:00,2026-08-31_1204IST
MAA,DEL,6E,IndiGo,inf,2026-10-15,45,economy,,,8657.0,False,09:00,ok,2026-08-31T12:04:35.249931+00:00,2026-08-31_1204IST
MAA,DEL,6E,IndiGo,inf,2026-10-15,45,business,,,35375.0,False,18:15,ok,2026-08-31T12:04:35.249931+00:00,2026-08-31_1204IST
MAA,DEL,6E,IndiGo,inf,2026-10-15,45,economy,,,8657.0,False,18:15,ok,2026-08-31T12:04:35.249931+00:00,2026-08-31_1204IST
MAA,DEL,6E,IndiGo,inf,2026-10-15,45,economy,,,9087.0,False,09:05,ok,2026-08-31T12:04:35.249931+00:00,2026-08-31_1204IST
MAA,DEL,6E,IndiGo,inf,2026-10-15,45,economy,,,9087.0,False,09:05,ok,2026-08-31T12:04:35.249931+00:00,2026-08-31_1204IST
MAA,DEL,6E,IndiGo,inf,2026-10-15,45,business,,,28061.0,False,22:20,ok,2026-08-31T12:04:35.249931+00:00,2026-08-31_1204IST
MAA,DEL,6E,IndiGo,inf,2026-10-15,45,economy,,,9087.0,False,22:20,ok,2026-08-31T12:04:35.249931+00:00,2026-08-31_1204IST
MAA,DEL,6E,IndiGo,inf,2026-10-15,45,economy,,,9166.0,False,06:15,ok,2026-08-31T12:04:35.249931+00:00,2026-08-31_1204IST
MAA,DEL,6E,IndiGo,inf,2026-10-15,45,economy,,,9166.0,False,20:00,ok,2026-08-31T12:04:35.249931+00:00,2026-08-31_1204IST
MAA,DEL,6E,IndiGo,inf,2026-10-15,45,economy,,,11417.0,False,08:10,ok,2026-08-31T12:04:35.249931+00:00,2026-08-31_1204IST
MAA,DEL,6E,IndiGo,inf,2026-10-15,45,economy,,,11496.0,False,07:05,ok,2026-08-31T12:04:35.249931+00:00,2026-08-31_1204IST
MAA,DEL,6E,IndiGo,inf,2026-10-15,45,economy,,,11496.0,False,16:15,ok,2026-08-31T12:04:35.249931+00:00,2026-08-31_1204IST
MAA,DEL,6E,IndiGo,inf,2026-10-15,45,business,,,38959.0,False,11:55,ok,2026-08-31T12:04:35.249931+00:00,2026-08-31_1204IST
MAA,DEL,6E,IndiGo,inf,2026-10-15,45,economy,,,14222.0,False,11:55,ok,2026-08-31T12:04:35.249931+00:00,2026-08-31_1204IST
MAA,DEL,6E,IndiGo,inf,2026-10-15,45,business,,,38723.0,False,17:40,ok,2026-08-31T12:04:35.249931+00:00,2026-08-31_1204IST
MAA,DEL,6E,IndiGo,inf,2026-10-15,45,economy,,,14443.0,False,17:40,ok,2026-08-31T12:04:35.249931+00:00,2026-08-31_1204IST
MAA,DEL,6E,IndiGo,inf,2026-10-15,45,economy,,,14591.0,False,22:00,ok,2026-08-31T12:04:35.249931+00:00,2026-08-31_1204IST
MAA,DEL,6E,IndiGo,inf,2026-10-15,45,economy,,,15966.0,False,17:00,ok,2026-08-31T12:04:35.249931+00:00,2026-08-31_1204IST
MAA,DEL,6E,IndiGo,inf,2026-10-15,45,economy,,,17123.0,False,11:25,ok,2026-08-31T12:04:35.249931+00:00,2026-08-31_1204IST
MAA,DEL,6E,IndiGo,inf,2026-10-15,45,business,,,38356.0,False,08:20,ok,2026-08-31T12:04:35.249931+00:00,2026-08-31_1204IST
MAA,DEL,6E,IndiGo,inf,2026-10-15,45,economy,,,28622.0,False,08:20,ok,2026-08-31T12:04:35.249931+00:00,2026-08-31_1204IST
MAA,DEL,6E,IndiGo,6e+264,2026-10-15,45,business,,,38356.0,False,23:20,ok,2026-08-31T12:04:35.249931+00:00,2026-08-31_1204IST
MAA,DEL,6E,IndiGo,6e+264,2026-10-15,45,economy,,,30977.0,False,23:20,ok,2026-08-31T12:04:35.249931+00:00,2026-08-31_1204IST
