origin,destination,carrier_code,carrier_name,flight_num,travel_date,advance_purchase_days,fare_class,base_fare,taxes_and_fees,total_fare,fare_split_estimated,departure_time,status,scraped_at,capture_run
DEL,BOM,6E,IndiGo,6E 6107,2026-09-01,1,business,,,28443.0,False,09:30,ok,2026-08-31T05:41:31.288284+00:00,2026-08-31_0541IST
DEL,BOM,6E,IndiGo,6E 6107,2026-09-01,1,economy,,,6305.0,False,09:30,ok,2026-08-31T05:41:31.288284+00:00,2026-08-31_0541IST
DEL,BOM,6E,IndiGo,6E 6328,2026-09-01,1,business,,,33500.0,False,10:15,ok,2026-08-31T05:41:31.288284+00:00,2026-08-31_0541IST
DEL,BOM,6E,IndiGo,6E 6328,2026-09-01,1,economy,,,6305.0,False,10:15,ok,2026-08-31T05:41:31.288284+00:00,2026-08-31_0541IST
DEL,BOM,6E,IndiGo,6E 6047,2026-09-01,1,business,,,24260.0,False,11:00,ok,2026-08-31T05:41:31.288284+00:00,2026-08-31_0541IST
DEL,BOM,6E,IndiGo,6E 6047,2026-09-01,1,economy,,,6305.0,False,11:00,ok,2026-08-31T05:41:31.288284+00:00,2026-08-31_0541IST
DEL,BOM,6E,IndiGo,6E 6676,2026-09-01,1,business,,,24260.0,False,12:00,ok,2026-08-31T05:41:31.288284+00:00,2026-08-31_0541IST
DEL,BOM,6E,IndiGo,6E 6676,2026-09-01,1,economy,,,6305.0,False,12:00,ok,2026-08-31T05:41:31.288284+00:00,2026-08-31_0541IST
DEL,BOM,6E,IndiGo,6E 324,2026-09-01,1,business,,,24260.0,False,13:00,ok,2026-08-31T05:41:31.288284+00:00,2026-08-31_0541IST
DEL,BOM,6E,IndiGo,6E 324,2026-09-01,1,economy,,,6305.0,False,13:00,ok,2026-08-31T05:41:31.288284+00:00,2026-08-31_0541IST
DEL,BOM,6E,IndiGo,6E 6022,2026-09-01,1,business,,,24260.0,False,14:00,ok,2026-08-31T05:41:31.288284+00:00,2026-08-31_0541IST
DEL,BOM,6E,IndiGo,6E 6022,2026-09-01,1,economy,,,6305.0,False,14:00,ok,2026-08-31T05:41:31.288284+00:00,2026-08-31_0541IST
DEL,BOM,6E,IndiGo,6E 6318,2026-09-01,1,business,,,24260.0,False,14:45,ok,2026-08-31T05:41:31.288284+00:00,2026-08-31_0541IST
DEL,BOM,6E,IndiGo,6E 6318,2026-09-01,1,economy,,,6305.0,False,14:45,ok,2026-08-31T05:41:31.288284+00:00,2026-08-31_0541IST
DEL,BOM,6E,IndiGo,6E 864,2026-09-01,1,business,,,24260.0,False,15:30,ok,2026-08-31T05:41:31.288284+00:00,2026-08-31_0541IST
DEL,BOM,6E,IndiGo,6E 864,2026-09-01,1,economy,,,6305.0,False,15:30,ok,2026-08-31T05:41:31.288284+00:00,2026-08-31_0541IST
DEL,BOM,6E,IndiGo,6E 327,2026-09-01,1,business,,,24260.0,False,16:15,ok,2026-08-31T05:41:31.288284+00:00,2026-08-31_0541IST
DEL,BOM,6E,IndiGo,6E 327,2026-09-01,1,economy,,,6305.0,False,16:15,ok,2026-08-31T05:41:31.288284+00:00,2026-08-31_0541IST
DEL,BOM,6E,IndiGo,6E 6114,2026-09-01,1,business,,,24260.0,False,22:45,ok,2026-08-31T05:41:31.288284+00:00,2026-08-31_0541IST
DEL,BOM,6E,IndiGo,6E 6114,2026-09-01,1,economy,,,6305.0,False,22:45,ok,2026-08-31T05:41:31.288284+00:00,2026-08-31_0541IST
DEL,BOM,6E,IndiGo,6E 322,2026-09-01,1,business,,,24260.0,False,23:30,ok,2026-08-31T05:41:31.288284+00:00,2026-08-31_0541IST
DEL,BOM,6E,IndiGo,6E 322,2026-09-01,1,economy,,,6305.0,False,23:30,ok,2026-08-31T05:41:31.288284+00:00,2026-08-31_0541IST
DEL,BOM,6E,IndiGo,6E 6706,2026-09-01,1,business,,,28443.0,False,17:00,ok,2026-08-31T05:41:31.288284+00:00,2026-08-31_0541IST
DEL,BOM,6E,IndiGo,6E 6706,2026-09-01,1,economy,,,6357.0,False,17:00,ok,2026-08-31T05:41:31.288284+00:00,2026-08-31_0541IST
DEL,BOM,6E,IndiGo,6E 354,2026-09-01,1,business,,,33500.0,False,19:00,ok,2026-08-31T05:41:31.288284+00:00,2026-08-31_0541IST
DEL,BOM,6E,IndiGo,6E 354,2026-09-01,1,economy,,,6357.0,False,19:00,ok,2026-08-31T05:41:31.288284+00:00,2026-08-31_0541IST
DEL,BOM,6E,IndiGo,6E 395,2026-09-01,1,business,,,24260.0,False,21:45,ok,2026-08-31T05:41:31.288284+00:00,2026-08-31_0541IST
DEL,BOM,6E,IndiGo,6E 395,2026-09-01,1,economy,,,6357.0,False,21:45,ok,2026-08-31T05:41:31.288284+00:00,2026-08-31_0541IST
DEL,BOM,6E,IndiGo,6E 6218,2026-09-01,1,business,,,24260.0,False,06:05,ok,2026-08-31T05:41:31.288284+00:00,2026-08-31_0541IST
DEL,BOM,6E,IndiGo,6E 6218,2026-09-01,1,economy,,,6431.0,False,06:05,ok,2026-08-31T05:41:31.288284+00:00,2026-08-31_0541IST
DEL,BOM,6E,IndiGo,6E 320,2026-09-01,1,business,,,28443.0,False,08:00,ok,2026-08-31T05:41:31.288284+00:00,2026-08-31_0541IST
DEL,BOM,6E,IndiGo,6E 320,2026-09-01,1,economy,,,6431.0,False,08:00,ok,2026-08-31T05:41:31.288284+00:00,2026-08-31_0541IST
DEL,BOM,6E,IndiGo,6E 675,2026-09-01,1,business,,,33500.0,False,08:45,ok,2026-08-31T05:41:31.288284+00:00,2026-08-31_0541IST
DEL,BOM,6E,IndiGo,6E 675,2026-09-01,1,economy,,,6431.0,False,08:45,ok,2026-08-31T05:41:31.288284+00:00,2026-08-31_0541IST
DEL,BOM,6E,IndiGo,6E 329,2026-09-01,1,business,,,33500.0,False,18:00,ok,2026-08-31T05:41:31.288284+00:00,2026-08-31_0541IST
DEL,BOM,6E,IndiGo,6E 329,2026-09-01,1,economy,,,6431.0,False,18:00,ok,2026-08-31T05:41:31.288284+00:00,2026-08-31_0541IST
DEL,BOM,6E,IndiGo,6E 449,2026-09-01,1,business,,,24260.0,False,05:00,ok,2026-08-31T05:41:31.288284+00:00,2026-08-31_0541IST
DEL,BOM,6E,IndiGo,6E 449,2026-09-01,1,economy,,,6688.0,False,05:00,ok,2026-08-31T05:41:31.288284+00:00,2026-08-31_0541IST
DEL,BOM,6E,IndiGo,6E 6814,2026-09-01,1,business,,,28443.0,False,07:15,ok,2026-08-31T05:41:31.288284+00:00,2026-08-31_0541IST
DEL,BOM,6E,IndiGo,6E 6814,2026-09-01,1,economy,,,7003.0,False,07:15,ok,2026-08-31T05:41:31.288284+00:00,2026-08-31_0541IST
DEL,BOM,6E,IndiGo,6E 303,2026-09-01,1,economy,,,7685.0,False,20:00,ok,2026-08-31T05:41:31.288284+00:00,2026-08-31_0541IST
DEL,BOM,6E,IndiGo,6E 6433,2026-09-01,1,economy,,,6310.0,False,16:30,ok,2026-08-31T05:41:31.288284+00:00,2026-08-31_0541IST
DEL,BOM,6E,IndiGo,6E 6050,2026-09-01,1,economy,,,6389.0,False,08:15,ok,2026-08-31T05:41:31.288284+00:00,2026-08-31_0541IST
DEL,BOM,6E,IndiGo,6E 5298,2026-09-01,1,economy,,,6389.0,False,09:00,ok,2026-08-31T05:41:31.288284+00:00,2026-08-31_0541IST
DEL,BOM,6E,IndiGo,6E 5206,2026-09-01,1,economy,,,6389.0,False,13:20,ok,2026-08-31T05:41:31.288284+00:00,2026-08-31_0541IST
DEL,BOM,6E,IndiGo,6E 2151,2026-09-01,1,economy,,,6389.0,False,19:45,ok,2026-08-31T05:41:31.288284+00:00,2026-08-31_0541IST
DEL,BOM,6E,IndiGo,6E 6479,2026-09-01,1,economy,,,6389.0,False,21:25,ok,2026-08-31T05:41:31.288284+00:00,2026-08-31_0541IST
DEL,BOM,6E,IndiGo,6E 6282,2026-09-01,1,business,,,36166.0,False,13:30,ok,2026-08-31T05:41:31.288284+00:00,2026-08-31_0541IST
DEL,BOM,6E,IndiGo,6E 6282,2026-09-01,1,economy,,,6520.0,False,13:30,ok,2026-08-31T05:41:31.288284+00:00,2026-08-31_0541IST
DEL,BOM,6E,IndiGo,6E 6497,2026-09-01,1,economy,,,6520.0,False,18:40,ok,2026-08-31T05:41:31.288284+00:00,2026-08-31_0541IST
DEL,BOM,6E,IndiGo,6E 6601,2026-09-01,1,business,,,36166.0,False,19:45,ok,2026-08-31T05:41:31.288284+00:00,2026-08-31_0541IST
DEL,BOM,6E,IndiGo,6E 6601,2026-09-01,1,economy,,,6520.0,False,19:45,ok,2026-08-31T05:41:31.288284+00:00,2026-08-31_0541IST
DEL,BOM,6E,IndiGo,6E 882,2026-09-01,1,economy,,,6520.0,False,23:15,ok,2026-08-31T05:41:31.288284+00:00,2026-08-31_0541IST
DEL,BOM,6E,IndiGo,6E 2169,2026-09-01,1,economy,,,6791.0,False,19:40,ok,2026-08-31T05:41:31.288284+00:00,2026-08-31_0541IST
DEL,BOM,6E,IndiGo,6E 6010,2026-09-01,1,economy,,,6835.0,False,11:20,ok,2026-08-31T05:41:31.288284+00:00,2026-08-31_0541IST
DEL,BOM,6E,IndiGo,6E 357,2026-09-01,1,economy,,,7079.0,False,19:30,ok,2026-08-31T05:41:31.288284+00:00,2026-08-31_0541IST
DEL,BOM,6E,IndiGo,6E 5014,2026-09-01,1,economy,,,7187.0,False,18:30,ok,2026-08-31T05:41:31.288284+00:00,2026-08-31_0541IST
DEL,BOM,6E,IndiGo,6E 6829,2026-09-01,1,economy,,,7318.0,False,17:20,ok,2026-08-31T05:41:31.288284+00:00,2026-08-31_0541IST
DEL,BOM,6E,IndiGo,6E 5038,2026-09-01,1,economy,,,7397.0,False,14:00,ok,2026-08-31T05:41:31.288284+00:00,2026-08-31_0541IST
DEL,BOM,6E,IndiGo,6E 6443,2026-09-01,1,economy,,,7898.0,False,09:00,ok,2026-08-31T05:41:31.288284+00:00,2026-08-31_0541IST
DEL,BOM,6E,IndiGo,6E 6282,2026-09-01,1,business,,,38630.0,False,13:30,ok,2026-08-31T05:41:31.288284+00:00,2026-08-31_0541IST
DEL,BOM,6E,IndiGo,6E 6282,2026-09-01,1,economy,,,8746.0,False,13:30,ok,2026-08-31T05:41:31.288284+00:00,2026-08-31_0541IST
DEL,BOM,6E,IndiGo,6E 358,2026-09-01,1,economy,,,8825.0,False,12:15,ok,2026-08-31T05:41:31.288284+00:00,2026-08-31_0541IST
DEL,BOM,6E,IndiGo,6E 6171,2026-09-01,1,economy,,,9106.0,False,05:40,ok,2026-08-31T05:41:31.288284+00:00,2026-08-31_0541IST
DEL,BOM,6E,IndiGo,6E 2298,2026-09-01,1,economy,,,9106.0,False,09:45,ok,2026-08-31T05:41:31.288284+00:00,2026-08-31_0541IST
DEL,BOM,6E,IndiGo,6E 758,2026-09-01,1,economy,,,9316.0,False,16:30,ok,2026-08-31T05:41:31.288284+00:00,2026-08-31_0541IST
DEL,BOM,6E,IndiGo,6E 6983,2026-09-01,1,economy,,,9877.0,False,15:35,ok,2026-08-31T05:41:31.288284+00:00,2026-08-31_0541IST
DEL,BOM,6E,IndiGo,6E 6476,2026-09-01,1,economy,,,10886.0,False,07:05,ok,2026-08-31T05:41:31.288284+00:00,2026-08-31_0541IST
DEL,BOM,6E,IndiGo,6E 6293,2026-09-01,1,business,,,36166.0,False,09:55,ok,2026-08-31T05:41:31.288284+00:00,2026-08-31_0541IST
DEL,BOM,6E,IndiGo,6E 6293,2026-09-01,1,economy,,,11585.0,False,09:55,ok,2026-08-31T05:41:31.288284+00:00,2026-08-31_0541IST
DEL,BOM,6E,IndiGo,6E 6829,2026-09-01,1,economy,,,11928.0,False,17:20,ok,2026-08-31T05:41:31.288284+00:00,2026-08-31_0541IST
DEL,BOM,6E,IndiGo,6E 2381,2026-09-01,1,economy,,,11998.0,False,13:45,ok,2026-08-31T05:41:31.288284+00:00,2026-08-31_0541IST
DEL,BOM,6E,IndiGo,6E 704,2026-09-01,1,business,,,40956.0,False,02:25,ok,2026-08-31T05:41:31.288284+00:00,2026-08-31_0541IST
DEL,BOM,6E,IndiGo,6E 704,2026-09-01,1,economy,,,12503.0,False,02:25,ok,2026-08-31T05:41:31.288284+00:00,2026-08-31_0541IST
DEL,BOM,6E,IndiGo,6E 6488,2026-09-01,1,economy,,,13469.0,False,11:20,ok,2026-08-31T05:41:31.288284+00:00,2026-08-31_0541IST
DEL,BOM,6E,IndiGo,6E 6261,2026-09-01,1,economy,,,14871.0,False,00:15,ok,2026-08-31T05:41:31.288284+00:00,2026-08-31_0541IST
DEL,BOM,6E,IndiGo,6E 2349,2026-09-01,1,economy,,,14940.0,False,10:55,ok,2026-08-31T05:41:31.288284+00:00,2026-08-31_0541IST
DEL,BOM,6E,IndiGo,6E 5138,2026-09-01,1,economy,,,16317.0,False,19:10,ok,2026-08-31T05:41:31.288284+00:00,2026-08-31_0541IST
DEL,BOM,6E,IndiGo,6E 5033,2026-09-01,1,economy,,,17210.0,False,15:50,ok,2026-08-31T05:41:31.288284+00:00,2026-08-31_0541IST
DEL,BOM,6E,IndiGo,6E 705,2026-09-01,1,business,,,36166.0,False,08:30,ok,2026-08-31T05:41:31.288284+00:00,2026-08-31_0541IST
DEL,BOM,6E,IndiGo,6E 705,2026-09-01,1,economy,,,17265.0,False,08:30,ok,2026-08-31T05:41:31.288284+00:00,2026-08-31_0541IST
DEL,BOM,6E,IndiGo,6E 931,2026-09-01,1,economy,,,17858.0,False,19:35,ok,2026-08-31T05:41:31.288284+00:00,2026-08-31_0541IST
DEL,BOM,6E,IndiGo,6E 2013,2026-09-01,1,economy,,,17900.0,False,21:50,ok,2026-08-31T05:41:31.288284+00:00,2026-08-31_0541IST
DEL,BOM,6E,IndiGo,6E 2249,2026-09-01,1,economy,,,18031.0,False,15:00,ok,2026-08-31T05:41:31.288284+00:00,2026-08-31_0541IST
DEL,BOM,6E,IndiGo,6E 5073,2026-09-01,1,economy,,,19543.0,False,17:05,ok,2026-08-31T05:41:31.288284+00:00,2026-08-31_0541IST
DEL,BOM,6E,IndiGo,6E 2331,2026-09-01,1,economy,,,19903.0,False,12:20,ok,2026-08-31T05:41:31.288284+00:00,2026-08-31_0541IST
DEL,BOM,6E,IndiGo,6E 2341,2026-09-01,1,economy,,,20342.0,False,14:50,ok,2026-08-31T05:41:31.288284+00:00,2026-08-31_0541IST
DEL,BOM,6E,IndiGo,6E 5073,2026-09-01,1,economy,,,20342.0,False,17:05,ok,2026-08-31T05:41:31.288284+00:00,2026-08-31_0541IST
DEL,BOM,6E,IndiGo,6E 704,2026-09-01,1,business,,,38630.0,False,02:25,ok,2026-08-31T05:41:31.288284+00:00,2026-08-31_0541IST
DEL,BOM,6E,IndiGo,6E 704,2026-09-01,1,economy,,,20784.0,False,02:25,ok,2026-08-31T05:41:31.288284+00:00,2026-08-31_0541IST
DEL,BOM,6E,IndiGo,6E 5119,2026-09-01,1,economy,,,22578.0,False,05:10,ok,2026-08-31T05:41:31.288284+00:00,2026-08-31_0541IST
DEL,BOM,6E,IndiGo,6E 5119,2026-09-01,1,economy,,,22578.0,False,05:10,ok,2026-08-31T05:41:31.288284+00:00,2026-08-31_0541IST
DEL,BOM,6E,IndiGo,6E 2076,2026-09-01,1,economy,,,26872.0,False,07:30,ok,2026-08-31T05:41:31.288284+00:00,2026-08-31_0541IST
DEL,BLR,6E,IndiGo,6E 880,2026-09-01,1,business,,,29794.0,False,15:45,ok,2026-08-31T05:42:26.965384+00:00,2026-08-31_0542IST
DEL,BLR,6E,IndiGo,6E 880,2026-09-01,1,economy,,,12381.0,False,15:45,ok,2026-08-31T05:42:26.965384+00:00,2026-08-31_0542IST
DEL,BLR,6E,IndiGo,6E 828,2026-09-01,1,business,,,29794.0,False,14:30,ok,2026-08-31T05:42:26.965384+00:00,2026-08-31_0542IST
DEL,BLR,6E,IndiGo,6E 828,2026-09-01,1,economy,,,13077.0,False,14:30,ok,2026-08-31T05:42:26.965384+00:00,2026-08-31_0542IST
DEL,BLR,6E,IndiGo,6E 811,2026-09-01,1,business,,,31080.0,False,18:20,ok,2026-08-31T05:42:26.965384+00:00,2026-08-31_0542IST
DEL,BLR,6E,IndiGo,6E 811,2026-09-01,1,economy,,,13077.0,False,18:20,ok,2026-08-31T05:42:26.965384+00:00,2026-08-31_0542IST
DEL,BLR,6E,IndiGo,6E 6515,2026-09-01,1,business,,,29794.0,False,20:45,ok,2026-08-31T05:42:26.965384+00:00,2026-08-31_0542IST
DEL,BLR,6E,IndiGo,6E 6515,2026-09-01,1,economy,,,13077.0,False,20:45,ok,2026-08-31T05:42:26.965384+00:00,2026-08-31_0542IST
DEL,BLR,6E,IndiGo,6E 871,2026-09-01,1,business,,,29794.0,False,23:30,ok,2026-08-31T05:42:26.965384+00:00,2026-08-31_0542IST
DEL,BLR,6E,IndiGo,6E 871,2026-09-01,1,economy,,,13077.0,False,23:30,ok,2026-08-31T05:42:26.965384+00:00,2026-08-31_0542IST
DEL,BLR,6E,IndiGo,6E 861,2026-09-01,1,business,,,29794.0,False,19:30,ok,2026-08-31T05:42:26.965384+00:00,2026-08-31_0542IST
DEL,BLR,6E,IndiGo,6E 861,2026-09-01,1,economy,,,13816.0,False,19:30,ok,2026-08-31T05:42:26.965384+00:00,2026-08-31_0542IST
DEL,BLR,6E,IndiGo,6E 873,2026-09-01,1,business,,,29794.0,False,08:20,ok,2026-08-31T05:42:26.965384+00:00,2026-08-31_0542IST
DEL,BLR,6E,IndiGo,6E 873,2026-09-01,1,economy,,,14602.0,False,08:20,ok,2026-08-31T05:42:26.965384+00:00,2026-08-31_0542IST
DEL,BLR,6E,IndiGo,6E 850,2026-09-01,1,business,,,29794.0,False,12:20,ok,2026-08-31T05:42:26.965384+00:00,2026-08-31_0542IST
DEL,BLR,6E,IndiGo,6E 850,2026-09-01,1,economy,,,14602.0,False,12:20,ok,2026-08-31T05:42:26.965384+00:00,2026-08-31_0542IST
DEL,BLR,6E,IndiGo,6E 826,2026-09-01,1,business,,,29794.0,False,09:30,ok,2026-08-31T05:42:26.965384+00:00,2026-08-31_0542IST
DEL,BLR,6E,IndiGo,6E 826,2026-09-01,1,economy,,,15437.0,False,09:30,ok,2026-08-31T05:42:26.965384+00:00,2026-08-31_0542IST
DEL,BLR,6E,IndiGo,6E 842,2026-09-01,1,business,,,29794.0,False,10:45,ok,2026-08-31T05:42:26.965384+00:00,2026-08-31_0542IST
DEL,BLR,6E,IndiGo,6E 842,2026-09-01,1,economy,,,15437.0,False,10:45,ok,2026-08-31T05:42:26.965384+00:00,2026-08-31_0542IST
DEL,BLR,6E,IndiGo,6E 846,2026-09-01,1,business,,,29794.0,False,22:00,ok,2026-08-31T05:42:26.965384+00:00,2026-08-31_0542IST
DEL,BLR,6E,IndiGo,6E 846,2026-09-01,1,economy,,,15437.0,False,22:00,ok,2026-08-31T05:42:26.965384+00:00,2026-08-31_0542IST
DEL,BLR,6E,IndiGo,6E 837,2026-09-01,1,business,,,31080.0,False,17:00,ok,2026-08-31T05:42:26.965384+00:00,2026-08-31_0542IST
DEL,BLR,6E,IndiGo,6E 837,2026-09-01,1,economy,,,16323.0,False,17:00,ok,2026-08-31T05:42:26.965384+00:00,2026-08-31_0542IST
DEL,BLR,6E,IndiGo,6E 2314,2026-09-01,1,business,,,29794.0,False,05:45,ok,2026-08-31T05:42:26.965384+00:00,2026-08-31_0542IST
DEL,BLR,6E,IndiGo,6E 810,2026-09-01,1,business,,,29794.0,False,07:05,ok,2026-08-31T05:42:26.965384+00:00,2026-08-31_0542IST
DEL,BLR,6E,IndiGo,6E 6459,2026-09-01,1,economy,,,10209.0,False,05:55,ok,2026-08-31T05:42:26.965384+00:00,2026-08-31_0542IST
DEL,BLR,6E,IndiGo,6E 6022,2026-09-01,1,business,,,40388.0,False,14:00,ok,2026-08-31T05:42:26.965384+00:00,2026-08-31_0542IST
DEL,BLR,6E,IndiGo,6E 6022,2026-09-01,1,economy,,,10209.0,False,14:00,ok,2026-08-31T05:42:26.965384+00:00,2026-08-31_0542IST
DEL,BLR,6E,IndiGo,6E 931,2026-09-01,1,economy,,,10209.0,False,19:35,ok,2026-08-31T05:42:26.965384+00:00,2026-08-31_0542IST
DEL,BLR,6E,IndiGo,6E 6673,2026-09-01,1,economy,,,10209.0,False,21:15,ok,2026-08-31T05:42:26.965384+00:00,2026-08-31_0542IST
DEL,BLR,6E,IndiGo,6E 2618,2026-09-01,1,business,,,26851.0,False,23:00,ok,2026-08-31T05:42:26.965384+00:00,2026-08-31_0542IST
DEL,BLR,6E,IndiGo,6E 2618,2026-09-01,1,economy,,,10209.0,False,23:00,ok,2026-08-31T05:42:26.965384+00:00,2026-08-31_0542IST
DEL,BLR,6E,IndiGo,6E 940,2026-09-01,1,economy,,,10287.0,False,09:15,ok,2026-08-31T05:42:26.965384+00:00,2026-08-31_0542IST
DEL,BLR,6E,IndiGo,6E 434,2026-09-01,1,economy,,,10287.0,False,11:00,ok,2026-08-31T05:42:26.965384+00:00,2026-08-31_0542IST
DEL,BLR,6E,IndiGo,6E 358,2026-09-01,1,economy,,,10287.0,False,12:15,ok,2026-08-31T05:42:26.965384+00:00,2026-08-31_0542IST
DEL,BLR,6E,IndiGo,6E 6115,2026-09-01,1,economy,,,10287.0,False,13:10,ok,2026-08-31T05:42:26.965384+00:00,2026-08-31_0542IST
DEL,BLR,6E,IndiGo,6E 2151,2026-09-01,1,economy,,,10287.0,False,19:45,ok,2026-08-31T05:42:26.965384+00:00,2026-08-31_0542IST
DEL,BLR,6E,IndiGo,6E 6497,2026-09-01,1,economy,,,10419.0,False,18:40,ok,2026-08-31T05:42:26.965384+00:00,2026-08-31_0542IST
DEL,BLR,6E,IndiGo,6E 5191,2026-09-01,1,business,,,37800.0,False,05:00,ok,2026-08-31T05:42:26.965384+00:00,2026-08-31_0542IST
DEL,BLR,6E,IndiGo,6E 5191,2026-09-01,1,economy,,,10629.0,False,05:00,ok,2026-08-31T05:42:26.965384+00:00,2026-08-31_0542IST
DEL,BLR,6E,IndiGo,6E 5119,2026-09-01,1,economy,,,10990.0,False,05:10,ok,2026-08-31T05:42:26.965384+00:00,2026-08-31_0542IST
DEL,BLR,6E,IndiGo,6E 6047,2026-09-01,1,business,,,40388.0,False,11:00,ok,2026-08-31T05:42:26.965384+00:00,2026-08-31_0542IST
DEL,BLR,6E,IndiGo,6E 6047,2026-09-01,1,economy,,,11266.0,False,11:00,ok,2026-08-31T05:42:26.965384+00:00,2026-08-31_0542IST
DEL,BLR,6E,IndiGo,6E 513,2026-09-01,1,business,,,38390.0,False,08:30,ok,2026-08-31T05:42:26.965384+00:00,2026-08-31_0542IST
DEL,BLR,6E,IndiGo,6E 513,2026-09-01,1,economy,,,11410.0,False,08:30,ok,2026-08-31T05:42:26.965384+00:00,2026-08-31_0542IST
DEL,BLR,6E,IndiGo,6E 6433,2026-09-01,1,economy,,,11631.0,False,16:30,ok,2026-08-31T05:42:26.965384+00:00,2026-08-31_0542IST
DEL,BLR,6E,IndiGo,6E 758,2026-09-01,1,economy,,,11710.0,False,16:30,ok,2026-08-31T05:42:26.965384+00:00,2026-08-31_0542IST
DEL,BLR,6E,IndiGo,6E 2319,2026-09-01,1,economy,,,11920.0,False,09:55,ok,2026-08-31T05:42:26.965384+00:00,2026-08-31_0542IST
DEL,BLR,6E,IndiGo,6E 2771,2026-09-01,1,economy,,,12261.0,False,10:35,ok,2026-08-31T05:42:26.965384+00:00,2026-08-31_0542IST
DEL,BLR,6E,IndiGo,6E 320,2026-09-01,1,business,,,43987.0,False,08:00,ok,2026-08-31T05:42:26.965384+00:00,2026-08-31_0542IST
DEL,BLR,6E,IndiGo,6E 320,2026-09-01,1,economy,,,12597.0,False,08:00,ok,2026-08-31T05:42:26.965384+00:00,2026-08-31_0542IST
DEL,BLR,6E,IndiGo,6E 329,2026-09-01,1,business,,,47763.0,False,18:00,ok,2026-08-31T05:42:26.965384+00:00,2026-08-31_0542IST
DEL,BLR,6E,IndiGo,6E 329,2026-09-01,1,economy,,,12597.0,False,18:00,ok,2026-08-31T05:42:26.965384+00:00,2026-08-31_0542IST
DEL,BLR,6E,IndiGo,6E 6437,2026-09-01,1,business,,,28909.0,False,16:25,ok,2026-08-31T05:42:26.965384+00:00,2026-08-31_0542IST
DEL,BLR,6E,IndiGo,6E 6437,2026-09-01,1,economy,,,13610.0,False,16:25,ok,2026-08-31T05:42:26.965384+00:00,2026-08-31_0542IST
DEL,BLR,6E,IndiGo,6E 5038,2026-09-01,1,economy,,,13864.0,False,14:00,ok,2026-08-31T05:42:26.965384+00:00,2026-08-31_0542IST
DEL,BLR,6E,IndiGo,6E 6470,2026-09-01,1,economy,,,14421.0,False,06:55,ok,2026-08-31T05:42:26.965384+00:00,2026-08-31_0542IST
DEL,BLR,6E,IndiGo,6E 6217,2026-09-01,1,economy,,,14518.0,False,16:15,ok,2026-08-31T05:42:26.965384+00:00,2026-08-31_0542IST
DEL,BLR,6E,IndiGo,6E 717,2026-09-01,1,economy,,,14518.0,False,17:55,ok,2026-08-31T05:42:26.965384+00:00,2026-08-31_0542IST
DEL,BLR,6E,IndiGo,6E 6632,2026-09-01,1,economy,,,14970.0,False,17:50,ok,2026-08-31T05:42:26.965384+00:00,2026-08-31_0542IST
DEL,BLR,6E,IndiGo,6E 6217,2026-09-01,1,economy,,,15268.0,False,16:15,ok,2026-08-31T05:42:26.965384+00:00,2026-08-31_0542IST
DEL,BLR,6E,IndiGo,6E 947,2026-09-01,1,economy,,,15276.0,False,16:40,ok,2026-08-31T05:42:26.965384+00:00,2026-08-31_0542IST
DEL,BLR,6E,IndiGo,6E 6706,2026-09-01,1,business,,,43987.0,False,17:00,ok,2026-08-31T05:42:26.965384+00:00,2026-08-31_0542IST
DEL,BLR,6E,IndiGo,6E 6706,2026-09-01,1,economy,,,15378.0,False,17:00,ok,2026-08-31T05:42:26.965384+00:00,2026-08-31_0542IST
DEL,BLR,6E,IndiGo,6E 2557,2026-09-01,1,economy,,,15551.0,False,15:20,ok,2026-08-31T05:42:26.965384+00:00,2026-08-31_0542IST
DEL,BLR,6E,IndiGo,6E 329,2026-09-01,1,business,,,47763.0,False,18:00,ok,2026-08-31T05:42:26.965384+00:00,2026-08-31_0542IST
DEL,BLR,6E,IndiGo,6E 329,2026-09-01,1,economy,,,15747.0,False,18:00,ok,2026-08-31T05:42:26.965384+00:00,2026-08-31_0542IST
DEL,BLR,6E,IndiGo,6E 884,2026-09-01,1,economy,,,16093.0,False,11:45,ok,2026-08-31T05:42:26.965384+00:00,2026-08-31_0542IST
DEL,BLR,6E,IndiGo,6E 6282,2026-09-01,1,economy,,,16093.0,False,13:30,ok,2026-08-31T05:42:26.965384+00:00,2026-08-31_0542IST
DEL,BLR,6E,IndiGo,6E 950,2026-09-01,1,economy,,,16176.0,False,18:15,ok,2026-08-31T05:42:26.965384+00:00,2026-08-31_0542IST
DEL,BLR,6E,IndiGo,6E 6476,2026-09-01,1,economy,,,16467.0,False,07:05,ok,2026-08-31T05:42:26.965384+00:00,2026-08-31_0542IST
DEL,BLR,6E,IndiGo,6E 6091,2026-09-01,1,economy,,,16744.0,False,15:15,ok,2026-08-31T05:42:26.965384+00:00,2026-08-31_0542IST
DEL,BLR,6E,IndiGo,6E 6293,2026-09-01,1,economy,,,17995.0,False,09:55,ok,2026-08-31T05:42:26.965384+00:00,2026-08-31_0542IST
DEL,BLR,6E,IndiGo,6E 2277,2026-09-01,1,economy,,,18927.0,False,10:25,ok,2026-08-31T05:42:26.965384+00:00,2026-08-31_0542IST
DEL,BLR,6E,IndiGo,6E 5033,2026-09-01,1,economy,,,19414.0,False,15:50,ok,2026-08-31T05:42:26.965384+00:00,2026-08-31_0542IST
DEL,BLR,6E,IndiGo,6E 5073,2026-09-01,1,economy,,,19706.0,False,17:05,ok,2026-08-31T05:42:26.965384+00:00,2026-08-31_0542IST
DEL,BLR,6E,IndiGo,6E 6829,2026-09-01,1,economy,,,19932.0,False,17:20,ok,2026-08-31T05:42:26.965384+00:00,2026-08-31_0542IST
DEL,BLR,6E,IndiGo,6E 6488,2026-09-01,1,economy,,,20813.0,False,11:20,ok,2026-08-31T05:42:26.965384+00:00,2026-08-31_0542IST
DEL,BLR,6E,IndiGo,6E 5001,2026-09-01,1,economy,,,21997.0,False,17:10,ok,2026-08-31T05:42:26.965384+00:00,2026-08-31_0542IST
DEL,BLR,6E,IndiGo,6E 2343,2026-09-01,1,business,,,44140.0,False,02:20,ok,2026-08-31T05:42:26.965384+00:00,2026-08-31_0542IST
DEL,BLR,6E,IndiGo,6E 2343,2026-09-01,1,economy,,,26124.0,False,02:20,ok,2026-08-31T05:42:26.965384+00:00,2026-08-31_0542IST
DEL,BLR,6E,IndiGo,6E 820,2026-09-01,1,,,,,False,03:00,sold_out,2026-08-31T05:42:26.965384+00:00,2026-08-31_0542IST
BOM,BLR,6E,IndiGo,6E 5382,2026-09-01,1,business,,,22340.0,False,14:30,ok,2026-08-31T05:43:32.157328+00:00,2026-08-31_0543IST
BOM,BLR,6E,IndiGo,6E 5382,2026-09-01,1,economy,,,6599.0,False,14:30,ok,2026-08-31T05:43:32.157328+00:00,2026-08-31_0543IST
BOM,BLR,6E,IndiGo,6E 5071,2026-09-01,1,business,,,22340.0,False,15:35,ok,2026-08-31T05:43:32.157328+00:00,2026-08-31_0543IST
BOM,BLR,6E,IndiGo,6E 5071,2026-09-01,1,economy,,,6599.0,False,15:35,ok,2026-08-31T05:43:32.157328+00:00,2026-08-31_0543IST
BOM,BLR,6E,IndiGo,6E 5184,2026-09-01,1,business,,,22340.0,False,12:30,ok,2026-08-31T05:43:32.157328+00:00,2026-08-31_0543IST
BOM,BLR,6E,IndiGo,6E 5184,2026-09-01,1,economy,,,6914.0,False,12:30,ok,2026-08-31T05:43:32.157328+00:00,2026-08-31_0543IST
BOM,BLR,6E,IndiGo,6E 5388,2026-09-01,1,business,,,22340.0,False,22:20,ok,2026-08-31T05:43:32.157328+00:00,2026-08-31_0543IST
BOM,BLR,6E,IndiGo,6E 5388,2026-09-01,1,economy,,,6914.0,False,22:20,ok,2026-08-31T05:43:32.157328+00:00,2026-08-31_0543IST
BOM,BLR,6E,IndiGo,6E 5323,2026-09-01,1,business,,,22340.0,False,01:10,ok,2026-08-31T05:43:32.157328+00:00,2026-08-31_0543IST
BOM,BLR,6E,IndiGo,6E 5323,2026-09-01,1,economy,,,6938.0,False,01:10,ok,2026-08-31T05:43:32.157328+00:00,2026-08-31_0543IST
BOM,BLR,6E,IndiGo,6E 5217,2026-09-01,1,business,,,22340.0,False,11:00,ok,2026-08-31T05:43:32.157328+00:00,2026-08-31_0543IST
BOM,BLR,6E,IndiGo,6E 5217,2026-09-01,1,economy,,,7229.0,False,11:00,ok,2026-08-31T05:43:32.157328+00:00,2026-08-31_0543IST
BOM,BLR,6E,IndiGo,6E 5047,2026-09-01,1,business,,,22340.0,False,18:30,ok,2026-08-31T05:43:32.157328+00:00,2026-08-31_0543IST
BOM,BLR,6E,IndiGo,6E 5047,2026-09-01,1,economy,,,7229.0,False,18:30,ok,2026-08-31T05:43:32.157328+00:00,2026-08-31_0543IST
BOM,BLR,6E,IndiGo,6E 5092,2026-09-01,1,business,,,22340.0,False,09:50,ok,2026-08-31T05:43:32.157328+00:00,2026-08-31_0543IST
BOM,BLR,6E,IndiGo,6E 5092,2026-09-01,1,economy,,,7649.0,False,09:50,ok,2026-08-31T05:43:32.157328+00:00,2026-08-31_0543IST
BOM,BLR,6E,IndiGo,6E 5294,2026-09-01,1,business,,,22340.0,False,04:30,ok,2026-08-31T05:43:32.157328+00:00,2026-08-31_0543IST
BOM,BLR,6E,IndiGo,6E 5294,2026-09-01,1,economy,,,8093.0,False,04:30,ok,2026-08-31T05:43:32.157328+00:00,2026-08-31_0543IST
BOM,BLR,6E,IndiGo,6E 5221,2026-09-01,1,business,,,22340.0,False,17:00,ok,2026-08-31T05:43:32.157328+00:00,2026-08-31_0543IST
BOM,BLR,6E,IndiGo,6E 5221,2026-09-01,1,economy,,,8594.0,False,17:00,ok,2026-08-31T05:43:32.157328+00:00,2026-08-31_0543IST
BOM,BLR,6E,IndiGo,6E 6188,2026-09-01,1,business,,,22340.0,False,21:30,ok,2026-08-31T05:43:32.157328+00:00,2026-08-31_0543IST
BOM,BLR,6E,IndiGo,6E 6188,2026-09-01,1,economy,,,9119.0,False,21:30,ok,2026-08-31T05:43:32.157328+00:00,2026-08-31_0543IST
BOM,BLR,6E,IndiGo,6E 5296,2026-09-01,1,business,,,22340.0,False,06:30,ok,2026-08-31T05:43:32.157328+00:00,2026-08-31_0543IST
BOM,BLR,6E,IndiGo,6E 5296,2026-09-01,1,economy,,,10274.0,False,06:30,ok,2026-08-31T05:43:32.157328+00:00,2026-08-31_0543IST
BOM,BLR,6E,IndiGo,6E 5193,2026-09-01,1,economy,,,17834.0,False,08:05,ok,2026-08-31T05:43:32.157328+00:00,2026-08-31_0543IST
BOM,BLR,6E,IndiGo,6E 5241,2026-09-01,1,economy,,,6013.0,False,16:40,ok,2026-08-31T05:43:32.157328+00:00,2026-08-31_0543IST
BOM,BLR,6E,IndiGo,6E 5241,2026-09-01,1,economy,,,6013.0,False,16:40,ok,2026-08-31T05:43:32.157328+00:00,2026-08-31_0543IST
BOM,BLR,6E,IndiGo,6E 5188,2026-09-01,1,economy,,,6355.0,False,06:15,ok,2026-08-31T05:43:32.157328+00:00,2026-08-31_0543IST
BOM,BLR,6E,IndiGo,6E 5109,2026-09-01,1,economy,,,6355.0,False,09:35,ok,2026-08-31T05:43:32.157328+00:00,2026-08-31_0543IST
BOM,BLR,6E,IndiGo,6E 5313,2026-09-01,1,economy,,,6355.0,False,09:50,ok,2026-08-31T05:43:32.157328+00:00,2026-08-31_0543IST
BOM,BLR,6E,IndiGo,6E 5313,2026-09-01,1,economy,,,6355.0,False,09:50,ok,2026-08-31T05:43:32.157328+00:00,2026-08-31_0543IST
BOM,BLR,6E,IndiGo,6E 6349,2026-09-01,1,economy,,,6355.0,False,11:40,ok,2026-08-31T05:43:32.157328+00:00,2026-08-31_0543IST
BOM,BLR,6E,IndiGo,6E 6349,2026-09-01,1,economy,,,6355.0,False,11:40,ok,2026-08-31T05:43:32.157328+00:00,2026-08-31_0543IST
BOM,BLR,6E,IndiGo,6E 5337,2026-09-01,1,economy,,,6355.0,False,13:45,ok,2026-08-31T05:43:32.157328+00:00,2026-08-31_0543IST
BOM,BLR,6E,IndiGo,6E 6802,2026-09-01,1,economy,,,6757.0,False,16:55,ok,2026-08-31T05:43:32.157328+00:00,2026-08-31_0543IST
BOM,BLR,6E,IndiGo,6E 5109,2026-09-01,1,economy,,,7363.0,False,09:35,ok,2026-08-31T05:43:32.157328+00:00,2026-08-31_0543IST
BOM,BLR,6E,IndiGo,6E 673,2026-09-01,1,economy,,,7733.0,False,12:30,ok,2026-08-31T05:43:32.157328+00:00,2026-08-31_0543IST
BOM,BLR,6E,IndiGo,6E 136,2026-09-01,1,economy,,,7943.0,False,04:05,ok,2026-08-31T05:43:32.157328+00:00,2026-08-31_0543IST
BOM,BLR,6E,IndiGo,6E 230,2026-09-01,1,economy,,,8239.0,False,13:55,ok,2026-08-31T05:43:32.157328+00:00,2026-08-31_0543IST
BOM,BLR,6E,IndiGo,6E 230,2026-09-01,1,economy,,,8239.0,False,13:55,ok,2026-08-31T05:43:32.157328+00:00,2026-08-31_0543IST
BOM,BLR,6E,IndiGo,6E 5082,2026-09-01,1,economy,,,8239.0,False,18:05,ok,2026-08-31T05:43:32.157328+00:00,2026-08-31_0543IST
BOM,BLR,6E,IndiGo,6E 5123,2026-09-01,1,economy,,,8502.0,False,14:40,ok,2026-08-31T05:43:32.157328+00:00,2026-08-31_0543IST
BOM,BLR,6E,IndiGo,6E 2237,2026-09-01,1,economy,,,8581.0,False,18:40,ok,2026-08-31T05:43:32.157328+00:00,2026-08-31_0543IST
BOM,BLR,6E,IndiGo,6E 6057,2026-09-01,1,economy,,,9843.0,False,09:15,ok,2026-08-31T05:43:32.157328+00:00,2026-08-31_0543IST
BOM,BLR,6E,IndiGo,6E 6361,2026-09-01,1,economy,,,10014.0,False,05:00,ok,2026-08-31T05:43:32.157328+00:00,2026-08-31_0543IST
BOM,BLR,6E,IndiGo,6E 5196,2026-09-01,1,economy,,,10053.0,False,15:25,ok,2026-08-31T05:43:32.157328+00:00,2026-08-31_0543IST
BOM,BLR,6E,IndiGo,6E 5048,2026-09-01,1,economy,,,10053.0,False,17:25,ok,2026-08-31T05:43:32.157328+00:00,2026-08-31_0543IST
BOM,BLR,6E,IndiGo,6E 5181,2026-09-01,1,economy,,,10184.0,False,10:25,ok,2026-08-31T05:43:32.157328+00:00,2026-08-31_0543IST
BOM,BLR,6E,IndiGo,6E 6599,2026-09-01,1,economy,,,10184.0,False,16:50,ok,2026-08-31T05:43:32.157328+00:00,2026-08-31_0543IST
BOM,BLR,6E,IndiGo,6E 5318,2026-09-01,1,economy,,,10690.0,False,10:15,ok,2026-08-31T05:43:32.157328+00:00,2026-08-31_0543IST
BOM,BLR,6E,IndiGo,6E 2016,2026-09-01,1,economy,,,10900.0,False,13:35,ok,2026-08-31T05:43:32.157328+00:00,2026-08-31_0543IST
BOM,BLR,6E,IndiGo,6E 5201,2026-09-01,1,economy,,,10900.0,False,14:55,ok,2026-08-31T05:43:32.157328+00:00,2026-08-31_0543IST
BOM,BLR,6E,IndiGo,6E 240,2026-09-01,1,economy,,,10900.0,False,15:45,ok,2026-08-31T05:43:32.157328+00:00,2026-08-31_0543IST
BOM,BLR,6E,IndiGo,6E 5318,2026-09-01,1,economy,,,11622.0,False,10:15,ok,2026-08-31T05:43:32.157328+00:00,2026-08-31_0543IST
BOM,BLR,6E,IndiGo,6E 2284,2026-09-01,1,economy,,,11832.0,False,12:05,ok,2026-08-31T05:43:32.157328+00:00,2026-08-31_0543IST
BOM,BLR,6E,IndiGo,6E 6701,2026-09-01,1,economy,,,12856.0,False,05:35,ok,2026-08-31T05:43:32.157328+00:00,2026-08-31_0543IST
BOM,BLR,6E,IndiGo,6E 6701,2026-09-01,1,economy,,,12856.0,False,05:35,ok,2026-08-31T05:43:32.157328+00:00,2026-08-31_0543IST
BOM,BLR,6E,IndiGo,6E 5107,2026-09-01,1,economy,,,12856.0,False,20:00,ok,2026-08-31T05:43:32.157328+00:00,2026-08-31_0543IST
BOM,BLR,6E,IndiGo,6E 673,2026-09-01,1,economy,,,13047.0,False,12:30,ok,2026-08-31T05:43:32.157328+00:00,2026-08-31_0543IST
BOM,BLR,6E,IndiGo,6E 5386,2026-09-01,1,economy,,,13233.0,False,15:10,ok,2026-08-31T05:43:32.157328+00:00,2026-08-31_0543IST
BOM,BLR,6E,IndiGo,6E 5228,2026-09-01,1,economy,,,13233.0,False,16:45,ok,2026-08-31T05:43:32.157328+00:00,2026-08-31_0543IST
BOM,BLR,6E,IndiGo,6E 5126,2026-09-01,1,economy,,,13982.0,False,18:15,ok,2026-08-31T05:43:32.157328+00:00,2026-08-31_0543IST
BOM,BLR,6E,IndiGo,6E 5386,2026-09-01,1,economy,,,13983.0,False,15:10,ok,2026-08-31T05:43:32.157328+00:00,2026-08-31_0543IST
BOM,BLR,6E,IndiGo,6E 5228,2026-09-01,1,economy,,,13983.0,False,16:45,ok,2026-08-31T05:43:32.157328+00:00,2026-08-31_0543IST
BOM,BLR,6E,IndiGo,6E 5337,2026-09-01,1,economy,,,14765.0,False,13:45,ok,2026-08-31T05:43:32.157328+00:00,2026-08-31_0543IST
BOM,BLR,6E,IndiGo,6E 5196,2026-09-01,1,economy,,,14765.0,False,15:25,ok,2026-08-31T05:43:32.157328+00:00,2026-08-31_0543IST
BOM,BLR,6E,IndiGo,6E 6362,2026-09-01,1,economy,,,14808.0,False,05:45,ok,2026-08-31T05:43:32.157328+00:00,2026-08-31_0543IST
BOM,BLR,6E,IndiGo,6E 5386,2026-09-01,1,economy,,,14808.0,False,15:10,ok,2026-08-31T05:43:32.157328+00:00,2026-08-31_0543IST
BOM,BLR,6E,IndiGo,6E 5178,2026-09-01,1,economy,,,15242.0,False,11:40,ok,2026-08-31T05:43:32.157328+00:00,2026-08-31_0543IST
BOM,BLR,6E,IndiGo,6E 5178,2026-09-01,1,economy,,,17144.0,False,11:40,ok,2026-08-31T05:43:32.157328+00:00,2026-08-31_0543IST
BOM,BLR,6E,IndiGo,6E 261,2026-09-01,1,economy,,,18247.0,False,11:20,ok,2026-08-31T05:43:32.157328+00:00,2026-08-31_0543IST
BOM,BLR,6E,IndiGo,6E 437,2026-09-01,1,economy,,,19321.0,False,17:10,ok,2026-08-31T05:43:32.157328+00:00,2026-08-31_0543IST
BOM,BLR,6E,IndiGo,6E 261,2026-09-01,1,economy,,,19523.0,False,11:20,ok,2026-08-31T05:43:32.157328+00:00,2026-08-31_0543IST
BOM,BLR,6E,IndiGo,6E 632,2026-09-01,1,economy,,,21721.0,False,04:00,ok,2026-08-31T05:43:32.157328+00:00,2026-08-31_0543IST
DEL,CCU,6E,IndiGo,6E 5191,2026-09-01,1,business,,,26140.0,False,05:00,ok,2026-08-31T05:44:29.386718+00:00,2026-08-31_0544IST
DEL,CCU,6E,IndiGo,6E 5191,2026-09-01,1,economy,,,8200.0,False,05:00,ok,2026-08-31T05:44:29.386718+00:00,2026-08-31_0544IST
DEL,CCU,6E,IndiGo,6E 910,2026-09-01,1,business,,,26140.0,False,14:25,ok,2026-08-31T05:44:29.386718+00:00,2026-08-31_0544IST
DEL,CCU,6E,IndiGo,6E 910,2026-09-01,1,economy,,,8200.0,False,14:25,ok,2026-08-31T05:44:29.386718+00:00,2026-08-31_0544IST
DEL,CCU,6E,IndiGo,6E 6415,2026-09-01,1,business,,,26140.0,False,16:00,ok,2026-08-31T05:44:29.386718+00:00,2026-08-31_0544IST
DEL,CCU,6E,IndiGo,6E 6415,2026-09-01,1,economy,,,8200.0,False,16:00,ok,2026-08-31T05:44:29.386718+00:00,2026-08-31_0544IST
DEL,CCU,6E,IndiGo,6E 2276,2026-09-01,1,business,,,29680.0,False,17:55,ok,2026-08-31T05:44:29.386718+00:00,2026-08-31_0544IST
DEL,CCU,6E,IndiGo,6E 2276,2026-09-01,1,economy,,,8200.0,False,17:55,ok,2026-08-31T05:44:29.386718+00:00,2026-08-31_0544IST
DEL,CCU,6E,IndiGo,6E 389,2026-09-01,1,business,,,26140.0,False,21:50,ok,2026-08-31T05:44:29.386718+00:00,2026-08-31_0544IST
DEL,CCU,6E,IndiGo,6E 389,2026-09-01,1,economy,,,8200.0,False,21:50,ok,2026-08-31T05:44:29.386718+00:00,2026-08-31_0544IST
DEL,CCU,6E,IndiGo,6E 247,2026-09-01,1,business,,,26140.0,False,23:30,ok,2026-08-31T05:44:29.386718+00:00,2026-08-31_0544IST
DEL,CCU,6E,IndiGo,6E 247,2026-09-01,1,economy,,,8200.0,False,23:30,ok,2026-08-31T05:44:29.386718+00:00,2026-08-31_0544IST
DEL,CCU,6E,IndiGo,6E 6517,2026-09-01,1,business,,,26140.0,False,19:30,ok,2026-08-31T05:44:29.386718+00:00,2026-08-31_0544IST
DEL,CCU,6E,IndiGo,6E 6517,2026-09-01,1,economy,,,9250.0,False,19:30,ok,2026-08-31T05:44:29.386718+00:00,2026-08-31_0544IST
DEL,CCU,6E,IndiGo,6E 340,2026-09-01,1,business,,,26140.0,False,07:20,ok,2026-08-31T05:44:29.386718+00:00,2026-08-31_0544IST
DEL,CCU,6E,IndiGo,6E 340,2026-09-01,1,economy,,,9775.0,False,07:20,ok,2026-08-31T05:44:29.386718+00:00,2026-08-31_0544IST
DEL,CCU,6E,IndiGo,6E 897,2026-09-01,1,business,,,26140.0,False,12:45,ok,2026-08-31T05:44:29.386718+00:00,2026-08-31_0544IST
DEL,CCU,6E,IndiGo,6E 897,2026-09-01,1,economy,,,9775.0,False,12:45,ok,2026-08-31T05:44:29.386718+00:00,2026-08-31_0544IST
DEL,CCU,6E,IndiGo,6E 513,2026-09-01,1,business,,,26140.0,False,08:30,ok,2026-08-31T05:44:29.386718+00:00,2026-08-31_0544IST
DEL,CCU,6E,IndiGo,6E 513,2026-09-01,1,economy,,,10405.0,False,08:30,ok,2026-08-31T05:44:29.386718+00:00,2026-08-31_0544IST
DEL,CCU,6E,IndiGo,6E 894,2026-09-01,1,business,,,26140.0,False,10:15,ok,2026-08-31T05:44:29.386718+00:00,2026-08-31_0544IST
DEL,CCU,6E,IndiGo,6E 894,2026-09-01,1,economy,,,10405.0,False,10:15,ok,2026-08-31T05:44:29.386718+00:00,2026-08-31_0544IST
DEL,CCU,6E,IndiGo,6E 2147,2026-09-01,1,economy,,,6596.0,False,11:10,ok,2026-08-31T05:44:29.386718+00:00,2026-08-31_0544IST
DEL,CCU,6E,IndiGo,6E 5206,2026-09-01,1,economy,,,6596.0,False,13:20,ok,2026-08-31T05:44:29.386718+00:00,2026-08-31_0544IST
DEL,CCU,6E,IndiGo,6E 2361,2026-09-01,1,economy,,,6727.0,False,14:35,ok,2026-08-31T05:44:29.386718+00:00,2026-08-31_0544IST
DEL,CCU,6E,IndiGo,6E 6190,2026-09-01,1,economy,,,6806.0,False,07:40,ok,2026-08-31T05:44:29.386718+00:00,2026-08-31_0544IST
DEL,CCU,6E,IndiGo,6E 2203,2026-09-01,1,economy,,,6911.0,False,04:45,ok,2026-08-31T05:44:29.386718+00:00,2026-08-31_0544IST
DEL,CCU,6E,IndiGo,6E 5215,2026-09-01,1,economy,,,6911.0,False,07:45,ok,2026-08-31T05:44:29.386718+00:00,2026-08-31_0544IST
DEL,CCU,6E,IndiGo,6E 5215,2026-09-01,1,economy,,,6911.0,False,07:45,ok,2026-08-31T05:44:29.386718+00:00,2026-08-31_0544IST
DEL,CCU,6E,IndiGo,6E 6829,2026-09-01,1,economy,,,6937.0,False,17:20,ok,2026-08-31T05:44:29.386718+00:00,2026-08-31_0544IST
DEL,CCU,6E,IndiGo,6E 6503,2026-09-01,1,economy,,,7121.0,False,13:25,ok,2026-08-31T05:44:29.386718+00:00,2026-08-31_0544IST
DEL,CCU,6E,IndiGo,6E 6503,2026-09-01,1,economy,,,7121.0,False,13:25,ok,2026-08-31T05:44:29.386718+00:00,2026-08-31_0544IST
DEL,CCU,6E,IndiGo,6E 2331,2026-09-01,1,economy,,,7147.0,False,12:20,ok,2026-08-31T05:44:29.386718+00:00,2026-08-31_0544IST
DEL,CCU,6E,IndiGo,6E 2341,2026-09-01,1,economy,,,7147.0,False,14:50,ok,2026-08-31T05:44:29.386718+00:00,2026-08-31_0544IST
DEL,CCU,6E,IndiGo,6E 5073,2026-09-01,1,economy,,,7147.0,False,17:05,ok,2026-08-31T05:44:29.386718+00:00,2026-08-31_0544IST
DEL,CCU,6E,IndiGo,6E 882,2026-09-01,1,economy,,,7147.0,False,23:15,ok,2026-08-31T05:44:29.386718+00:00,2026-08-31_0544IST
DEL,CCU,6E,IndiGo,6E 6371,2026-09-01,1,economy,,,7252.0,False,06:20,ok,2026-08-31T05:44:29.386718+00:00,2026-08-31_0544IST
DEL,CCU,6E,IndiGo,6E 2259,2026-09-01,1,economy,,,7336.0,False,12:20,ok,2026-08-31T05:44:29.386718+00:00,2026-08-31_0544IST
DEL,CCU,6E,IndiGo,6E 2614,2026-09-01,1,economy,,,7336.0,False,14:40,ok,2026-08-31T05:44:29.386718+00:00,2026-08-31_0544IST
DEL,CCU,6E,IndiGo,6E 2203,2026-09-01,1,economy,,,7441.0,False,04:45,ok,2026-08-31T05:44:29.386718+00:00,2026-08-31_0544IST
DEL,CCU,6E,IndiGo,6E 5215,2026-09-01,1,economy,,,7441.0,False,07:45,ok,2026-08-31T05:44:29.386718+00:00,2026-08-31_0544IST
DEL,CCU,6E,IndiGo,6E 5137,2026-09-01,1,economy,,,7677.0,False,10:50,ok,2026-08-31T05:44:29.386718+00:00,2026-08-31_0544IST
DEL,CCU,6E,IndiGo,6E 884,2026-09-01,1,economy,,,7677.0,False,11:45,ok,2026-08-31T05:44:29.386718+00:00,2026-08-31_0544IST
DEL,CCU,6E,IndiGo,6E 382,2026-09-01,1,economy,,,7677.0,False,21:00,ok,2026-08-31T05:44:29.386718+00:00,2026-08-31_0544IST
DEL,CCU,6E,IndiGo,6E 6293,2026-09-01,1,economy,,,8260.0,False,09:55,ok,2026-08-31T05:44:29.386718+00:00,2026-08-31_0544IST
DEL,CCU,6E,IndiGo,6E 717,2026-09-01,1,economy,,,8260.0,False,17:55,ok,2026-08-31T05:44:29.386718+00:00,2026-08-31_0544IST
DEL,CCU,6E,IndiGo,6E 907,2026-09-01,1,economy,,,8901.0,False,10:00,ok,2026-08-31T05:44:29.386718+00:00,2026-08-31_0544IST
DEL,CCU,6E,IndiGo,6E 5041,2026-09-01,1,economy,,,9370.0,False,15:10,ok,2026-08-31T05:44:29.386718+00:00,2026-08-31_0544IST
DEL,CCU,6E,IndiGo,6E 5041,2026-09-01,1,economy,,,9370.0,False,15:10,ok,2026-08-31T05:44:29.386718+00:00,2026-08-31_0544IST
DEL,CCU,6E,IndiGo,6E 2296,2026-09-01,1,economy,,,10040.0,False,09:20,ok,2026-08-31T05:44:29.386718+00:00,2026-08-31_0544IST
DEL,CCU,6E,IndiGo,6E 6282,2026-09-01,1,economy,,,10381.0,False,13:30,ok,2026-08-31T05:44:29.386718+00:00,2026-08-31_0544IST
DEL,CCU,6E,IndiGo,6E 6440,2026-09-01,1,economy,,,10771.0,False,16:40,ok,2026-08-31T05:44:29.386718+00:00,2026-08-31_0544IST
DEL,CCU,6E,IndiGo,6E 6190,2026-09-01,1,economy,,,10891.0,False,07:40,ok,2026-08-31T05:44:29.386718+00:00,2026-08-31_0544IST
DEL,CCU,6E,IndiGo,6E 6282,2026-09-01,1,economy,,,11232.0,False,13:30,ok,2026-08-31T05:44:29.386718+00:00,2026-08-31_0544IST
DEL,CCU,6E,IndiGo,6E 6217,2026-09-01,1,economy,,,11232.0,False,16:15,ok,2026-08-31T05:44:29.386718+00:00,2026-08-31_0544IST
DEL,CCU,6E,IndiGo,6E 6130,2026-09-01,1,economy,,,11827.0,False,12:55,ok,2026-08-31T05:44:29.386718+00:00,2026-08-31_0544IST
DEL,CCU,6E,IndiGo,6E 5038,2026-09-01,1,economy,,,11827.0,False,14:00,ok,2026-08-31T05:44:29.386718+00:00,2026-08-31_0544IST
DEL,CCU,6E,IndiGo,6E 6073,2026-09-01,1,economy,,,12856.0,False,05:00,ok,2026-08-31T05:44:29.386718+00:00,2026-08-31_0544IST
DEL,CCU,6E,IndiGo,6E 734,2026-09-01,1,economy,,,13908.0,False,16:20,ok,2026-08-31T05:44:29.386718+00:00,2026-08-31_0544IST
DEL,CCU,6E,IndiGo,6E 704,2026-09-01,1,economy,,,14285.0,False,02:25,ok,2026-08-31T05:44:29.386718+00:00,2026-08-31_0544IST
DEL,CCU,6E,IndiGo,6E 6245,2026-09-01,1,economy,,,14381.0,False,06:20,ok,2026-08-31T05:44:29.386718+00:00,2026-08-31_0544IST
DEL,CCU,6E,IndiGo,6E 704,2026-09-01,1,business,,,33570.0,False,02:25,ok,2026-08-31T05:44:29.386718+00:00,2026-08-31_0544IST
DEL,CCU,6E,IndiGo,6E 704,2026-09-01,1,economy,,,15388.0,False,02:25,ok,2026-08-31T05:44:29.386718+00:00,2026-08-31_0544IST
DEL,CCU,6E,IndiGo,6E 5119,2026-09-01,1,economy,,,16039.0,False,05:10,ok,2026-08-31T05:44:29.386718+00:00,2026-08-31_0544IST
DEL,CCU,6E,IndiGo,6E 2259,2026-09-01,1,economy,,,16384.0,False,12:20,ok,2026-08-31T05:44:29.386718+00:00,2026-08-31_0544IST
DEL,CCU,6E,IndiGo,6E 2614,2026-09-01,1,economy,,,16384.0,False,14:40,ok,2026-08-31T05:44:29.386718+00:00,2026-08-31_0544IST
DEL,CCU,6E,IndiGo,6E 6459,2026-09-01,1,economy,,,16643.0,False,05:55,ok,2026-08-31T05:44:29.386718+00:00,2026-08-31_0544IST
DEL,CCU,6E,IndiGo,6E 6053,2026-09-01,1,economy,,,18863.0,False,13:05,ok,2026-08-31T05:44:29.386718+00:00,2026-08-31_0544IST
DEL,CCU,6E,IndiGo,6E 6312,2026-09-01,1,economy,,,19633.0,False,14:25,ok,2026-08-31T05:44:29.386718+00:00,2026-08-31_0544IST
DEL,CCU,6E,IndiGo,6E 705,2026-09-01,1,business,,,33570.0,False,08:30,ok,2026-08-31T05:44:29.386718+00:00,2026-08-31_0544IST
DEL,CCU,6E,IndiGo,6E 705,2026-09-01,1,economy,,,20778.0,False,08:30,ok,2026-08-31T05:44:29.386718+00:00,2026-08-31_0544IST
DEL,CCU,6E,IndiGo,6E 203,2026-09-01,1,business,,,33570.0,False,07:10,ok,2026-08-31T05:44:29.386718+00:00,2026-08-31_0544IST
DEL,CCU,6E,IndiGo,6E 203,2026-09-01,1,economy,,,21640.0,False,07:10,ok,2026-08-31T05:44:29.386718+00:00,2026-08-31_0544IST
BLR,HYD,6E,IndiGo,6E 6404,2026-09-01,1,,,,,False,11:35,parse_error,2026-08-31T05:45:33.669063+00:00,2026-08-31_0545IST
BLR,HYD,6E,IndiGo,6E 6784,2026-09-01,1,,,,,False,21:30,parse_error,2026-08-31T05:45:33.669063+00:00,2026-08-31_0545IST
BLR,HYD,6E,IndiGo,6E 6067,2026-09-01,1,,,,,False,16:30,parse_error,2026-08-31T05:45:33.669063+00:00,2026-08-31_0545IST
BLR,HYD,6E,IndiGo,6E 855,2026-09-01,1,,,,,False,19:45,parse_error,2026-08-31T05:45:33.669063+00:00,2026-08-31_0545IST
BLR,HYD,6E,IndiGo,6E 537,2026-09-01,1,,,,,False,10:15,parse_error,2026-08-31T05:45:33.669063+00:00,2026-08-31_0545IST
BLR,HYD,6E,IndiGo,6E 638,2026-09-01,1,,,,,False,18:35,parse_error,2026-08-31T05:45:33.669063+00:00,2026-08-31_0545IST
BLR,HYD,6E,IndiGo,6E 6178,2026-09-01,1,,,,,False,06:25,parse_error,2026-08-31T05:45:33.669063+00:00,2026-08-31_0545IST
BLR,HYD,6E,IndiGo,6E 484,2026-09-01,1,,,,,False,08:15,parse_error,2026-08-31T05:45:33.669063+00:00,2026-08-31_0545IST
BLR,HYD,6E,IndiGo,6E 312,2026-09-01,1,,,,,False,09:15,parse_error,2026-08-31T05:45:33.669063+00:00,2026-08-31_0545IST
BLR,HYD,6E,IndiGo,6E 6583,2026-09-01,1,,,,,False,10:40,parse_error,2026-08-31T05:45:33.669063+00:00,2026-08-31_0545IST
BLR,HYD,6E,IndiGo,6E 408,2026-09-01,1,,,,,False,04:30,parse_error,2026-08-31T05:45:33.669063+00:00,2026-08-31_0545IST
BLR,HYD,6E,IndiGo,6E 904,2026-09-01,1,,,,,False,10:50,parse_error,2026-08-31T05:45:33.669063+00:00,2026-08-31_0545IST
BLR,HYD,6E,IndiGo,6E 6208,2026-09-01,1,,,,,False,12:50,parse_error,2026-08-31T05:45:33.669063+00:00,2026-08-31_0545IST
BLR,HYD,6E,IndiGo,6E 6208,2026-09-01,1,,,,,False,12:50,parse_error,2026-08-31T05:45:33.669063+00:00,2026-08-31_0545IST
BLR,HYD,6E,IndiGo,6E 6208,2026-09-01,1,,,,,False,12:50,parse_error,2026-08-31T05:45:33.669063+00:00,2026-08-31_0545IST
BLR,HYD,6E,IndiGo,6E 6542,2026-09-01,1,,,,,False,13:10,parse_error,2026-08-31T05:45:33.669063+00:00,2026-08-31_0545IST
BLR,HYD,6E,IndiGo,6E 182,2026-09-01,1,,,,,False,15:00,parse_error,2026-08-31T05:45:33.669063+00:00,2026-08-31_0545IST
BLR,HYD,6E,IndiGo,6E 182,2026-09-01,1,,,,,False,15:00,parse_error,2026-08-31T05:45:33.669063+00:00,2026-08-31_0545IST
BLR,HYD,6E,IndiGo,6E 182,2026-09-01,1,,,,,False,15:00,parse_error,2026-08-31T05:45:33.669063+00:00,2026-08-31_0545IST
BLR,HYD,6E,IndiGo,6E 356,2026-09-01,1,,,,,False,17:15,parse_error,2026-08-31T05:45:33.669063+00:00,2026-08-31_0545IST
BLR,HYD,6E,IndiGo,6E 356,2026-09-01,1,,,,,False,17:15,parse_error,2026-08-31T05:45:33.669063+00:00,2026-08-31_0545IST
BLR,HYD,6E,IndiGo,6E 6168,2026-09-01,1,,,,,False,17:40,parse_error,2026-08-31T05:45:33.669063+00:00,2026-08-31_0545IST
BLR,HYD,6E,IndiGo,6E 6168,2026-09-01,1,,,,,False,17:40,parse_error,2026-08-31T05:45:33.669063+00:00,2026-08-31_0545IST
BLR,HYD,6E,IndiGo,6E 6017,2026-09-01,1,,,,,False,18:15,parse_error,2026-08-31T05:45:33.669063+00:00,2026-08-31_0545IST
BLR,HYD,6E,IndiGo,6E 105,2026-09-01,1,,,,,False,18:50,parse_error,2026-08-31T05:45:33.669063+00:00,2026-08-31_0545IST
BLR,HYD,6E,IndiGo,6E 105,2026-09-01,1,,,,,False,18:50,parse_error,2026-08-31T05:45:33.669063+00:00,2026-08-31_0545IST
BLR,HYD,6E,IndiGo,6E 6554,2026-09-01,1,,,,,False,19:15,parse_error,2026-08-31T05:45:33.669063+00:00,2026-08-31_0545IST
BLR,HYD,6E,IndiGo,6E 441,2026-09-01,1,,,,,False,20:40,parse_error,2026-08-31T05:45:33.669063+00:00,2026-08-31_0545IST
BLR,HYD,6E,IndiGo,6E 528,2026-09-01,1,,,,,False,21:40,parse_error,2026-08-31T05:45:33.669063+00:00,2026-08-31_0545IST
BLR,HYD,6E,IndiGo,6E 528,2026-09-01,1,,,,,False,21:40,parse_error,2026-08-31T05:45:33.669063+00:00,2026-08-31_0545IST
BLR,HYD,6E,IndiGo,6E 116,2026-09-01,1,,,,,False,23:05,parse_error,2026-08-31T05:45:33.669063+00:00,2026-08-31_0545IST
BLR,HYD,6E,IndiGo,6E 116,2026-09-01,1,,,,,False,23:05,parse_error,2026-08-31T05:45:33.669063+00:00,2026-08-31_0545IST
BLR,HYD,6E,IndiGo,6E 6542,2026-09-01,1,,,,,False,13:10,parse_error,2026-08-31T05:45:33.669063+00:00,2026-08-31_0545IST
BLR,HYD,6E,IndiGo,6E 602,2026-09-01,1,,,,,False,14:40,parse_error,2026-08-31T05:45:33.669063+00:00,2026-08-31_0545IST
BLR,HYD,6E,IndiGo,6E 6753,2026-09-01,1,,,,,False,15:15,parse_error,2026-08-31T05:45:33.669063+00:00,2026-08-31_0545IST
BLR,HYD,6E,IndiGo,6E 6563,2026-09-01,1,,,,,False,01:05,parse_error,2026-08-31T05:45:33.669063+00:00,2026-08-31_0545IST
BLR,HYD,6E,IndiGo,6E 6876,2026-09-01,1,,,,,False,02:40,parse_error,2026-08-31T05:45:33.669063+00:00,2026-08-31_0545IST
BLR,HYD,6E,IndiGo,6E 7204,2026-09-01,1,,,,,False,06:50,parse_error,2026-08-31T05:45:33.669063+00:00,2026-08-31_0545IST
BLR,HYD,6E,IndiGo,6E 6208,2026-09-01,1,,,,,False,12:50,parse_error,2026-08-31T05:45:33.669063+00:00,2026-08-31_0545IST
BLR,HYD,6E,IndiGo,6E 6753,2026-09-01,1,,,,,False,15:15,parse_error,2026-08-31T05:45:33.669063+00:00,2026-08-31_0545IST
BLR,HYD,6E,IndiGo,6E 7227,2026-09-01,1,,,,,False,06:25,parse_error,2026-08-31T05:45:33.669063+00:00,2026-08-31_0545IST
BLR,HYD,6E,IndiGo,6E 7204,2026-09-01,1,,,,,False,06:50,parse_error,2026-08-31T05:45:33.669063+00:00,2026-08-31_0545IST
BLR,HYD,6E,IndiGo,6E 857,2026-09-01,1,,,,,False,07:05,parse_error,2026-08-31T05:45:33.669063+00:00,2026-08-31_0545IST
BLR,HYD,6E,IndiGo,6E 6269,2026-09-01,1,,,,,False,07:15,parse_error,2026-08-31T05:45:33.669063+00:00,2026-08-31_0545IST
BLR,HYD,6E,IndiGo,6E 904,2026-09-01,1,,,,,False,10:50,parse_error,2026-08-31T05:45:33.669063+00:00,2026-08-31_0545IST
BLR,HYD,6E,IndiGo,6E 6653,2026-09-01,1,,,,,False,12:35,parse_error,2026-08-31T05:45:33.669063+00:00,2026-08-31_0545IST
BLR,HYD,6E,IndiGo,6E 6269,2026-09-01,1,,,,,False,07:15,parse_error,2026-08-31T05:45:33.669063+00:00,2026-08-31_0545IST
BLR,HYD,6E,IndiGo,6E 6653,2026-09-01,1,,,,,False,12:35,parse_error,2026-08-31T05:45:33.669063+00:00,2026-08-31_0545IST
BLR,HYD,6E,IndiGo,6E 6653,2026-09-01,1,,,,,False,12:35,parse_error,2026-08-31T05:45:33.669063+00:00,2026-08-31_0545IST
BLR,HYD,6E,IndiGo,6E 109,2026-09-01,1,,,,,False,17:00,parse_error,2026-08-31T05:45:33.669063+00:00,2026-08-31_0545IST
BLR,HYD,6E,IndiGo,6E 6162,2026-09-01,1,,,,,False,18:50,parse_error,2026-08-31T05:45:33.669063+00:00,2026-08-31_0545IST
BLR,HYD,6E,IndiGo,6E 763,2026-09-01,1,,,,,False,07:05,parse_error,2026-08-31T05:45:33.669063+00:00,2026-08-31_0545IST
BLR,HYD,6E,IndiGo,6E 763,2026-09-01,1,,,,,False,07:05,parse_error,2026-08-31T05:45:33.669063+00:00,2026-08-31_0545IST
BLR,HYD,6E,IndiGo,6E 7071,2026-09-01,1,,,,,False,10:55,parse_error,2026-08-31T05:45:33.669063+00:00,2026-08-31_0545IST
BLR,HYD,6E,IndiGo,6E 5306,2026-09-01,1,,,,,False,14:35,parse_error,2026-08-31T05:45:33.669063+00:00,2026-08-31_0545IST
BLR,HYD,6E,IndiGo,6E 857,2026-09-01,1,,,,,False,07:05,parse_error,2026-08-31T05:45:33.669063+00:00,2026-08-31_0545IST
BLR,HYD,6E,IndiGo,6E 6104,2026-09-01,1,,,,,False,11:40,parse_error,2026-08-31T05:45:33.669063+00:00,2026-08-31_0545IST
BLR,HYD,6E,IndiGo,6E 6104,2026-09-01,1,,,,,False,11:40,parse_error,2026-08-31T05:45:33.669063+00:00,2026-08-31_0545IST
MAA,DEL,6E,IndiGo,6E 951,2026-09-01,1,business,,,28240.0,False,21:50,ok,2026-08-31T05:46:31.755440+00:00,2026-08-31_0546IST
MAA,DEL,6E,IndiGo,6E 951,2026-09-01,1,economy,,,10608.0,False,21:50,ok,2026-08-31T05:46:31.755440+00:00,2026-08-31_0546IST
MAA,DEL,6E,IndiGo,6E 2369,2026-09-01,1,business,,,28240.0,False,23:45,ok,2026-08-31T05:46:31.755440+00:00,2026-08-31_0546IST
MAA,DEL,6E,IndiGo,6E 2369,2026-09-01,1,economy,,,10608.0,False,23:45,ok,2026-08-31T05:46:31.755440+00:00,2026-08-31_0546IST
MAA,DEL,6E,IndiGo,6E 404,2026-09-01,1,business,,,28240.0,False,09:15,ok,2026-08-31T05:46:31.755440+00:00,2026-08-31_0546IST
MAA,DEL,6E,IndiGo,6E 404,2026-09-01,1,economy,,,11130.0,False,09:15,ok,2026-08-31T05:46:31.755440+00:00,2026-08-31_0546IST
MAA,DEL,6E,IndiGo,6E 6002,2026-09-01,1,business,,,39899.0,False,11:10,ok,2026-08-31T05:46:31.755440+00:00,2026-08-31_0546IST
MAA,DEL,6E,IndiGo,6E 6002,2026-09-01,1,economy,,,11130.0,False,11:10,ok,2026-08-31T05:46:31.755440+00:00,2026-08-31_0546IST
MAA,DEL,6E,IndiGo,6E 939,2026-09-01,1,business,,,28240.0,False,13:00,ok,2026-08-31T05:46:31.755440+00:00,2026-08-31_0546IST
MAA,DEL,6E,IndiGo,6E 939,2026-09-01,1,economy,,,11130.0,False,13:00,ok,2026-08-31T05:46:31.755440+00:00,2026-08-31_0546IST
MAA,DEL,6E,IndiGo,6E 948,2026-09-01,1,business,,,28240.0,False,14:30,ok,2026-08-31T05:46:31.755440+00:00,2026-08-31_0546IST
MAA,DEL,6E,IndiGo,6E 948,2026-09-01,1,economy,,,11130.0,False,14:30,ok,2026-08-31T05:46:31.755440+00:00,2026-08-31_0546IST
MAA,DEL,6E,IndiGo,6E 698,2026-09-01,1,business,,,28240.0,False,16:45,ok,2026-08-31T05:46:31.755440+00:00,2026-08-31_0546IST
MAA,DEL,6E,IndiGo,6E 698,2026-09-01,1,economy,,,14222.0,False,16:45,ok,2026-08-31T05:46:31.755440+00:00,2026-08-31_0546IST
MAA,DEL,6E,IndiGo,6E 613,2026-09-01,1,business,,,30280.0,False,19:00,ok,2026-08-31T05:46:31.755440+00:00,2026-08-31_0546IST
MAA,DEL,6E,IndiGo,6E 613,2026-09-01,1,economy,,,14222.0,False,19:00,ok,2026-08-31T05:46:31.755440+00:00,2026-08-31_0546IST
MAA,DEL,6E,IndiGo,6E 937,2026-09-01,1,business,,,30280.0,False,06:30,ok,2026-08-31T05:46:31.755440+00:00,2026-08-31_0546IST
MAA,DEL,6E,IndiGo,6E 937,2026-09-01,1,economy,,,18306.0,False,06:30,ok,2026-08-31T05:46:31.755440+00:00,2026-08-31_0546IST
MAA,DEL,6E,IndiGo,6E 987,2026-09-01,1,economy,,,8074.0,False,05:25,ok,2026-08-31T05:46:31.755440+00:00,2026-08-31_0546IST
MAA,DEL,6E,IndiGo,6E 6113,2026-09-01,1,economy,,,8074.0,False,17:00,ok,2026-08-31T05:46:31.755440+00:00,2026-08-31_0546IST
MAA,DEL,6E,IndiGo,6E 6374,2026-09-01,1,economy,,,8447.0,False,13:50,ok,2026-08-31T05:46:31.755440+00:00,2026-08-31_0546IST
MAA,DEL,6E,IndiGo,6E 183,2026-09-01,1,business,,,30185.0,False,16:35,ok,2026-08-31T05:46:31.755440+00:00,2026-08-31_0546IST
MAA,DEL,6E,IndiGo,6E 183,2026-09-01,1,economy,,,8447.0,False,16:35,ok,2026-08-31T05:46:31.755440+00:00,2026-08-31_0546IST
MAA,DEL,6E,IndiGo,6E 193,2026-09-01,1,economy,,,8447.0,False,20:00,ok,2026-08-31T05:46:31.755440+00:00,2026-08-31_0546IST
MAA,DEL,6E,IndiGo,6E 6487,2026-09-01,1,economy,,,8447.0,False,21:25,ok,2026-08-31T05:46:31.755440+00:00,2026-08-31_0546IST
MAA,DEL,6E,IndiGo,6E 6487,2026-09-01,1,economy,,,8447.0,False,21:25,ok,2026-08-31T05:46:31.755440+00:00,2026-08-31_0546IST
MAA,DEL,6E,IndiGo,6E 6892,2026-09-01,1,economy,,,8526.0,False,10:55,ok,2026-08-31T05:46:31.755440+00:00,2026-08-31_0546IST
MAA,DEL,6E,IndiGo,6E 6209,2026-09-01,1,economy,,,8526.0,False,14:35,ok,2026-08-31T05:46:31.755440+00:00,2026-08-31_0546IST
MAA,DEL,6E,IndiGo,6E 847,2026-09-01,1,economy,,,8526.0,False,16:15,ok,2026-08-31T05:46:31.755440+00:00,2026-08-31_0546IST
MAA,DEL,6E,IndiGo,6E 847,2026-09-01,1,economy,,,9166.0,False,16:15,ok,2026-08-31T05:46:31.755440+00:00,2026-08-31_0546IST
MAA,DEL,6E,IndiGo,6E 321,2026-09-01,1,economy,,,9297.0,False,08:20,ok,2026-08-31T05:46:31.755440+00:00,2026-08-31_0546IST
MAA,DEL,6E,IndiGo,6E 991,2026-09-01,1,economy,,,9792.0,False,09:30,ok,2026-08-31T05:46:31.755440+00:00,2026-08-31_0546IST
MAA,DEL,6E,IndiGo,6E 973,2026-09-01,1,economy,,,9792.0,False,11:55,ok,2026-08-31T05:46:31.755440+00:00,2026-08-31_0546IST
MAA,DEL,6E,IndiGo,6E 365,2026-09-01,1,economy,,,9871.0,False,17:45,ok,2026-08-31T05:46:31.755440+00:00,2026-08-31_0546IST
MAA,DEL,6E,IndiGo,6E 5258,2026-09-01,1,business,,,39741.0,False,12:45,ok,2026-08-31T05:46:31.755440+00:00,2026-08-31_0546IST
MAA,DEL,6E,IndiGo,6E 5258,2026-09-01,1,economy,,,10002.0,False,12:45,ok,2026-08-31T05:46:31.755440+00:00,2026-08-31_0546IST
MAA,DEL,6E,IndiGo,6E 6925,2026-09-01,1,economy,,,10566.0,False,12:00,ok,2026-08-31T05:46:31.755440+00:00,2026-08-31_0546IST
MAA,DEL,6E,IndiGo,6E 244,2026-09-01,1,economy,,,11417.0,False,03:55,ok,2026-08-31T05:46:31.755440+00:00,2026-08-31_0546IST
MAA,DEL,6E,IndiGo,6E 561,2026-09-01,1,business,,,33369.0,False,22:20,ok,2026-08-31T05:46:31.755440+00:00,2026-08-31_0546IST
MAA,DEL,6E,IndiGo,6E 561,2026-09-01,1,economy,,,11417.0,False,22:20,ok,2026-08-31T05:46:31.755440+00:00,2026-08-31_0546IST
MAA,DEL,6E,IndiGo,6E 726,2026-09-01,1,economy,,,11496.0,False,18:20,ok,2026-08-31T05:46:31.755440+00:00,2026-08-31_0546IST
MAA,DEL,6E,IndiGo,6E 6209,2026-09-01,1,economy,,,11540.0,False,14:35,ok,2026-08-31T05:46:31.755440+00:00,2026-08-31_0546IST
MAA,DEL,6E,IndiGo,6E 5214,2026-09-01,1,business,,,39741.0,False,11:00,ok,2026-08-31T05:46:31.755440+00:00,2026-08-31_0546IST
MAA,DEL,6E,IndiGo,6E 5214,2026-09-01,1,economy,,,11627.0,False,11:00,ok,2026-08-31T05:46:31.755440+00:00,2026-08-31_0546IST
MAA,DEL,6E,IndiGo,6E 5214,2026-09-01,1,business,,,39741.0,False,11:00,ok,2026-08-31T05:46:31.755440+00:00,2026-08-31_0546IST
MAA,DEL,6E,IndiGo,6E 5214,2026-09-01,1,economy,,,11627.0,False,11:00,ok,2026-08-31T05:46:31.755440+00:00,2026-08-31_0546IST
MAA,DEL,6E,IndiGo,6E 606,2026-09-01,1,economy,,,11627.0,False,18:05,ok,2026-08-31T05:46:31.755440+00:00,2026-08-31_0546IST
MAA,DEL,6E,IndiGo,6E 365,2026-09-01,1,economy,,,12428.0,False,17:45,ok,2026-08-31T05:46:31.755440+00:00,2026-08-31_0546IST
MAA,DEL,6E,IndiGo,6E 6348,2026-09-01,1,business,,,40966.0,False,09:00,ok,2026-08-31T05:46:31.755440+00:00,2026-08-31_0546IST
MAA,DEL,6E,IndiGo,6E 6348,2026-09-01,1,economy,,,12563.0,False,09:00,ok,2026-08-31T05:46:31.755440+00:00,2026-08-31_0546IST
MAA,DEL,6E,IndiGo,6E 6348,2026-09-01,1,business,,,40966.0,False,09:00,ok,2026-08-31T05:46:31.755440+00:00,2026-08-31_0546IST
MAA,DEL,6E,IndiGo,6E 6348,2026-09-01,1,economy,,,12563.0,False,09:00,ok,2026-08-31T05:46:31.755440+00:00,2026-08-31_0546IST
MAA,DEL,6E,IndiGo,6E 6348,2026-09-01,1,business,,,40966.0,False,09:00,ok,2026-08-31T05:46:31.755440+00:00,2026-08-31_0546IST
MAA,DEL,6E,IndiGo,6E 6348,2026-09-01,1,economy,,,12563.0,False,09:00,ok,2026-08-31T05:46:31.755440+00:00,2026-08-31_0546IST
MAA,DEL,6E,IndiGo,6E 6815,2026-09-01,1,economy,,,12884.0,False,08:55,ok,2026-08-31T05:46:31.755440+00:00,2026-08-31_0546IST
MAA,DEL,6E,IndiGo,6E 539,2026-09-01,1,economy,,,13382.0,False,11:25,ok,2026-08-31T05:46:31.755440+00:00,2026-08-31_0546IST
MAA,DEL,6E,IndiGo,6E 6326,2026-09-01,1,economy,,,14028.0,False,11:45,ok,2026-08-31T05:46:31.755440+00:00,2026-08-31_0546IST
MAA,DEL,6E,IndiGo,6E 6797,2026-09-01,1,economy,,,14303.0,False,13:10,ok,2026-08-31T05:46:31.755440+00:00,2026-08-31_0546IST
MAA,DEL,6E,IndiGo,6E 834,2026-09-01,1,economy,,,14513.0,False,09:05,ok,2026-08-31T05:46:31.755440+00:00,2026-08-31_0546IST
MAA,DEL,6E,IndiGo,6E 5371,2026-09-01,1,business,,,47116.0,False,14:45,ok,2026-08-31T05:46:31.755440+00:00,2026-08-31_0546IST
MAA,DEL,6E,IndiGo,6E 5371,2026-09-01,1,economy,,,15522.0,False,14:45,ok,2026-08-31T05:46:31.755440+00:00,2026-08-31_0546IST
MAA,DEL,6E,IndiGo,6E 6925,2026-09-01,1,economy,,,15661.0,False,12:00,ok,2026-08-31T05:46:31.755440+00:00,2026-08-31_0546IST
MAA,DEL,6E,IndiGo,6E 5258,2026-09-01,1,business,,,39741.0,False,12:45,ok,2026-08-31T05:46:31.755440+00:00,2026-08-31_0546IST
MAA,DEL,6E,IndiGo,6E 5258,2026-09-01,1,economy,,,15850.0,False,12:45,ok,2026-08-31T05:46:31.755440+00:00,2026-08-31_0546IST
MAA,DEL,6E,IndiGo,6E 502,2026-09-01,1,business,,,33135.0,False,11:10,ok,2026-08-31T05:46:31.755440+00:00,2026-08-31_0546IST
MAA,DEL,6E,IndiGo,6E 502,2026-09-01,1,economy,,,15893.0,False,11:10,ok,2026-08-31T05:46:31.755440+00:00,2026-08-31_0546IST
MAA,DEL,6E,IndiGo,6E 6140,2026-09-01,1,business,,,35672.0,False,02:30,ok,2026-08-31T05:46:31.755440+00:00,2026-08-31_0546IST
MAA,DEL,6E,IndiGo,6E 6140,2026-09-01,1,economy,,,17032.0,False,02:30,ok,2026-08-31T05:46:31.755440+00:00,2026-08-31_0546IST
MAA,DEL,6E,IndiGo,6E 5104,2026-09-01,1,business,,,40966.0,False,16:40,ok,2026-08-31T05:46:31.755440+00:00,2026-08-31_0546IST
MAA,DEL,6E,IndiGo,6E 5104,2026-09-01,1,economy,,,17032.0,False,16:40,ok,2026-08-31T05:46:31.755440+00:00,2026-08-31_0546IST
MAA,DEL,6E,IndiGo,6E 189,2026-09-01,1,economy,,,17259.0,False,19:05,ok,2026-08-31T05:46:31.755440+00:00,2026-08-31_0546IST
MAA,DEL,6E,IndiGo,6E 189,2026-09-01,1,economy,,,17259.0,False,19:05,ok,2026-08-31T05:46:31.755440+00:00,2026-08-31_0546IST
MAA,DEL,6E,IndiGo,6E 5314,2026-09-01,1,business,,,39741.0,False,06:45,ok,2026-08-31T05:46:31.755440+00:00,2026-08-31_0546IST
MAA,DEL,6E,IndiGo,6E 5314,2026-09-01,1,economy,,,17333.0,False,06:45,ok,2026-08-31T05:46:31.755440+00:00,2026-08-31_0546IST
MAA,DEL,6E,IndiGo,6E 597,2026-09-01,1,economy,,,17490.0,False,17:45,ok,2026-08-31T05:46:31.755440+00:00,2026-08-31_0546IST
MAA,DEL,6E,IndiGo,6E 6140,2026-09-01,1,business,,,43047.0,False,02:30,ok,2026-08-31T05:46:31.755440+00:00,2026-08-31_0546IST
MAA,DEL,6E,IndiGo,6E 6140,2026-09-01,1,economy,,,18449.0,False,02:30,ok,2026-08-31T05:46:31.755440+00:00,2026-08-31_0546IST
MAA,DEL,6E,IndiGo,6E 6158,2026-09-01,1,economy,,,19020.0,False,16:10,ok,2026-08-31T05:46:31.755440+00:00,2026-08-31_0546IST
MAA,DEL,6E,IndiGo,6E 834,2026-09-01,1,economy,,,19130.0,False,09:05,ok,2026-08-31T05:46:31.755440+00:00,2026-08-31_0546IST
MAA,DEL,6E,IndiGo,6E 848,2026-09-01,1,economy,,,20009.0,False,17:50,ok,2026-08-31T05:46:31.755440+00:00,2026-08-31_0546IST
MAA,DEL,6E,IndiGo,6E 495,2026-09-01,1,economy,,,20344.0,False,07:10,ok,2026-08-31T05:46:31.755440+00:00,2026-08-31_0546IST
MAA,DEL,6E,IndiGo,6E 6797,2026-09-01,1,economy,,,21243.0,False,13:10,ok,2026-08-31T05:46:31.755440+00:00,2026-08-31_0546IST
MAA,DEL,6E,IndiGo,6E 495,2026-09-01,1,economy,,,21954.0,False,07:10,ok,2026-08-31T05:46:31.755440+00:00,2026-08-31_0546IST
DEL,BOM,6E,IndiGo,6E 6047,2026-09-07,7,business,,,24260.0,False,11:00,ok,2026-08-31T05:47:29.859929+00:00,2026-08-31_0547IST
DEL,BOM,6E,IndiGo,6E 6047,2026-09-07,7,economy,,,6305.0,False,11:00,ok,2026-08-31T05:47:29.859929+00:00,2026-08-31_0547IST
DEL,BOM,6E,IndiGo,6E 6676,2026-09-07,7,business,,,28443.0,False,12:00,ok,2026-08-31T05:47:29.859929+00:00,2026-08-31_0547IST
DEL,BOM,6E,IndiGo,6E 6676,2026-09-07,7,economy,,,6305.0,False,12:00,ok,2026-08-31T05:47:29.859929+00:00,2026-08-31_0547IST
DEL,BOM,6E,IndiGo,6E 324,2026-09-07,7,business,,,24260.0,False,13:00,ok,2026-08-31T05:47:29.859929+00:00,2026-08-31_0547IST
DEL,BOM,6E,IndiGo,6E 324,2026-09-07,7,economy,,,6305.0,False,13:00,ok,2026-08-31T05:47:29.859929+00:00,2026-08-31_0547IST
DEL,BOM,6E,IndiGo,6E 6022,2026-09-07,7,business,,,24260.0,False,14:00,ok,2026-08-31T05:47:29.859929+00:00,2026-08-31_0547IST
DEL,BOM,6E,IndiGo,6E 6022,2026-09-07,7,economy,,,6305.0,False,14:00,ok,2026-08-31T05:47:29.859929+00:00,2026-08-31_0547IST
DEL,BOM,6E,IndiGo,6E 6318,2026-09-07,7,business,,,24260.0,False,14:45,ok,2026-08-31T05:47:29.859929+00:00,2026-08-31_0547IST
DEL,BOM,6E,IndiGo,6E 6318,2026-09-07,7,economy,,,6305.0,False,14:45,ok,2026-08-31T05:47:29.859929+00:00,2026-08-31_0547IST
DEL,BOM,6E,IndiGo,6E 864,2026-09-07,7,business,,,24260.0,False,15:30,ok,2026-08-31T05:47:29.859929+00:00,2026-08-31_0547IST
DEL,BOM,6E,IndiGo,6E 864,2026-09-07,7,economy,,,6305.0,False,15:30,ok,2026-08-31T05:47:29.859929+00:00,2026-08-31_0547IST
DEL,BOM,6E,IndiGo,6E 327,2026-09-07,7,business,,,24260.0,False,16:15,ok,2026-08-31T05:47:29.859929+00:00,2026-08-31_0547IST
DEL,BOM,6E,IndiGo,6E 327,2026-09-07,7,economy,,,6305.0,False,16:15,ok,2026-08-31T05:47:29.859929+00:00,2026-08-31_0547IST
DEL,BOM,6E,IndiGo,6E 6706,2026-09-07,7,business,,,24260.0,False,17:00,ok,2026-08-31T05:47:29.859929+00:00,2026-08-31_0547IST
DEL,BOM,6E,IndiGo,6E 6706,2026-09-07,7,economy,,,6305.0,False,17:00,ok,2026-08-31T05:47:29.859929+00:00,2026-08-31_0547IST
DEL,BOM,6E,IndiGo,6E 329,2026-09-07,7,business,,,24260.0,False,18:00,ok,2026-08-31T05:47:29.859929+00:00,2026-08-31_0547IST
DEL,BOM,6E,IndiGo,6E 329,2026-09-07,7,economy,,,6305.0,False,18:00,ok,2026-08-31T05:47:29.859929+00:00,2026-08-31_0547IST
DEL,BOM,6E,IndiGo,6E 354,2026-09-07,7,business,,,24260.0,False,19:00,ok,2026-08-31T05:47:29.859929+00:00,2026-08-31_0547IST
DEL,BOM,6E,IndiGo,6E 354,2026-09-07,7,economy,,,6305.0,False,19:00,ok,2026-08-31T05:47:29.859929+00:00,2026-08-31_0547IST
DEL,BOM,6E,IndiGo,6E 322,2026-09-07,7,business,,,24260.0,False,23:30,ok,2026-08-31T05:47:29.859929+00:00,2026-08-31_0547IST
DEL,BOM,6E,IndiGo,6E 322,2026-09-07,7,economy,,,6305.0,False,23:30,ok,2026-08-31T05:47:29.859929+00:00,2026-08-31_0547IST
DEL,BOM,6E,IndiGo,6E 6328,2026-09-07,7,business,,,24260.0,False,10:15,ok,2026-08-31T05:47:29.859929+00:00,2026-08-31_0547IST
DEL,BOM,6E,IndiGo,6E 6328,2026-09-07,7,economy,,,6357.0,False,10:15,ok,2026-08-31T05:47:29.859929+00:00,2026-08-31_0547IST
DEL,BOM,6E,IndiGo,6E 6114,2026-09-07,7,business,,,24260.0,False,22:45,ok,2026-08-31T05:47:29.859929+00:00,2026-08-31_0547IST
DEL,BOM,6E,IndiGo,6E 6114,2026-09-07,7,economy,,,6357.0,False,22:45,ok,2026-08-31T05:47:29.859929+00:00,2026-08-31_0547IST
DEL,BOM,6E,IndiGo,6E 449,2026-09-07,7,business,,,24260.0,False,05:00,ok,2026-08-31T05:47:29.859929+00:00,2026-08-31_0547IST
DEL,BOM,6E,IndiGo,6E 449,2026-09-07,7,economy,,,6431.0,False,05:00,ok,2026-08-31T05:47:29.859929+00:00,2026-08-31_0547IST
DEL,BOM,6E,IndiGo,6E 6218,2026-09-07,7,business,,,24260.0,False,06:05,ok,2026-08-31T05:47:29.859929+00:00,2026-08-31_0547IST
DEL,BOM,6E,IndiGo,6E 6218,2026-09-07,7,economy,,,6431.0,False,06:05,ok,2026-08-31T05:47:29.859929+00:00,2026-08-31_0547IST
DEL,BOM,6E,IndiGo,6E 675,2026-09-07,7,business,,,24260.0,False,08:45,ok,2026-08-31T05:47:29.859929+00:00,2026-08-31_0547IST
DEL,BOM,6E,IndiGo,6E 675,2026-09-07,7,economy,,,6431.0,False,08:45,ok,2026-08-31T05:47:29.859929+00:00,2026-08-31_0547IST
DEL,BOM,6E,IndiGo,6E 6107,2026-09-07,7,business,,,24260.0,False,09:30,ok,2026-08-31T05:47:29.859929+00:00,2026-08-31_0547IST
DEL,BOM,6E,IndiGo,6E 6107,2026-09-07,7,economy,,,6431.0,False,09:30,ok,2026-08-31T05:47:29.859929+00:00,2026-08-31_0547IST
DEL,BOM,6E,IndiGo,6E 303,2026-09-07,7,business,,,28443.0,False,20:00,ok,2026-08-31T05:47:29.859929+00:00,2026-08-31_0547IST
DEL,BOM,6E,IndiGo,6E 303,2026-09-07,7,economy,,,6431.0,False,20:00,ok,2026-08-31T05:47:29.859929+00:00,2026-08-31_0547IST
DEL,BOM,6E,IndiGo,6E 853,2026-09-07,7,business,,,24260.0,False,20:45,ok,2026-08-31T05:47:29.859929+00:00,2026-08-31_0547IST
DEL,BOM,6E,IndiGo,6E 853,2026-09-07,7,economy,,,6431.0,False,20:45,ok,2026-08-31T05:47:29.859929+00:00,2026-08-31_0547IST
DEL,BOM,6E,IndiGo,6E 395,2026-09-07,7,business,,,24260.0,False,21:45,ok,2026-08-31T05:47:29.859929+00:00,2026-08-31_0547IST
DEL,BOM,6E,IndiGo,6E 395,2026-09-07,7,economy,,,6431.0,False,21:45,ok,2026-08-31T05:47:29.859929+00:00,2026-08-31_0547IST
DEL,BOM,6E,IndiGo,6E 6814,2026-09-07,7,business,,,24260.0,False,07:15,ok,2026-08-31T05:47:29.859929+00:00,2026-08-31_0547IST
DEL,BOM,6E,IndiGo,6E 6814,2026-09-07,7,economy,,,7003.0,False,07:15,ok,2026-08-31T05:47:29.859929+00:00,2026-08-31_0547IST
DEL,BOM,6E,IndiGo,6E 320,2026-09-07,7,business,,,24260.0,False,08:00,ok,2026-08-31T05:47:29.859929+00:00,2026-08-31_0547IST
DEL,BOM,6E,IndiGo,6E 320,2026-09-07,7,economy,,,7003.0,False,08:00,ok,2026-08-31T05:47:29.859929+00:00,2026-08-31_0547IST
DEL,BOM,6E,IndiGo,6E 6261,2026-09-07,7,economy,,,6179.0,False,00:15,ok,2026-08-31T05:47:29.859929+00:00,2026-08-31_0547IST
DEL,BOM,6E,IndiGo,6E 5033,2026-09-07,7,economy,,,6179.0,False,15:50,ok,2026-08-31T05:47:29.859929+00:00,2026-08-31_0547IST
DEL,BOM,6E,IndiGo,6E 5014,2026-09-07,7,economy,,,6179.0,False,18:30,ok,2026-08-31T05:47:29.859929+00:00,2026-08-31_0547IST
DEL,BOM,6E,IndiGo,6E 931,2026-09-07,7,economy,,,6179.0,False,19:35,ok,2026-08-31T05:47:29.859929+00:00,2026-08-31_0547IST
DEL,BOM,6E,IndiGo,6E 2013,2026-09-07,7,economy,,,6179.0,False,21:50,ok,2026-08-31T05:47:29.859929+00:00,2026-08-31_0547IST
DEL,BOM,6E,IndiGo,6E 6018,2026-09-07,7,economy,,,6310.0,False,04:40,ok,2026-08-31T05:47:29.859929+00:00,2026-08-31_0547IST
DEL,BOM,6E,IndiGo,6E 6459,2026-09-07,7,economy,,,6310.0,False,05:55,ok,2026-08-31T05:47:29.859929+00:00,2026-08-31_0547IST
DEL,BOM,6E,IndiGo,6E 6443,2026-09-07,7,economy,,,6310.0,False,09:00,ok,2026-08-31T05:47:29.859929+00:00,2026-08-31_0547IST
DEL,BOM,6E,IndiGo,6E 2249,2026-09-07,7,economy,,,6310.0,False,15:00,ok,2026-08-31T05:47:29.859929+00:00,2026-08-31_0547IST
DEL,BOM,6E,IndiGo,6E 6433,2026-09-07,7,economy,,,6310.0,False,16:30,ok,2026-08-31T05:47:29.859929+00:00,2026-08-31_0547IST
DEL,BOM,6E,IndiGo,6E 6829,2026-09-07,7,economy,,,6310.0,False,17:20,ok,2026-08-31T05:47:29.859929+00:00,2026-08-31_0547IST
DEL,BOM,6E,IndiGo,6E 6829,2026-09-07,7,economy,,,6310.0,False,17:20,ok,2026-08-31T05:47:29.859929+00:00,2026-08-31_0547IST
DEL,BOM,6E,IndiGo,6E 5138,2026-09-07,7,economy,,,6310.0,False,19:10,ok,2026-08-31T05:47:29.859929+00:00,2026-08-31_0547IST
DEL,BOM,6E,IndiGo,6E 2169,2026-09-07,7,economy,,,6310.0,False,19:40,ok,2026-08-31T05:47:29.859929+00:00,2026-08-31_0547IST
DEL,BOM,6E,IndiGo,6E 6050,2026-09-07,7,economy,,,6389.0,False,08:15,ok,2026-08-31T05:47:29.859929+00:00,2026-08-31_0547IST
DEL,BOM,6E,IndiGo,6E 5298,2026-09-07,7,economy,,,6389.0,False,09:00,ok,2026-08-31T05:47:29.859929+00:00,2026-08-31_0547IST
DEL,BOM,6E,IndiGo,6E 5038,2026-09-07,7,economy,,,6389.0,False,14:00,ok,2026-08-31T05:47:29.859929+00:00,2026-08-31_0547IST
DEL,BOM,6E,IndiGo,6E 2151,2026-09-07,7,economy,,,6389.0,False,19:45,ok,2026-08-31T05:47:29.859929+00:00,2026-08-31_0547IST
DEL,BOM,6E,IndiGo,6E 6479,2026-09-07,7,economy,,,6389.0,False,21:25,ok,2026-08-31T05:47:29.859929+00:00,2026-08-31_0547IST
DEL,BOM,6E,IndiGo,6E 6282,2026-09-07,7,business,,,36166.0,False,13:30,ok,2026-08-31T05:47:29.859929+00:00,2026-08-31_0547IST
DEL,BOM,6E,IndiGo,6E 6282,2026-09-07,7,economy,,,6520.0,False,13:30,ok,2026-08-31T05:47:29.859929+00:00,2026-08-31_0547IST
DEL,BOM,6E,IndiGo,6E 6282,2026-09-07,7,business,,,36166.0,False,13:30,ok,2026-08-31T05:47:29.859929+00:00,2026-08-31_0547IST
DEL,BOM,6E,IndiGo,6E 6282,2026-09-07,7,economy,,,6520.0,False,13:30,ok,2026-08-31T05:47:29.859929+00:00,2026-08-31_0547IST
DEL,BOM,6E,IndiGo,6E 6212,2026-09-07,7,business,,,36166.0,False,14:45,ok,2026-08-31T05:47:29.859929+00:00,2026-08-31_0547IST
DEL,BOM,6E,IndiGo,6E 6212,2026-09-07,7,economy,,,6520.0,False,14:45,ok,2026-08-31T05:47:29.859929+00:00,2026-08-31_0547IST
DEL,BOM,6E,IndiGo,6E 6497,2026-09-07,7,economy,,,6520.0,False,18:40,ok,2026-08-31T05:47:29.859929+00:00,2026-08-31_0547IST
DEL,BOM,6E,IndiGo,6E 882,2026-09-07,7,economy,,,6520.0,False,23:15,ok,2026-08-31T05:47:29.859929+00:00,2026-08-31_0547IST
DEL,BOM,6E,IndiGo,6E 358,2026-09-07,7,economy,,,6599.0,False,12:15,ok,2026-08-31T05:47:29.859929+00:00,2026-08-31_0547IST
DEL,BOM,6E,IndiGo,6E 357,2026-09-07,7,economy,,,6599.0,False,19:30,ok,2026-08-31T05:47:29.859929+00:00,2026-08-31_0547IST
DEL,BOM,6E,IndiGo,6E 2076,2026-09-07,7,economy,,,6659.0,False,07:30,ok,2026-08-31T05:47:29.859929+00:00,2026-08-31_0547IST
DEL,BOM,6E,IndiGo,6E 5206,2026-09-07,7,economy,,,6869.0,False,13:20,ok,2026-08-31T05:47:29.859929+00:00,2026-08-31_0547IST
DEL,BOM,6E,IndiGo,6E 6569,2026-09-07,7,economy,,,7318.0,False,05:00,ok,2026-08-31T05:47:29.859929+00:00,2026-08-31_0547IST
DEL,BOM,6E,IndiGo,6E 2383,2026-09-07,7,economy,,,8405.0,False,05:40,ok,2026-08-31T05:47:29.859929+00:00,2026-08-31_0547IST
DEL,BOM,6E,IndiGo,6E 2298,2026-09-07,7,economy,,,8405.0,False,09:45,ok,2026-08-31T05:47:29.859929+00:00,2026-08-31_0547IST
DEL,BOM,6E,IndiGo,6E 2381,2026-09-07,7,economy,,,9447.0,False,13:45,ok,2026-08-31T05:47:29.859929+00:00,2026-08-31_0547IST
DEL,BOM,6E,IndiGo,6E 5073,2026-09-07,7,economy,,,9618.0,False,17:05,ok,2026-08-31T05:47:29.859929+00:00,2026-08-31_0547IST
DEL,BOM,6E,IndiGo,6E 2331,2026-09-07,7,economy,,,9903.0,False,12:20,ok,2026-08-31T05:47:29.859929+00:00,2026-08-31_0547IST
DEL,BOM,6E,IndiGo,6E 5119,2026-09-07,7,economy,,,10813.0,False,05:10,ok,2026-08-31T05:47:29.859929+00:00,2026-08-31_0547IST
DEL,BOM,6E,IndiGo,6E 6488,2026-09-07,7,economy,,,11044.0,False,11:20,ok,2026-08-31T05:47:29.859929+00:00,2026-08-31_0547IST
DEL,BOM,6E,IndiGo,6E 6601,2026-09-07,7,business,,,36166.0,False,19:45,ok,2026-08-31T05:47:29.859929+00:00,2026-08-31_0547IST
DEL,BOM,6E,IndiGo,6E 6601,2026-09-07,7,economy,,,11187.0,False,19:45,ok,2026-08-31T05:47:29.859929+00:00,2026-08-31_0547IST
DEL,BOM,6E,IndiGo,6E 6983,2026-09-07,7,economy,,,11656.0,False,15:35,ok,2026-08-31T05:47:29.859929+00:00,2026-08-31_0547IST
DEL,BOM,6E,IndiGo,6E 2341,2026-09-07,7,economy,,,11793.0,False,14:50,ok,2026-08-31T05:47:29.859929+00:00,2026-08-31_0547IST
DEL,BOM,6E,IndiGo,6E 5073,2026-09-07,7,economy,,,12232.0,False,17:05,ok,2026-08-31T05:47:29.859929+00:00,2026-08-31_0547IST
DEL,BOM,6E,IndiGo,6E 6293,2026-09-07,7,business,,,36166.0,False,09:55,ok,2026-08-31T05:47:29.859929+00:00,2026-08-31_0547IST
DEL,BOM,6E,IndiGo,6E 6293,2026-09-07,7,economy,,,12631.0,False,09:55,ok,2026-08-31T05:47:29.859929+00:00,2026-08-31_0547IST
DEL,BOM,6E,IndiGo,6E 717,2026-09-07,7,business,,,36166.0,False,17:55,ok,2026-08-31T05:47:29.859929+00:00,2026-08-31_0547IST
DEL,BOM,6E,IndiGo,6E 717,2026-09-07,7,economy,,,12777.0,False,17:55,ok,2026-08-31T05:47:29.859929+00:00,2026-08-31_0547IST
DEL,BOM,6E,IndiGo,6E 5119,2026-09-07,7,economy,,,12884.0,False,05:10,ok,2026-08-31T05:47:29.859929+00:00,2026-08-31_0547IST
DEL,BOM,6E,IndiGo,6E 704,2026-09-07,7,business,,,38630.0,False,02:25,ok,2026-08-31T05:47:29.859929+00:00,2026-08-31_0547IST
DEL,BOM,6E,IndiGo,6E 704,2026-09-07,7,economy,,,13695.0,False,02:25,ok,2026-08-31T05:47:29.859929+00:00,2026-08-31_0547IST
DEL,BOM,6E,IndiGo,6E 705,2026-09-07,7,business,,,36166.0,False,08:30,ok,2026-08-31T05:47:29.859929+00:00,2026-08-31_0547IST
DEL,BOM,6E,IndiGo,6E 705,2026-09-07,7,economy,,,20223.0,False,08:30,ok,2026-08-31T05:47:29.859929+00:00,2026-08-31_0547IST
DEL,BLR,6E,IndiGo,6E 6515,2026-09-07,7,business,,,29794.0,False,20:45,ok,2026-08-31T05:48:40.227229+00:00,2026-08-31_0548IST
DEL,BLR,6E,IndiGo,6E 6515,2026-09-07,7,economy,,,8523.0,False,20:45,ok,2026-08-31T05:48:40.227229+00:00,2026-08-31_0548IST
DEL,BLR,6E,IndiGo,6E 846,2026-09-07,7,business,,,29794.0,False,22:00,ok,2026-08-31T05:48:40.227229+00:00,2026-08-31_0548IST
DEL,BLR,6E,IndiGo,6E 846,2026-09-07,7,economy,,,8523.0,False,22:00,ok,2026-08-31T05:48:40.227229+00:00,2026-08-31_0548IST
DEL,BLR,6E,IndiGo,6E 871,2026-09-07,7,business,,,29794.0,False,23:30,ok,2026-08-31T05:48:40.227229+00:00,2026-08-31_0548IST
DEL,BLR,6E,IndiGo,6E 871,2026-09-07,7,economy,,,8523.0,False,23:30,ok,2026-08-31T05:48:40.227229+00:00,2026-08-31_0548IST
DEL,BLR,6E,IndiGo,6E 880,2026-09-07,7,business,,,29794.0,False,15:45,ok,2026-08-31T05:48:40.227229+00:00,2026-08-31_0548IST
DEL,BLR,6E,IndiGo,6E 880,2026-09-07,7,economy,,,9465.0,False,15:45,ok,2026-08-31T05:48:40.227229+00:00,2026-08-31_0548IST
DEL,BLR,6E,IndiGo,6E 837,2026-09-07,7,business,,,29794.0,False,17:00,ok,2026-08-31T05:48:40.227229+00:00,2026-08-31_0548IST
DEL,BLR,6E,IndiGo,6E 837,2026-09-07,7,economy,,,9465.0,False,17:00,ok,2026-08-31T05:48:40.227229+00:00,2026-08-31_0548IST
DEL,BLR,6E,IndiGo,6E 811,2026-09-07,7,business,,,29794.0,False,18:20,ok,2026-08-31T05:48:40.227229+00:00,2026-08-31_0548IST
DEL,BLR,6E,IndiGo,6E 811,2026-09-07,7,economy,,,9465.0,False,18:20,ok,2026-08-31T05:48:40.227229+00:00,2026-08-31_0548IST
DEL,BLR,6E,IndiGo,6E 861,2026-09-07,7,business,,,29794.0,False,19:30,ok,2026-08-31T05:48:40.227229+00:00,2026-08-31_0548IST
DEL,BLR,6E,IndiGo,6E 861,2026-09-07,7,economy,,,9465.0,False,19:30,ok,2026-08-31T05:48:40.227229+00:00,2026-08-31_0548IST
DEL,BLR,6E,IndiGo,6E 826,2026-09-07,7,business,,,29794.0,False,09:30,ok,2026-08-31T05:48:40.227229+00:00,2026-08-31_0548IST
DEL,BLR,6E,IndiGo,6E 826,2026-09-07,7,economy,,,9980.0,False,09:30,ok,2026-08-31T05:48:40.227229+00:00,2026-08-31_0548IST
DEL,BLR,6E,IndiGo,6E 176,2026-09-07,7,business,,,29794.0,False,13:15,ok,2026-08-31T05:48:40.227229+00:00,2026-08-31_0548IST
DEL,BLR,6E,IndiGo,6E 176,2026-09-07,7,economy,,,9980.0,False,13:15,ok,2026-08-31T05:48:40.227229+00:00,2026-08-31_0548IST
DEL,BLR,6E,IndiGo,6E 828,2026-09-07,7,business,,,29794.0,False,14:30,ok,2026-08-31T05:48:40.227229+00:00,2026-08-31_0548IST
DEL,BLR,6E,IndiGo,6E 828,2026-09-07,7,economy,,,9980.0,False,14:30,ok,2026-08-31T05:48:40.227229+00:00,2026-08-31_0548IST
DEL,BLR,6E,IndiGo,6E 2314,2026-09-07,7,business,,,29794.0,False,05:45,ok,2026-08-31T05:48:40.227229+00:00,2026-08-31_0548IST
DEL,BLR,6E,IndiGo,6E 2314,2026-09-07,7,economy,,,10527.0,False,05:45,ok,2026-08-31T05:48:40.227229+00:00,2026-08-31_0548IST
DEL,BLR,6E,IndiGo,6E 810,2026-09-07,7,business,,,29794.0,False,07:05,ok,2026-08-31T05:48:40.227229+00:00,2026-08-31_0548IST
DEL,BLR,6E,IndiGo,6E 810,2026-09-07,7,economy,,,10527.0,False,07:05,ok,2026-08-31T05:48:40.227229+00:00,2026-08-31_0548IST
DEL,BLR,6E,IndiGo,6E 873,2026-09-07,7,business,,,29794.0,False,08:20,ok,2026-08-31T05:48:40.227229+00:00,2026-08-31_0548IST
DEL,BLR,6E,IndiGo,6E 873,2026-09-07,7,economy,,,10527.0,False,08:20,ok,2026-08-31T05:48:40.227229+00:00,2026-08-31_0548IST
DEL,BLR,6E,IndiGo,6E 842,2026-09-07,7,business,,,29794.0,False,10:45,ok,2026-08-31T05:48:40.227229+00:00,2026-08-31_0548IST
DEL,BLR,6E,IndiGo,6E 842,2026-09-07,7,economy,,,10527.0,False,10:45,ok,2026-08-31T05:48:40.227229+00:00,2026-08-31_0548IST
DEL,BLR,6E,IndiGo,6E 850,2026-09-07,7,business,,,29794.0,False,12:20,ok,2026-08-31T05:48:40.227229+00:00,2026-08-31_0548IST
DEL,BLR,6E,IndiGo,6E 850,2026-09-07,7,economy,,,10527.0,False,12:20,ok,2026-08-31T05:48:40.227229+00:00,2026-08-31_0548IST
DEL,BLR,6E,IndiGo,6E 820,2026-09-07,7,business,,,29794.0,False,03:00,ok,2026-08-31T05:48:40.227229+00:00,2026-08-31_0548IST
DEL,BLR,6E,IndiGo,6E 820,2026-09-07,7,economy,,,11725.0,False,03:00,ok,2026-08-31T05:48:40.227229+00:00,2026-08-31_0548IST
DEL,BLR,6E,IndiGo,6E 6212,2026-09-07,7,business,,,27403.0,False,14:45,ok,2026-08-31T05:48:40.227229+00:00,2026-08-31_0548IST
DEL,BLR,6E,IndiGo,6E 6212,2026-09-07,7,economy,,,9629.0,False,14:45,ok,2026-08-31T05:48:40.227229+00:00,2026-08-31_0548IST
DEL,BLR,6E,IndiGo,6E 6217,2026-09-07,7,business,,,27769.0,False,16:15,ok,2026-08-31T05:48:40.227229+00:00,2026-08-31_0548IST
DEL,BLR,6E,IndiGo,6E 6217,2026-09-07,7,economy,,,9894.0,False,16:15,ok,2026-08-31T05:48:40.227229+00:00,2026-08-31_0548IST
DEL,BLR,6E,IndiGo,6E 6433,2026-09-07,7,economy,,,9999.0,False,16:30,ok,2026-08-31T05:48:40.227229+00:00,2026-08-31_0548IST
DEL,BLR,6E,IndiGo,6E 6282,2026-09-07,7,business,,,28173.0,False,13:30,ok,2026-08-31T05:48:40.227229+00:00,2026-08-31_0548IST
DEL,BLR,6E,IndiGo,6E 6282,2026-09-07,7,economy,,,10077.0,False,13:30,ok,2026-08-31T05:48:40.227229+00:00,2026-08-31_0548IST
DEL,BLR,6E,IndiGo,6E 717,2026-09-07,7,business,,,27403.0,False,17:55,ok,2026-08-31T05:48:40.227229+00:00,2026-08-31_0548IST
DEL,BLR,6E,IndiGo,6E 717,2026-09-07,7,economy,,,10077.0,False,17:55,ok,2026-08-31T05:48:40.227229+00:00,2026-08-31_0548IST
DEL,BLR,6E,IndiGo,6E 5119,2026-09-07,7,economy,,,10209.0,False,05:10,ok,2026-08-31T05:48:40.227229+00:00,2026-08-31_0548IST
DEL,BLR,6E,IndiGo,6E 6459,2026-09-07,7,economy,,,10209.0,False,05:55,ok,2026-08-31T05:48:40.227229+00:00,2026-08-31_0548IST
DEL,BLR,6E,IndiGo,6E 6470,2026-09-07,7,economy,,,10209.0,False,06:55,ok,2026-08-31T05:48:40.227229+00:00,2026-08-31_0548IST
DEL,BLR,6E,IndiGo,6E 6022,2026-09-07,7,business,,,40388.0,False,14:00,ok,2026-08-31T05:48:40.227229+00:00,2026-08-31_0548IST
DEL,BLR,6E,IndiGo,6E 6022,2026-09-07,7,economy,,,10209.0,False,14:00,ok,2026-08-31T05:48:40.227229+00:00,2026-08-31_0548IST
DEL,BLR,6E,IndiGo,6E 2557,2026-09-07,7,economy,,,10209.0,False,15:20,ok,2026-08-31T05:48:40.227229+00:00,2026-08-31_0548IST
DEL,BLR,6E,IndiGo,6E 6437,2026-09-07,7,business,,,27238.0,False,16:25,ok,2026-08-31T05:48:40.227229+00:00,2026-08-31_0548IST
DEL,BLR,6E,IndiGo,6E 6437,2026-09-07,7,economy,,,10209.0,False,16:25,ok,2026-08-31T05:48:40.227229+00:00,2026-08-31_0548IST
DEL,BLR,6E,IndiGo,6E 6706,2026-09-07,7,business,,,40388.0,False,17:00,ok,2026-08-31T05:48:40.227229+00:00,2026-08-31_0548IST
DEL,BLR,6E,IndiGo,6E 6706,2026-09-07,7,economy,,,10209.0,False,17:00,ok,2026-08-31T05:48:40.227229+00:00,2026-08-31_0548IST
DEL,BLR,6E,IndiGo,6E 5073,2026-09-07,7,economy,,,10209.0,False,17:05,ok,2026-08-31T05:48:40.227229+00:00,2026-08-31_0548IST
DEL,BLR,6E,IndiGo,6E 329,2026-09-07,7,business,,,40388.0,False,18:00,ok,2026-08-31T05:48:40.227229+00:00,2026-08-31_0548IST
DEL,BLR,6E,IndiGo,6E 329,2026-09-07,7,economy,,,10209.0,False,18:00,ok,2026-08-31T05:48:40.227229+00:00,2026-08-31_0548IST
DEL,BLR,6E,IndiGo,6E 329,2026-09-07,7,business,,,40388.0,False,18:00,ok,2026-08-31T05:48:40.227229+00:00,2026-08-31_0548IST
DEL,BLR,6E,IndiGo,6E 329,2026-09-07,7,economy,,,10209.0,False,18:00,ok,2026-08-31T05:48:40.227229+00:00,2026-08-31_0548IST
DEL,BLR,6E,IndiGo,6E 931,2026-09-07,7,economy,,,10209.0,False,19:35,ok,2026-08-31T05:48:40.227229+00:00,2026-08-31_0548IST
DEL,BLR,6E,IndiGo,6E 853,2026-09-07,7,business,,,40388.0,False,20:45,ok,2026-08-31T05:48:40.227229+00:00,2026-08-31_0548IST
DEL,BLR,6E,IndiGo,6E 853,2026-09-07,7,economy,,,10209.0,False,20:45,ok,2026-08-31T05:48:40.227229+00:00,2026-08-31_0548IST
DEL,BLR,6E,IndiGo,6E 6673,2026-09-07,7,economy,,,10209.0,False,21:15,ok,2026-08-31T05:48:40.227229+00:00,2026-08-31_0548IST
DEL,BLR,6E,IndiGo,6E 2618,2026-09-07,7,business,,,26851.0,False,23:00,ok,2026-08-31T05:48:40.227229+00:00,2026-08-31_0548IST
DEL,BLR,6E,IndiGo,6E 2618,2026-09-07,7,economy,,,10209.0,False,23:00,ok,2026-08-31T05:48:40.227229+00:00,2026-08-31_0548IST
DEL,BLR,6E,IndiGo,6E 6476,2026-09-07,7,economy,,,10287.0,False,07:05,ok,2026-08-31T05:48:40.227229+00:00,2026-08-31_0548IST
DEL,BLR,6E,IndiGo,6E 940,2026-09-07,7,economy,,,10287.0,False,09:15,ok,2026-08-31T05:48:40.227229+00:00,2026-08-31_0548IST
DEL,BLR,6E,IndiGo,6E 434,2026-09-07,7,economy,,,10287.0,False,11:00,ok,2026-08-31T05:48:40.227229+00:00,2026-08-31_0548IST
DEL,BLR,6E,IndiGo,6E 358,2026-09-07,7,economy,,,10287.0,False,12:15,ok,2026-08-31T05:48:40.227229+00:00,2026-08-31_0548IST
DEL,BLR,6E,IndiGo,6E 5038,2026-09-07,7,economy,,,10287.0,False,14:00,ok,2026-08-31T05:48:40.227229+00:00,2026-08-31_0548IST
DEL,BLR,6E,IndiGo,6E 6091,2026-09-07,7,economy,,,10287.0,False,15:15,ok,2026-08-31T05:48:40.227229+00:00,2026-08-31_0548IST
DEL,BLR,6E,IndiGo,6E 5033,2026-09-07,7,economy,,,10287.0,False,15:50,ok,2026-08-31T05:48:40.227229+00:00,2026-08-31_0548IST
DEL,BLR,6E,IndiGo,6E 947,2026-09-07,7,economy,,,10287.0,False,16:40,ok,2026-08-31T05:48:40.227229+00:00,2026-08-31_0548IST
DEL,BLR,6E,IndiGo,6E 6632,2026-09-07,7,economy,,,10287.0,False,17:50,ok,2026-08-31T05:48:40.227229+00:00,2026-08-31_0548IST
DEL,BLR,6E,IndiGo,6E 950,2026-09-07,7,economy,,,10287.0,False,18:15,ok,2026-08-31T05:48:40.227229+00:00,2026-08-31_0548IST
DEL,BLR,6E,IndiGo,6E 2151,2026-09-07,7,economy,,,10287.0,False,19:45,ok,2026-08-31T05:48:40.227229+00:00,2026-08-31_0548IST
DEL,BLR,6E,IndiGo,6E 6497,2026-09-07,7,economy,,,10419.0,False,18:40,ok,2026-08-31T05:48:40.227229+00:00,2026-08-31_0548IST
DEL,BLR,6E,IndiGo,6E 5001,2026-09-07,7,economy,,,10445.0,False,17:10,ok,2026-08-31T05:48:40.227229+00:00,2026-08-31_0548IST
DEL,BLR,6E,IndiGo,6E 5191,2026-09-07,7,business,,,34496.0,False,05:00,ok,2026-08-31T05:48:40.227229+00:00,2026-08-31_0548IST
DEL,BLR,6E,IndiGo,6E 5191,2026-09-07,7,economy,,,10629.0,False,05:00,ok,2026-08-31T05:48:40.227229+00:00,2026-08-31_0548IST
DEL,BLR,6E,IndiGo,6E 6115,2026-09-07,7,economy,,,11069.0,False,13:10,ok,2026-08-31T05:48:40.227229+00:00,2026-08-31_0548IST
DEL,BLR,6E,IndiGo,6E 884,2026-09-07,7,business,,,29112.0,False,11:45,ok,2026-08-31T05:48:40.227229+00:00,2026-08-31_0548IST
DEL,BLR,6E,IndiGo,6E 884,2026-09-07,7,economy,,,11403.0,False,11:45,ok,2026-08-31T05:48:40.227229+00:00,2026-08-31_0548IST
DEL,BLR,6E,IndiGo,6E 513,2026-09-07,7,business,,,33788.0,False,08:30,ok,2026-08-31T05:48:40.227229+00:00,2026-08-31_0548IST
DEL,BLR,6E,IndiGo,6E 513,2026-09-07,7,economy,,,12261.0,False,08:30,ok,2026-08-31T05:48:40.227229+00:00,2026-08-31_0548IST
DEL,BLR,6E,IndiGo,6E 6293,2026-09-07,7,business,,,28620.0,False,09:55,ok,2026-08-31T05:48:40.227229+00:00,2026-08-31_0548IST
DEL,BLR,6E,IndiGo,6E 6293,2026-09-07,7,economy,,,12311.0,False,09:55,ok,2026-08-31T05:48:40.227229+00:00,2026-08-31_0548IST
DEL,BLR,6E,IndiGo,6E 704,2026-09-07,7,business,,,29112.0,False,02:25,ok,2026-08-31T05:48:40.227229+00:00,2026-08-31_0548IST
DEL,BLR,6E,IndiGo,6E 704,2026-09-07,7,economy,,,12436.0,False,02:25,ok,2026-08-31T05:48:40.227229+00:00,2026-08-31_0548IST
DEL,BLR,6E,IndiGo,6E 2349,2026-09-07,7,economy,,,12480.0,False,10:55,ok,2026-08-31T05:48:40.227229+00:00,2026-08-31_0548IST
DEL,BLR,6E,IndiGo,6E 320,2026-09-07,7,business,,,40388.0,False,08:00,ok,2026-08-31T05:48:40.227229+00:00,2026-08-31_0548IST
DEL,BLR,6E,IndiGo,6E 320,2026-09-07,7,economy,,,12694.0,False,08:00,ok,2026-08-31T05:48:40.227229+00:00,2026-08-31_0548IST
DEL,BLR,6E,IndiGo,6E 2277,2026-09-07,7,economy,,,12850.0,False,10:25,ok,2026-08-31T05:48:40.227229+00:00,2026-08-31_0548IST
DEL,BLR,6E,IndiGo,6E 6829,2026-09-07,7,economy,,,13797.0,False,17:20,ok,2026-08-31T05:48:40.227229+00:00,2026-08-31_0548IST
DEL,BLR,6E,IndiGo,6E 2343,2026-09-07,7,business,,,29812.0,False,02:20,ok,2026-08-31T05:48:40.227229+00:00,2026-08-31_0548IST
DEL,BLR,6E,IndiGo,6E 2343,2026-09-07,7,economy,,,14892.0,False,02:20,ok,2026-08-31T05:48:40.227229+00:00,2026-08-31_0548IST
DEL,BLR,6E,IndiGo,6E 2364,2026-09-07,7,economy,,,20650.0,False,04:50,ok,2026-08-31T05:48:40.227229+00:00,2026-08-31_0548IST
BOM,BLR,6E,IndiGo,6E 5323,2026-09-07,7,business,,,22340.0,False,01:10,ok,2026-08-31T05:49:35.674358+00:00,2026-08-31_0549IST
BOM,BLR,6E,IndiGo,6E 5323,2026-09-07,7,economy,,,5573.0,False,01:10,ok,2026-08-31T05:49:35.674358+00:00,2026-08-31_0549IST
BOM,BLR,6E,IndiGo,6E 5294,2026-09-07,7,business,,,22340.0,False,04:30,ok,2026-08-31T05:49:35.674358+00:00,2026-08-31_0549IST
BOM,BLR,6E,IndiGo,6E 5294,2026-09-07,7,economy,,,5573.0,False,04:30,ok,2026-08-31T05:49:35.674358+00:00,2026-08-31_0549IST
BOM,BLR,6E,IndiGo,6E 5296,2026-09-07,7,business,,,22340.0,False,06:30,ok,2026-08-31T05:49:35.674358+00:00,2026-08-31_0549IST
BOM,BLR,6E,IndiGo,6E 5296,2026-09-07,7,economy,,,6599.0,False,06:30,ok,2026-08-31T05:49:35.674358+00:00,2026-08-31_0549IST
BOM,BLR,6E,IndiGo,6E 5193,2026-09-07,7,economy,,,6599.0,False,08:05,ok,2026-08-31T05:49:35.674358+00:00,2026-08-31_0549IST
BOM,BLR,6E,IndiGo,6E 5092,2026-09-07,7,business,,,22340.0,False,09:50,ok,2026-08-31T05:49:35.674358+00:00,2026-08-31_0549IST
BOM,BLR,6E,IndiGo,6E 5092,2026-09-07,7,economy,,,6599.0,False,09:50,ok,2026-08-31T05:49:35.674358+00:00,2026-08-31_0549IST
BOM,BLR,6E,IndiGo,6E 5217,2026-09-07,7,business,,,22340.0,False,11:00,ok,2026-08-31T05:49:35.674358+00:00,2026-08-31_0549IST
BOM,BLR,6E,IndiGo,6E 5217,2026-09-07,7,economy,,,6599.0,False,11:00,ok,2026-08-31T05:49:35.674358+00:00,2026-08-31_0549IST
BOM,BLR,6E,IndiGo,6E 5184,2026-09-07,7,business,,,22340.0,False,12:30,ok,2026-08-31T05:49:35.674358+00:00,2026-08-31_0549IST
BOM,BLR,6E,IndiGo,6E 5184,2026-09-07,7,economy,,,6599.0,False,12:30,ok,2026-08-31T05:49:35.674358+00:00,2026-08-31_0549IST
BOM,BLR,6E,IndiGo,6E 5382,2026-09-07,7,business,,,22340.0,False,14:30,ok,2026-08-31T05:49:35.674358+00:00,2026-08-31_0549IST
BOM,BLR,6E,IndiGo,6E 5382,2026-09-07,7,economy,,,6599.0,False,14:30,ok,2026-08-31T05:49:35.674358+00:00,2026-08-31_0549IST
BOM,BLR,6E,IndiGo,6E 5221,2026-09-07,7,business,,,22340.0,False,17:00,ok,2026-08-31T05:49:35.674358+00:00,2026-08-31_0549IST
BOM,BLR,6E,IndiGo,6E 5221,2026-09-07,7,economy,,,6599.0,False,17:00,ok,2026-08-31T05:49:35.674358+00:00,2026-08-31_0549IST
BOM,BLR,6E,IndiGo,6E 5047,2026-09-07,7,business,,,22340.0,False,18:30,ok,2026-08-31T05:49:35.674358+00:00,2026-08-31_0549IST
BOM,BLR,6E,IndiGo,6E 5047,2026-09-07,7,economy,,,6599.0,False,18:30,ok,2026-08-31T05:49:35.674358+00:00,2026-08-31_0549IST
BOM,BLR,6E,IndiGo,6E 6188,2026-09-07,7,business,,,22340.0,False,21:30,ok,2026-08-31T05:49:35.674358+00:00,2026-08-31_0549IST
BOM,BLR,6E,IndiGo,6E 6188,2026-09-07,7,economy,,,6599.0,False,21:30,ok,2026-08-31T05:49:35.674358+00:00,2026-08-31_0549IST
BOM,BLR,6E,IndiGo,6E 5388,2026-09-07,7,business,,,22340.0,False,22:20,ok,2026-08-31T05:49:35.674358+00:00,2026-08-31_0549IST
BOM,BLR,6E,IndiGo,6E 5388,2026-09-07,7,economy,,,6599.0,False,22:20,ok,2026-08-31T05:49:35.674358+00:00,2026-08-31_0549IST
BOM,BLR,6E,IndiGo,6E 261,2026-09-07,7,economy,,,6013.0,False,11:20,ok,2026-08-31T05:49:35.674358+00:00,2026-08-31_0549IST
BOM,BLR,6E,IndiGo,6E 6187,2026-09-07,7,economy,,,6145.0,False,00:30,ok,2026-08-31T05:49:35.674358+00:00,2026-08-31_0549IST
BOM,BLR,6E,IndiGo,6E 6057,2026-09-07,7,economy,,,6145.0,False,09:15,ok,2026-08-31T05:49:35.674358+00:00,2026-08-31_0549IST
BOM,BLR,6E,IndiGo,6E 5386,2026-09-07,7,business,,,23833.0,False,15:10,ok,2026-08-31T05:49:35.674358+00:00,2026-08-31_0549IST
BOM,BLR,6E,IndiGo,6E 5386,2026-09-07,7,economy,,,6145.0,False,15:10,ok,2026-08-31T05:49:35.674358+00:00,2026-08-31_0549IST
BOM,BLR,6E,IndiGo,6E 5386,2026-09-07,7,business,,,23062.0,False,15:10,ok,2026-08-31T05:49:35.674358+00:00,2026-08-31_0549IST
BOM,BLR,6E,IndiGo,6E 5386,2026-09-07,7,economy,,,6145.0,False,15:10,ok,2026-08-31T05:49:35.674358+00:00,2026-08-31_0549IST
BOM,BLR,6E,IndiGo,6E 5386,2026-09-07,7,business,,,23428.0,False,15:10,ok,2026-08-31T05:49:35.674358+00:00,2026-08-31_0549IST
BOM,BLR,6E,IndiGo,6E 5386,2026-09-07,7,economy,,,6145.0,False,15:10,ok,2026-08-31T05:49:35.674358+00:00,2026-08-31_0549IST
BOM,BLR,6E,IndiGo,6E 5386,2026-09-07,7,business,,,23062.0,False,15:10,ok,2026-08-31T05:49:35.674358+00:00,2026-08-31_0549IST
BOM,BLR,6E,IndiGo,6E 5386,2026-09-07,7,economy,,,6145.0,False,15:10,ok,2026-08-31T05:49:35.674358+00:00,2026-08-31_0549IST
BOM,BLR,6E,IndiGo,6E 5228,2026-09-07,7,business,,,23428.0,False,16:45,ok,2026-08-31T05:49:35.674358+00:00,2026-08-31_0549IST
BOM,BLR,6E,IndiGo,6E 5228,2026-09-07,7,economy,,,6145.0,False,16:45,ok,2026-08-31T05:49:35.674358+00:00,2026-08-31_0549IST
BOM,BLR,6E,IndiGo,6E 5228,2026-09-07,7,business,,,23062.0,False,16:45,ok,2026-08-31T05:49:35.674358+00:00,2026-08-31_0549IST
BOM,BLR,6E,IndiGo,6E 5228,2026-09-07,7,economy,,,6145.0,False,16:45,ok,2026-08-31T05:49:35.674358+00:00,2026-08-31_0549IST
BOM,BLR,6E,IndiGo,6E 6802,2026-09-07,7,economy,,,6276.0,False,16:55,ok,2026-08-31T05:49:35.674358+00:00,2026-08-31_0549IST
BOM,BLR,6E,IndiGo,6E 136,2026-09-07,7,economy,,,6355.0,False,04:05,ok,2026-08-31T05:49:35.674358+00:00,2026-08-31_0549IST
BOM,BLR,6E,IndiGo,6E 136,2026-09-07,7,economy,,,6355.0,False,04:05,ok,2026-08-31T05:49:35.674358+00:00,2026-08-31_0549IST
BOM,BLR,6E,IndiGo,6E 136,2026-09-07,7,economy,,,6355.0,False,04:05,ok,2026-08-31T05:49:35.674358+00:00,2026-08-31_0549IST
BOM,BLR,6E,IndiGo,6E 6701,2026-09-07,7,economy,,,6355.0,False,05:35,ok,2026-08-31T05:49:35.674358+00:00,2026-08-31_0549IST
BOM,BLR,6E,IndiGo,6E 6701,2026-09-07,7,economy,,,6355.0,False,05:35,ok,2026-08-31T05:49:35.674358+00:00,2026-08-31_0549IST
BOM,BLR,6E,IndiGo,6E 5188,2026-09-07,7,economy,,,6355.0,False,06:15,ok,2026-08-31T05:49:35.674358+00:00,2026-08-31_0549IST
BOM,BLR,6E,IndiGo,6E 5204,2026-09-07,7,economy,,,6355.0,False,08:15,ok,2026-08-31T05:49:35.674358+00:00,2026-08-31_0549IST
BOM,BLR,6E,IndiGo,6E 5109,2026-09-07,7,economy,,,6355.0,False,09:35,ok,2026-08-31T05:49:35.674358+00:00,2026-08-31_0549IST
BOM,BLR,6E,IndiGo,6E 5313,2026-09-07,7,economy,,,6355.0,False,09:50,ok,2026-08-31T05:49:35.674358+00:00,2026-08-31_0549IST
BOM,BLR,6E,IndiGo,6E 5313,2026-09-07,7,economy,,,6355.0,False,09:50,ok,2026-08-31T05:49:35.674358+00:00,2026-08-31_0549IST
BOM,BLR,6E,IndiGo,6E 6349,2026-09-07,7,economy,,,6355.0,False,11:40,ok,2026-08-31T05:49:35.674358+00:00,2026-08-31_0549IST
BOM,BLR,6E,IndiGo,6E 673,2026-09-07,7,economy,,,6355.0,False,12:30,ok,2026-08-31T05:49:35.674358+00:00,2026-08-31_0549IST
BOM,BLR,6E,IndiGo,6E 673,2026-09-07,7,economy,,,6355.0,False,12:30,ok,2026-08-31T05:49:35.674358+00:00,2026-08-31_0549IST
BOM,BLR,6E,IndiGo,6E 5337,2026-09-07,7,economy,,,6355.0,False,13:45,ok,2026-08-31T05:49:35.674358+00:00,2026-08-31_0549IST
BOM,BLR,6E,IndiGo,6E 5196,2026-09-07,7,economy,,,6355.0,False,15:25,ok,2026-08-31T05:49:35.674358+00:00,2026-08-31_0549IST
BOM,BLR,6E,IndiGo,6E 5196,2026-09-07,7,economy,,,6355.0,False,15:25,ok,2026-08-31T05:49:35.674358+00:00,2026-08-31_0549IST
BOM,BLR,6E,IndiGo,6E 240,2026-09-07,7,economy,,,6355.0,False,15:45,ok,2026-08-31T05:49:35.674358+00:00,2026-08-31_0549IST
BOM,BLR,6E,IndiGo,6E 437,2026-09-07,7,economy,,,6355.0,False,17:10,ok,2026-08-31T05:49:35.674358+00:00,2026-08-31_0549IST
BOM,BLR,6E,IndiGo,6E 5048,2026-09-07,7,economy,,,6355.0,False,17:25,ok,2026-08-31T05:49:35.674358+00:00,2026-08-31_0549IST
BOM,BLR,6E,IndiGo,6E 6361,2026-09-07,7,economy,,,6494.0,False,05:00,ok,2026-08-31T05:49:35.674358+00:00,2026-08-31_0549IST
BOM,BLR,6E,IndiGo,6E 261,2026-09-07,7,economy,,,7021.0,False,11:20,ok,2026-08-31T05:49:35.674358+00:00,2026-08-31_0549IST
BOM,BLR,6E,IndiGo,6E 5082,2026-09-07,7,economy,,,7021.0,False,18:05,ok,2026-08-31T05:49:35.674358+00:00,2026-08-31_0549IST
BOM,BLR,6E,IndiGo,6E 5178,2026-09-07,7,business,,,23833.0,False,11:45,ok,2026-08-31T05:49:35.674358+00:00,2026-08-31_0549IST
BOM,BLR,6E,IndiGo,6E 5178,2026-09-07,7,economy,,,7153.0,False,11:45,ok,2026-08-31T05:49:35.674358+00:00,2026-08-31_0549IST
BOM,BLR,6E,IndiGo,6E 5126,2026-09-07,7,economy,,,7363.0,False,18:15,ok,2026-08-31T05:49:35.674358+00:00,2026-08-31_0549IST
BOM,BLR,6E,IndiGo,6E 6599,2026-09-07,7,economy,,,7494.0,False,16:50,ok,2026-08-31T05:49:35.674358+00:00,2026-08-31_0549IST
BOM,BLR,6E,IndiGo,6E 632,2026-09-07,7,economy,,,7943.0,False,04:00,ok,2026-08-31T05:49:35.674358+00:00,2026-08-31_0549IST
BOM,BLR,6E,IndiGo,6E 2237,2026-09-07,7,economy,,,7943.0,False,18:40,ok,2026-08-31T05:49:35.674358+00:00,2026-08-31_0549IST
BOM,BLR,6E,IndiGo,6E 5107,2026-09-07,7,economy,,,7943.0,False,20:00,ok,2026-08-31T05:49:35.674358+00:00,2026-08-31_0549IST
BOM,BLR,6E,IndiGo,6E 230,2026-09-07,7,economy,,,8809.0,False,13:55,ok,2026-08-31T05:49:35.674358+00:00,2026-08-31_0549IST
BOM,BLR,6E,IndiGo,6E 5241,2026-09-07,7,economy,,,8809.0,False,16:40,ok,2026-08-31T05:49:35.674358+00:00,2026-08-31_0549IST
BOM,BLR,6E,IndiGo,6E 6349,2026-09-07,7,economy,,,9046.0,False,11:40,ok,2026-08-31T05:49:35.674358+00:00,2026-08-31_0549IST
BOM,BLR,6E,IndiGo,6E 5337,2026-09-07,7,economy,,,9046.0,False,13:45,ok,2026-08-31T05:49:35.674358+00:00,2026-08-31_0549IST
BOM,BLR,6E,IndiGo,6E 230,2026-09-07,7,economy,,,9186.0,False,13:55,ok,2026-08-31T05:49:35.674358+00:00,2026-08-31_0549IST
BOM,BLR,6E,IndiGo,6E 5318,2026-09-07,7,business,,,25564.0,False,10:15,ok,2026-08-31T05:49:35.674358+00:00,2026-08-31_0549IST
BOM,BLR,6E,IndiGo,6E 5318,2026-09-07,7,economy,,,10130.0,False,10:15,ok,2026-08-31T05:49:35.674358+00:00,2026-08-31_0549IST
BOM,BLR,6E,IndiGo,6E 5318,2026-09-07,7,business,,,26056.0,False,10:15,ok,2026-08-31T05:49:35.674358+00:00,2026-08-31_0549IST
BOM,BLR,6E,IndiGo,6E 5318,2026-09-07,7,economy,,,10482.0,False,10:15,ok,2026-08-31T05:49:35.674358+00:00,2026-08-31_0549IST
BOM,BLR,6E,IndiGo,6E 5241,2026-09-07,7,economy,,,10684.0,False,16:40,ok,2026-08-31T05:49:35.674358+00:00,2026-08-31_0549IST
BOM,BLR,6E,IndiGo,6E 5178,2026-09-07,7,business,,,24279.0,False,11:45,ok,2026-08-31T05:49:35.674358+00:00,2026-08-31_0549IST
BOM,BLR,6E,IndiGo,6E 5178,2026-09-07,7,economy,,,13325.0,False,11:45,ok,2026-08-31T05:49:35.674358+00:00,2026-08-31_0549IST
BOM,BLR,6E,IndiGo,6E 5178,2026-09-07,7,business,,,24771.0,False,11:45,ok,2026-08-31T05:49:35.674358+00:00,2026-08-31_0549IST
BOM,BLR,6E,IndiGo,6E 5178,2026-09-07,7,economy,,,13677.0,False,11:45,ok,2026-08-31T05:49:35.674358+00:00,2026-08-31_0549IST
DEL,CCU,6E,IndiGo,6E 910,2026-09-07,7,business,,,26140.0,False,14:25,ok,2026-08-31T05:50:32.287080+00:00,2026-08-31_0550IST
DEL,CCU,6E,IndiGo,6E 910,2026-09-07,7,economy,,,8200.0,False,14:25,ok,2026-08-31T05:50:32.287080+00:00,2026-08-31_0550IST
DEL,CCU,6E,IndiGo,6E 247,2026-09-07,7,business,,,26140.0,False,23:30,ok,2026-08-31T05:50:32.287080+00:00,2026-08-31_0550IST
DEL,CCU,6E,IndiGo,6E 247,2026-09-07,7,economy,,,8200.0,False,23:30,ok,2026-08-31T05:50:32.287080+00:00,2026-08-31_0550IST
DEL,CCU,6E,IndiGo,6E 5191,2026-09-07,7,business,,,26140.0,False,05:00,ok,2026-08-31T05:50:32.287080+00:00,2026-08-31_0550IST
DEL,CCU,6E,IndiGo,6E 5191,2026-09-07,7,economy,,,8778.0,False,05:00,ok,2026-08-31T05:50:32.287080+00:00,2026-08-31_0550IST
DEL,CCU,6E,IndiGo,6E 2276,2026-09-07,7,business,,,26140.0,False,17:55,ok,2026-08-31T05:50:32.287080+00:00,2026-08-31_0550IST
DEL,CCU,6E,IndiGo,6E 2276,2026-09-07,7,economy,,,8778.0,False,17:55,ok,2026-08-31T05:50:32.287080+00:00,2026-08-31_0550IST
DEL,CCU,6E,IndiGo,6E 340,2026-09-07,7,business,,,26140.0,False,07:20,ok,2026-08-31T05:50:32.287080+00:00,2026-08-31_0550IST
DEL,CCU,6E,IndiGo,6E 340,2026-09-07,7,economy,,,9775.0,False,07:20,ok,2026-08-31T05:50:32.287080+00:00,2026-08-31_0550IST
DEL,CCU,6E,IndiGo,6E 897,2026-09-07,7,business,,,26140.0,False,12:45,ok,2026-08-31T05:50:32.287080+00:00,2026-08-31_0550IST
DEL,CCU,6E,IndiGo,6E 897,2026-09-07,7,economy,,,10405.0,False,12:45,ok,2026-08-31T05:50:32.287080+00:00,2026-08-31_0550IST
DEL,CCU,6E,IndiGo,6E 6517,2026-09-07,7,business,,,26140.0,False,19:30,ok,2026-08-31T05:50:32.287080+00:00,2026-08-31_0550IST
DEL,CCU,6E,IndiGo,6E 6517,2026-09-07,7,economy,,,10405.0,False,19:30,ok,2026-08-31T05:50:32.287080+00:00,2026-08-31_0550IST
DEL,CCU,6E,IndiGo,6E 513,2026-09-07,7,business,,,26140.0,False,08:30,ok,2026-08-31T05:50:32.287080+00:00,2026-08-31_0550IST
DEL,CCU,6E,IndiGo,6E 513,2026-09-07,7,economy,,,11140.0,False,08:30,ok,2026-08-31T05:50:32.287080+00:00,2026-08-31_0550IST
DEL,CCU,6E,IndiGo,6E 6415,2026-09-07,7,business,,,26140.0,False,16:00,ok,2026-08-31T05:50:32.287080+00:00,2026-08-31_0550IST
DEL,CCU,6E,IndiGo,6E 6415,2026-09-07,7,economy,,,11928.0,False,16:00,ok,2026-08-31T05:50:32.287080+00:00,2026-08-31_0550IST
DEL,CCU,6E,IndiGo,6E 894,2026-09-07,7,business,,,26140.0,False,10:15,ok,2026-08-31T05:50:32.287080+00:00,2026-08-31_0550IST
DEL,CCU,6E,IndiGo,6E 894,2026-09-07,7,economy,,,12715.0,False,10:15,ok,2026-08-31T05:50:32.287080+00:00,2026-08-31_0550IST
DEL,CCU,6E,IndiGo,6E 2453,2026-09-07,7,economy,,,6596.0,False,13:35,ok,2026-08-31T05:50:32.287080+00:00,2026-08-31_0550IST
DEL,CCU,6E,IndiGo,6E 6236,2026-09-07,7,economy,,,6596.0,False,16:20,ok,2026-08-31T05:50:32.287080+00:00,2026-08-31_0550IST
DEL,CCU,6E,IndiGo,6E 6459,2026-09-07,7,economy,,,6727.0,False,05:55,ok,2026-08-31T05:50:32.287080+00:00,2026-08-31_0550IST
DEL,CCU,6E,IndiGo,6E 2361,2026-09-07,7,economy,,,6727.0,False,14:35,ok,2026-08-31T05:50:32.287080+00:00,2026-08-31_0550IST
DEL,CCU,6E,IndiGo,6E 6124,2026-09-07,7,economy,,,6911.0,False,07:30,ok,2026-08-31T05:50:32.287080+00:00,2026-08-31_0550IST
DEL,CCU,6E,IndiGo,6E 5215,2026-09-07,7,economy,,,6911.0,False,07:45,ok,2026-08-31T05:50:32.287080+00:00,2026-08-31_0550IST
DEL,CCU,6E,IndiGo,6E 6378,2026-09-07,7,economy,,,6911.0,False,14:40,ok,2026-08-31T05:50:32.287080+00:00,2026-08-31_0550IST
DEL,CCU,6E,IndiGo,6E 5041,2026-09-07,7,economy,,,6911.0,False,15:10,ok,2026-08-31T05:50:32.287080+00:00,2026-08-31_0550IST
DEL,CCU,6E,IndiGo,6E 5041,2026-09-07,7,economy,,,6911.0,False,15:10,ok,2026-08-31T05:50:32.287080+00:00,2026-08-31_0550IST
DEL,CCU,6E,IndiGo,6E 6829,2026-09-07,7,economy,,,6937.0,False,17:20,ok,2026-08-31T05:50:32.287080+00:00,2026-08-31_0550IST
DEL,CCU,6E,IndiGo,6E 5119,2026-09-07,7,economy,,,7147.0,False,05:10,ok,2026-08-31T05:50:32.287080+00:00,2026-08-31_0550IST
DEL,CCU,6E,IndiGo,6E 2331,2026-09-07,7,economy,,,7147.0,False,12:20,ok,2026-08-31T05:50:32.287080+00:00,2026-08-31_0550IST
DEL,CCU,6E,IndiGo,6E 6282,2026-09-07,7,economy,,,7147.0,False,13:30,ok,2026-08-31T05:50:32.287080+00:00,2026-08-31_0550IST
DEL,CCU,6E,IndiGo,6E 6212,2026-09-07,7,economy,,,7147.0,False,14:45,ok,2026-08-31T05:50:32.287080+00:00,2026-08-31_0550IST
DEL,CCU,6E,IndiGo,6E 2341,2026-09-07,7,economy,,,7147.0,False,14:50,ok,2026-08-31T05:50:32.287080+00:00,2026-08-31_0550IST
DEL,CCU,6E,IndiGo,6E 6217,2026-09-07,7,economy,,,7147.0,False,16:15,ok,2026-08-31T05:50:32.287080+00:00,2026-08-31_0550IST
DEL,CCU,6E,IndiGo,6E 5073,2026-09-07,7,economy,,,7147.0,False,17:05,ok,2026-08-31T05:50:32.287080+00:00,2026-08-31_0550IST
DEL,CCU,6E,IndiGo,6E 882,2026-09-07,7,economy,,,7147.0,False,23:15,ok,2026-08-31T05:50:32.287080+00:00,2026-08-31_0550IST
DEL,CCU,6E,IndiGo,6E 6551,2026-09-07,7,economy,,,7252.0,False,12:00,ok,2026-08-31T05:50:32.287080+00:00,2026-08-31_0550IST
DEL,CCU,6E,IndiGo,6E 6312,2026-09-07,7,economy,,,7257.0,False,14:25,ok,2026-08-31T05:50:32.287080+00:00,2026-08-31_0550IST
DEL,CCU,6E,IndiGo,6E 734,2026-09-07,7,economy,,,7257.0,False,16:20,ok,2026-08-31T05:50:32.287080+00:00,2026-08-31_0550IST
DEL,CCU,6E,IndiGo,6E 2259,2026-09-07,7,economy,,,7336.0,False,12:20,ok,2026-08-31T05:50:32.287080+00:00,2026-08-31_0550IST
DEL,CCU,6E,IndiGo,6E 2614,2026-09-07,7,economy,,,7336.0,False,14:40,ok,2026-08-31T05:50:32.287080+00:00,2026-08-31_0550IST
DEL,CCU,6E,IndiGo,6E 2614,2026-09-07,7,economy,,,7336.0,False,14:40,ok,2026-08-31T05:50:32.287080+00:00,2026-08-31_0550IST
DEL,CCU,6E,IndiGo,6E 6503,2026-09-07,7,economy,,,7651.0,False,13:25,ok,2026-08-31T05:50:32.287080+00:00,2026-08-31_0550IST
DEL,CCU,6E,IndiGo,6E 884,2026-09-07,7,economy,,,7677.0,False,11:45,ok,2026-08-31T05:50:32.287080+00:00,2026-08-31_0550IST
DEL,CCU,6E,IndiGo,6E 6245,2026-09-07,7,economy,,,7709.0,False,06:20,ok,2026-08-31T05:50:32.287080+00:00,2026-08-31_0550IST
DEL,CCU,6E,IndiGo,6E 5036,2026-09-07,7,economy,,,7840.0,False,08:00,ok,2026-08-31T05:50:32.287080+00:00,2026-08-31_0550IST
DEL,CCU,6E,IndiGo,6E 704,2026-09-07,7,economy,,,8260.0,False,02:25,ok,2026-08-31T05:50:32.287080+00:00,2026-08-31_0550IST
DEL,CCU,6E,IndiGo,6E 6293,2026-09-07,7,economy,,,8260.0,False,09:55,ok,2026-08-31T05:50:32.287080+00:00,2026-08-31_0550IST
DEL,CCU,6E,IndiGo,6E 717,2026-09-07,7,economy,,,8260.0,False,17:55,ok,2026-08-31T05:50:32.287080+00:00,2026-08-31_0550IST
DEL,CCU,6E,IndiGo,6E 6371,2026-09-07,7,economy,,,8365.0,False,06:20,ok,2026-08-31T05:50:32.287080+00:00,2026-08-31_0550IST
DEL,CCU,6E,IndiGo,6E 2296,2026-09-07,7,economy,,,8560.0,False,09:20,ok,2026-08-31T05:50:32.287080+00:00,2026-08-31_0550IST
DEL,CCU,6E,IndiGo,6E 5033,2026-09-07,7,economy,,,8560.0,False,15:50,ok,2026-08-31T05:50:32.287080+00:00,2026-08-31_0550IST
DEL,CCU,6E,IndiGo,6E 6190,2026-09-07,7,economy,,,9265.0,False,07:40,ok,2026-08-31T05:50:32.287080+00:00,2026-08-31_0550IST
DEL,CCU,6E,IndiGo,6E 705,2026-09-07,7,economy,,,9606.0,False,08:30,ok,2026-08-31T05:50:32.287080+00:00,2026-08-31_0550IST
DEL,CCU,6E,IndiGo,6E 705,2026-09-07,7,economy,,,9606.0,False,08:30,ok,2026-08-31T05:50:32.287080+00:00,2026-08-31_0550IST
DEL,CCU,6E,IndiGo,6E 6190,2026-09-07,7,economy,,,10040.0,False,07:40,ok,2026-08-31T05:50:32.287080+00:00,2026-08-31_0550IST
DEL,CCU,6E,IndiGo,6E 5038,2026-09-07,7,economy,,,10040.0,False,14:00,ok,2026-08-31T05:50:32.287080+00:00,2026-08-31_0550IST
DEL,CCU,6E,IndiGo,6E 2259,2026-09-07,7,economy,,,10609.0,False,12:20,ok,2026-08-31T05:50:32.287080+00:00,2026-08-31_0550IST
DEL,CCU,6E,IndiGo,6E 6073,2026-09-07,7,economy,,,10891.0,False,05:00,ok,2026-08-31T05:50:32.287080+00:00,2026-08-31_0550IST
DEL,CCU,6E,IndiGo,6E 203,2026-09-07,7,economy,,,11232.0,False,07:10,ok,2026-08-31T05:50:32.287080+00:00,2026-08-31_0550IST
DEL,CCU,6E,IndiGo,6E 203,2026-09-07,7,economy,,,11232.0,False,07:10,ok,2026-08-31T05:50:32.287080+00:00,2026-08-31_0550IST
DEL,CCU,6E,IndiGo,6E 2296,2026-09-07,7,economy,,,12856.0,False,09:20,ok,2026-08-31T05:50:32.287080+00:00,2026-08-31_0550IST
DEL,CCU,6E,IndiGo,6E 6130,2026-09-07,7,economy,,,12856.0,False,12:55,ok,2026-08-31T05:50:32.287080+00:00,2026-08-31_0550IST
DEL,CCU,6E,IndiGo,6E 5307,2026-09-07,7,economy,,,12961.0,False,10:50,ok,2026-08-31T05:50:32.287080+00:00,2026-08-31_0550IST
DEL,CCU,6E,IndiGo,6E 704,2026-09-07,7,business,,,32036.0,False,02:25,ok,2026-08-31T05:50:32.287080+00:00,2026-08-31_0550IST
DEL,CCU,6E,IndiGo,6E 704,2026-09-07,7,economy,,,15829.0,False,02:25,ok,2026-08-31T05:50:32.287080+00:00,2026-08-31_0550IST
DEL,CCU,6E,IndiGo,6E 5307,2026-09-07,7,economy,,,21100.0,False,10:50,ok,2026-08-31T05:50:32.287080+00:00,2026-08-31_0550IST
BLR,HYD,6E,IndiGo,6E 855,2026-09-07,7,,,,,False,19:45,parse_error,2026-08-31T05:51:31.698773+00:00,2026-08-31_0551IST
BLR,HYD,6E,IndiGo,6E 6784,2026-09-07,7,,,,,False,21:30,parse_error,2026-08-31T05:51:31.698773+00:00,2026-08-31_0551IST
BLR,HYD,6E,IndiGo,6E 6178,2026-09-07,7,,,,,False,06:25,parse_error,2026-08-31T05:51:31.698773+00:00,2026-08-31_0551IST
BLR,HYD,6E,IndiGo,6E 537,2026-09-07,7,,,,,False,10:15,parse_error,2026-08-31T05:51:31.698773+00:00,2026-08-31_0551IST
BLR,HYD,6E,IndiGo,6E 638,2026-09-07,7,,,,,False,18:35,parse_error,2026-08-31T05:51:31.698773+00:00,2026-08-31_0551IST
BLR,HYD,6E,IndiGo,6E 312,2026-09-07,7,,,,,False,09:15,parse_error,2026-08-31T05:51:31.698773+00:00,2026-08-31_0551IST
BLR,HYD,6E,IndiGo,6E 6404,2026-09-07,7,,,,,False,11:35,parse_error,2026-08-31T05:51:31.698773+00:00,2026-08-31_0551IST
BLR,HYD,6E,IndiGo,6E 6067,2026-09-07,7,,,,,False,16:30,parse_error,2026-08-31T05:51:31.698773+00:00,2026-08-31_0551IST
BLR,HYD,6E,IndiGo,6E 484,2026-09-07,7,,,,,False,08:15,parse_error,2026-08-31T05:51:31.698773+00:00,2026-08-31_0551IST
BLR,HYD,6E,IndiGo,6E 857,2026-09-07,7,,,,,False,07:05,parse_error,2026-08-31T05:51:31.698773+00:00,2026-08-31_0551IST
BLR,HYD,6E,IndiGo,6E 857,2026-09-07,7,,,,,False,07:05,parse_error,2026-08-31T05:51:31.698773+00:00,2026-08-31_0551IST
BLR,HYD,6E,IndiGo,6E 6269,2026-09-07,7,,,,,False,07:15,parse_error,2026-08-31T05:51:31.698773+00:00,2026-08-31_0551IST
BLR,HYD,6E,IndiGo,6E 6269,2026-09-07,7,,,,,False,07:15,parse_error,2026-08-31T05:51:31.698773+00:00,2026-08-31_0551IST
BLR,HYD,6E,IndiGo,6E 904,2026-09-07,7,,,,,False,10:45,parse_error,2026-08-31T05:51:31.698773+00:00,2026-08-31_0551IST
BLR,HYD,6E,IndiGo,6E 6208,2026-09-07,7,,,,,False,12:45,parse_error,2026-08-31T05:51:31.698773+00:00,2026-08-31_0551IST
BLR,HYD,6E,IndiGo,6E 6208,2026-09-07,7,,,,,False,12:45,parse_error,2026-08-31T05:51:31.698773+00:00,2026-08-31_0551IST
BLR,HYD,6E,IndiGo,6E 6542,2026-09-07,7,,,,,False,13:10,parse_error,2026-08-31T05:51:31.698773+00:00,2026-08-31_0551IST
BLR,HYD,6E,IndiGo,6E 6753,2026-09-07,7,,,,,False,15:15,parse_error,2026-08-31T05:51:31.698773+00:00,2026-08-31_0551IST
BLR,HYD,6E,IndiGo,6E 6753,2026-09-07,7,,,,,False,15:15,parse_error,2026-08-31T05:51:31.698773+00:00,2026-08-31_0551IST
BLR,HYD,6E,IndiGo,6E 173,2026-09-07,7,,,,,False,15:30,parse_error,2026-08-31T05:51:31.698773+00:00,2026-08-31_0551IST
BLR,HYD,6E,IndiGo,6E 173,2026-09-07,7,,,,,False,15:30,parse_error,2026-08-31T05:51:31.698773+00:00,2026-08-31_0551IST
BLR,HYD,6E,IndiGo,6E 356,2026-09-07,7,,,,,False,17:15,parse_error,2026-08-31T05:51:31.698773+00:00,2026-08-31_0551IST
BLR,HYD,6E,IndiGo,6E 356,2026-09-07,7,,,,,False,17:15,parse_error,2026-08-31T05:51:31.698773+00:00,2026-08-31_0551IST
BLR,HYD,6E,IndiGo,6E 6168,2026-09-07,7,,,,,False,17:40,parse_error,2026-08-31T05:51:31.698773+00:00,2026-08-31_0551IST
BLR,HYD,6E,IndiGo,6E 6168,2026-09-07,7,,,,,False,17:40,parse_error,2026-08-31T05:51:31.698773+00:00,2026-08-31_0551IST
BLR,HYD,6E,IndiGo,6E 6017,2026-09-07,7,,,,,False,18:15,parse_error,2026-08-31T05:51:31.698773+00:00,2026-08-31_0551IST
BLR,HYD,6E,IndiGo,6E 105,2026-09-07,7,,,,,False,18:45,parse_error,2026-08-31T05:51:31.698773+00:00,2026-08-31_0551IST
BLR,HYD,6E,IndiGo,6E 105,2026-09-07,7,,,,,False,18:45,parse_error,2026-08-31T05:51:31.698773+00:00,2026-08-31_0551IST
BLR,HYD,6E,IndiGo,6E 6554,2026-09-07,7,,,,,False,19:15,parse_error,2026-08-31T05:51:31.698773+00:00,2026-08-31_0551IST
BLR,HYD,6E,IndiGo,6E 528,2026-09-07,7,,,,,False,21:40,parse_error,2026-08-31T05:51:31.698773+00:00,2026-08-31_0551IST
BLR,HYD,6E,IndiGo,6E 116,2026-09-07,7,,,,,False,23:05,parse_error,2026-08-31T05:51:31.698773+00:00,2026-08-31_0551IST
BLR,HYD,6E,IndiGo,6E 6702,2026-09-07,7,,,,,False,05:20,parse_error,2026-08-31T05:51:31.698773+00:00,2026-08-31_0551IST
BLR,HYD,6E,IndiGo,6E 763,2026-09-07,7,,,,,False,07:05,parse_error,2026-08-31T05:51:31.698773+00:00,2026-08-31_0551IST
BLR,HYD,6E,IndiGo,6E 763,2026-09-07,7,,,,,False,07:05,parse_error,2026-08-31T05:51:31.698773+00:00,2026-08-31_0551IST
BLR,HYD,6E,IndiGo,6E 6445,2026-09-07,7,,,,,False,10:25,parse_error,2026-08-31T05:51:31.698773+00:00,2026-08-31_0551IST
BLR,HYD,6E,IndiGo,6E 7204,2026-09-07,7,,,,,False,06:50,parse_error,2026-08-31T05:51:31.698773+00:00,2026-08-31_0551IST
BLR,HYD,6E,IndiGo,6E 7005,2026-09-07,7,,,,,False,08:05,parse_error,2026-08-31T05:51:31.698773+00:00,2026-08-31_0551IST
BLR,HYD,6E,IndiGo,6E 6542,2026-09-07,7,,,,,False,13:10,parse_error,2026-08-31T05:51:31.698773+00:00,2026-08-31_0551IST
BLR,HYD,6E,IndiGo,6E 441,2026-09-07,7,,,,,False,20:40,parse_error,2026-08-31T05:51:31.698773+00:00,2026-08-31_0551IST
BLR,HYD,6E,IndiGo,6E 7005,2026-09-07,7,,,,,False,08:05,parse_error,2026-08-31T05:51:31.698773+00:00,2026-08-31_0551IST
BLR,HYD,6E,IndiGo,6E 6653,2026-09-07,7,,,,,False,12:35,parse_error,2026-08-31T05:51:31.698773+00:00,2026-08-31_0551IST
BLR,HYD,6E,IndiGo,6E 7227,2026-09-07,7,,,,,False,06:25,parse_error,2026-08-31T05:51:31.698773+00:00,2026-08-31_0551IST
BLR,HYD,6E,IndiGo,6E 6702,2026-09-07,7,,,,,False,05:20,parse_error,2026-08-31T05:51:31.698773+00:00,2026-08-31_0551IST
BLR,HYD,6E,IndiGo,6E 763,2026-09-07,7,,,,,False,07:05,parse_error,2026-08-31T05:51:31.698773+00:00,2026-08-31_0551IST
BLR,HYD,6E,IndiGo,6E 6876,2026-09-07,7,,,,,False,02:40,parse_error,2026-08-31T05:51:31.698773+00:00,2026-08-31_0551IST
BLR,HYD,6E,IndiGo,6E 6104,2026-09-07,7,,,,,False,11:40,parse_error,2026-08-31T05:51:31.698773+00:00,2026-08-31_0551IST
BLR,HYD,6E,IndiGo,6E 6104,2026-09-07,7,,,,,False,11:40,parse_error,2026-08-31T05:51:31.698773+00:00,2026-08-31_0551IST
BLR,HYD,6E,IndiGo,6E 6445,2026-09-07,7,,,,,False,10:25,parse_error,2026-08-31T05:51:31.698773+00:00,2026-08-31_0551IST
BLR,HYD,6E,IndiGo,6E 6653,2026-09-07,7,,,,,False,12:35,parse_error,2026-08-31T05:51:31.698773+00:00,2026-08-31_0551IST
BLR,HYD,6E,IndiGo,6E 703,2026-09-07,7,,,,,False,12:55,parse_error,2026-08-31T05:51:31.698773+00:00,2026-08-31_0551IST
BLR,HYD,6E,IndiGo,6E 109,2026-09-07,7,,,,,False,17:00,parse_error,2026-08-31T05:51:31.698773+00:00,2026-08-31_0551IST
BLR,HYD,6E,IndiGo,6E 6162,2026-09-07,7,,,,,False,18:50,parse_error,2026-08-31T05:51:31.698773+00:00,2026-08-31_0551IST
BLR,HYD,6E,IndiGo,6E 7204,2026-09-07,7,,,,,False,06:50,parse_error,2026-08-31T05:51:31.698773+00:00,2026-08-31_0551IST
BLR,HYD,6E,IndiGo,6E 7071,2026-09-07,7,,,,,False,10:55,parse_error,2026-08-31T05:51:31.698773+00:00,2026-08-31_0551IST
BLR,HYD,6E,IndiGo,6E 7285,2026-09-07,7,,,,,False,06:50,parse_error,2026-08-31T05:51:31.698773+00:00,2026-08-31_0551IST
BLR,HYD,6E,IndiGo,6E 7737,2026-09-07,7,,,,,False,10:50,parse_error,2026-08-31T05:51:31.698773+00:00,2026-08-31_0551IST
BLR,HYD,6E,IndiGo,6E 6563,2026-09-07,7,,,,,False,01:05,parse_error,2026-08-31T05:51:31.698773+00:00,2026-08-31_0551IST
BLR,HYD,6E,IndiGo,6E 7737,2026-09-07,7,,,,,False,10:50,parse_error,2026-08-31T05:51:31.698773+00:00,2026-08-31_0551IST
BLR,HYD,6E,IndiGo,6E 6583,2026-09-07,7,,,,,False,10:40,parse_error,2026-08-31T05:51:31.698773+00:00,2026-08-31_0551IST
MAA,DEL,6E,IndiGo,6E 939,2026-09-07,7,business,,,28240.0,False,13:00,ok,2026-08-31T05:52:29.328136+00:00,2026-08-31_0552IST
MAA,DEL,6E,IndiGo,6E 939,2026-09-07,7,economy,,,9648.0,False,13:00,ok,2026-08-31T05:52:29.328136+00:00,2026-08-31_0552IST
MAA,DEL,6E,IndiGo,6E 948,2026-09-07,7,business,,,28240.0,False,14:30,ok,2026-08-31T05:52:29.328136+00:00,2026-08-31_0552IST
MAA,DEL,6E,IndiGo,6E 948,2026-09-07,7,economy,,,9648.0,False,14:30,ok,2026-08-31T05:52:29.328136+00:00,2026-08-31_0552IST
MAA,DEL,6E,IndiGo,6E 698,2026-09-07,7,business,,,28240.0,False,16:45,ok,2026-08-31T05:52:29.328136+00:00,2026-08-31_0552IST
MAA,DEL,6E,IndiGo,6E 698,2026-09-07,7,economy,,,9648.0,False,16:45,ok,2026-08-31T05:52:29.328136+00:00,2026-08-31_0552IST
MAA,DEL,6E,IndiGo,6E 613,2026-09-07,7,business,,,28240.0,False,19:00,ok,2026-08-31T05:52:29.328136+00:00,2026-08-31_0552IST
MAA,DEL,6E,IndiGo,6E 613,2026-09-07,7,economy,,,9648.0,False,19:00,ok,2026-08-31T05:52:29.328136+00:00,2026-08-31_0552IST
MAA,DEL,6E,IndiGo,6E 951,2026-09-07,7,business,,,28240.0,False,21:50,ok,2026-08-31T05:52:29.328136+00:00,2026-08-31_0552IST
MAA,DEL,6E,IndiGo,6E 951,2026-09-07,7,economy,,,9648.0,False,21:50,ok,2026-08-31T05:52:29.328136+00:00,2026-08-31_0552IST
MAA,DEL,6E,IndiGo,6E 2369,2026-09-07,7,business,,,28240.0,False,23:45,ok,2026-08-31T05:52:29.328136+00:00,2026-08-31_0552IST
MAA,DEL,6E,IndiGo,6E 2369,2026-09-07,7,economy,,,9648.0,False,23:45,ok,2026-08-31T05:52:29.328136+00:00,2026-08-31_0552IST
MAA,DEL,6E,IndiGo,6E 404,2026-09-07,7,business,,,28240.0,False,09:15,ok,2026-08-31T05:52:29.328136+00:00,2026-08-31_0552IST
MAA,DEL,6E,IndiGo,6E 404,2026-09-07,7,economy,,,10114.0,False,09:15,ok,2026-08-31T05:52:29.328136+00:00,2026-08-31_0552IST
MAA,DEL,6E,IndiGo,6E 6002,2026-09-07,7,business,,,28240.0,False,11:10,ok,2026-08-31T05:52:29.328136+00:00,2026-08-31_0552IST
MAA,DEL,6E,IndiGo,6E 6002,2026-09-07,7,economy,,,10114.0,False,11:10,ok,2026-08-31T05:52:29.328136+00:00,2026-08-31_0552IST
MAA,DEL,6E,IndiGo,6E 937,2026-09-07,7,business,,,28240.0,False,06:30,ok,2026-08-31T05:52:29.328136+00:00,2026-08-31_0552IST
MAA,DEL,6E,IndiGo,6E 937,2026-09-07,7,economy,,,14222.0,False,06:30,ok,2026-08-31T05:52:29.328136+00:00,2026-08-31_0552IST
MAA,DEL,6E,IndiGo,6E 6892,2026-09-07,7,economy,,,8526.0,False,10:55,ok,2026-08-31T05:52:29.328136+00:00,2026-08-31_0552IST
MAA,DEL,6E,IndiGo,6E 6892,2026-09-07,7,economy,,,8526.0,False,10:55,ok,2026-08-31T05:52:29.328136+00:00,2026-08-31_0552IST
MAA,DEL,6E,IndiGo,6E 6209,2026-09-07,7,economy,,,8526.0,False,14:35,ok,2026-08-31T05:52:29.328136+00:00,2026-08-31_0552IST
MAA,DEL,6E,IndiGo,6E 6209,2026-09-07,7,economy,,,8526.0,False,14:35,ok,2026-08-31T05:52:29.328136+00:00,2026-08-31_0552IST
MAA,DEL,6E,IndiGo,6E 6005,2026-09-07,7,economy,,,8526.0,False,15:45,ok,2026-08-31T05:52:29.328136+00:00,2026-08-31_0552IST
MAA,DEL,6E,IndiGo,6E 726,2026-09-07,7,economy,,,8526.0,False,18:20,ok,2026-08-31T05:52:29.328136+00:00,2026-08-31_0552IST
MAA,DEL,6E,IndiGo,6E 189,2026-09-07,7,economy,,,8526.0,False,19:05,ok,2026-08-31T05:52:29.328136+00:00,2026-08-31_0552IST
MAA,DEL,6E,IndiGo,6E 6140,2026-09-07,7,economy,,,8657.0,False,02:30,ok,2026-08-31T05:52:29.328136+00:00,2026-08-31_0552IST
MAA,DEL,6E,IndiGo,6E 6140,2026-09-07,7,economy,,,8657.0,False,02:30,ok,2026-08-31T05:52:29.328136+00:00,2026-08-31_0552IST
MAA,DEL,6E,IndiGo,6E 5093,2026-09-07,7,business,,,39741.0,False,05:00,ok,2026-08-31T05:52:29.328136+00:00,2026-08-31_0552IST
MAA,DEL,6E,IndiGo,6E 5093,2026-09-07,7,economy,,,8657.0,False,05:00,ok,2026-08-31T05:52:29.328136+00:00,2026-08-31_0552IST
MAA,DEL,6E,IndiGo,6E 5214,2026-09-07,7,business,,,39741.0,False,11:00,ok,2026-08-31T05:52:29.328136+00:00,2026-08-31_0552IST
MAA,DEL,6E,IndiGo,6E 5214,2026-09-07,7,economy,,,8657.0,False,11:00,ok,2026-08-31T05:52:29.328136+00:00,2026-08-31_0552IST
MAA,DEL,6E,IndiGo,6E 5258,2026-09-07,7,business,,,39741.0,False,12:45,ok,2026-08-31T05:52:29.328136+00:00,2026-08-31_0552IST
MAA,DEL,6E,IndiGo,6E 5258,2026-09-07,7,economy,,,8657.0,False,12:45,ok,2026-08-31T05:52:29.328136+00:00,2026-08-31_0552IST
MAA,DEL,6E,IndiGo,6E 5258,2026-09-07,7,business,,,39741.0,False,12:45,ok,2026-08-31T05:52:29.328136+00:00,2026-08-31_0552IST
MAA,DEL,6E,IndiGo,6E 5258,2026-09-07,7,economy,,,8657.0,False,12:45,ok,2026-08-31T05:52:29.328136+00:00,2026-08-31_0552IST
MAA,DEL,6E,IndiGo,6E 981,2026-09-07,7,economy,,,8657.0,False,13:50,ok,2026-08-31T05:52:29.328136+00:00,2026-08-31_0552IST
MAA,DEL,6E,IndiGo,6E 606,2026-09-07,7,economy,,,8657.0,False,18:05,ok,2026-08-31T05:52:29.328136+00:00,2026-08-31_0552IST
MAA,DEL,6E,IndiGo,6E 253,2026-09-07,7,economy,,,9087.0,False,03:10,ok,2026-08-31T05:52:29.328136+00:00,2026-08-31_0552IST
MAA,DEL,6E,IndiGo,6E 372,2026-09-07,7,economy,,,9087.0,False,09:55,ok,2026-08-31T05:52:29.328136+00:00,2026-08-31_0552IST
MAA,DEL,6E,IndiGo,6E 502,2026-09-07,7,business,,,29241.0,False,11:10,ok,2026-08-31T05:52:29.328136+00:00,2026-08-31_0552IST
MAA,DEL,6E,IndiGo,6E 502,2026-09-07,7,economy,,,9087.0,False,11:10,ok,2026-08-31T05:52:29.328136+00:00,2026-08-31_0552IST
MAA,DEL,6E,IndiGo,6E 6925,2026-09-07,7,economy,,,9087.0,False,12:00,ok,2026-08-31T05:52:29.328136+00:00,2026-08-31_0552IST
MAA,DEL,6E,IndiGo,6E 6158,2026-09-07,7,economy,,,9087.0,False,16:10,ok,2026-08-31T05:52:29.328136+00:00,2026-08-31_0552IST
MAA,DEL,6E,IndiGo,6E 489,2026-09-07,7,economy,,,9087.0,False,18:15,ok,2026-08-31T05:52:29.328136+00:00,2026-08-31_0552IST
MAA,DEL,6E,IndiGo,6E 193,2026-09-07,7,economy,,,9087.0,False,20:00,ok,2026-08-31T05:52:29.328136+00:00,2026-08-31_0552IST
MAA,DEL,6E,IndiGo,6E 561,2026-09-07,7,business,,,27823.0,False,22:20,ok,2026-08-31T05:52:29.328136+00:00,2026-08-31_0552IST
MAA,DEL,6E,IndiGo,6E 561,2026-09-07,7,economy,,,9087.0,False,22:20,ok,2026-08-31T05:52:29.328136+00:00,2026-08-31_0552IST
MAA,DEL,6E,IndiGo,6E 847,2026-09-07,7,economy,,,9166.0,False,16:15,ok,2026-08-31T05:52:29.328136+00:00,2026-08-31_0552IST
MAA,DEL,6E,IndiGo,6E 834,2026-09-07,7,economy,,,9792.0,False,09:05,ok,2026-08-31T05:52:29.328136+00:00,2026-08-31_0552IST
MAA,DEL,6E,IndiGo,6E 6487,2026-09-07,7,economy,,,9792.0,False,21:25,ok,2026-08-31T05:52:29.328136+00:00,2026-08-31_0552IST
MAA,DEL,6E,IndiGo,6E 834,2026-09-07,7,economy,,,10566.0,False,09:05,ok,2026-08-31T05:52:29.328136+00:00,2026-08-31_0552IST
MAA,DEL,6E,IndiGo,6E 6815,2026-09-07,7,economy,,,10644.0,False,08:55,ok,2026-08-31T05:52:29.328136+00:00,2026-08-31_0552IST
MAA,DEL,6E,IndiGo,6E 562,2026-09-07,7,economy,,,10770.0,False,18:20,ok,2026-08-31T05:52:29.328136+00:00,2026-08-31_0552IST
MAA,DEL,6E,IndiGo,6E 183,2026-09-07,7,business,,,32309.0,False,16:35,ok,2026-08-31T05:52:29.328136+00:00,2026-08-31_0552IST
MAA,DEL,6E,IndiGo,6E 183,2026-09-07,7,economy,,,11417.0,False,16:35,ok,2026-08-31T05:52:29.328136+00:00,2026-08-31_0552IST
MAA,DEL,6E,IndiGo,6E 365,2026-09-07,7,economy,,,11540.0,False,17:45,ok,2026-08-31T05:52:29.328136+00:00,2026-08-31_0552IST
MAA,DEL,6E,IndiGo,6E 5314,2026-09-07,7,business,,,39741.0,False,06:45,ok,2026-08-31T05:52:29.328136+00:00,2026-08-31_0552IST
MAA,DEL,6E,IndiGo,6E 5314,2026-09-07,7,economy,,,11627.0,False,06:45,ok,2026-08-31T05:52:29.328136+00:00,2026-08-31_0552IST
MAA,DEL,6E,IndiGo,6E 6348,2026-09-07,7,business,,,39741.0,False,09:00,ok,2026-08-31T05:52:29.328136+00:00,2026-08-31_0552IST
MAA,DEL,6E,IndiGo,6E 6348,2026-09-07,7,economy,,,11627.0,False,09:00,ok,2026-08-31T05:52:29.328136+00:00,2026-08-31_0552IST
MAA,DEL,6E,IndiGo,6E 5104,2026-09-07,7,business,,,39741.0,False,16:40,ok,2026-08-31T05:52:29.328136+00:00,2026-08-31_0552IST
MAA,DEL,6E,IndiGo,6E 5104,2026-09-07,7,economy,,,11627.0,False,16:40,ok,2026-08-31T05:52:29.328136+00:00,2026-08-31_0552IST
MAA,DEL,6E,IndiGo,6E 5367,2026-09-07,7,business,,,39741.0,False,18:15,ok,2026-08-31T05:52:29.328136+00:00,2026-08-31_0552IST
MAA,DEL,6E,IndiGo,6E 5367,2026-09-07,7,economy,,,11627.0,False,18:15,ok,2026-08-31T05:52:29.328136+00:00,2026-08-31_0552IST
MAA,DEL,6E,IndiGo,6E 495,2026-09-07,7,economy,,,12353.0,False,07:10,ok,2026-08-31T05:52:29.328136+00:00,2026-08-31_0552IST
MAA,DEL,6E,IndiGo,6E 6925,2026-09-07,7,economy,,,12353.0,False,12:00,ok,2026-08-31T05:52:29.328136+00:00,2026-08-31_0552IST
MAA,DEL,6E,IndiGo,6E 5371,2026-09-07,7,business,,,39741.0,False,14:45,ok,2026-08-31T05:52:29.328136+00:00,2026-08-31_0552IST
MAA,DEL,6E,IndiGo,6E 5371,2026-09-07,7,economy,,,12502.0,False,14:45,ok,2026-08-31T05:52:29.328136+00:00,2026-08-31_0552IST
MAA,DEL,6E,IndiGo,6E 6326,2026-09-07,7,economy,,,12563.0,False,11:45,ok,2026-08-31T05:52:29.328136+00:00,2026-08-31_0552IST
MAA,DEL,6E,IndiGo,6E 607,2026-09-07,7,business,,,28413.0,False,05:40,ok,2026-08-31T05:52:29.328136+00:00,2026-08-31_0552IST
MAA,DEL,6E,IndiGo,6E 607,2026-09-07,7,economy,,,12633.0,False,05:40,ok,2026-08-31T05:52:29.328136+00:00,2026-08-31_0552IST
MAA,DEL,6E,IndiGo,6E 973,2026-09-07,7,economy,,,14513.0,False,11:55,ok,2026-08-31T05:52:29.328136+00:00,2026-08-31_0552IST
MAA,DEL,6E,IndiGo,6E 321,2026-09-07,7,economy,,,14723.0,False,08:20,ok,2026-08-31T05:52:29.328136+00:00,2026-08-31_0552IST
MAA,DEL,6E,IndiGo,6E 597,2026-09-07,7,economy,,,14880.0,False,17:45,ok,2026-08-31T05:52:29.328136+00:00,2026-08-31_0552IST
MAA,DEL,6E,IndiGo,6E 6081,2026-09-07,7,economy,,,15176.0,False,07:05,ok,2026-08-31T05:52:29.328136+00:00,2026-08-31_0552IST
MAA,DEL,6E,IndiGo,6E 6081,2026-09-07,7,economy,,,15632.0,False,07:05,ok,2026-08-31T05:52:29.328136+00:00,2026-08-31_0552IST
MAA,DEL,6E,IndiGo,6E 495,2026-09-07,7,economy,,,15661.0,False,07:10,ok,2026-08-31T05:52:29.328136+00:00,2026-08-31_0552IST
MAA,DEL,6E,IndiGo,6E 848,2026-09-07,7,economy,,,15756.0,False,17:50,ok,2026-08-31T05:52:29.328136+00:00,2026-08-31_0552IST
MAA,DEL,6E,IndiGo,6E 6348,2026-09-07,7,business,,,39741.0,False,09:00,ok,2026-08-31T05:52:29.328136+00:00,2026-08-31_0552IST
MAA,DEL,6E,IndiGo,6E 6348,2026-09-07,7,economy,,,15850.0,False,09:00,ok,2026-08-31T05:52:29.328136+00:00,2026-08-31_0552IST
MAA,DEL,6E,IndiGo,6E 401,2026-09-07,7,economy,,,18239.0,False,08:10,ok,2026-08-31T05:52:29.328136+00:00,2026-08-31_0552IST
MAA,DEL,6E,IndiGo,6E 244,2026-09-07,7,economy,,,18582.0,False,03:55,ok,2026-08-31T05:52:29.328136+00:00,2026-08-31_0552IST
