origin,destination,carrier_code,carrier_name,flight_num,travel_date,advance_purchase_days,fare_class,base_fare,taxes_and_fees,total_fare,fare_split_estimated,departure_time,status,scraped_at,capture_run,source,source_name
DEL,BOM,6E,IndiGo,inf,2026-09-01,1,business,,,28443.0,False,09:30,ok,2026-08-31T05:41:31.288284+00:00,2026-08-31_1111IST,airline_direct,IndiGo
DEL,BOM,6E,IndiGo,inf,2026-09-01,1,economy,,,6305.0,False,09:30,ok,2026-08-31T05:41:31.288284+00:00,2026-08-31_1111IST,airline_direct,IndiGo
DEL,BOM,6E,IndiGo,inf,2026-09-01,1,business,,,33500.0,False,10:15,ok,2026-08-31T05:41:31.288284+00:00,2026-08-31_1111IST,airline_direct,IndiGo
DEL,BOM,6E,IndiGo,inf,2026-09-01,1,economy,,,6305.0,False,10:15,ok,2026-08-31T05:41:31.288284+00:00,2026-08-31_1111IST,airline_direct,IndiGo
DEL,BOM,6E,IndiGo,inf,2026-09-01,1,business,,,24260.0,False,11:00,ok,2026-08-31T05:41:31.288284+00:00,2026-08-31_1111IST,airline_direct,IndiGo
DEL,BOM,6E,IndiGo,inf,2026-09-01,1,economy,,,6305.0,False,11:00,ok,2026-08-31T05:41:31.288284+00:00,2026-08-31_1111IST,airline_direct,IndiGo
DEL,BOM,6E,IndiGo,inf,2026-09-01,1,business,,,24260.0,False,12:00,ok,2026-08-31T05:41:31.288284+00:00,2026-08-31_1111IST,airline_direct,IndiGo
DEL,BOM,6E,IndiGo,inf,2026-09-01,1,economy,,,6305.0,False,12:00,ok,2026-08-31T05:41:31.288284+00:00,2026-08-31_1111IST,airline_direct,IndiGo
DEL,BOM,6E,IndiGo,inf,2026-09-01,1,business,,,24260.0,False,13:00,ok,2026-08-31T05:41:31.288284+00:00,2026-08-31_1111IST,airline_direct,IndiGo
DEL,BOM,6E,IndiGo,inf,2026-09-01,1,economy,,,6305.0,False,13:00,ok,2026-08-31T05:41:31.288284+00:00,2026-08-31_1111IST,airline_direct,IndiGo
DEL,BOM,6E,IndiGo,inf,2026-09-01,1,business,,,24260.0,False,14:00,ok,2026-08-31T05:41:31.288284+00:00,2026-08-31_1111IST,airline_direct,IndiGo
DEL,BOM,6E,IndiGo,inf,2026-09-01,1,economy,,,6305.0,False,14:00,ok,2026-08-31T05:41:31.288284+00:00,2026-08-31_1111IST,airline_direct,IndiGo
DEL,BOM,6E,IndiGo,inf,2026-09-01,1,business,,,24260.0,False,14:45,ok,2026-08-31T05:41:31.288284+00:00,2026-08-31_1111IST,airline_direct,IndiGo
DEL,BOM,6E,IndiGo,inf,2026-09-01,1,economy,,,6305.0,False,14:45,ok,2026-08-31T05:41:31.288284+00:00,2026-08-31_1111IST,airline_direct,IndiGo
DEL,BOM,6E,IndiGo,inf,2026-09-01,1,business,,,24260.0,False,15:30,ok,2026-08-31T05:41:31.288284+00:00,2026-08-31_1111IST,airline_direct,IndiGo
DEL,BOM,6E,IndiGo,inf,2026-09-01,1,economy,,,6305.0,False,15:30,ok,2026-08-31T05:41:31.288284+00:00,2026-08-31_1111IST,airline_direct,IndiGo
DEL,BOM,6E,IndiGo,inf,2026-09-01,1,business,,,24260.0,False,16:15,ok,2026-08-31T05:41:31.288284+00:00,2026-08-31_1111IST,airline_direct,IndiGo
DEL,BOM,6E,IndiGo,inf,2026-09-01,1,economy,,,6305.0,False,16:15,ok,2026-08-31T05:41:31.288284+00:00,2026-08-31_1111IST,airline_direct,IndiGo
DEL,BOM,6E,IndiGo,inf,2026-09-01,1,business,,,24260.0,False,22:45,ok,2026-08-31T05:41:31.288284+00:00,2026-08-31_1111IST,airline_direct,IndiGo
DEL,BOM,6E,IndiGo,inf,2026-09-01,1,economy,,,6305.0,False,22:45,ok,2026-08-31T05:41:31.288284+00:00,2026-08-31_1111IST,airline_direct,IndiGo
DEL,BOM,6E,IndiGo,inf,2026-09-01,1,business,,,24260.0,False,23:30,ok,2026-08-31T05:41:31.288284+00:00,2026-08-31_1111IST,airline_direct,IndiGo
DEL,BOM,6E,IndiGo,inf,2026-09-01,1,economy,,,6305.0,False,23:30,ok,2026-08-31T05:41:31.288284+00:00,2026-08-31_1111IST,airline_direct,IndiGo
DEL,BOM,6E,IndiGo,inf,2026-09-01,1,business,,,28443.0,False,17:00,ok,2026-08-31T05:41:31.288284+00:00,2026-08-31_1111IST,airline_direct,IndiGo
DEL,BOM,6E,IndiGo,inf,2026-09-01,1,economy,,,6357.0,False,17:00,ok,2026-08-31T05:41:31.288284+00:00,2026-08-31_1111IST,airline_direct,IndiGo
DEL,BOM,6E,IndiGo,inf,2026-09-01,1,business,,,33500.0,False,19:00,ok,2026-08-31T05:41:31.288284+00:00,2026-08-31_1111IST,airline_direct,IndiGo
DEL,BOM,6E,IndiGo,inf,2026-09-01,1,economy,,,6357.0,False,19:00,ok,2026-08-31T05:41:31.288284+00:00,2026-08-31_1111IST,airline_direct,IndiGo
DEL,BOM,6E,IndiGo,inf,2026-09-01,1,business,,,24260.0,False,21:45,ok,2026-08-31T05:41:31.288284+00:00,2026-08-31_1111IST,airline_direct,IndiGo
DEL,BOM,6E,IndiGo,inf,2026-09-01,1,economy,,,6357.0,False,21:45,ok,2026-08-31T05:41:31.288284+00:00,2026-08-31_1111IST,airline_direct,IndiGo
DEL,BOM,6E,IndiGo,inf,2026-09-01,1,business,,,24260.0,False,06:05,ok,2026-08-31T05:41:31.288284+00:00,2026-08-31_1111IST,airline_direct,IndiGo
DEL,BOM,6E,IndiGo,inf,2026-09-01,1,economy,,,6431.0,False,06:05,ok,2026-08-31T05:41:31.288284+00:00,2026-08-31_1111IST,airline_direct,IndiGo
DEL,BOM,6E,IndiGo,inf,2026-09-01,1,business,,,28443.0,False,08:00,ok,2026-08-31T05:41:31.288284+00:00,2026-08-31_1111IST,airline_direct,IndiGo
DEL,BOM,6E,IndiGo,inf,2026-09-01,1,economy,,,6431.0,False,08:00,ok,2026-08-31T05:41:31.288284+00:00,2026-08-31_1111IST,airline_direct,IndiGo
DEL,BOM,6E,IndiGo,inf,2026-09-01,1,business,,,33500.0,False,08:45,ok,2026-08-31T05:41:31.288284+00:00,2026-08-31_1111IST,airline_direct,IndiGo
DEL,BOM,6E,IndiGo,inf,2026-09-01,1,economy,,,6431.0,False,08:45,ok,2026-08-31T05:41:31.288284+00:00,2026-08-31_1111IST,airline_direct,IndiGo
DEL,BOM,6E,IndiGo,inf,2026-09-01,1,business,,,33500.0,False,18:00,ok,2026-08-31T05:41:31.288284+00:00,2026-08-31_1111IST,airline_direct,IndiGo
DEL,BOM,6E,IndiGo,inf,2026-09-01,1,economy,,,6431.0,False,18:00,ok,2026-08-31T05:41:31.288284+00:00,2026-08-31_1111IST,airline_direct,IndiGo
DEL,BOM,6E,IndiGo,inf,2026-09-01,1,business,,,24260.0,False,05:00,ok,2026-08-31T05:41:31.288284+00:00,2026-08-31_1111IST,airline_direct,IndiGo
DEL,BOM,6E,IndiGo,inf,2026-09-01,1,economy,,,6688.0,False,05:00,ok,2026-08-31T05:41:31.288284+00:00,2026-08-31_1111IST,airline_direct,IndiGo
DEL,BOM,6E,IndiGo,inf,2026-09-01,1,business,,,28443.0,False,07:15,ok,2026-08-31T05:41:31.288284+00:00,2026-08-31_1111IST,airline_direct,IndiGo
DEL,BOM,6E,IndiGo,inf,2026-09-01,1,economy,,,7003.0,False,07:15,ok,2026-08-31T05:41:31.288284+00:00,2026-08-31_1111IST,airline_direct,IndiGo
DEL,BOM,6E,IndiGo,6.000000000000001e+303,2026-09-01,1,economy,,,7685.0,False,20:00,ok,2026-08-31T05:41:31.288284+00:00,2026-08-31_1111IST,airline_direct,IndiGo
DEL,BOM,6E,IndiGo,inf,2026-09-01,1,economy,,,6310.0,False,16:30,ok,2026-08-31T05:41:31.288284+00:00,2026-08-31_1111IST,airline_direct,IndiGo
DEL,BOM,6E,IndiGo,inf,2026-09-01,1,economy,,,6389.0,False,08:15,ok,2026-08-31T05:41:31.288284+00:00,2026-08-31_1111IST,airline_direct,IndiGo
DEL,BOM,6E,IndiGo,inf,2026-09-01,1,economy,,,6389.0,False,09:00,ok,2026-08-31T05:41:31.288284+00:00,2026-08-31_1111IST,airline_direct,IndiGo
DEL,BOM,6E,IndiGo,inf,2026-09-01,1,economy,,,6389.0,False,13:20,ok,2026-08-31T05:41:31.288284+00:00,2026-08-31_1111IST,airline_direct,IndiGo
DEL,BOM,6E,IndiGo,inf,2026-09-01,1,economy,,,6389.0,False,19:45,ok,2026-08-31T05:41:31.288284+00:00,2026-08-31_1111IST,airline_direct,IndiGo
DEL,BOM,6E,IndiGo,inf,2026-09-01,1,economy,,,6389.0,False,21:25,ok,2026-08-31T05:41:31.288284+00:00,2026-08-31_1111IST,airline_direct,IndiGo
DEL,BOM,6E,IndiGo,inf,2026-09-01,1,business,,,36166.0,False,13:30,ok,2026-08-31T05:41:31.288284+00:00,2026-08-31_1111IST,airline_direct,IndiGo
DEL,BOM,6E,IndiGo,inf,2026-09-01,1,economy,,,6520.0,False,13:30,ok,2026-08-31T05:41:31.288284+00:00,2026-08-31_1111IST,airline_direct,IndiGo
DEL,BOM,6E,IndiGo,inf,2026-09-01,1,economy,,,6520.0,False,18:40,ok,2026-08-31T05:41:31.288284+00:00,2026-08-31_1111IST,airline_direct,IndiGo
DEL,BOM,6E,IndiGo,inf,2026-09-01,1,business,,,36166.0,False,19:45,ok,2026-08-31T05:41:31.288284+00:00,2026-08-31_1111IST,airline_direct,IndiGo
DEL,BOM,6E,IndiGo,inf,2026-09-01,1,economy,,,6520.0,False,19:45,ok,2026-08-31T05:41:31.288284+00:00,2026-08-31_1111IST,airline_direct,IndiGo
DEL,BOM,6E,IndiGo,inf,2026-09-01,1,economy,,,6520.0,False,23:15,ok,2026-08-31T05:41:31.288284+00:00,2026-08-31_1111IST,airline_direct,IndiGo
DEL,BOM,6E,IndiGo,inf,2026-09-01,1,economy,,,6791.0,False,19:40,ok,2026-08-31T05:41:31.288284+00:00,2026-08-31_1111IST,airline_direct,IndiGo
DEL,BOM,6E,IndiGo,inf,2026-09-01,1,economy,,,6835.0,False,11:20,ok,2026-08-31T05:41:31.288284+00:00,2026-08-31_1111IST,airline_direct,IndiGo
DEL,BOM,6E,IndiGo,inf,2026-09-01,1,economy,,,7079.0,False,19:30,ok,2026-08-31T05:41:31.288284+00:00,2026-08-31_1111IST,airline_direct,IndiGo
DEL,BOM,6E,IndiGo,inf,2026-09-01,1,economy,,,7187.0,False,18:30,ok,2026-08-31T05:41:31.288284+00:00,2026-08-31_1111IST,airline_direct,IndiGo
DEL,BOM,6E,IndiGo,inf,2026-09-01,1,economy,,,7318.0,False,17:20,ok,2026-08-31T05:41:31.288284+00:00,2026-08-31_1111IST,airline_direct,IndiGo
DEL,BOM,6E,IndiGo,inf,2026-09-01,1,economy,,,7397.0,False,14:00,ok,2026-08-31T05:41:31.288284+00:00,2026-08-31_1111IST,airline_direct,IndiGo
DEL,BOM,6E,IndiGo,inf,2026-09-01,1,economy,,,7898.0,False,09:00,ok,2026-08-31T05:41:31.288284+00:00,2026-08-31_1111IST,airline_direct,IndiGo
DEL,BOM,6E,IndiGo,inf,2026-09-01,1,business,,,38630.0,False,13:30,ok,2026-08-31T05:41:31.288284+00:00,2026-08-31_1111IST,airline_direct,IndiGo
DEL,BOM,6E,IndiGo,inf,2026-09-01,1,economy,,,8746.0,False,13:30,ok,2026-08-31T05:41:31.288284+00:00,2026-08-31_1111IST,airline_direct,IndiGo
DEL,BOM,6E,IndiGo,inf,2026-09-01,1,economy,,,8825.0,False,12:15,ok,2026-08-31T05:41:31.288284+00:00,2026-08-31_1111IST,airline_direct,IndiGo
DEL,BOM,6E,IndiGo,inf,2026-09-01,1,economy,,,9106.0,False,05:40,ok,2026-08-31T05:41:31.288284+00:00,2026-08-31_1111IST,airline_direct,IndiGo
DEL,BOM,6E,IndiGo,inf,2026-09-01,1,economy,,,9106.0,False,09:45,ok,2026-08-31T05:41:31.288284+00:00,2026-08-31_1111IST,airline_direct,IndiGo
DEL,BOM,6E,IndiGo,inf,2026-09-01,1,economy,,,9316.0,False,16:30,ok,2026-08-31T05:41:31.288284+00:00,2026-08-31_1111IST,airline_direct,IndiGo
DEL,BOM,6E,IndiGo,inf,2026-09-01,1,economy,,,9877.0,False,15:35,ok,2026-08-31T05:41:31.288284+00:00,2026-08-31_1111IST,airline_direct,IndiGo
DEL,BOM,6E,IndiGo,inf,2026-09-01,1,economy,,,10886.0,False,07:05,ok,2026-08-31T05:41:31.288284+00:00,2026-08-31_1111IST,airline_direct,IndiGo
DEL,BOM,6E,IndiGo,inf,2026-09-01,1,business,,,36166.0,False,09:55,ok,2026-08-31T05:41:31.288284+00:00,2026-08-31_1111IST,airline_direct,IndiGo
DEL,BOM,6E,IndiGo,inf,2026-09-01,1,economy,,,11585.0,False,09:55,ok,2026-08-31T05:41:31.288284+00:00,2026-08-31_1111IST,airline_direct,IndiGo
DEL,BOM,6E,IndiGo,inf,2026-09-01,1,economy,,,11928.0,False,17:20,ok,2026-08-31T05:41:31.288284+00:00,2026-08-31_1111IST,airline_direct,IndiGo
DEL,BOM,6E,IndiGo,inf,2026-09-01,1,economy,,,11998.0,False,13:45,ok,2026-08-31T05:41:31.288284+00:00,2026-08-31_1111IST,airline_direct,IndiGo
DEL,BOM,6E,IndiGo,inf,2026-09-01,1,business,,,40956.0,False,02:25,ok,2026-08-31T05:41:31.288284+00:00,2026-08-31_1111IST,airline_direct,IndiGo
DEL,BOM,6E,IndiGo,inf,2026-09-01,1,economy,,,12503.0,False,02:25,ok,2026-08-31T05:41:31.288284+00:00,2026-08-31_1111IST,airline_direct,IndiGo
DEL,BOM,6E,IndiGo,inf,2026-09-01,1,economy,,,13469.0,False,11:20,ok,2026-08-31T05:41:31.288284+00:00,2026-08-31_1111IST,airline_direct,IndiGo
DEL,BOM,6E,IndiGo,inf,2026-09-01,1,economy,,,14871.0,False,00:15,ok,2026-08-31T05:41:31.288284+00:00,2026-08-31_1111IST,airline_direct,IndiGo
DEL,BOM,6E,IndiGo,inf,2026-09-01,1,economy,,,14940.0,False,10:55,ok,2026-08-31T05:41:31.288284+00:00,2026-08-31_1111IST,airline_direct,IndiGo
DEL,BOM,6E,IndiGo,inf,2026-09-01,1,economy,,,16317.0,False,19:10,ok,2026-08-31T05:41:31.288284+00:00,2026-08-31_1111IST,airline_direct,IndiGo
DEL,BOM,6E,IndiGo,inf,2026-09-01,1,economy,,,17210.0,False,15:50,ok,2026-08-31T05:41:31.288284+00:00,2026-08-31_1111IST,airline_direct,IndiGo
DEL,BOM,6E,IndiGo,inf,2026-09-01,1,business,,,36166.0,False,08:30,ok,2026-08-31T05:41:31.288284+00:00,2026-08-31_1111IST,airline_direct,IndiGo
DEL,BOM,6E,IndiGo,inf,2026-09-01,1,economy,,,17265.0,False,08:30,ok,2026-08-31T05:41:31.288284+00:00,2026-08-31_1111IST,airline_direct,IndiGo
DEL,BOM,6E,IndiGo,inf,2026-09-01,1,economy,,,17858.0,False,19:35,ok,2026-08-31T05:41:31.288284+00:00,2026-08-31_1111IST,airline_direct,IndiGo
DEL,BOM,6E,IndiGo,inf,2026-09-01,1,economy,,,17900.0,False,21:50,ok,2026-08-31T05:41:31.288284+00:00,2026-08-31_1111IST,airline_direct,IndiGo
DEL,BOM,6E,IndiGo,inf,2026-09-01,1,economy,,,18031.0,False,15:00,ok,2026-08-31T05:41:31.288284+00:00,2026-08-31_1111IST,airline_direct,IndiGo
DEL,BOM,6E,IndiGo,inf,2026-09-01,1,economy,,,19543.0,False,17:05,ok,2026-08-31T05:41:31.288284+00:00,2026-08-31_1111IST,airline_direct,IndiGo
DEL,BOM,6E,IndiGo,inf,2026-09-01,1,economy,,,19903.0,False,12:20,ok,2026-08-31T05:41:31.288284+00:00,2026-08-31_1111IST,airline_direct,IndiGo
DEL,BOM,6E,IndiGo,inf,2026-09-01,1,economy,,,20342.0,False,14:50,ok,2026-08-31T05:41:31.288284+00:00,2026-08-31_1111IST,airline_direct,IndiGo
DEL,BOM,6E,IndiGo,inf,2026-09-01,1,economy,,,20342.0,False,17:05,ok,2026-08-31T05:41:31.288284+00:00,2026-08-31_1111IST,airline_direct,IndiGo
DEL,BOM,6E,IndiGo,inf,2026-09-01,1,business,,,38630.0,False,02:25,ok,2026-08-31T05:41:31.288284+00:00,2026-08-31_1111IST,airline_direct,IndiGo
DEL,BOM,6E,IndiGo,inf,2026-09-01,1,economy,,,20784.0,False,02:25,ok,2026-08-31T05:41:31.288284+00:00,2026-08-31_1111IST,airline_direct,IndiGo
DEL,BOM,6E,IndiGo,inf,2026-09-01,1,economy,,,22578.0,False,05:10,ok,2026-08-31T05:41:31.288284+00:00,2026-08-31_1111IST,airline_direct,IndiGo
DEL,BOM,6E,IndiGo,inf,2026-09-01,1,economy,,,22578.0,False,05:10,ok,2026-08-31T05:41:31.288284+00:00,2026-08-31_1111IST,airline_direct,IndiGo
DEL,BOM,6E,IndiGo,inf,2026-09-01,1,economy,,,26872.0,False,07:30,ok,2026-08-31T05:41:31.288284+00:00,2026-08-31_1111IST,airline_direct,IndiGo
DEL,BLR,6E,IndiGo,inf,2026-09-01,1,business,,,29794.0,False,15:45,ok,2026-08-31T05:42:26.965384+00:00,2026-08-31_0542IST,airline_direct,IndiGo
DEL,BLR,6E,IndiGo,inf,2026-09-01,1,economy,,,12381.0,False,15:45,ok,2026-08-31T05:42:26.965384+00:00,2026-08-31_0542IST,airline_direct,IndiGo
DEL,BLR,6E,IndiGo,inf,2026-09-01,1,business,,,29794.0,False,14:30,ok,2026-08-31T05:42:26.965384+00:00,2026-08-31_0542IST,airline_direct,IndiGo
DEL,BLR,6E,IndiGo,inf,2026-09-01,1,economy,,,13077.0,False,14:30,ok,2026-08-31T05:42:26.965384+00:00,2026-08-31_0542IST,airline_direct,IndiGo
DEL,BLR,6E,IndiGo,inf,2026-09-01,1,business,,,31080.0,False,18:20,ok,2026-08-31T05:42:26.965384+00:00,2026-08-31_0542IST,airline_direct,IndiGo
DEL,BLR,6E,IndiGo,inf,2026-09-01,1,economy,,,13077.0,False,18:20,ok,2026-08-31T05:42:26.965384+00:00,2026-08-31_0542IST,airline_direct,IndiGo
DEL,BLR,6E,IndiGo,inf,2026-09-01,1,business,,,29794.0,False,20:45,ok,2026-08-31T05:42:26.965384+00:00,2026-08-31_0542IST,airline_direct,IndiGo
DEL,BLR,6E,IndiGo,inf,2026-09-01,1,economy,,,13077.0,False,20:45,ok,2026-08-31T05:42:26.965384+00:00,2026-08-31_0542IST,airline_direct,IndiGo
DEL,BLR,6E,IndiGo,inf,2026-09-01,1,business,,,29794.0,False,23:30,ok,2026-08-31T05:42:26.965384+00:00,2026-08-31_0542IST,airline_direct,IndiGo
DEL,BLR,6E,IndiGo,inf,2026-09-01,1,economy,,,13077.0,False,23:30,ok,2026-08-31T05:42:26.965384+00:00,2026-08-31_0542IST,airline_direct,IndiGo
DEL,BLR,6E,IndiGo,inf,2026-09-01,1,business,,,29794.0,False,19:30,ok,2026-08-31T05:42:26.965384+00:00,2026-08-31_0542IST,airline_direct,IndiGo
DEL,BLR,6E,IndiGo,inf,2026-09-01,1,economy,,,13816.0,False,19:30,ok,2026-08-31T05:42:26.965384+00:00,2026-08-31_0542IST,airline_direct,IndiGo
DEL,BLR,6E,IndiGo,inf,2026-09-01,1,business,,,29794.0,False,08:20,ok,2026-08-31T05:42:26.965384+00:00,2026-08-31_0542IST,airline_direct,IndiGo
DEL,BLR,6E,IndiGo,inf,2026-09-01,1,economy,,,14602.0,False,08:20,ok,2026-08-31T05:42:26.965384+00:00,2026-08-31_0542IST,airline_direct,IndiGo
DEL,BLR,6E,IndiGo,inf,2026-09-01,1,business,,,29794.0,False,12:20,ok,2026-08-31T05:42:26.965384+00:00,2026-08-31_0542IST,airline_direct,IndiGo
DEL,BLR,6E,IndiGo,inf,2026-09-01,1,economy,,,14602.0,False,12:20,ok,2026-08-31T05:42:26.965384+00:00,2026-08-31_0542IST,airline_direct,IndiGo
DEL,BLR,6E,IndiGo,inf,2026-09-01,1,business,,,29794.0,False,09:30,ok,2026-08-31T05:42:26.965384+00:00,2026-08-31_0542IST,airline_direct,IndiGo
DEL,BLR,6E,IndiGo,inf,2026-09-01,1,economy,,,15437.0,False,09:30,ok,2026-08-31T05:42:26.965384+00:00,2026-08-31_0542IST,airline_direct,IndiGo
DEL,BLR,6E,IndiGo,inf,2026-09-01,1,business,,,29794.0,False,10:45,ok,2026-08-31T05:42:26.965384+00:00,2026-08-31_0542IST,airline_direct,IndiGo
DEL,BLR,6E,IndiGo,inf,2026-09-01,1,economy,,,15437.0,False,10:45,ok,2026-08-31T05:42:26.965384+00:00,2026-08-31_0542IST,airline_direct,IndiGo
DEL,BLR,6E,IndiGo,inf,2026-09-01,1,business,,,29794.0,False,22:00,ok,2026-08-31T05:42:26.965384+00:00,2026-08-31_0542IST,airline_direct,IndiGo
DEL,BLR,6E,IndiGo,inf,2026-09-01,1,economy,,,15437.0,False,22:00,ok,2026-08-31T05:42:26.965384+00:00,2026-08-31_0542IST,airline_direct,IndiGo
DEL,BLR,6E,IndiGo,inf,2026-09-01,1,business,,,31080.0,False,17:00,ok,2026-08-31T05:42:26.965384+00:00,2026-08-31_0542IST,airline_direct,IndiGo
DEL,BLR,6E,IndiGo,inf,2026-09-01,1,economy,,,16323.0,False,17:00,ok,2026-08-31T05:42:26.965384+00:00,2026-08-31_0542IST,airline_direct,IndiGo
DEL,BLR,6E,IndiGo,inf,2026-09-01,1,business,,,29794.0,False,05:45,ok,2026-08-31T05:42:26.965384+00:00,2026-08-31_0542IST,airline_direct,IndiGo
DEL,BLR,6E,IndiGo,inf,2026-09-01,1,business,,,29794.0,False,07:05,ok,2026-08-31T05:42:26.965384+00:00,2026-08-31_0542IST,airline_direct,IndiGo
DEL,BLR,6E,IndiGo,inf,2026-09-01,1,economy,,,10209.0,False,05:55,ok,2026-08-31T05:42:26.965384+00:00,2026-08-31_0542IST,airline_direct,IndiGo
DEL,BLR,6E,IndiGo,inf,2026-09-01,1,business,,,40388.0,False,14:00,ok,2026-08-31T05:42:26.965384+00:00,2026-08-31_0542IST,airline_direct,IndiGo
DEL,BLR,6E,IndiGo,inf,2026-09-01,1,economy,,,10209.0,False,14:00,ok,2026-08-31T05:42:26.965384+00:00,2026-08-31_0542IST,airline_direct,IndiGo
DEL,BLR,6E,IndiGo,inf,2026-09-01,1,economy,,,10209.0,False,19:35,ok,2026-08-31T05:42:26.965384+00:00,2026-08-31_0542IST,airline_direct,IndiGo
DEL,BLR,6E,IndiGo,inf,2026-09-01,1,economy,,,10209.0,False,21:15,ok,2026-08-31T05:42:26.965384+00:00,2026-08-31_0542IST,airline_direct,IndiGo
DEL,BLR,6E,IndiGo,inf,2026-09-01,1,business,,,26851.0,False,23:00,ok,2026-08-31T05:42:26.965384+00:00,2026-08-31_0542IST,airline_direct,IndiGo
DEL,BLR,6E,IndiGo,inf,2026-09-01,1,economy,,,10209.0,False,23:00,ok,2026-08-31T05:42:26.965384+00:00,2026-08-31_0542IST,airline_direct,IndiGo
DEL,BLR,6E,IndiGo,inf,2026-09-01,1,economy,,,10287.0,False,09:15,ok,2026-08-31T05:42:26.965384+00:00,2026-08-31_0542IST,airline_direct,IndiGo
DEL,BLR,6E,IndiGo,inf,2026-09-01,1,economy,,,10287.0,False,11:00,ok,2026-08-31T05:42:26.965384+00:00,2026-08-31_0542IST,airline_direct,IndiGo
DEL,BLR,6E,IndiGo,inf,2026-09-01,1,economy,,,10287.0,False,12:15,ok,2026-08-31T05:42:26.965384+00:00,2026-08-31_0542IST,airline_direct,IndiGo
DEL,BLR,6E,IndiGo,inf,2026-09-01,1,economy,,,10287.0,False,13:10,ok,2026-08-31T05:42:26.965384+00:00,2026-08-31_0542IST,airline_direct,IndiGo
DEL,BLR,6E,IndiGo,inf,2026-09-01,1,economy,,,10287.0,False,19:45,ok,2026-08-31T05:42:26.965384+00:00,2026-08-31_0542IST,airline_direct,IndiGo
DEL,BLR,6E,IndiGo,inf,2026-09-01,1,economy,,,10419.0,False,18:40,ok,2026-08-31T05:42:26.965384+00:00,2026-08-31_0542IST,airline_direct,IndiGo
DEL,BLR,6E,IndiGo,inf,2026-09-01,1,business,,,37800.0,False,05:00,ok,2026-08-31T05:42:26.965384+00:00,2026-08-31_0542IST,airline_direct,IndiGo
DEL,BLR,6E,IndiGo,inf,2026-09-01,1,economy,,,10629.0,False,05:00,ok,2026-08-31T05:42:26.965384+00:00,2026-08-31_0542IST,airline_direct,IndiGo
DEL,BLR,6E,IndiGo,inf,2026-09-01,1,economy,,,10990.0,False,05:10,ok,2026-08-31T05:42:26.965384+00:00,2026-08-31_0542IST,airline_direct,IndiGo
DEL,BLR,6E,IndiGo,inf,2026-09-01,1,business,,,40388.0,False,11:00,ok,2026-08-31T05:42:26.965384+00:00,2026-08-31_0542IST,airline_direct,IndiGo
DEL,BLR,6E,IndiGo,inf,2026-09-01,1,economy,,,11266.0,False,11:00,ok,2026-08-31T05:42:26.965384+00:00,2026-08-31_0542IST,airline_direct,IndiGo
DEL,BLR,6E,IndiGo,inf,2026-09-01,1,business,,,38390.0,False,08:30,ok,2026-08-31T05:42:26.965384+00:00,2026-08-31_0542IST,airline_direct,IndiGo
DEL,BLR,6E,IndiGo,inf,2026-09-01,1,economy,,,11410.0,False,08:30,ok,2026-08-31T05:42:26.965384+00:00,2026-08-31_0542IST,airline_direct,IndiGo
DEL,BLR,6E,IndiGo,inf,2026-09-01,1,economy,,,11631.0,False,16:30,ok,2026-08-31T05:42:26.965384+00:00,2026-08-31_0542IST,airline_direct,IndiGo
DEL,BLR,6E,IndiGo,inf,2026-09-01,1,economy,,,11710.0,False,16:30,ok,2026-08-31T05:42:26.965384+00:00,2026-08-31_0542IST,airline_direct,IndiGo
DEL,BLR,6E,IndiGo,inf,2026-09-01,1,economy,,,11920.0,False,09:55,ok,2026-08-31T05:42:26.965384+00:00,2026-08-31_0542IST,airline_direct,IndiGo
DEL,BLR,6E,IndiGo,inf,2026-09-01,1,economy,,,12261.0,False,10:35,ok,2026-08-31T05:42:26.965384+00:00,2026-08-31_0542IST,airline_direct,IndiGo
DEL,BLR,6E,IndiGo,inf,2026-09-01,1,business,,,43987.0,False,08:00,ok,2026-08-31T05:42:26.965384+00:00,2026-08-31_0542IST,airline_direct,IndiGo
DEL,BLR,6E,IndiGo,inf,2026-09-01,1,economy,,,12597.0,False,08:00,ok,2026-08-31T05:42:26.965384+00:00,2026-08-31_0542IST,airline_direct,IndiGo
DEL,BLR,6E,IndiGo,inf,2026-09-01,1,business,,,47763.0,False,18:00,ok,2026-08-31T05:42:26.965384+00:00,2026-08-31_0542IST,airline_direct,IndiGo
DEL,BLR,6E,IndiGo,inf,2026-09-01,1,economy,,,12597.0,False,18:00,ok,2026-08-31T05:42:26.965384+00:00,2026-08-31_0542IST,airline_direct,IndiGo
DEL,BLR,6E,IndiGo,inf,2026-09-01,1,business,,,28909.0,False,16:25,ok,2026-08-31T05:42:26.965384+00:00,2026-08-31_0542IST,airline_direct,IndiGo
DEL,BLR,6E,IndiGo,inf,2026-09-01,1,economy,,,13610.0,False,16:25,ok,2026-08-31T05:42:26.965384+00:00,2026-08-31_0542IST,airline_direct,IndiGo
DEL,BLR,6E,IndiGo,inf,2026-09-01,1,economy,,,13864.0,False,14:00,ok,2026-08-31T05:42:26.965384+00:00,2026-08-31_0542IST,airline_direct,IndiGo
DEL,BLR,6E,IndiGo,inf,2026-09-01,1,economy,,,14421.0,False,06:55,ok,2026-08-31T05:42:26.965384+00:00,2026-08-31_0542IST,airline_direct,IndiGo
DEL,BLR,6E,IndiGo,inf,2026-09-01,1,economy,,,14518.0,False,16:15,ok,2026-08-31T05:42:26.965384+00:00,2026-08-31_0542IST,airline_direct,IndiGo
DEL,BLR,6E,IndiGo,inf,2026-09-01,1,economy,,,14518.0,False,17:55,ok,2026-08-31T05:42:26.965384+00:00,2026-08-31_0542IST,airline_direct,IndiGo
DEL,BLR,6E,IndiGo,inf,2026-09-01,1,economy,,,14970.0,False,17:50,ok,2026-08-31T05:42:26.965384+00:00,2026-08-31_0542IST,airline_direct,IndiGo
DEL,BLR,6E,IndiGo,inf,2026-09-01,1,economy,,,15268.0,False,16:15,ok,2026-08-31T05:42:26.965384+00:00,2026-08-31_0542IST,airline_direct,IndiGo
DEL,BLR,6E,IndiGo,inf,2026-09-01,1,economy,,,15276.0,False,16:40,ok,2026-08-31T05:42:26.965384+00:00,2026-08-31_0542IST,airline_direct,IndiGo
DEL,BLR,6E,IndiGo,inf,2026-09-01,1,business,,,43987.0,False,17:00,ok,2026-08-31T05:42:26.965384+00:00,2026-08-31_0542IST,airline_direct,IndiGo
DEL,BLR,6E,IndiGo,inf,2026-09-01,1,economy,,,15378.0,False,17:00,ok,2026-08-31T05:42:26.965384+00:00,2026-08-31_0542IST,airline_direct,IndiGo
DEL,BLR,6E,IndiGo,inf,2026-09-01,1,economy,,,15551.0,False,15:20,ok,2026-08-31T05:42:26.965384+00:00,2026-08-31_0542IST,airline_direct,IndiGo
DEL,BLR,6E,IndiGo,inf,2026-09-01,1,business,,,47763.0,False,18:00,ok,2026-08-31T05:42:26.965384+00:00,2026-08-31_0542IST,airline_direct,IndiGo
DEL,BLR,6E,IndiGo,inf,2026-09-01,1,economy,,,15747.0,False,18:00,ok,2026-08-31T05:42:26.965384+00:00,2026-08-31_0542IST,airline_direct,IndiGo
DEL,BLR,6E,IndiGo,inf,2026-09-01,1,economy,,,16093.0,False,11:45,ok,2026-08-31T05:42:26.965384+00:00,2026-08-31_0542IST,airline_direct,IndiGo
DEL,BLR,6E,IndiGo,inf,2026-09-01,1,economy,,,16093.0,False,13:30,ok,2026-08-31T05:42:26.965384+00:00,2026-08-31_0542IST,airline_direct,IndiGo
DEL,BLR,6E,IndiGo,inf,2026-09-01,1,economy,,,16176.0,False,18:15,ok,2026-08-31T05:42:26.965384+00:00,2026-08-31_0542IST,airline_direct,IndiGo
DEL,BLR,6E,IndiGo,inf,2026-09-01,1,economy,,,16467.0,False,07:05,ok,2026-08-31T05:42:26.965384+00:00,2026-08-31_0542IST,airline_direct,IndiGo
DEL,BLR,6E,IndiGo,inf,2026-09-01,1,economy,,,16744.0,False,15:15,ok,2026-08-31T05:42:26.965384+00:00,2026-08-31_0542IST,airline_direct,IndiGo
DEL,BLR,6E,IndiGo,inf,2026-09-01,1,economy,,,17995.0,False,09:55,ok,2026-08-31T05:42:26.965384+00:00,2026-08-31_0542IST,airline_direct,IndiGo
DEL,BLR,6E,IndiGo,inf,2026-09-01,1,economy,,,18927.0,False,10:25,ok,2026-08-31T05:42:26.965384+00:00,2026-08-31_0542IST,airline_direct,IndiGo
DEL,BLR,6E,IndiGo,inf,2026-09-01,1,economy,,,19414.0,False,15:50,ok,2026-08-31T05:42:26.965384+00:00,2026-08-31_0542IST,airline_direct,IndiGo
DEL,BLR,6E,IndiGo,inf,2026-09-01,1,economy,,,19706.0,False,17:05,ok,2026-08-31T05:42:26.965384+00:00,2026-08-31_0542IST,airline_direct,IndiGo
DEL,BLR,6E,IndiGo,inf,2026-09-01,1,economy,,,19932.0,False,17:20,ok,2026-08-31T05:42:26.965384+00:00,2026-08-31_0542IST,airline_direct,IndiGo
DEL,BLR,6E,IndiGo,inf,2026-09-01,1,economy,,,20813.0,False,11:20,ok,2026-08-31T05:42:26.965384+00:00,2026-08-31_0542IST,airline_direct,IndiGo
DEL,BLR,6E,IndiGo,inf,2026-09-01,1,economy,,,21997.0,False,17:10,ok,2026-08-31T05:42:26.965384+00:00,2026-08-31_0542IST,airline_direct,IndiGo
DEL,BLR,6E,IndiGo,inf,2026-09-01,1,business,,,44140.0,False,02:20,ok,2026-08-31T05:42:26.965384+00:00,2026-08-31_0542IST,airline_direct,IndiGo
DEL,BLR,6E,IndiGo,inf,2026-09-01,1,economy,,,26124.0,False,02:20,ok,2026-08-31T05:42:26.965384+00:00,2026-08-31_0542IST,airline_direct,IndiGo
DEL,BLR,6E,IndiGo,inf,2026-09-01,1,,,,,False,03:00,sold_out,2026-08-31T05:42:26.965384+00:00,2026-08-31_0542IST,airline_direct,IndiGo
BOM,BLR,6E,IndiGo,inf,2026-09-01,1,business,,,22340.0,False,14:30,ok,2026-08-31T05:43:32.157328+00:00,2026-08-31_0543IST,airline_direct,IndiGo
BOM,BLR,6E,IndiGo,inf,2026-09-01,1,economy,,,6599.0,False,14:30,ok,2026-08-31T05:43:32.157328+00:00,2026-08-31_0543IST,airline_direct,IndiGo
BOM,BLR,6E,IndiGo,inf,2026-09-01,1,business,,,22340.0,False,15:35,ok,2026-08-31T05:43:32.157328+00:00,2026-08-31_0543IST,airline_direct,IndiGo
BOM,BLR,6E,IndiGo,inf,2026-09-01,1,economy,,,6599.0,False,15:35,ok,2026-08-31T05:43:32.157328+00:00,2026-08-31_0543IST,airline_direct,IndiGo
BOM,BLR,6E,IndiGo,inf,2026-09-01,1,business,,,22340.0,False,12:30,ok,2026-08-31T05:43:32.157328+00:00,2026-08-31_0543IST,airline_direct,IndiGo
BOM,BLR,6E,IndiGo,inf,2026-09-01,1,economy,,,6914.0,False,12:30,ok,2026-08-31T05:43:32.157328+00:00,2026-08-31_0543IST,airline_direct,IndiGo
BOM,BLR,6E,IndiGo,inf,2026-09-01,1,business,,,22340.0,False,22:20,ok,2026-08-31T05:43:32.157328+00:00,2026-08-31_0543IST,airline_direct,IndiGo
BOM,BLR,6E,IndiGo,inf,2026-09-01,1,economy,,,6914.0,False,22:20,ok,2026-08-31T05:43:32.157328+00:00,2026-08-31_0543IST,airline_direct,IndiGo
BOM,BLR,6E,IndiGo,inf,2026-09-01,1,business,,,22340.0,False,01:10,ok,2026-08-31T05:43:32.157328+00:00,2026-08-31_0543IST,airline_direct,IndiGo
BOM,BLR,6E,IndiGo,inf,2026-09-01,1,economy,,,6938.0,False,01:10,ok,2026-08-31T05:43:32.157328+00:00,2026-08-31_0543IST,airline_direct,IndiGo
BOM,BLR,6E,IndiGo,inf,2026-09-01,1,business,,,22340.0,False,11:00,ok,2026-08-31T05:43:32.157328+00:00,2026-08-31_0543IST,airline_direct,IndiGo
BOM,BLR,6E,IndiGo,inf,2026-09-01,1,economy,,,7229.0,False,11:00,ok,2026-08-31T05:43:32.157328+00:00,2026-08-31_0543IST,airline_direct,IndiGo
BOM,BLR,6E,IndiGo,inf,2026-09-01,1,business,,,22340.0,False,18:30,ok,2026-08-31T05:43:32.157328+00:00,2026-08-31_0543IST,airline_direct,IndiGo
BOM,BLR,6E,IndiGo,inf,2026-09-01,1,economy,,,7229.0,False,18:30,ok,2026-08-31T05:43:32.157328+00:00,2026-08-31_0543IST,airline_direct,IndiGo
BOM,BLR,6E,IndiGo,inf,2026-09-01,1,business,,,22340.0,False,09:50,ok,2026-08-31T05:43:32.157328+00:00,2026-08-31_0543IST,airline_direct,IndiGo
BOM,BLR,6E,IndiGo,inf,2026-09-01,1,economy,,,7649.0,False,09:50,ok,2026-08-31T05:43:32.157328+00:00,2026-08-31_0543IST,airline_direct,IndiGo
BOM,BLR,6E,IndiGo,inf,2026-09-01,1,business,,,22340.0,False,04:30,ok,2026-08-31T05:43:32.157328+00:00,2026-08-31_0543IST,airline_direct,IndiGo
BOM,BLR,6E,IndiGo,inf,2026-09-01,1,economy,,,8093.0,False,04:30,ok,2026-08-31T05:43:32.157328+00:00,2026-08-31_0543IST,airline_direct,IndiGo
BOM,BLR,6E,IndiGo,inf,2026-09-01,1,business,,,22340.0,False,17:00,ok,2026-08-31T05:43:32.157328+00:00,2026-08-31_0543IST,airline_direct,IndiGo
BOM,BLR,6E,IndiGo,inf,2026-09-01,1,economy,,,8594.0,False,17:00,ok,2026-08-31T05:43:32.157328+00:00,2026-08-31_0543IST,airline_direct,IndiGo
BOM,BLR,6E,IndiGo,inf,2026-09-01,1,business,,,22340.0,False,21:30,ok,2026-08-31T05:43:32.157328+00:00,2026-08-31_0543IST,airline_direct,IndiGo
BOM,BLR,6E,IndiGo,inf,2026-09-01,1,economy,,,9119.0,False,21:30,ok,2026-08-31T05:43:32.157328+00:00,2026-08-31_0543IST,airline_direct,IndiGo
BOM,BLR,6E,IndiGo,inf,2026-09-01,1,business,,,22340.0,False,06:30,ok,2026-08-31T05:43:32.157328+00:00,2026-08-31_0543IST,airline_direct,IndiGo
BOM,BLR,6E,IndiGo,inf,2026-09-01,1,economy,,,10274.0,False,06:30,ok,2026-08-31T05:43:32.157328+00:00,2026-08-31_0543IST,airline_direct,IndiGo
BOM,BLR,6E,IndiGo,inf,2026-09-01,1,economy,,,17834.0,False,08:05,ok,2026-08-31T05:43:32.157328+00:00,2026-08-31_0543IST,airline_direct,IndiGo
BOM,BLR,6E,IndiGo,inf,2026-09-01,1,economy,,,6013.0,False,16:40,ok,2026-08-31T05:43:32.157328+00:00,2026-08-31_0543IST,airline_direct,IndiGo
BOM,BLR,6E,IndiGo,inf,2026-09-01,1,economy,,,6013.0,False,16:40,ok,2026-08-31T05:43:32.157328+00:00,2026-08-31_0543IST,airline_direct,IndiGo
BOM,BLR,6E,IndiGo,inf,2026-09-01,1,economy,,,6355.0,False,06:15,ok,2026-08-31T05:43:32.157328+00:00,2026-08-31_0543IST,airline_direct,IndiGo
BOM,BLR,6E,IndiGo,inf,2026-09-01,1,economy,,,6355.0,False,09:35,ok,2026-08-31T05:43:32.157328+00:00,2026-08-31_0543IST,airline_direct,IndiGo
BOM,BLR,6E,IndiGo,inf,2026-09-01,1,economy,,,6355.0,False,09:50,ok,2026-08-31T05:43:32.157328+00:00,2026-08-31_0543IST,airline_direct,IndiGo
BOM,BLR,6E,IndiGo,inf,2026-09-01,1,economy,,,6355.0,False,09:50,ok,2026-08-31T05:43:32.157328+00:00,2026-08-31_0543IST,airline_direct,IndiGo
BOM,BLR,6E,IndiGo,inf,2026-09-01,1,economy,,,6355.0,False,11:40,ok,2026-08-31T05:43:32.157328+00:00,2026-08-31_0543IST,airline_direct,IndiGo
BOM,BLR,6E,IndiGo,inf,2026-09-01,1,economy,,,6355.0,False,11:40,ok,2026-08-31T05:43:32.157328+00:00,2026-08-31_0543IST,airline_direct,IndiGo
BOM,BLR,6E,IndiGo,inf,2026-09-01,1,economy,,,6355.0,False,13:45,ok,2026-08-31T05:43:32.157328+00:00,2026-08-31_0543IST,airline_direct,IndiGo
BOM,BLR,6E,IndiGo,inf,2026-09-01,1,economy,,,6757.0,False,16:55,ok,2026-08-31T05:43:32.157328+00:00,2026-08-31_0543IST,airline_direct,IndiGo
BOM,BLR,6E,IndiGo,inf,2026-09-01,1,economy,,,7363.0,False,09:35,ok,2026-08-31T05:43:32.157328+00:00,2026-08-31_0543IST,airline_direct,IndiGo
BOM,BLR,6E,IndiGo,inf,2026-09-01,1,economy,,,7733.0,False,12:30,ok,2026-08-31T05:43:32.157328+00:00,2026-08-31_0543IST,airline_direct,IndiGo
BOM,BLR,6E,IndiGo,6.000000000000002e+136,2026-09-01,1,economy,,,7943.0,False,04:05,ok,2026-08-31T05:43:32.157328+00:00,2026-08-31_0543IST,airline_direct,IndiGo
BOM,BLR,6E,IndiGo,6e+230,2026-09-01,1,economy,,,8239.0,False,13:55,ok,2026-08-31T05:43:32.157328+00:00,2026-08-31_0543IST,airline_direct,IndiGo
BOM,BLR,6E,IndiGo,6e+230,2026-09-01,1,economy,,,8239.0,False,13:55,ok,2026-08-31T05:43:32.157328+00:00,2026-08-31_0543IST,airline_direct,IndiGo
BOM,BLR,6E,IndiGo,inf,2026-09-01,1,economy,,,8239.0,False,18:05,ok,2026-08-31T05:43:32.157328+00:00,2026-08-31_0543IST,airline_direct,IndiGo
BOM,BLR,6E,IndiGo,inf,2026-09-01,1,economy,,,8502.0,False,14:40,ok,2026-08-31T05:43:32.157328+00:00,2026-08-31_0543IST,airline_direct,IndiGo
BOM,BLR,6E,IndiGo,inf,2026-09-01,1,economy,,,8581.0,False,18:40,ok,2026-08-31T05:43:32.157328+00:00,2026-08-31_0543IST,airline_direct,IndiGo
BOM,BLR,6E,IndiGo,inf,2026-09-01,1,economy,,,9843.0,False,09:15,ok,2026-08-31T05:43:32.157328+00:00,2026-08-31_0543IST,airline_direct,IndiGo
BOM,BLR,6E,IndiGo,inf,2026-09-01,1,economy,,,10014.0,False,05:00,ok,2026-08-31T05:43:32.157328+00:00,2026-08-31_0543IST,airline_direct,IndiGo
BOM,BLR,6E,IndiGo,inf,2026-09-01,1,economy,,,10053.0,False,15:25,ok,2026-08-31T05:43:32.157328+00:00,2026-08-31_0543IST,airline_direct,IndiGo
BOM,BLR,6E,IndiGo,inf,2026-09-01,1,economy,,,10053.0,False,17:25,ok,2026-08-31T05:43:32.157328+00:00,2026-08-31_0543IST,airline_direct,IndiGo
BOM,BLR,6E,IndiGo,inf,2026-09-01,1,economy,,,10184.0,False,10:25,ok,2026-08-31T05:43:32.157328+00:00,2026-08-31_0543IST,airline_direct,IndiGo
BOM,BLR,6E,IndiGo,inf,2026-09-01,1,economy,,,10184.0,False,16:50,ok,2026-08-31T05:43:32.157328+00:00,2026-08-31_0543IST,airline_direct,IndiGo
BOM,BLR,6E,IndiGo,inf,2026-09-01,1,economy,,,10690.0,False,10:15,ok,2026-08-31T05:43:32.157328+00:00,2026-08-31_0543IST,airline_direct,IndiGo
BOM,BLR,6E,IndiGo,inf,2026-09-01,1,economy,,,10900.0,False,13:35,ok,2026-08-31T05:43:32.157328+00:00,2026-08-31_0543IST,airline_direct,IndiGo
BOM,BLR,6E,IndiGo,inf,2026-09-01,1,economy,,,10900.0,False,14:55,ok,2026-08-31T05:43:32.157328+00:00,2026-08-31_0543IST,airline_direct,IndiGo
BOM,BLR,6E,IndiGo,6e+240,2026-09-01,1,economy,,,10900.0,False,15:45,ok,2026-08-31T05:43:32.157328+00:00,2026-08-31_0543IST,airline_direct,IndiGo
BOM,BLR,6E,IndiGo,inf,2026-09-01,1,economy,,,11622.0,False,10:15,ok,2026-08-31T05:43:32.157328+00:00,2026-08-31_0543IST,airline_direct,IndiGo
BOM,BLR,6E,IndiGo,inf,2026-09-01,1,economy,,,11832.0,False,12:05,ok,2026-08-31T05:43:32.157328+00:00,2026-08-31_0543IST,airline_direct,IndiGo
BOM,BLR,6E,IndiGo,inf,2026-09-01,1,economy,,,12856.0,False,05:35,ok,2026-08-31T05:43:32.157328+00:00,2026-08-31_0543IST,airline_direct,IndiGo
BOM,BLR,6E,IndiGo,inf,2026-09-01,1,economy,,,12856.0,False,05:35,ok,2026-08-31T05:43:32.157328+00:00,2026-08-31_0543IST,airline_direct,IndiGo
BOM,BLR,6E,IndiGo,inf,2026-09-01,1,economy,,,12856.0,False,20:00,ok,2026-08-31T05:43:32.157328+00:00,2026-08-31_0543IST,airline_direct,IndiGo
BOM,BLR,6E,IndiGo,inf,2026-09-01,1,economy,,,13047.0,False,12:30,ok,2026-08-31T05:43:32.157328+00:00,2026-08-31_0543IST,airline_direct,IndiGo
BOM,BLR,6E,IndiGo,inf,2026-09-01,1,economy,,,13233.0,False,15:10,ok,2026-08-31T05:43:32.157328+00:00,2026-08-31_0543IST,airline_direct,IndiGo
BOM,BLR,6E,IndiGo,inf,2026-09-01,1,economy,,,13233.0,False,16:45,ok,2026-08-31T05:43:32.157328+00:00,2026-08-31_0543IST,airline_direct,IndiGo
BOM,BLR,6E,IndiGo,inf,2026-09-01,1,economy,,,13982.0,False,18:15,ok,2026-08-31T05:43:32.157328+00:00,2026-08-31_0543IST,airline_direct,IndiGo
BOM,BLR,6E,IndiGo,inf,2026-09-01,1,economy,,,13983.0,False,15:10,ok,2026-08-31T05:43:32.157328+00:00,2026-08-31_0543IST,airline_direct,IndiGo
BOM,BLR,6E,IndiGo,inf,2026-09-01,1,economy,,,13983.0,False,16:45,ok,2026-08-31T05:43:32.157328+00:00,2026-08-31_0543IST,airline_direct,IndiGo
BOM,BLR,6E,IndiGo,inf,2026-09-01,1,economy,,,14765.0,False,13:45,ok,2026-08-31T05:43:32.157328+00:00,2026-08-31_0543IST,airline_direct,IndiGo
BOM,BLR,6E,IndiGo,inf,2026-09-01,1,economy,,,14765.0,False,15:25,ok,2026-08-31T05:43:32.157328+00:00,2026-08-31_0543IST,airline_direct,IndiGo
BOM,BLR,6E,IndiGo,inf,2026-09-01,1,economy,,,14808.0,False,05:45,ok,2026-08-31T05:43:32.157328+00:00,2026-08-31_0543IST,airline_direct,IndiGo
BOM,BLR,6E,IndiGo,inf,2026-09-01,1,economy,,,14808.0,False,15:10,ok,2026-08-31T05:43:32.157328+00:00,2026-08-31_0543IST,airline_direct,IndiGo
BOM,BLR,6E,IndiGo,inf,2026-09-01,1,economy,,,15242.0,False,11:40,ok,2026-08-31T05:43:32.157328+00:00,2026-08-31_0543IST,airline_direct,IndiGo
BOM,BLR,6E,IndiGo,inf,2026-09-01,1,economy,,,17144.0,False,11:40,ok,2026-08-31T05:43:32.157328+00:00,2026-08-31_0543IST,airline_direct,IndiGo
BOM,BLR,6E,IndiGo,6e+261,2026-09-01,1,economy,,,18247.0,False,11:20,ok,2026-08-31T05:43:32.157328+00:00,2026-08-31_0543IST,airline_direct,IndiGo
BOM,BLR,6E,IndiGo,inf,2026-09-01,1,economy,,,19321.0,False,17:10,ok,2026-08-31T05:43:32.157328+00:00,2026-08-31_0543IST,airline_direct,IndiGo
BOM,BLR,6E,IndiGo,6e+261,2026-09-01,1,economy,,,19523.0,False,11:20,ok,2026-08-31T05:43:32.157328+00:00,2026-08-31_0543IST,airline_direct,IndiGo
BOM,BLR,6E,IndiGo,inf,2026-09-01,1,economy,,,21721.0,False,04:00,ok,2026-08-31T05:43:32.157328+00:00,2026-08-31_0543IST,airline_direct,IndiGo
DEL,CCU,6E,IndiGo,inf,2026-09-01,1,business,,,26140.0,False,05:00,ok,2026-08-31T05:44:29.386718+00:00,2026-08-31_0544IST,airline_direct,IndiGo
DEL,CCU,6E,IndiGo,inf,2026-09-01,1,economy,,,8200.0,False,05:00,ok,2026-08-31T05:44:29.386718+00:00,2026-08-31_0544IST,airline_direct,IndiGo
DEL,CCU,6E,IndiGo,inf,2026-09-01,1,business,,,26140.0,False,14:25,ok,2026-08-31T05:44:29.386718+00:00,2026-08-31_0544IST,airline_direct,IndiGo
DEL,CCU,6E,IndiGo,inf,2026-09-01,1,economy,,,8200.0,False,14:25,ok,2026-08-31T05:44:29.386718+00:00,2026-08-31_0544IST,airline_direct,IndiGo
DEL,CCU,6E,IndiGo,inf,2026-09-01,1,business,,,26140.0,False,16:00,ok,2026-08-31T05:44:29.386718+00:00,2026-08-31_0544IST,airline_direct,IndiGo
DEL,CCU,6E,IndiGo,inf,2026-09-01,1,economy,,,8200.0,False,16:00,ok,2026-08-31T05:44:29.386718+00:00,2026-08-31_0544IST,airline_direct,IndiGo
DEL,CCU,6E,IndiGo,inf,2026-09-01,1,business,,,29680.0,False,17:55,ok,2026-08-31T05:44:29.386718+00:00,2026-08-31_0544IST,airline_direct,IndiGo
DEL,CCU,6E,IndiGo,inf,2026-09-01,1,economy,,,8200.0,False,17:55,ok,2026-08-31T05:44:29.386718+00:00,2026-08-31_0544IST,airline_direct,IndiGo
DEL,CCU,6E,IndiGo,inf,2026-09-01,1,business,,,26140.0,False,21:50,ok,2026-08-31T05:44:29.386718+00:00,2026-08-31_0544IST,airline_direct,IndiGo
DEL,CCU,6E,IndiGo,inf,2026-09-01,1,economy,,,8200.0,False,21:50,ok,2026-08-31T05:44:29.386718+00:00,2026-08-31_0544IST,airline_direct,IndiGo
DEL,CCU,6E,IndiGo,6e+247,2026-09-01,1,business,,,26140.0,False,23:30,ok,2026-08-31T05:44:29.386718+00:00,2026-08-31_0544IST,airline_direct,IndiGo
DEL,CCU,6E,IndiGo,6e+247,2026-09-01,1,economy,,,8200.0,False,23:30,ok,2026-08-31T05:44:29.386718+00:00,2026-08-31_0544IST,airline_direct,IndiGo
DEL,CCU,6E,IndiGo,inf,2026-09-01,1,business,,,26140.0,False,19:30,ok,2026-08-31T05:44:29.386718+00:00,2026-08-31_0544IST,airline_direct,IndiGo
DEL,CCU,6E,IndiGo,inf,2026-09-01,1,economy,,,9250.0,False,19:30,ok,2026-08-31T05:44:29.386718+00:00,2026-08-31_0544IST,airline_direct,IndiGo
DEL,CCU,6E,IndiGo,inf,2026-09-01,1,business,,,26140.0,False,07:20,ok,2026-08-31T05:44:29.386718+00:00,2026-08-31_0544IST,airline_direct,IndiGo
DEL,CCU,6E,IndiGo,inf,2026-09-01,1,economy,,,9775.0,False,07:20,ok,2026-08-31T05:44:29.386718+00:00,2026-08-31_0544IST,airline_direct,IndiGo
DEL,CCU,6E,IndiGo,inf,2026-09-01,1,business,,,26140.0,False,12:45,ok,2026-08-31T05:44:29.386718+00:00,2026-08-31_0544IST,airline_direct,IndiGo
DEL,CCU,6E,IndiGo,inf,2026-09-01,1,economy,,,9775.0,False,12:45,ok,2026-08-31T05:44:29.386718+00:00,2026-08-31_0544IST,airline_direct,IndiGo
DEL,CCU,6E,IndiGo,inf,2026-09-01,1,business,,,26140.0,False,08:30,ok,2026-08-31T05:44:29.386718+00:00,2026-08-31_0544IST,airline_direct,IndiGo
DEL,CCU,6E,IndiGo,inf,2026-09-01,1,economy,,,10405.0,False,08:30,ok,2026-08-31T05:44:29.386718+00:00,2026-08-31_0544IST,airline_direct,IndiGo
DEL,CCU,6E,IndiGo,inf,2026-09-01,1,business,,,26140.0,False,10:15,ok,2026-08-31T05:44:29.386718+00:00,2026-08-31_0544IST,airline_direct,IndiGo
DEL,CCU,6E,IndiGo,inf,2026-09-01,1,economy,,,10405.0,False,10:15,ok,2026-08-31T05:44:29.386718+00:00,2026-08-31_0544IST,airline_direct,IndiGo
DEL,CCU,6E,IndiGo,inf,2026-09-01,1,economy,,,6596.0,False,11:10,ok,2026-08-31T05:44:29.386718+00:00,2026-08-31_0544IST,airline_direct,IndiGo
DEL,CCU,6E,IndiGo,inf,2026-09-01,1,economy,,,6596.0,False,13:20,ok,2026-08-31T05:44:29.386718+00:00,2026-08-31_0544IST,airline_direct,IndiGo
DEL,CCU,6E,IndiGo,inf,2026-09-01,1,economy,,,6727.0,False,14:35,ok,2026-08-31T05:44:29.386718+00:00,2026-08-31_0544IST,airline_direct,IndiGo
DEL,CCU,6E,IndiGo,inf,2026-09-01,1,economy,,,6806.0,False,07:40,ok,2026-08-31T05:44:29.386718+00:00,2026-08-31_0544IST,airline_direct,IndiGo
DEL,CCU,6E,IndiGo,inf,2026-09-01,1,economy,,,6911.0,False,04:45,ok,2026-08-31T05:44:29.386718+00:00,2026-08-31_0544IST,airline_direct,IndiGo
DEL,CCU,6E,IndiGo,inf,2026-09-01,1,economy,,,6911.0,False,07:45,ok,2026-08-31T05:44:29.386718+00:00,2026-08-31_0544IST,airline_direct,IndiGo
DEL,CCU,6E,IndiGo,inf,2026-09-01,1,economy,,,6911.0,False,07:45,ok,2026-08-31T05:44:29.386718+00:00,2026-08-31_0544IST,airline_direct,IndiGo
DEL,CCU,6E,IndiGo,inf,2026-09-01,1,economy,,,6937.0,False,17:20,ok,2026-08-31T05:44:29.386718+00:00,2026-08-31_0544IST,airline_direct,IndiGo
DEL,CCU,6E,IndiGo,inf,2026-09-01,1,economy,,,7121.0,False,13:25,ok,2026-08-31T05:44:29.386718+00:00,2026-08-31_0544IST,airline_direct,IndiGo
DEL,CCU,6E,IndiGo,inf,2026-09-01,1,economy,,,7121.0,False,13:25,ok,2026-08-31T05:44:29.386718+00:00,2026-08-31_0544IST,airline_direct,IndiGo
DEL,CCU,6E,IndiGo,inf,2026-09-01,1,economy,,,7147.0,False,12:20,ok,2026-08-31T05:44:29.386718+00:00,2026-08-31_0544IST,airline_direct,IndiGo
DEL,CCU,6E,IndiGo,inf,2026-09-01,1,economy,,,7147.0,False,14:50,ok,2026-08-31T05:44:29.386718+00:00,2026-08-31_0544IST,airline_direct,IndiGo
DEL,CCU,6E,IndiGo,inf,2026-09-01,1,economy,,,7147.0,False,17:05,ok,2026-08-31T05:44:29.386718+00:00,2026-08-31_0544IST,airline_direct,IndiGo
DEL,CCU,6E,IndiGo,inf,2026-09-01,1,economy,,,7147.0,False,23:15,ok,2026-08-31T05:44:29.386718+00:00,2026-08-31_0544IST,airline_direct,IndiGo
DEL,CCU,6E,IndiGo,inf,2026-09-01,1,economy,,,7252.0,False,06:20,ok,2026-08-31T05:44:29.386718+00:00,2026-08-31_0544IST,airline_direct,IndiGo
DEL,CCU,6E,IndiGo,inf,2026-09-01,1,economy,,,7336.0,False,12:20,ok,2026-08-31T05:44:29.386718+00:00,2026-08-31_0544IST,airline_direct,IndiGo
DEL,CCU,6E,IndiGo,inf,2026-09-01,1,economy,,,7336.0,False,14:40,ok,2026-08-31T05:44:29.386718+00:00,2026-08-31_0544IST,airline_direct,IndiGo
DEL,CCU,6E,IndiGo,inf,2026-09-01,1,economy,,,7441.0,False,04:45,ok,2026-08-31T05:44:29.386718+00:00,2026-08-31_0544IST,airline_direct,IndiGo
DEL,CCU,6E,IndiGo,inf,2026-09-01,1,economy,,,7441.0,False,07:45,ok,2026-08-31T05:44:29.386718+00:00,2026-08-31_0544IST,airline_direct,IndiGo
DEL,CCU,6E,IndiGo,inf,2026-09-01,1,economy,,,7677.0,False,10:50,ok,2026-08-31T05:44:29.386718+00:00,2026-08-31_0544IST,airline_direct,IndiGo
DEL,CCU,6E,IndiGo,inf,2026-09-01,1,economy,,,7677.0,False,11:45,ok,2026-08-31T05:44:29.386718+00:00,2026-08-31_0544IST,airline_direct,IndiGo
DEL,CCU,6E,IndiGo,inf,2026-09-01,1,economy,,,7677.0,False,21:00,ok,2026-08-31T05:44:29.386718+00:00,2026-08-31_0544IST,airline_direct,IndiGo
DEL,CCU,6E,IndiGo,inf,2026-09-01,1,economy,,,8260.0,False,09:55,ok,2026-08-31T05:44:29.386718+00:00,2026-08-31_0544IST,airline_direct,IndiGo
DEL,CCU,6E,IndiGo,inf,2026-09-01,1,economy,,,8260.0,False,17:55,ok,2026-08-31T05:44:29.386718+00:00,2026-08-31_0544IST,airline_direct,IndiGo
DEL,CCU,6E,IndiGo,inf,2026-09-01,1,economy,,,8901.0,False,10:00,ok,2026-08-31T05:44:29.386718+00:00,2026-08-31_0544IST,airline_direct,IndiGo
DEL,CCU,6E,IndiGo,inf,2026-09-01,1,economy,,,9370.0,False,15:10,ok,2026-08-31T05:44:29.386718+00:00,2026-08-31_0544IST,airline_direct,IndiGo
DEL,CCU,6E,IndiGo,inf,2026-09-01,1,economy,,,9370.0,False,15:10,ok,2026-08-31T05:44:29.386718+00:00,2026-08-31_0544IST,airline_direct,IndiGo
DEL,CCU,6E,IndiGo,inf,2026-09-01,1,economy,,,10040.0,False,09:20,ok,2026-08-31T05:44:29.386718+00:00,2026-08-31_0544IST,airline_direct,IndiGo
DEL,CCU,6E,IndiGo,inf,2026-09-01,1,economy,,,10381.0,False,13:30,ok,2026-08-31T05:44:29.386718+00:00,2026-08-31_0544IST,airline_direct,IndiGo
DEL,CCU,6E,IndiGo,inf,2026-09-01,1,economy,,,10771.0,False,16:40,ok,2026-08-31T05:44:29.386718+00:00,2026-08-31_0544IST,airline_direct,IndiGo
DEL,CCU,6E,IndiGo,inf,2026-09-01,1,economy,,,10891.0,False,07:40,ok,2026-08-31T05:44:29.386718+00:00,2026-08-31_0544IST,airline_direct,IndiGo
DEL,CCU,6E,IndiGo,inf,2026-09-01,1,economy,,,11232.0,False,13:30,ok,2026-08-31T05:44:29.386718+00:00,2026-08-31_0544IST,airline_direct,IndiGo
DEL,CCU,6E,IndiGo,inf,2026-09-01,1,economy,,,11232.0,False,16:15,ok,2026-08-31T05:44:29.386718+00:00,2026-08-31_0544IST,airline_direct,IndiGo
DEL,CCU,6E,IndiGo,inf,2026-09-01,1,economy,,,11827.0,False,12:55,ok,2026-08-31T05:44:29.386718+00:00,2026-08-31_0544IST,airline_direct,IndiGo
DEL,CCU,6E,IndiGo,inf,2026-09-01,1,economy,,,11827.0,False,14:00,ok,2026-08-31T05:44:29.386718+00:00,2026-08-31_0544IST,airline_direct,IndiGo
DEL,CCU,6E,IndiGo,inf,2026-09-01,1,economy,,,12856.0,False,05:00,ok,2026-08-31T05:44:29.386718+00:00,2026-08-31_0544IST,airline_direct,IndiGo
DEL,CCU,6E,IndiGo,inf,2026-09-01,1,economy,,,13908.0,False,16:20,ok,2026-08-31T05:44:29.386718+00:00,2026-08-31_0544IST,airline_direct,IndiGo
DEL,CCU,6E,IndiGo,inf,2026-09-01,1,economy,,,14285.0,False,02:25,ok,2026-08-31T05:44:29.386718+00:00,2026-08-31_0544IST,airline_direct,IndiGo
DEL,CCU,6E,IndiGo,inf,2026-09-01,1,economy,,,14381.0,False,06:20,ok,2026-08-31T05:44:29.386718+00:00,2026-08-31_0544IST,airline_direct,IndiGo
DEL,CCU,6E,IndiGo,inf,2026-09-01,1,business,,,33570.0,False,02:25,ok,2026-08-31T05:44:29.386718+00:00,2026-08-31_0544IST,airline_direct,IndiGo
DEL,CCU,6E,IndiGo,inf,2026-09-01,1,economy,,,15388.0,False,02:25,ok,2026-08-31T05:44:29.386718+00:00,2026-08-31_0544IST,airline_direct,IndiGo
DEL,CCU,6E,IndiGo,inf,2026-09-01,1,economy,,,16039.0,False,05:10,ok,2026-08-31T05:44:29.386718+00:00,2026-08-31_0544IST,airline_direct,IndiGo
DEL,CCU,6E,IndiGo,inf,2026-09-01,1,economy,,,16384.0,False,12:20,ok,2026-08-31T05:44:29.386718+00:00,2026-08-31_0544IST,airline_direct,IndiGo
DEL,CCU,6E,IndiGo,inf,2026-09-01,1,economy,,,16384.0,False,14:40,ok,2026-08-31T05:44:29.386718+00:00,2026-08-31_0544IST,airline_direct,IndiGo
DEL,CCU,6E,IndiGo,inf,2026-09-01,1,economy,,,16643.0,False,05:55,ok,2026-08-31T05:44:29.386718+00:00,2026-08-31_0544IST,airline_direct,IndiGo
DEL,CCU,6E,IndiGo,inf,2026-09-01,1,economy,,,18863.0,False,13:05,ok,2026-08-31T05:44:29.386718+00:00,2026-08-31_0544IST,airline_direct,IndiGo
DEL,CCU,6E,IndiGo,inf,2026-09-01,1,economy,,,19633.0,False,14:25,ok,2026-08-31T05:44:29.386718+00:00,2026-08-31_0544IST,airline_direct,IndiGo
DEL,CCU,6E,IndiGo,inf,2026-09-01,1,business,,,33570.0,False,08:30,ok,2026-08-31T05:44:29.386718+00:00,2026-08-31_0544IST,airline_direct,IndiGo
DEL,CCU,6E,IndiGo,inf,2026-09-01,1,economy,,,20778.0,False,08:30,ok,2026-08-31T05:44:29.386718+00:00,2026-08-31_0544IST,airline_direct,IndiGo
DEL,CCU,6E,IndiGo,6e+203,2026-09-01,1,business,,,33570.0,False,07:10,ok,2026-08-31T05:44:29.386718+00:00,2026-08-31_0544IST,airline_direct,IndiGo
DEL,CCU,6E,IndiGo,6e+203,2026-09-01,1,economy,,,21640.0,False,07:10,ok,2026-08-31T05:44:29.386718+00:00,2026-08-31_0544IST,airline_direct,IndiGo
BLR,HYD,6E,IndiGo,inf,2026-09-01,1,,,,,False,11:35,parse_error,2026-08-31T05:45:33.669063+00:00,2026-08-31_0545IST,airline_direct,IndiGo
BLR,HYD,6E,IndiGo,inf,2026-09-01,1,,,,,False,21:30,parse_error,2026-08-31T05:45:33.669063+00:00,2026-08-31_0545IST,airline_direct,IndiGo
BLR,HYD,6E,IndiGo,inf,2026-09-01,1,,,,,False,16:30,parse_error,2026-08-31T05:45:33.669063+00:00,2026-08-31_0545IST,airline_direct,IndiGo
BLR,HYD,6E,IndiGo,inf,2026-09-01,1,,,,,False,19:45,parse_error,2026-08-31T05:45:33.669063+00:00,2026-08-31_0545IST,airline_direct,IndiGo
BLR,HYD,6E,IndiGo,inf,2026-09-01,1,,,,,False,10:15,parse_error,2026-08-31T05:45:33.669063+00:00,2026-08-31_0545IST,airline_direct,IndiGo
BLR,HYD,6E,IndiGo,inf,2026-09-01,1,,,,,False,18:35,parse_error,2026-08-31T05:45:33.669063+00:00,2026-08-31_0545IST,airline_direct,IndiGo
BLR,HYD,6E,IndiGo,inf,2026-09-01,1,,,,,False,06:25,parse_error,2026-08-31T05:45:33.669063+00:00,2026-08-31_0545IST,airline_direct,IndiGo
BLR,HYD,6E,IndiGo,inf,2026-09-01,1,,,,,False,08:15,parse_error,2026-08-31T05:45:33.669063+00:00,2026-08-31_0545IST,airline_direct,IndiGo
BLR,HYD,6E,IndiGo,inf,2026-09-01,1,,,,,False,09:15,parse_error,2026-08-31T05:45:33.669063+00:00,2026-08-31_0545IST,airline_direct,IndiGo
BLR,HYD,6E,IndiGo,inf,2026-09-01,1,,,,,False,10:40,parse_error,2026-08-31T05:45:33.669063+00:00,2026-08-31_0545IST,airline_direct,IndiGo
BLR,HYD,6E,IndiGo,inf,2026-09-01,1,,,,,False,04:30,parse_error,2026-08-31T05:45:33.669063+00:00,2026-08-31_0545IST,airline_direct,IndiGo
BLR,HYD,6E,IndiGo,inf,2026-09-01,1,,,,,False,10:50,parse_error,2026-08-31T05:45:33.669063+00:00,2026-08-31_0545IST,airline_direct,IndiGo
BLR,HYD,6E,IndiGo,inf,2026-09-01,1,,,,,False,12:50,parse_error,2026-08-31T05:45:33.669063+00:00,2026-08-31_0545IST,airline_direct,IndiGo
BLR,HYD,6E,IndiGo,inf,2026-09-01,1,,,,,False,12:50,parse_error,2026-08-31T05:45:33.669063+00:00,2026-08-31_0545IST,airline_direct,IndiGo
BLR,HYD,6E,IndiGo,inf,2026-09-01,1,,,,,False,12:50,parse_error,2026-08-31T05:45:33.669063+00:00,2026-08-31_0545IST,airline_direct,IndiGo
BLR,HYD,6E,IndiGo,inf,2026-09-01,1,,,,,False,13:10,parse_error,2026-08-31T05:45:33.669063+00:00,2026-08-31_0545IST,airline_direct,IndiGo
BLR,HYD,6E,IndiGo,6e+182,2026-09-01,1,,,,,False,15:00,parse_error,2026-08-31T05:45:33.669063+00:00,2026-08-31_0545IST,airline_direct,IndiGo
BLR,HYD,6E,IndiGo,6e+182,2026-09-01,1,,,,,False,15:00,parse_error,2026-08-31T05:45:33.669063+00:00,2026-08-31_0545IST,airline_direct,IndiGo
BLR,HYD,6E,IndiGo,6e+182,2026-09-01,1,,,,,False,15:00,parse_error,2026-08-31T05:45:33.669063+00:00,2026-08-31_0545IST,airline_direct,IndiGo
BLR,HYD,6E,IndiGo,inf,2026-09-01,1,,,,,False,17:15,parse_error,2026-08-31T05:45:33.669063+00:00,2026-08-31_0545IST,airline_direct,IndiGo
BLR,HYD,6E,IndiGo,inf,2026-09-01,1,,,,,False,17:15,parse_error,2026-08-31T05:45:33.669063+00:00,2026-08-31_0545IST,airline_direct,IndiGo
BLR,HYD,6E,IndiGo,inf,2026-09-01,1,,,,,False,17:40,parse_error,2026-08-31T05:45:33.669063+00:00,2026-08-31_0545IST,airline_direct,IndiGo
BLR,HYD,6E,IndiGo,inf,2026-09-01,1,,,,,False,17:40,parse_error,2026-08-31T05:45:33.669063+00:00,2026-08-31_0545IST,airline_direct,IndiGo
BLR,HYD,6E,IndiGo,inf,2026-09-01,1,,,,,False,18:15,parse_error,2026-08-31T05:45:33.669063+00:00,2026-08-31_0545IST,airline_direct,IndiGo
BLR,HYD,6E,IndiGo,6e+105,2026-09-01,1,,,,,False,18:50,parse_error,2026-08-31T05:45:33.669063+00:00,2026-08-31_0545IST,airline_direct,IndiGo
BLR,HYD,6E,IndiGo,6e+105,2026-09-01,1,,,,,False,18:50,parse_error,2026-08-31T05:45:33.669063+00:00,2026-08-31_0545IST,airline_direct,IndiGo
BLR,HYD,6E,IndiGo,inf,2026-09-01,1,,,,,False,19:15,parse_error,2026-08-31T05:45:33.669063+00:00,2026-08-31_0545IST,airline_direct,IndiGo
BLR,HYD,6E,IndiGo,inf,2026-09-01,1,,,,,False,20:40,parse_error,2026-08-31T05:45:33.669063+00:00,2026-08-31_0545IST,airline_direct,IndiGo
BLR,HYD,6E,IndiGo,inf,2026-09-01,1,,,,,False,21:40,parse_error,2026-08-31T05:45:33.669063+00:00,2026-08-31_0545IST,airline_direct,IndiGo
BLR,HYD,6E,IndiGo,inf,2026-09-01,1,,,,,False,21:40,parse_error,2026-08-31T05:45:33.669063+00:00,2026-08-31_0545IST,airline_direct,IndiGo
BLR,HYD,6E,IndiGo,6e+116,2026-09-01,1,,,,,False,23:05,parse_error,2026-08-31T05:45:33.669063+00:00,2026-08-31_0545IST,airline_direct,IndiGo
BLR,HYD,6E,IndiGo,6e+116,2026-09-01,1,,,,,False,23:05,parse_error,2026-08-31T05:45:33.669063+00:00,2026-08-31_0545IST,airline_direct,IndiGo
BLR,HYD,6E,IndiGo,inf,2026-09-01,1,,,,,False,13:10,parse_error,2026-08-31T05:45:33.669063+00:00,2026-08-31_0545IST,airline_direct,IndiGo
BLR,HYD,6E,IndiGo,inf,2026-09-01,1,,,,,False,14:40,parse_error,2026-08-31T05:45:33.669063+00:00,2026-08-31_0545IST,airline_direct,IndiGo
BLR,HYD,6E,IndiGo,inf,2026-09-01,1,,,,,False,15:15,parse_error,2026-08-31T05:45:33.669063+00:00,2026-08-31_0545IST,airline_direct,IndiGo
BLR,HYD,6E,IndiGo,inf,2026-09-01,1,,,,,False,01:05,parse_error,2026-08-31T05:45:33.669063+00:00,2026-08-31_0545IST,airline_direct,IndiGo
BLR,HYD,6E,IndiGo,inf,2026-09-01,1,,,,,False,02:40,parse_error,2026-08-31T05:45:33.669063+00:00,2026-08-31_0545IST,airline_direct,IndiGo
BLR,HYD,6E,IndiGo,inf,2026-09-01,1,,,,,False,06:50,parse_error,2026-08-31T05:45:33.669063+00:00,2026-08-31_0545IST,airline_direct,IndiGo
BLR,HYD,6E,IndiGo,inf,2026-09-01,1,,,,,False,12:50,parse_error,2026-08-31T05:45:33.669063+00:00,2026-08-31_0545IST,airline_direct,IndiGo
BLR,HYD,6E,IndiGo,inf,2026-09-01,1,,,,,False,15:15,parse_error,2026-08-31T05:45:33.669063+00:00,2026-08-31_0545IST,airline_direct,IndiGo
BLR,HYD,6E,IndiGo,inf,2026-09-01,1,,,,,False,06:25,parse_error,2026-08-31T05:45:33.669063+00:00,2026-08-31_0545IST,airline_direct,IndiGo
BLR,HYD,6E,IndiGo,inf,2026-09-01,1,,,,,False,06:50,parse_error,2026-08-31T05:45:33.669063+00:00,2026-08-31_0545IST,airline_direct,IndiGo
BLR,HYD,6E,IndiGo,inf,2026-09-01,1,,,,,False,07:05,parse_error,2026-08-31T05:45:33.669063+00:00,2026-08-31_0545IST,airline_direct,IndiGo
BLR,HYD,6E,IndiGo,inf,2026-09-01,1,,,,,False,07:15,parse_error,2026-08-31T05:45:33.669063+00:00,2026-08-31_0545IST,airline_direct,IndiGo
BLR,HYD,6E,IndiGo,inf,2026-09-01,1,,,,,False,10:50,parse_error,2026-08-31T05:45:33.669063+00:00,2026-08-31_0545IST,airline_direct,IndiGo
BLR,HYD,6E,IndiGo,inf,2026-09-01,1,,,,,False,12:35,parse_error,2026-08-31T05:45:33.669063+00:00,2026-08-31_0545IST,airline_direct,IndiGo
BLR,HYD,6E,IndiGo,inf,2026-09-01,1,,,,,False,07:15,parse_error,2026-08-31T05:45:33.669063+00:00,2026-08-31_0545IST,airline_direct,IndiGo
BLR,HYD,6E,IndiGo,inf,2026-09-01,1,,,,,False,12:35,parse_error,2026-08-31T05:45:33.669063+00:00,2026-08-31_0545IST,airline_direct,IndiGo
BLR,HYD,6E,IndiGo,inf,2026-09-01,1,,,,,False,12:35,parse_error,2026-08-31T05:45:33.669063+00:00,2026-08-31_0545IST,airline_direct,IndiGo
BLR,HYD,6E,IndiGo,5.9999999999999995e+109,2026-09-01,1,,,,,False,17:00,parse_error,2026-08-31T05:45:33.669063+00:00,2026-08-31_0545IST,airline_direct,IndiGo
BLR,HYD,6E,IndiGo,inf,2026-09-01,1,,,,,False,18:50,parse_error,2026-08-31T05:45:33.669063+00:00,2026-08-31_0545IST,airline_direct,IndiGo
BLR,HYD,6E,IndiGo,inf,2026-09-01,1,,,,,False,07:05,parse_error,2026-08-31T05:45:33.669063+00:00,2026-08-31_0545IST,airline_direct,IndiGo
BLR,HYD,6E,IndiGo,inf,2026-09-01,1,,,,,False,07:05,parse_error,2026-08-31T05:45:33.669063+00:00,2026-08-31_0545IST,airline_direct,IndiGo
BLR,HYD,6E,IndiGo,inf,2026-09-01,1,,,,,False,10:55,parse_error,2026-08-31T05:45:33.669063+00:00,2026-08-31_0545IST,airline_direct,IndiGo
BLR,HYD,6E,IndiGo,inf,2026-09-01,1,,,,,False,14:35,parse_error,2026-08-31T05:45:33.669063+00:00,2026-08-31_0545IST,airline_direct,IndiGo
BLR,HYD,6E,IndiGo,inf,2026-09-01,1,,,,,False,07:05,parse_error,2026-08-31T05:45:33.669063+00:00,2026-08-31_0545IST,airline_direct,IndiGo
BLR,HYD,6E,IndiGo,inf,2026-09-01,1,,,,,False,11:40,parse_error,2026-08-31T05:45:33.669063+00:00,2026-08-31_0545IST,airline_direct,IndiGo
BLR,HYD,6E,IndiGo,inf,2026-09-01,1,,,,,False,11:40,parse_error,2026-08-31T05:45:33.669063+00:00,2026-08-31_0545IST,airline_direct,IndiGo
MAA,DEL,6E,IndiGo,inf,2026-09-01,1,business,,,28240.0,False,21:50,ok,2026-08-31T05:46:31.755440+00:00,2026-08-31_0546IST,airline_direct,IndiGo
MAA,DEL,6E,IndiGo,inf,2026-09-01,1,economy,,,10608.0,False,21:50,ok,2026-08-31T05:46:31.755440+00:00,2026-08-31_0546IST,airline_direct,IndiGo
MAA,DEL,6E,IndiGo,inf,2026-09-01,1,business,,,28240.0,False,23:45,ok,2026-08-31T05:46:31.755440+00:00,2026-08-31_0546IST,airline_direct,IndiGo
MAA,DEL,6E,IndiGo,inf,2026-09-01,1,economy,,,10608.0,False,23:45,ok,2026-08-31T05:46:31.755440+00:00,2026-08-31_0546IST,airline_direct,IndiGo
MAA,DEL,6E,IndiGo,inf,2026-09-01,1,business,,,28240.0,False,09:15,ok,2026-08-31T05:46:31.755440+00:00,2026-08-31_0546IST,airline_direct,IndiGo
MAA,DEL,6E,IndiGo,inf,2026-09-01,1,economy,,,11130.0,False,09:15,ok,2026-08-31T05:46:31.755440+00:00,2026-08-31_0546IST,airline_direct,IndiGo
MAA,DEL,6E,IndiGo,inf,2026-09-01,1,business,,,39899.0,False,11:10,ok,2026-08-31T05:46:31.755440+00:00,2026-08-31_0546IST,airline_direct,IndiGo
MAA,DEL,6E,IndiGo,inf,2026-09-01,1,economy,,,11130.0,False,11:10,ok,2026-08-31T05:46:31.755440+00:00,2026-08-31_0546IST,airline_direct,IndiGo
MAA,DEL,6E,IndiGo,inf,2026-09-01,1,business,,,28240.0,False,13:00,ok,2026-08-31T05:46:31.755440+00:00,2026-08-31_0546IST,airline_direct,IndiGo
MAA,DEL,6E,IndiGo,inf,2026-09-01,1,economy,,,11130.0,False,13:00,ok,2026-08-31T05:46:31.755440+00:00,2026-08-31_0546IST,airline_direct,IndiGo
MAA,DEL,6E,IndiGo,inf,2026-09-01,1,business,,,28240.0,False,14:30,ok,2026-08-31T05:46:31.755440+00:00,2026-08-31_0546IST,airline_direct,IndiGo
MAA,DEL,6E,IndiGo,inf,2026-09-01,1,economy,,,11130.0,False,14:30,ok,2026-08-31T05:46:31.755440+00:00,2026-08-31_0546IST,airline_direct,IndiGo
MAA,DEL,6E,IndiGo,inf,2026-09-01,1,business,,,28240.0,False,16:45,ok,2026-08-31T05:46:31.755440+00:00,2026-08-31_0546IST,airline_direct,IndiGo
MAA,DEL,6E,IndiGo,inf,2026-09-01,1,economy,,,14222.0,False,16:45,ok,2026-08-31T05:46:31.755440+00:00,2026-08-31_0546IST,airline_direct,IndiGo
MAA,DEL,6E,IndiGo,inf,2026-09-01,1,business,,,30280.0,False,19:00,ok,2026-08-31T05:46:31.755440+00:00,2026-08-31_0546IST,airline_direct,IndiGo
MAA,DEL,6E,IndiGo,inf,2026-09-01,1,economy,,,14222.0,False,19:00,ok,2026-08-31T05:46:31.755440+00:00,2026-08-31_0546IST,airline_direct,IndiGo
MAA,DEL,6E,IndiGo,inf,2026-09-01,1,business,,,30280.0,False,06:30,ok,2026-08-31T05:46:31.755440+00:00,2026-08-31_0546IST,airline_direct,IndiGo
MAA,DEL,6E,IndiGo,inf,2026-09-01,1,economy,,,18306.0,False,06:30,ok,2026-08-31T05:46:31.755440+00:00,2026-08-31_0546IST,airline_direct,IndiGo
MAA,DEL,6E,IndiGo,inf,2026-09-01,1,economy,,,8074.0,False,05:25,ok,2026-08-31T05:46:31.755440+00:00,2026-08-31_0546IST,airline_direct,IndiGo
MAA,DEL,6E,IndiGo,inf,2026-09-01,1,economy,,,8074.0,False,17:00,ok,2026-08-31T05:46:31.755440+00:00,2026-08-31_0546IST,airline_direct,IndiGo
MAA,DEL,6E,IndiGo,inf,2026-09-01,1,economy,,,8447.0,False,13:50,ok,2026-08-31T05:46:31.755440+00:00,2026-08-31_0546IST,airline_direct,IndiGo
MAA,DEL,6E,IndiGo,6e+183,2026-09-01,1,business,,,30185.0,False,16:35,ok,2026-08-31T05:46:31.755440+00:00,2026-08-31_0546IST,airline_direct,IndiGo
MAA,DEL,6E,IndiGo,6e+183,2026-09-01,1,economy,,,8447.0,False,16:35,ok,2026-08-31T05:46:31.755440+00:00,2026-08-31_0546IST,airline_direct,IndiGo
MAA,DEL,6E,IndiGo,6e+193,2026-09-01,1,economy,,,8447.0,False,20:00,ok,2026-08-31T05:46:31.755440+00:00,2026-08-31_0546IST,airline_direct,IndiGo
MAA,DEL,6E,IndiGo,inf,2026-09-01,1,economy,,,8447.0,False,21:25,ok,2026-08-31T05:46:31.755440+00:00,2026-08-31_0546IST,airline_direct,IndiGo
MAA,DEL,6E,IndiGo,inf,2026-09-01,1,economy,,,8447.0,False,21:25,ok,2026-08-31T05:46:31.755440+00:00,2026-08-31_0546IST,airline_direct,IndiGo
MAA,DEL,6E,IndiGo,inf,2026-09-01,1,economy,,,8526.0,False,10:55,ok,2026-08-31T05:46:31.755440+00:00,2026-08-31_0546IST,airline_direct,IndiGo
MAA,DEL,6E,IndiGo,inf,2026-09-01,1,economy,,,8526.0,False,14:35,ok,2026-08-31T05:46:31.755440+00:00,2026-08-31_0546IST,airline_direct,IndiGo
MAA,DEL,6E,IndiGo,inf,2026-09-01,1,economy,,,8526.0,False,16:15,ok,2026-08-31T05:46:31.755440+00:00,2026-08-31_0546IST,airline_direct,IndiGo
MAA,DEL,6E,IndiGo,inf,2026-09-01,1,economy,,,9166.0,False,16:15,ok,2026-08-31T05:46:31.755440+00:00,2026-08-31_0546IST,airline_direct,IndiGo
MAA,DEL,6E,IndiGo,inf,2026-09-01,1,economy,,,9297.0,False,08:20,ok,2026-08-31T05:46:31.755440+00:00,2026-08-31_0546IST,airline_direct,IndiGo
MAA,DEL,6E,IndiGo,inf,2026-09-01,1,economy,,,9792.0,False,09:30,ok,2026-08-31T05:46:31.755440+00:00,2026-08-31_0546IST,airline_direct,IndiGo
MAA,DEL,6E,IndiGo,inf,2026-09-01,1,economy,,,9792.0,False,11:55,ok,2026-08-31T05:46:31.755440+00:00,2026-08-31_0546IST,airline_direct,IndiGo
MAA,DEL,6E,IndiGo,inf,2026-09-01,1,economy,,,9871.0,False,17:45,ok,2026-08-31T05:46:31.755440+00:00,2026-08-31_0546IST,airline_direct,IndiGo
MAA,DEL,6E,IndiGo,inf,2026-09-01,1,business,,,39741.0,False,12:45,ok,2026-08-31T05:46:31.755440+00:00,2026-08-31_0546IST,airline_direct,IndiGo
MAA,DEL,6E,IndiGo,inf,2026-09-01,1,economy,,,10002.0,False,12:45,ok,2026-08-31T05:46:31.755440+00:00,2026-08-31_0546IST,airline_direct,IndiGo
MAA,DEL,6E,IndiGo,inf,2026-09-01,1,economy,,,10566.0,False,12:00,ok,2026-08-31T05:46:31.755440+00:00,2026-08-31_0546IST,airline_direct,IndiGo
MAA,DEL,6E,IndiGo,6.000000000000001e+244,2026-09-01,1,economy,,,11417.0,False,03:55,ok,2026-08-31T05:46:31.755440+00:00,2026-08-31_0546IST,airline_direct,IndiGo
MAA,DEL,6E,IndiGo,inf,2026-09-01,1,business,,,33369.0,False,22:20,ok,2026-08-31T05:46:31.755440+00:00,2026-08-31_0546IST,airline_direct,IndiGo
MAA,DEL,6E,IndiGo,inf,2026-09-01,1,economy,,,11417.0,False,22:20,ok,2026-08-31T05:46:31.755440+00:00,2026-08-31_0546IST,airline_direct,IndiGo
MAA,DEL,6E,IndiGo,inf,2026-09-01,1,economy,,,11496.0,False,18:20,ok,2026-08-31T05:46:31.755440+00:00,2026-08-31_0546IST,airline_direct,IndiGo
MAA,DEL,6E,IndiGo,inf,2026-09-01,1,economy,,,11540.0,False,14:35,ok,2026-08-31T05:46:31.755440+00:00,2026-08-31_0546IST,airline_direct,IndiGo
MAA,DEL,6E,IndiGo,inf,2026-09-01,1,business,,,39741.0,False,11:00,ok,2026-08-31T05:46:31.755440+00:00,2026-08-31_0546IST,airline_direct,IndiGo
MAA,DEL,6E,IndiGo,inf,2026-09-01,1,economy,,,11627.0,False,11:00,ok,2026-08-31T05:46:31.755440+00:00,2026-08-31_0546IST,airline_direct,IndiGo
MAA,DEL,6E,IndiGo,inf,2026-09-01,1,business,,,39741.0,False,11:00,ok,2026-08-31T05:46:31.755440+00:00,2026-08-31_0546IST,airline_direct,IndiGo
MAA,DEL,6E,IndiGo,inf,2026-09-01,1,economy,,,11627.0,False,11:00,ok,2026-08-31T05:46:31.755440+00:00,2026-08-31_0546IST,airline_direct,IndiGo
MAA,DEL,6E,IndiGo,inf,2026-09-01,1,economy,,,11627.0,False,18:05,ok,2026-08-31T05:46:31.755440+00:00,2026-08-31_0546IST,airline_direct,IndiGo
MAA,DEL,6E,IndiGo,inf,2026-09-01,1,economy,,,12428.0,False,17:45,ok,2026-08-31T05:46:31.755440+00:00,2026-08-31_0546IST,airline_direct,IndiGo
MAA,DEL,6E,IndiGo,inf,2026-09-01,1,business,,,40966.0,False,09:00,ok,2026-08-31T05:46:31.755440+00:00,2026-08-31_0546IST,airline_direct,IndiGo
MAA,DEL,6E,IndiGo,inf,2026-09-01,1,economy,,,12563.0,False,09:00,ok,2026-08-31T05:46:31.755440+00:00,2026-08-31_0546IST,airline_direct,IndiGo
MAA,DEL,6E,IndiGo,inf,2026-09-01,1,business,,,40966.0,False,09:00,ok,2026-08-31T05:46:31.755440+00:00,2026-08-31_0546IST,airline_direct,IndiGo
MAA,DEL,6E,IndiGo,inf,2026-09-01,1,economy,,,12563.0,False,09:00,ok,2026-08-31T05:46:31.755440+00:00,2026-08-31_0546IST,airline_direct,IndiGo
MAA,DEL,6E,IndiGo,inf,2026-09-01,1,business,,,40966.0,False,09:00,ok,2026-08-31T05:46:31.755440+00:00,2026-08-31_0546IST,airline_direct,IndiGo
MAA,DEL,6E,IndiGo,inf,2026-09-01,1,economy,,,12563.0,False,09:00,ok,2026-08-31T05:46:31.755440+00:00,2026-08-31_0546IST,airline_direct,IndiGo
MAA,DEL,6E,IndiGo,inf,2026-09-01,1,economy,,,12884.0,False,08:55,ok,2026-08-31T05:46:31.755440+00:00,2026-08-31_0546IST,airline_direct,IndiGo
MAA,DEL,6E,IndiGo,inf,2026-09-01,1,economy,,,13382.0,False,11:25,ok,2026-08-31T05:46:31.755440+00:00,2026-08-31_0546IST,airline_direct,IndiGo
MAA,DEL,6E,IndiGo,inf,2026-09-01,1,economy,,,14028.0,False,11:45,ok,2026-08-31T05:46:31.755440+00:00,2026-08-31_0546IST,airline_direct,IndiGo
MAA,DEL,6E,IndiGo,inf,2026-09-01,1,economy,,,14303.0,False,13:10,ok,2026-08-31T05:46:31.755440+00:00,2026-08-31_0546IST,airline_direct,IndiGo
MAA,DEL,6E,IndiGo,inf,2026-09-01,1,economy,,,14513.0,False,09:05,ok,2026-08-31T05:46:31.755440+00:00,2026-08-31_0546IST,airline_direct,IndiGo
MAA,DEL,6E,IndiGo,inf,2026-09-01,1,business,,,47116.0,False,14:45,ok,2026-08-31T05:46:31.755440+00:00,2026-08-31_0546IST,airline_direct,IndiGo
MAA,DEL,6E,IndiGo,inf,2026-09-01,1,economy,,,15522.0,False,14:45,ok,2026-08-31T05:46:31.755440+00:00,2026-08-31_0546IST,airline_direct,IndiGo
MAA,DEL,6E,IndiGo,inf,2026-09-01,1,economy,,,15661.0,False,12:00,ok,2026-08-31T05:46:31.755440+00:00,2026-08-31_0546IST,airline_direct,IndiGo
MAA,DEL,6E,IndiGo,inf,2026-09-01,1,business,,,39741.0,False,12:45,ok,2026-08-31T05:46:31.755440+00:00,2026-08-31_0546IST,airline_direct,IndiGo
MAA,DEL,6E,IndiGo,inf,2026-09-01,1,economy,,,15850.0,False,12:45,ok,2026-08-31T05:46:31.755440+00:00,2026-08-31_0546IST,airline_direct,IndiGo
MAA,DEL,6E,IndiGo,inf,2026-09-01,1,business,,,33135.0,False,11:10,ok,2026-08-31T05:46:31.755440+00:00,2026-08-31_0546IST,airline_direct,IndiGo
MAA,DEL,6E,IndiGo,inf,2026-09-01,1,economy,,,15893.0,False,11:10,ok,2026-08-31T05:46:31.755440+00:00,2026-08-31_0546IST,airline_direct,IndiGo
MAA,DEL,6E,IndiGo,inf,2026-09-01,1,business,,,35672.0,False,02:30,ok,2026-08-31T05:46:31.755440+00:00,2026-08-31_0546IST,airline_direct,IndiGo
MAA,DEL,6E,IndiGo,inf,2026-09-01,1,economy,,,17032.0,False,02:30,ok,2026-08-31T05:46:31.755440+00:00,2026-08-31_0546IST,airline_direct,IndiGo
MAA,DEL,6E,IndiGo,inf,2026-09-01,1,business,,,40966.0,False,16:40,ok,2026-08-31T05:46:31.755440+00:00,2026-08-31_0546IST,airline_direct,IndiGo
MAA,DEL,6E,IndiGo,inf,2026-09-01,1,economy,,,17032.0,False,16:40,ok,2026-08-31T05:46:31.755440+00:00,2026-08-31_0546IST,airline_direct,IndiGo
MAA,DEL,6E,IndiGo,6e+189,2026-09-01,1,economy,,,17259.0,False,19:05,ok,2026-08-31T05:46:31.755440+00:00,2026-08-31_0546IST,airline_direct,IndiGo
MAA,DEL,6E,IndiGo,6e+189,2026-09-01,1,economy,,,17259.0,False,19:05,ok,2026-08-31T05:46:31.755440+00:00,2026-08-31_0546IST,airline_direct,IndiGo
MAA,DEL,6E,IndiGo,inf,2026-09-01,1,business,,,39741.0,False,06:45,ok,2026-08-31T05:46:31.755440+00:00,2026-08-31_0546IST,airline_direct,IndiGo
MAA,DEL,6E,IndiGo,inf,2026-09-01,1,economy,,,17333.0,False,06:45,ok,2026-08-31T05:46:31.755440+00:00,2026-08-31_0546IST,airline_direct,IndiGo
MAA,DEL,6E,IndiGo,inf,2026-09-01,1,economy,,,17490.0,False,17:45,ok,2026-08-31T05:46:31.755440+00:00,2026-08-31_0546IST,airline_direct,IndiGo
MAA,DEL,6E,IndiGo,inf,2026-09-01,1,business,,,43047.0,False,02:30,ok,2026-08-31T05:46:31.755440+00:00,2026-08-31_0546IST,airline_direct,IndiGo
MAA,DEL,6E,IndiGo,inf,2026-09-01,1,economy,,,18449.0,False,02:30,ok,2026-08-31T05:46:31.755440+00:00,2026-08-31_0546IST,airline_direct,IndiGo
MAA,DEL,6E,IndiGo,inf,2026-09-01,1,economy,,,19020.0,False,16:10,ok,2026-08-31T05:46:31.755440+00:00,2026-08-31_0546IST,airline_direct,IndiGo
MAA,DEL,6E,IndiGo,inf,2026-09-01,1,economy,,,19130.0,False,09:05,ok,2026-08-31T05:46:31.755440+00:00,2026-08-31_0546IST,airline_direct,IndiGo
MAA,DEL,6E,IndiGo,inf,2026-09-01,1,economy,,,20009.0,False,17:50,ok,2026-08-31T05:46:31.755440+00:00,2026-08-31_0546IST,airline_direct,IndiGo
MAA,DEL,6E,IndiGo,inf,2026-09-01,1,economy,,,20344.0,False,07:10,ok,2026-08-31T05:46:31.755440+00:00,2026-08-31_0546IST,airline_direct,IndiGo
MAA,DEL,6E,IndiGo,inf,2026-09-01,1,economy,,,21243.0,False,13:10,ok,2026-08-31T05:46:31.755440+00:00,2026-08-31_0546IST,airline_direct,IndiGo
MAA,DEL,6E,IndiGo,inf,2026-09-01,1,economy,,,21954.0,False,07:10,ok,2026-08-31T05:46:31.755440+00:00,2026-08-31_0546IST,airline_direct,IndiGo
DEL,BOM,6E,IndiGo,inf,2026-09-07,7,business,,,24260.0,False,11:00,ok,2026-08-31T05:47:29.859929+00:00,2026-08-31_0547IST,airline_direct,IndiGo
DEL,BOM,6E,IndiGo,inf,2026-09-07,7,economy,,,6305.0,False,11:00,ok,2026-08-31T05:47:29.859929+00:00,2026-08-31_0547IST,airline_direct,IndiGo
DEL,BOM,6E,IndiGo,inf,2026-09-07,7,business,,,28443.0,False,12:00,ok,2026-08-31T05:47:29.859929+00:00,2026-08-31_0547IST,airline_direct,IndiGo
DEL,BOM,6E,IndiGo,inf,2026-09-07,7,economy,,,6305.0,False,12:00,ok,2026-08-31T05:47:29.859929+00:00,2026-08-31_0547IST,airline_direct,IndiGo
DEL,BOM,6E,IndiGo,inf,2026-09-07,7,business,,,24260.0,False,13:00,ok,2026-08-31T05:47:29.859929+00:00,2026-08-31_0547IST,airline_direct,IndiGo
DEL,BOM,6E,IndiGo,inf,2026-09-07,7,economy,,,6305.0,False,13:00,ok,2026-08-31T05:47:29.859929+00:00,2026-08-31_0547IST,airline_direct,IndiGo
DEL,BOM,6E,IndiGo,inf,2026-09-07,7,business,,,24260.0,False,14:00,ok,2026-08-31T05:47:29.859929+00:00,2026-08-31_0547IST,airline_direct,IndiGo
DEL,BOM,6E,IndiGo,inf,2026-09-07,7,economy,,,6305.0,False,14:00,ok,2026-08-31T05:47:29.859929+00:00,2026-08-31_0547IST,airline_direct,IndiGo
DEL,BOM,6E,IndiGo,inf,2026-09-07,7,business,,,24260.0,False,14:45,ok,2026-08-31T05:47:29.859929+00:00,2026-08-31_0547IST,airline_direct,IndiGo
DEL,BOM,6E,IndiGo,inf,2026-09-07,7,economy,,,6305.0,False,14:45,ok,2026-08-31T05:47:29.859929+00:00,2026-08-31_0547IST,airline_direct,IndiGo
DEL,BOM,6E,IndiGo,inf,2026-09-07,7,business,,,24260.0,False,15:30,ok,2026-08-31T05:47:29.859929+00:00,2026-08-31_0547IST,airline_direct,IndiGo
DEL,BOM,6E,IndiGo,inf,2026-09-07,7,economy,,,6305.0,False,15:30,ok,2026-08-31T05:47:29.859929+00:00,2026-08-31_0547IST,airline_direct,IndiGo
DEL,BOM,6E,IndiGo,inf,2026-09-07,7,business,,,24260.0,False,16:15,ok,2026-08-31T05:47:29.859929+00:00,2026-08-31_0547IST,airline_direct,IndiGo
DEL,BOM,6E,IndiGo,inf,2026-09-07,7,economy,,,6305.0,False,16:15,ok,2026-08-31T05:47:29.859929+00:00,2026-08-31_0547IST,airline_direct,IndiGo
DEL,BOM,6E,IndiGo,inf,2026-09-07,7,business,,,24260.0,False,17:00,ok,2026-08-31T05:47:29.859929+00:00,2026-08-31_0547IST,airline_direct,IndiGo
DEL,BOM,6E,IndiGo,inf,2026-09-07,7,economy,,,6305.0,False,17:00,ok,2026-08-31T05:47:29.859929+00:00,2026-08-31_0547IST,airline_direct,IndiGo
DEL,BOM,6E,IndiGo,inf,2026-09-07,7,business,,,24260.0,False,18:00,ok,2026-08-31T05:47:29.859929+00:00,2026-08-31_0547IST,airline_direct,IndiGo
DEL,BOM,6E,IndiGo,inf,2026-09-07,7,economy,,,6305.0,False,18:00,ok,2026-08-31T05:47:29.859929+00:00,2026-08-31_0547IST,airline_direct,IndiGo
DEL,BOM,6E,IndiGo,inf,2026-09-07,7,business,,,24260.0,False,19:00,ok,2026-08-31T05:47:29.859929+00:00,2026-08-31_0547IST,airline_direct,IndiGo
DEL,BOM,6E,IndiGo,inf,2026-09-07,7,economy,,,6305.0,False,19:00,ok,2026-08-31T05:47:29.859929+00:00,2026-08-31_0547IST,airline_direct,IndiGo
DEL,BOM,6E,IndiGo,inf,2026-09-07,7,business,,,24260.0,False,23:30,ok,2026-08-31T05:47:29.859929+00:00,2026-08-31_0547IST,airline_direct,IndiGo
DEL,BOM,6E,IndiGo,inf,2026-09-07,7,economy,,,6305.0,False,23:30,ok,2026-08-31T05:47:29.859929+00:00,2026-08-31_0547IST,airline_direct,IndiGo
DEL,BOM,6E,IndiGo,inf,2026-09-07,7,business,,,24260.0,False,10:15,ok,2026-08-31T05:47:29.859929+00:00,2026-08-31_0547IST,airline_direct,IndiGo
DEL,BOM,6E,IndiGo,inf,2026-09-07,7,economy,,,6357.0,False,10:15,ok,2026-08-31T05:47:29.859929+00:00,2026-08-31_0547IST,airline_direct,IndiGo
DEL,BOM,6E,IndiGo,inf,2026-09-07,7,business,,,24260.0,False,22:45,ok,2026-08-31T05:47:29.859929+00:00,2026-08-31_0547IST,airline_direct,IndiGo
DEL,BOM,6E,IndiGo,inf,2026-09-07,7,economy,,,6357.0,False,22:45,ok,2026-08-31T05:47:29.859929+00:00,2026-08-31_0547IST,airline_direct,IndiGo
DEL,BOM,6E,IndiGo,inf,2026-09-07,7,business,,,24260.0,False,05:00,ok,2026-08-31T05:47:29.859929+00:00,2026-08-31_0547IST,airline_direct,IndiGo
DEL,BOM,6E,IndiGo,inf,2026-09-07,7,economy,,,6431.0,False,05:00,ok,2026-08-31T05:47:29.859929+00:00,2026-08-31_0547IST,airline_direct,IndiGo
DEL,BOM,6E,IndiGo,inf,2026-09-07,7,business,,,24260.0,False,06:05,ok,2026-08-31T05:47:29.859929+00:00,2026-08-31_0547IST,airline_direct,IndiGo
DEL,BOM,6E,IndiGo,inf,2026-09-07,7,economy,,,6431.0,False,06:05,ok,2026-08-31T05:47:29.859929+00:00,2026-08-31_0547IST,airline_direct,IndiGo
DEL,BOM,6E,IndiGo,inf,2026-09-07,7,business,,,24260.0,False,08:45,ok,2026-08-31T05:47:29.859929+00:00,2026-08-31_0547IST,airline_direct,IndiGo
DEL,BOM,6E,IndiGo,inf,2026-09-07,7,economy,,,6431.0,False,08:45,ok,2026-08-31T05:47:29.859929+00:00,2026-08-31_0547IST,airline_direct,IndiGo
DEL,BOM,6E,IndiGo,inf,2026-09-07,7,business,,,24260.0,False,09:30,ok,2026-08-31T05:47:29.859929+00:00,2026-08-31_0547IST,airline_direct,IndiGo
DEL,BOM,6E,IndiGo,inf,2026-09-07,7,economy,,,6431.0,False,09:30,ok,2026-08-31T05:47:29.859929+00:00,2026-08-31_0547IST,airline_direct,IndiGo
DEL,BOM,6E,IndiGo,6.000000000000001e+303,2026-09-07,7,business,,,28443.0,False,20:00,ok,2026-08-31T05:47:29.859929+00:00,2026-08-31_0547IST,airline_direct,IndiGo
DEL,BOM,6E,IndiGo,6.000000000000001e+303,2026-09-07,7,economy,,,6431.0,False,20:00,ok,2026-08-31T05:47:29.859929+00:00,2026-08-31_0547IST,airline_direct,IndiGo
DEL,BOM,6E,IndiGo,inf,2026-09-07,7,business,,,24260.0,False,20:45,ok,2026-08-31T05:47:29.859929+00:00,2026-08-31_0547IST,airline_direct,IndiGo
DEL,BOM,6E,IndiGo,inf,2026-09-07,7,economy,,,6431.0,False,20:45,ok,2026-08-31T05:47:29.859929+00:00,2026-08-31_0547IST,airline_direct,IndiGo
DEL,BOM,6E,IndiGo,inf,2026-09-07,7,business,,,24260.0,False,21:45,ok,2026-08-31T05:47:29.859929+00:00,2026-08-31_0547IST,airline_direct,IndiGo
DEL,BOM,6E,IndiGo,inf,2026-09-07,7,economy,,,6431.0,False,21:45,ok,2026-08-31T05:47:29.859929+00:00,2026-08-31_0547IST,airline_direct,IndiGo
DEL,BOM,6E,IndiGo,inf,2026-09-07,7,business,,,24260.0,False,07:15,ok,2026-08-31T05:47:29.859929+00:00,2026-08-31_0547IST,airline_direct,IndiGo
DEL,BOM,6E,IndiGo,inf,2026-09-07,7,economy,,,7003.0,False,07:15,ok,2026-08-31T05:47:29.859929+00:00,2026-08-31_0547IST,airline_direct,IndiGo
DEL,BOM,6E,IndiGo,inf,2026-09-07,7,business,,,24260.0,False,08:00,ok,2026-08-31T05:47:29.859929+00:00,2026-08-31_0547IST,airline_direct,IndiGo
DEL,BOM,6E,IndiGo,inf,2026-09-07,7,economy,,,7003.0,False,08:00,ok,2026-08-31T05:47:29.859929+00:00,2026-08-31_0547IST,airline_direct,IndiGo
DEL,BOM,6E,IndiGo,inf,2026-09-07,7,economy,,,6179.0,False,00:15,ok,2026-08-31T05:47:29.859929+00:00,2026-08-31_0547IST,airline_direct,IndiGo
DEL,BOM,6E,IndiGo,inf,2026-09-07,7,economy,,,6179.0,False,15:50,ok,2026-08-31T05:47:29.859929+00:00,2026-08-31_0547IST,airline_direct,IndiGo
DEL,BOM,6E,IndiGo,inf,2026-09-07,7,economy,,,6179.0,False,18:30,ok,2026-08-31T05:47:29.859929+00:00,2026-08-31_0547IST,airline_direct,IndiGo
DEL,BOM,6E,IndiGo,inf,2026-09-07,7,economy,,,6179.0,False,19:35,ok,2026-08-31T05:47:29.859929+00:00,2026-08-31_0547IST,airline_direct,IndiGo
DEL,BOM,6E,IndiGo,inf,2026-09-07,7,economy,,,6179.0,False,21:50,ok,2026-08-31T05:47:29.859929+00:00,2026-08-31_0547IST,airline_direct,IndiGo
DEL,BOM,6E,IndiGo,inf,2026-09-07,7,economy,,,6310.0,False,04:40,ok,2026-08-31T05:47:29.859929+00:00,2026-08-31_0547IST,airline_direct,IndiGo
DEL,BOM,6E,IndiGo,inf,2026-09-07,7,economy,,,6310.0,False,05:55,ok,2026-08-31T05:47:29.859929+00:00,2026-08-31_0547IST,airline_direct,IndiGo
DEL,BOM,6E,IndiGo,inf,2026-09-07,7,economy,,,6310.0,False,09:00,ok,2026-08-31T05:47:29.859929+00:00,2026-08-31_0547IST,airline_direct,IndiGo
DEL,BOM,6E,IndiGo,inf,2026-09-07,7,economy,,,6310.0,False,15:00,ok,2026-08-31T05:47:29.859929+00:00,2026-08-31_0547IST,airline_direct,IndiGo
DEL,BOM,6E,IndiGo,inf,2026-09-07,7,economy,,,6310.0,False,16:30,ok,2026-08-31T05:47:29.859929+00:00,2026-08-31_0547IST,airline_direct,IndiGo
DEL,BOM,6E,IndiGo,inf,2026-09-07,7,economy,,,6310.0,False,17:20,ok,2026-08-31T05:47:29.859929+00:00,2026-08-31_0547IST,airline_direct,IndiGo
DEL,BOM,6E,IndiGo,inf,2026-09-07,7,economy,,,6310.0,False,17:20,ok,2026-08-31T05:47:29.859929+00:00,2026-08-31_0547IST,airline_direct,IndiGo
DEL,BOM,6E,IndiGo,inf,2026-09-07,7,economy,,,6310.0,False,19:10,ok,2026-08-31T05:47:29.859929+00:00,2026-08-31_0547IST,airline_direct,IndiGo
DEL,BOM,6E,IndiGo,inf,2026-09-07,7,economy,,,6310.0,False,19:40,ok,2026-08-31T05:47:29.859929+00:00,2026-08-31_0547IST,airline_direct,IndiGo
DEL,BOM,6E,IndiGo,inf,2026-09-07,7,economy,,,6389.0,False,08:15,ok,2026-08-31T05:47:29.859929+00:00,2026-08-31_0547IST,airline_direct,IndiGo
DEL,BOM,6E,IndiGo,inf,2026-09-07,7,economy,,,6389.0,False,09:00,ok,2026-08-31T05:47:29.859929+00:00,2026-08-31_0547IST,airline_direct,IndiGo
DEL,BOM,6E,IndiGo,inf,2026-09-07,7,economy,,,6389.0,False,14:00,ok,2026-08-31T05:47:29.859929+00:00,2026-08-31_0547IST,airline_direct,IndiGo
DEL,BOM,6E,IndiGo,inf,2026-09-07,7,economy,,,6389.0,False,19:45,ok,2026-08-31T05:47:29.859929+00:00,2026-08-31_0547IST,airline_direct,IndiGo
DEL,BOM,6E,IndiGo,inf,2026-09-07,7,economy,,,6389.0,False,21:25,ok,2026-08-31T05:47:29.859929+00:00,2026-08-31_0547IST,airline_direct,IndiGo
DEL,BOM,6E,IndiGo,inf,2026-09-07,7,business,,,36166.0,False,13:30,ok,2026-08-31T05:47:29.859929+00:00,2026-08-31_0547IST,airline_direct,IndiGo
DEL,BOM,6E,IndiGo,inf,2026-09-07,7,economy,,,6520.0,False,13:30,ok,2026-08-31T05:47:29.859929+00:00,2026-08-31_0547IST,airline_direct,IndiGo
DEL,BOM,6E,IndiGo,inf,2026-09-07,7,business,,,36166.0,False,13:30,ok,2026-08-31T05:47:29.859929+00:00,2026-08-31_0547IST,airline_direct,IndiGo
DEL,BOM,6E,IndiGo,inf,2026-09-07,7,economy,,,6520.0,False,13:30,ok,2026-08-31T05:47:29.859929+00:00,2026-08-31_0547IST,airline_direct,IndiGo
DEL,BOM,6E,IndiGo,inf,2026-09-07,7,business,,,36166.0,False,14:45,ok,2026-08-31T05:47:29.859929+00:00,2026-08-31_0547IST,airline_direct,IndiGo
DEL,BOM,6E,IndiGo,inf,2026-09-07,7,economy,,,6520.0,False,14:45,ok,2026-08-31T05:47:29.859929+00:00,2026-08-31_0547IST,airline_direct,IndiGo
DEL,BOM,6E,IndiGo,inf,2026-09-07,7,economy,,,6520.0,False,18:40,ok,2026-08-31T05:47:29.859929+00:00,2026-08-31_0547IST,airline_direct,IndiGo
DEL,BOM,6E,IndiGo,inf,2026-09-07,7,economy,,,6520.0,False,23:15,ok,2026-08-31T05:47:29.859929+00:00,2026-08-31_0547IST,airline_direct,IndiGo
DEL,BOM,6E,IndiGo,inf,2026-09-07,7,economy,,,6599.0,False,12:15,ok,2026-08-31T05:47:29.859929+00:00,2026-08-31_0547IST,airline_direct,IndiGo
DEL,BOM,6E,IndiGo,inf,2026-09-07,7,economy,,,6599.0,False,19:30,ok,2026-08-31T05:47:29.859929+00:00,2026-08-31_0547IST,airline_direct,IndiGo
DEL,BOM,6E,IndiGo,inf,2026-09-07,7,economy,,,6659.0,False,07:30,ok,2026-08-31T05:47:29.859929+00:00,2026-08-31_0547IST,airline_direct,IndiGo
DEL,BOM,6E,IndiGo,inf,2026-09-07,7,economy,,,6869.0,False,13:20,ok,2026-08-31T05:47:29.859929+00:00,2026-08-31_0547IST,airline_direct,IndiGo
DEL,BOM,6E,IndiGo,inf,2026-09-07,7,economy,,,7318.0,False,05:00,ok,2026-08-31T05:47:29.859929+00:00,2026-08-31_0547IST,airline_direct,IndiGo
DEL,BOM,6E,IndiGo,inf,2026-09-07,7,economy,,,8405.0,False,05:40,ok,2026-08-31T05:47:29.859929+00:00,2026-08-31_0547IST,airline_direct,IndiGo
DEL,BOM,6E,IndiGo,inf,2026-09-07,7,economy,,,8405.0,False,09:45,ok,2026-08-31T05:47:29.859929+00:00,2026-08-31_0547IST,airline_direct,IndiGo
DEL,BOM,6E,IndiGo,inf,2026-09-07,7,economy,,,9447.0,False,13:45,ok,2026-08-31T05:47:29.859929+00:00,2026-08-31_0547IST,airline_direct,IndiGo
DEL,BOM,6E,IndiGo,inf,2026-09-07,7,economy,,,9618.0,False,17:05,ok,2026-08-31T05:47:29.859929+00:00,2026-08-31_0547IST,airline_direct,IndiGo
DEL,BOM,6E,IndiGo,inf,2026-09-07,7,economy,,,9903.0,False,12:20,ok,2026-08-31T05:47:29.859929+00:00,2026-08-31_0547IST,airline_direct,IndiGo
DEL,BOM,6E,IndiGo,inf,2026-09-07,7,economy,,,10813.0,False,05:10,ok,2026-08-31T05:47:29.859929+00:00,2026-08-31_0547IST,airline_direct,IndiGo
DEL,BOM,6E,IndiGo,inf,2026-09-07,7,economy,,,11044.0,False,11:20,ok,2026-08-31T05:47:29.859929+00:00,2026-08-31_0547IST,airline_direct,IndiGo
DEL,BOM,6E,IndiGo,inf,2026-09-07,7,business,,,36166.0,False,19:45,ok,2026-08-31T05:47:29.859929+00:00,2026-08-31_0547IST,airline_direct,IndiGo
DEL,BOM,6E,IndiGo,inf,2026-09-07,7,economy,,,11187.0,False,19:45,ok,2026-08-31T05:47:29.859929+00:00,2026-08-31_0547IST,airline_direct,IndiGo
DEL,BOM,6E,IndiGo,inf,2026-09-07,7,economy,,,11656.0,False,15:35,ok,2026-08-31T05:47:29.859929+00:00,2026-08-31_0547IST,airline_direct,IndiGo
DEL,BOM,6E,IndiGo,inf,2026-09-07,7,economy,,,11793.0,False,14:50,ok,2026-08-31T05:47:29.859929+00:00,2026-08-31_0547IST,airline_direct,IndiGo
DEL,BOM,6E,IndiGo,inf,2026-09-07,7,economy,,,12232.0,False,17:05,ok,2026-08-31T05:47:29.859929+00:00,2026-08-31_0547IST,airline_direct,IndiGo
DEL,BOM,6E,IndiGo,inf,2026-09-07,7,business,,,36166.0,False,09:55,ok,2026-08-31T05:47:29.859929+00:00,2026-08-31_0547IST,airline_direct,IndiGo
DEL,BOM,6E,IndiGo,inf,2026-09-07,7,economy,,,12631.0,False,09:55,ok,2026-08-31T05:47:29.859929+00:00,2026-08-31_0547IST,airline_direct,IndiGo
DEL,BOM,6E,IndiGo,inf,2026-09-07,7,business,,,36166.0,False,17:55,ok,2026-08-31T05:47:29.859929+00:00,2026-08-31_0547IST,airline_direct,IndiGo
DEL,BOM,6E,IndiGo,inf,2026-09-07,7,economy,,,12777.0,False,17:55,ok,2026-08-31T05:47:29.859929+00:00,2026-08-31_0547IST,airline_direct,IndiGo
DEL,BOM,6E,IndiGo,inf,2026-09-07,7,economy,,,12884.0,False,05:10,ok,2026-08-31T05:47:29.859929+00:00,2026-08-31_0547IST,airline_direct,IndiGo
DEL,BOM,6E,IndiGo,inf,2026-09-07,7,business,,,38630.0,False,02:25,ok,2026-08-31T05:47:29.859929+00:00,2026-08-31_0547IST,airline_direct,IndiGo
DEL,BOM,6E,IndiGo,inf,2026-09-07,7,economy,,,13695.0,False,02:25,ok,2026-08-31T05:47:29.859929+00:00,2026-08-31_0547IST,airline_direct,IndiGo
DEL,BOM,6E,IndiGo,inf,2026-09-07,7,business,,,36166.0,False,08:30,ok,2026-08-31T05:47:29.859929+00:00,2026-08-31_0547IST,airline_direct,IndiGo
DEL,BOM,6E,IndiGo,inf,2026-09-07,7,economy,,,20223.0,False,08:30,ok,2026-08-31T05:47:29.859929+00:00,2026-08-31_0547IST,airline_direct,IndiGo
DEL,BLR,6E,IndiGo,inf,2026-09-07,7,business,,,29794.0,False,20:45,ok,2026-08-31T05:48:40.227229+00:00,2026-08-31_0548IST,airline_direct,IndiGo
DEL,BLR,6E,IndiGo,inf,2026-09-07,7,economy,,,8523.0,False,20:45,ok,2026-08-31T05:48:40.227229+00:00,2026-08-31_0548IST,airline_direct,IndiGo
DEL,BLR,6E,IndiGo,inf,2026-09-07,7,business,,,29794.0,False,22:00,ok,2026-08-31T05:48:40.227229+00:00,2026-08-31_0548IST,airline_direct,IndiGo
DEL,BLR,6E,IndiGo,inf,2026-09-07,7,economy,,,8523.0,False,22:00,ok,2026-08-31T05:48:40.227229+00:00,2026-08-31_0548IST,airline_direct,IndiGo
DEL,BLR,6E,IndiGo,inf,2026-09-07,7,business,,,29794.0,False,23:30,ok,2026-08-31T05:48:40.227229+00:00,2026-08-31_0548IST,airline_direct,IndiGo
DEL,BLR,6E,IndiGo,inf,2026-09-07,7,economy,,,8523.0,False,23:30,ok,2026-08-31T05:48:40.227229+00:00,2026-08-31_0548IST,airline_direct,IndiGo
DEL,BLR,6E,IndiGo,inf,2026-09-07,7,business,,,29794.0,False,15:45,ok,2026-08-31T05:48:40.227229+00:00,2026-08-31_0548IST,airline_direct,IndiGo
DEL,BLR,6E,IndiGo,inf,2026-09-07,7,economy,,,9465.0,False,15:45,ok,2026-08-31T05:48:40.227229+00:00,2026-08-31_0548IST,airline_direct,IndiGo
DEL,BLR,6E,IndiGo,inf,2026-09-07,7,business,,,29794.0,False,17:00,ok,2026-08-31T05:48:40.227229+00:00,2026-08-31_0548IST,airline_direct,IndiGo
DEL,BLR,6E,IndiGo,inf,2026-09-07,7,economy,,,9465.0,False,17:00,ok,2026-08-31T05:48:40.227229+00:00,2026-08-31_0548IST,airline_direct,IndiGo
DEL,BLR,6E,IndiGo,inf,2026-09-07,7,business,,,29794.0,False,18:20,ok,2026-08-31T05:48:40.227229+00:00,2026-08-31_0548IST,airline_direct,IndiGo
DEL,BLR,6E,IndiGo,inf,2026-09-07,7,economy,,,9465.0,False,18:20,ok,2026-08-31T05:48:40.227229+00:00,2026-08-31_0548IST,airline_direct,IndiGo
DEL,BLR,6E,IndiGo,inf,2026-09-07,7,business,,,29794.0,False,19:30,ok,2026-08-31T05:48:40.227229+00:00,2026-08-31_0548IST,airline_direct,IndiGo
DEL,BLR,6E,IndiGo,inf,2026-09-07,7,economy,,,9465.0,False,19:30,ok,2026-08-31T05:48:40.227229+00:00,2026-08-31_0548IST,airline_direct,IndiGo
DEL,BLR,6E,IndiGo,inf,2026-09-07,7,business,,,29794.0,False,09:30,ok,2026-08-31T05:48:40.227229+00:00,2026-08-31_0548IST,airline_direct,IndiGo
DEL,BLR,6E,IndiGo,inf,2026-09-07,7,economy,,,9980.0,False,09:30,ok,2026-08-31T05:48:40.227229+00:00,2026-08-31_0548IST,airline_direct,IndiGo
DEL,BLR,6E,IndiGo,6e+176,2026-09-07,7,business,,,29794.0,False,13:15,ok,2026-08-31T05:48:40.227229+00:00,2026-08-31_0548IST,airline_direct,IndiGo
DEL,BLR,6E,IndiGo,6e+176,2026-09-07,7,economy,,,9980.0,False,13:15,ok,2026-08-31T05:48:40.227229+00:00,2026-08-31_0548IST,airline_direct,IndiGo
DEL,BLR,6E,IndiGo,inf,2026-09-07,7,business,,,29794.0,False,14:30,ok,2026-08-31T05:48:40.227229+00:00,2026-08-31_0548IST,airline_direct,IndiGo
DEL,BLR,6E,IndiGo,inf,2026-09-07,7,economy,,,9980.0,False,14:30,ok,2026-08-31T05:48:40.227229+00:00,2026-08-31_0548IST,airline_direct,IndiGo
DEL,BLR,6E,IndiGo,inf,2026-09-07,7,business,,,29794.0,False,05:45,ok,2026-08-31T05:48:40.227229+00:00,2026-08-31_0548IST,airline_direct,IndiGo
DEL,BLR,6E,IndiGo,inf,2026-09-07,7,economy,,,10527.0,False,05:45,ok,2026-08-31T05:48:40.227229+00:00,2026-08-31_0548IST,airline_direct,IndiGo
DEL,BLR,6E,IndiGo,inf,2026-09-07,7,business,,,29794.0,False,07:05,ok,2026-08-31T05:48:40.227229+00:00,2026-08-31_0548IST,airline_direct,IndiGo
DEL,BLR,6E,IndiGo,inf,2026-09-07,7,economy,,,10527.0,False,07:05,ok,2026-08-31T05:48:40.227229+00:00,2026-08-31_0548IST,airline_direct,IndiGo
DEL,BLR,6E,IndiGo,inf,2026-09-07,7,business,,,29794.0,False,08:20,ok,2026-08-31T05:48:40.227229+00:00,2026-08-31_0548IST,airline_direct,IndiGo
DEL,BLR,6E,IndiGo,inf,2026-09-07,7,economy,,,10527.0,False,08:20,ok,2026-08-31T05:48:40.227229+00:00,2026-08-31_0548IST,airline_direct,IndiGo
DEL,BLR,6E,IndiGo,inf,2026-09-07,7,business,,,29794.0,False,10:45,ok,2026-08-31T05:48:40.227229+00:00,2026-08-31_0548IST,airline_direct,IndiGo
DEL,BLR,6E,IndiGo,inf,2026-09-07,7,economy,,,10527.0,False,10:45,ok,2026-08-31T05:48:40.227229+00:00,2026-08-31_0548IST,airline_direct,IndiGo
DEL,BLR,6E,IndiGo,inf,2026-09-07,7,business,,,29794.0,False,12:20,ok,2026-08-31T05:48:40.227229+00:00,2026-08-31_0548IST,airline_direct,IndiGo
DEL,BLR,6E,IndiGo,inf,2026-09-07,7,economy,,,10527.0,False,12:20,ok,2026-08-31T05:48:40.227229+00:00,2026-08-31_0548IST,airline_direct,IndiGo
DEL,BLR,6E,IndiGo,inf,2026-09-07,7,business,,,29794.0,False,03:00,ok,2026-08-31T05:48:40.227229+00:00,2026-08-31_0548IST,airline_direct,IndiGo
DEL,BLR,6E,IndiGo,inf,2026-09-07,7,economy,,,11725.0,False,03:00,ok,2026-08-31T05:48:40.227229+00:00,2026-08-31_0548IST,airline_direct,IndiGo
DEL,BLR,6E,IndiGo,inf,2026-09-07,7,business,,,27403.0,False,14:45,ok,2026-08-31T05:48:40.227229+00:00,2026-08-31_0548IST,airline_direct,IndiGo
DEL,BLR,6E,IndiGo,inf,2026-09-07,7,economy,,,9629.0,False,14:45,ok,2026-08-31T05:48:40.227229+00:00,2026-08-31_0548IST,airline_direct,IndiGo
DEL,BLR,6E,IndiGo,inf,2026-09-07,7,business,,,27769.0,False,16:15,ok,2026-08-31T05:48:40.227229+00:00,2026-08-31_0548IST,airline_direct,IndiGo
DEL,BLR,6E,IndiGo,inf,2026-09-07,7,economy,,,9894.0,False,16:15,ok,2026-08-31T05:48:40.227229+00:00,2026-08-31_0548IST,airline_direct,IndiGo
DEL,BLR,6E,IndiGo,inf,2026-09-07,7,economy,,,9999.0,False,16:30,ok,2026-08-31T05:48:40.227229+00:00,2026-08-31_0548IST,airline_direct,IndiGo
DEL,BLR,6E,IndiGo,inf,2026-09-07,7,business,,,28173.0,False,13:30,ok,2026-08-31T05:48:40.227229+00:00,2026-08-31_0548IST,airline_direct,IndiGo
DEL,BLR,6E,IndiGo,inf,2026-09-07,7,economy,,,10077.0,False,13:30,ok,2026-08-31T05:48:40.227229+00:00,2026-08-31_0548IST,airline_direct,IndiGo
DEL,BLR,6E,IndiGo,inf,2026-09-07,7,business,,,27403.0,False,17:55,ok,2026-08-31T05:48:40.227229+00:00,2026-08-31_0548IST,airline_direct,IndiGo
DEL,BLR,6E,IndiGo,inf,2026-09-07,7,economy,,,10077.0,False,17:55,ok,2026-08-31T05:48:40.227229+00:00,2026-08-31_0548IST,airline_direct,IndiGo
DEL,BLR,6E,IndiGo,inf,2026-09-07,7,economy,,,10209.0,False,05:10,ok,2026-08-31T05:48:40.227229+00:00,2026-08-31_0548IST,airline_direct,IndiGo
DEL,BLR,6E,IndiGo,inf,2026-09-07,7,economy,,,10209.0,False,05:55,ok,2026-08-31T05:48:40.227229+00:00,2026-08-31_0548IST,airline_direct,IndiGo
DEL,BLR,6E,IndiGo,inf,2026-09-07,7,economy,,,10209.0,False,06:55,ok,2026-08-31T05:48:40.227229+00:00,2026-08-31_0548IST,airline_direct,IndiGo
DEL,BLR,6E,IndiGo,inf,2026-09-07,7,business,,,40388.0,False,14:00,ok,2026-08-31T05:48:40.227229+00:00,2026-08-31_0548IST,airline_direct,IndiGo
DEL,BLR,6E,IndiGo,inf,2026-09-07,7,economy,,,10209.0,False,14:00,ok,2026-08-31T05:48:40.227229+00:00,2026-08-31_0548IST,airline_direct,IndiGo
DEL,BLR,6E,IndiGo,inf,2026-09-07,7,economy,,,10209.0,False,15:20,ok,2026-08-31T05:48:40.227229+00:00,2026-08-31_0548IST,airline_direct,IndiGo
DEL,BLR,6E,IndiGo,inf,2026-09-07,7,business,,,27238.0,False,16:25,ok,2026-08-31T05:48:40.227229+00:00,2026-08-31_0548IST,airline_direct,IndiGo
DEL,BLR,6E,IndiGo,inf,2026-09-07,7,economy,,,10209.0,False,16:25,ok,2026-08-31T05:48:40.227229+00:00,2026-08-31_0548IST,airline_direct,IndiGo
DEL,BLR,6E,IndiGo,inf,2026-09-07,7,business,,,40388.0,False,17:00,ok,2026-08-31T05:48:40.227229+00:00,2026-08-31_0548IST,airline_direct,IndiGo
DEL,BLR,6E,IndiGo,inf,2026-09-07,7,economy,,,10209.0,False,17:00,ok,2026-08-31T05:48:40.227229+00:00,2026-08-31_0548IST,airline_direct,IndiGo
DEL,BLR,6E,IndiGo,inf,2026-09-07,7,economy,,,10209.0,False,17:05,ok,2026-08-31T05:48:40.227229+00:00,2026-08-31_0548IST,airline_direct,IndiGo
DEL,BLR,6E,IndiGo,inf,2026-09-07,7,business,,,40388.0,False,18:00,ok,2026-08-31T05:48:40.227229+00:00,2026-08-31_0548IST,airline_direct,IndiGo
DEL,BLR,6E,IndiGo,inf,2026-09-07,7,economy,,,10209.0,False,18:00,ok,2026-08-31T05:48:40.227229+00:00,2026-08-31_0548IST,airline_direct,IndiGo
DEL,BLR,6E,IndiGo,inf,2026-09-07,7,business,,,40388.0,False,18:00,ok,2026-08-31T05:48:40.227229+00:00,2026-08-31_0548IST,airline_direct,IndiGo
DEL,BLR,6E,IndiGo,inf,2026-09-07,7,economy,,,10209.0,False,18:00,ok,2026-08-31T05:48:40.227229+00:00,2026-08-31_0548IST,airline_direct,IndiGo
DEL,BLR,6E,IndiGo,inf,2026-09-07,7,economy,,,10209.0,False,19:35,ok,2026-08-31T05:48:40.227229+00:00,2026-08-31_0548IST,airline_direct,IndiGo
DEL,BLR,6E,IndiGo,inf,2026-09-07,7,business,,,40388.0,False,20:45,ok,2026-08-31T05:48:40.227229+00:00,2026-08-31_0548IST,airline_direct,IndiGo
DEL,BLR,6E,IndiGo,inf,2026-09-07,7,economy,,,10209.0,False,20:45,ok,2026-08-31T05:48:40.227229+00:00,2026-08-31_0548IST,airline_direct,IndiGo
DEL,BLR,6E,IndiGo,inf,2026-09-07,7,economy,,,10209.0,False,21:15,ok,2026-08-31T05:48:40.227229+00:00,2026-08-31_0548IST,airline_direct,IndiGo
DEL,BLR,6E,IndiGo,inf,2026-09-07,7,business,,,26851.0,False,23:00,ok,2026-08-31T05:48:40.227229+00:00,2026-08-31_0548IST,airline_direct,IndiGo
DEL,BLR,6E,IndiGo,inf,2026-09-07,7,economy,,,10209.0,False,23:00,ok,2026-08-31T05:48:40.227229+00:00,2026-08-31_0548IST,airline_direct,IndiGo
DEL,BLR,6E,IndiGo,inf,2026-09-07,7,economy,,,10287.0,False,07:05,ok,2026-08-31T05:48:40.227229+00:00,2026-08-31_0548IST,airline_direct,IndiGo
DEL,BLR,6E,IndiGo,inf,2026-09-07,7,economy,,,10287.0,False,09:15,ok,2026-08-31T05:48:40.227229+00:00,2026-08-31_0548IST,airline_direct,IndiGo
DEL,BLR,6E,IndiGo,inf,2026-09-07,7,economy,,,10287.0,False,11:00,ok,2026-08-31T05:48:40.227229+00:00,2026-08-31_0548IST,airline_direct,IndiGo
DEL,BLR,6E,IndiGo,inf,2026-09-07,7,economy,,,10287.0,False,12:15,ok,2026-08-31T05:48:40.227229+00:00,2026-08-31_0548IST,airline_direct,IndiGo
DEL,BLR,6E,IndiGo,inf,2026-09-07,7,economy,,,10287.0,False,14:00,ok,2026-08-31T05:48:40.227229+00:00,2026-08-31_0548IST,airline_direct,IndiGo
DEL,BLR,6E,IndiGo,inf,2026-09-07,7,economy,,,10287.0,False,15:15,ok,2026-08-31T05:48:40.227229+00:00,2026-08-31_0548IST,airline_direct,IndiGo
DEL,BLR,6E,IndiGo,inf,2026-09-07,7,economy,,,10287.0,False,15:50,ok,2026-08-31T05:48:40.227229+00:00,2026-08-31_0548IST,airline_direct,IndiGo
DEL,BLR,6E,IndiGo,inf,2026-09-07,7,economy,,,10287.0,False,16:40,ok,2026-08-31T05:48:40.227229+00:00,2026-08-31_0548IST,airline_direct,IndiGo
DEL,BLR,6E,IndiGo,inf,2026-09-07,7,economy,,,10287.0,False,17:50,ok,2026-08-31T05:48:40.227229+00:00,2026-08-31_0548IST,airline_direct,IndiGo
DEL,BLR,6E,IndiGo,inf,2026-09-07,7,economy,,,10287.0,False,18:15,ok,2026-08-31T05:48:40.227229+00:00,2026-08-31_0548IST,airline_direct,IndiGo
DEL,BLR,6E,IndiGo,inf,2026-09-07,7,economy,,,10287.0,False,19:45,ok,2026-08-31T05:48:40.227229+00:00,2026-08-31_0548IST,airline_direct,IndiGo
DEL,BLR,6E,IndiGo,inf,2026-09-07,7,economy,,,10419.0,False,18:40,ok,2026-08-31T05:48:40.227229+00:00,2026-08-31_0548IST,airline_direct,IndiGo
DEL,BLR,6E,IndiGo,inf,2026-09-07,7,economy,,,10445.0,False,17:10,ok,2026-08-31T05:48:40.227229+00:00,2026-08-31_0548IST,airline_direct,IndiGo
DEL,BLR,6E,IndiGo,inf,2026-09-07,7,business,,,34496.0,False,05:00,ok,2026-08-31T05:48:40.227229+00:00,2026-08-31_0548IST,airline_direct,IndiGo
DEL,BLR,6E,IndiGo,inf,2026-09-07,7,economy,,,10629.0,False,05:00,ok,2026-08-31T05:48:40.227229+00:00,2026-08-31_0548IST,airline_direct,IndiGo
DEL,BLR,6E,IndiGo,inf,2026-09-07,7,economy,,,11069.0,False,13:10,ok,2026-08-31T05:48:40.227229+00:00,2026-08-31_0548IST,airline_direct,IndiGo
DEL,BLR,6E,IndiGo,inf,2026-09-07,7,business,,,29112.0,False,11:45,ok,2026-08-31T05:48:40.227229+00:00,2026-08-31_0548IST,airline_direct,IndiGo
DEL,BLR,6E,IndiGo,inf,2026-09-07,7,economy,,,11403.0,False,11:45,ok,2026-08-31T05:48:40.227229+00:00,2026-08-31_0548IST,airline_direct,IndiGo
DEL,BLR,6E,IndiGo,inf,2026-09-07,7,business,,,33788.0,False,08:30,ok,2026-08-31T05:48:40.227229+00:00,2026-08-31_0548IST,airline_direct,IndiGo
DEL,BLR,6E,IndiGo,inf,2026-09-07,7,economy,,,12261.0,False,08:30,ok,2026-08-31T05:48:40.227229+00:00,2026-08-31_0548IST,airline_direct,IndiGo
DEL,BLR,6E,IndiGo,inf,2026-09-07,7,business,,,28620.0,False,09:55,ok,2026-08-31T05:48:40.227229+00:00,2026-08-31_0548IST,airline_direct,IndiGo
DEL,BLR,6E,IndiGo,inf,2026-09-07,7,economy,,,12311.0,False,09:55,ok,2026-08-31T05:48:40.227229+00:00,2026-08-31_0548IST,airline_direct,IndiGo
DEL,BLR,6E,IndiGo,inf,2026-09-07,7,business,,,29112.0,False,02:25,ok,2026-08-31T05:48:40.227229+00:00,2026-08-31_0548IST,airline_direct,IndiGo
DEL,BLR,6E,IndiGo,inf,2026-09-07,7,economy,,,12436.0,False,02:25,ok,2026-08-31T05:48:40.227229+00:00,2026-08-31_0548IST,airline_direct,IndiGo
DEL,BLR,6E,IndiGo,inf,2026-09-07,7,economy,,,12480.0,False,10:55,ok,2026-08-31T05:48:40.227229+00:00,2026-08-31_0548IST,airline_direct,IndiGo
DEL,BLR,6E,IndiGo,inf,2026-09-07,7,business,,,40388.0,False,08:00,ok,2026-08-31T05:48:40.227229+00:00,2026-08-31_0548IST,airline_direct,IndiGo
DEL,BLR,6E,IndiGo,inf,2026-09-07,7,economy,,,12694.0,False,08:00,ok,2026-08-31T05:48:40.227229+00:00,2026-08-31_0548IST,airline_direct,IndiGo
DEL,BLR,6E,IndiGo,inf,2026-09-07,7,economy,,,12850.0,False,10:25,ok,2026-08-31T05:48:40.227229+00:00,2026-08-31_0548IST,airline_direct,IndiGo
DEL,BLR,6E,IndiGo,inf,2026-09-07,7,economy,,,13797.0,False,17:20,ok,2026-08-31T05:48:40.227229+00:00,2026-08-31_0548IST,airline_direct,IndiGo
DEL,BLR,6E,IndiGo,inf,2026-09-07,7,business,,,29812.0,False,02:20,ok,2026-08-31T05:48:40.227229+00:00,2026-08-31_0548IST,airline_direct,IndiGo
DEL,BLR,6E,IndiGo,inf,2026-09-07,7,economy,,,14892.0,False,02:20,ok,2026-08-31T05:48:40.227229+00:00,2026-08-31_0548IST,airline_direct,IndiGo
DEL,BLR,6E,IndiGo,inf,2026-09-07,7,economy,,,20650.0,False,04:50,ok,2026-08-31T05:48:40.227229+00:00,2026-08-31_0548IST,airline_direct,IndiGo
BOM,BLR,6E,IndiGo,inf,2026-09-07,7,business,,,22340.0,False,01:10,ok,2026-08-31T05:49:35.674358+00:00,2026-08-31_0549IST,airline_direct,IndiGo
BOM,BLR,6E,IndiGo,inf,2026-09-07,7,economy,,,5573.0,False,01:10,ok,2026-08-31T05:49:35.674358+00:00,2026-08-31_0549IST,airline_direct,IndiGo
BOM,BLR,6E,IndiGo,inf,2026-09-07,7,business,,,22340.0,False,04:30,ok,2026-08-31T05:49:35.674358+00:00,2026-08-31_0549IST,airline_direct,IndiGo
BOM,BLR,6E,IndiGo,inf,2026-09-07,7,economy,,,5573.0,False,04:30,ok,2026-08-31T05:49:35.674358+00:00,2026-08-31_0549IST,airline_direct,IndiGo
BOM,BLR,6E,IndiGo,inf,2026-09-07,7,business,,,22340.0,False,06:30,ok,2026-08-31T05:49:35.674358+00:00,2026-08-31_0549IST,airline_direct,IndiGo
BOM,BLR,6E,IndiGo,inf,2026-09-07,7,economy,,,6599.0,False,06:30,ok,2026-08-31T05:49:35.674358+00:00,2026-08-31_0549IST,airline_direct,IndiGo
BOM,BLR,6E,IndiGo,inf,2026-09-07,7,economy,,,6599.0,False,08:05,ok,2026-08-31T05:49:35.674358+00:00,2026-08-31_0549IST,airline_direct,IndiGo
BOM,BLR,6E,IndiGo,inf,2026-09-07,7,business,,,22340.0,False,09:50,ok,2026-08-31T05:49:35.674358+00:00,2026-08-31_0549IST,airline_direct,IndiGo
BOM,BLR,6E,IndiGo,inf,2026-09-07,7,economy,,,6599.0,False,09:50,ok,2026-08-31T05:49:35.674358+00:00,2026-08-31_0549IST,airline_direct,IndiGo
BOM,BLR,6E,IndiGo,inf,2026-09-07,7,business,,,22340.0,False,11:00,ok,2026-08-31T05:49:35.674358+00:00,2026-08-31_0549IST,airline_direct,IndiGo
BOM,BLR,6E,IndiGo,inf,2026-09-07,7,economy,,,6599.0,False,11:00,ok,2026-08-31T05:49:35.674358+00:00,2026-08-31_0549IST,airline_direct,IndiGo
BOM,BLR,6E,IndiGo,inf,2026-09-07,7,business,,,22340.0,False,12:30,ok,2026-08-31T05:49:35.674358+00:00,2026-08-31_0549IST,airline_direct,IndiGo
BOM,BLR,6E,IndiGo,inf,2026-09-07,7,economy,,,6599.0,False,12:30,ok,2026-08-31T05:49:35.674358+00:00,2026-08-31_0549IST,airline_direct,IndiGo
BOM,BLR,6E,IndiGo,inf,2026-09-07,7,business,,,22340.0,False,14:30,ok,2026-08-31T05:49:35.674358+00:00,2026-08-31_0549IST,airline_direct,IndiGo
BOM,BLR,6E,IndiGo,inf,2026-09-07,7,economy,,,6599.0,False,14:30,ok,2026-08-31T05:49:35.674358+00:00,2026-08-31_0549IST,airline_direct,IndiGo
BOM,BLR,6E,IndiGo,inf,2026-09-07,7,business,,,22340.0,False,17:00,ok,2026-08-31T05:49:35.674358+00:00,2026-08-31_0549IST,airline_direct,IndiGo
BOM,BLR,6E,IndiGo,inf,2026-09-07,7,economy,,,6599.0,False,17:00,ok,2026-08-31T05:49:35.674358+00:00,2026-08-31_0549IST,airline_direct,IndiGo
BOM,BLR,6E,IndiGo,inf,2026-09-07,7,business,,,22340.0,False,18:30,ok,2026-08-31T05:49:35.674358+00:00,2026-08-31_0549IST,airline_direct,IndiGo
BOM,BLR,6E,IndiGo,inf,2026-09-07,7,economy,,,6599.0,False,18:30,ok,2026-08-31T05:49:35.674358+00:00,2026-08-31_0549IST,airline_direct,IndiGo
BOM,BLR,6E,IndiGo,inf,2026-09-07,7,business,,,22340.0,False,21:30,ok,2026-08-31T05:49:35.674358+00:00,2026-08-31_0549IST,airline_direct,IndiGo
BOM,BLR,6E,IndiGo,inf,2026-09-07,7,economy,,,6599.0,False,21:30,ok,2026-08-31T05:49:35.674358+00:00,2026-08-31_0549IST,airline_direct,IndiGo
BOM,BLR,6E,IndiGo,inf,2026-09-07,7,business,,,22340.0,False,22:20,ok,2026-08-31T05:49:35.674358+00:00,2026-08-31_0549IST,airline_direct,IndiGo
BOM,BLR,6E,IndiGo,inf,2026-09-07,7,economy,,,6599.0,False,22:20,ok,2026-08-31T05:49:35.674358+00:00,2026-08-31_0549IST,airline_direct,IndiGo
BOM,BLR,6E,IndiGo,6e+261,2026-09-07,7,economy,,,6013.0,False,11:20,ok,2026-08-31T05:49:35.674358+00:00,2026-08-31_0549IST,airline_direct,IndiGo
BOM,BLR,6E,IndiGo,inf,2026-09-07,7,economy,,,6145.0,False,00:30,ok,2026-08-31T05:49:35.674358+00:00,2026-08-31_0549IST,airline_direct,IndiGo
BOM,BLR,6E,IndiGo,inf,2026-09-07,7,economy,,,6145.0,False,09:15,ok,2026-08-31T05:49:35.674358+00:00,2026-08-31_0549IST,airline_direct,IndiGo
BOM,BLR,6E,IndiGo,inf,2026-09-07,7,business,,,23833.0,False,15:10,ok,2026-08-31T05:49:35.674358+00:00,2026-08-31_0549IST,airline_direct,IndiGo
BOM,BLR,6E,IndiGo,inf,2026-09-07,7,economy,,,6145.0,False,15:10,ok,2026-08-31T05:49:35.674358+00:00,2026-08-31_0549IST,airline_direct,IndiGo
BOM,BLR,6E,IndiGo,inf,2026-09-07,7,business,,,23062.0,False,15:10,ok,2026-08-31T05:49:35.674358+00:00,2026-08-31_0549IST,airline_direct,IndiGo
BOM,BLR,6E,IndiGo,inf,2026-09-07,7,economy,,,6145.0,False,15:10,ok,2026-08-31T05:49:35.674358+00:00,2026-08-31_0549IST,airline_direct,IndiGo
BOM,BLR,6E,IndiGo,inf,2026-09-07,7,business,,,23428.0,False,15:10,ok,2026-08-31T05:49:35.674358+00:00,2026-08-31_0549IST,airline_direct,IndiGo
BOM,BLR,6E,IndiGo,inf,2026-09-07,7,economy,,,6145.0,False,15:10,ok,2026-08-31T05:49:35.674358+00:00,2026-08-31_0549IST,airline_direct,IndiGo
BOM,BLR,6E,IndiGo,inf,2026-09-07,7,business,,,23062.0,False,15:10,ok,2026-08-31T05:49:35.674358+00:00,2026-08-31_0549IST,airline_direct,IndiGo
BOM,BLR,6E,IndiGo,inf,2026-09-07,7,economy,,,6145.0,False,15:10,ok,2026-08-31T05:49:35.674358+00:00,2026-08-31_0549IST,airline_direct,IndiGo
BOM,BLR,6E,IndiGo,inf,2026-09-07,7,business,,,23428.0,False,16:45,ok,2026-08-31T05:49:35.674358+00:00,2026-08-31_0549IST,airline_direct,IndiGo
BOM,BLR,6E,IndiGo,inf,2026-09-07,7,economy,,,6145.0,False,16:45,ok,2026-08-31T05:49:35.674358+00:00,2026-08-31_0549IST,airline_direct,IndiGo
BOM,BLR,6E,IndiGo,inf,2026-09-07,7,business,,,23062.0,False,16:45,ok,2026-08-31T05:49:35.674358+00:00,2026-08-31_0549IST,airline_direct,IndiGo
BOM,BLR,6E,IndiGo,inf,2026-09-07,7,economy,,,6145.0,False,16:45,ok,2026-08-31T05:49:35.674358+00:00,2026-08-31_0549IST,airline_direct,IndiGo
BOM,BLR,6E,IndiGo,inf,2026-09-07,7,economy,,,6276.0,False,16:55,ok,2026-08-31T05:49:35.674358+00:00,2026-08-31_0549IST,airline_direct,IndiGo
BOM,BLR,6E,IndiGo,6.000000000000002e+136,2026-09-07,7,economy,,,6355.0,False,04:05,ok,2026-08-31T05:49:35.674358+00:00,2026-08-31_0549IST,airline_direct,IndiGo
BOM,BLR,6E,IndiGo,6.000000000000002e+136,2026-09-07,7,economy,,,6355.0,False,04:05,ok,2026-08-31T05:49:35.674358+00:00,2026-08-31_0549IST,airline_direct,IndiGo
BOM,BLR,6E,IndiGo,6.000000000000002e+136,2026-09-07,7,economy,,,6355.0,False,04:05,ok,2026-08-31T05:49:35.674358+00:00,2026-08-31_0549IST,airline_direct,IndiGo
BOM,BLR,6E,IndiGo,inf,2026-09-07,7,economy,,,6355.0,False,05:35,ok,2026-08-31T05:49:35.674358+00:00,2026-08-31_0549IST,airline_direct,IndiGo
BOM,BLR,6E,IndiGo,inf,2026-09-07,7,economy,,,6355.0,False,05:35,ok,2026-08-31T05:49:35.674358+00:00,2026-08-31_0549IST,airline_direct,IndiGo
BOM,BLR,6E,IndiGo,inf,2026-09-07,7,economy,,,6355.0,False,06:15,ok,2026-08-31T05:49:35.674358+00:00,2026-08-31_0549IST,airline_direct,IndiGo
BOM,BLR,6E,IndiGo,inf,2026-09-07,7,economy,,,6355.0,False,08:15,ok,2026-08-31T05:49:35.674358+00:00,2026-08-31_0549IST,airline_direct,IndiGo
BOM,BLR,6E,IndiGo,inf,2026-09-07,7,economy,,,6355.0,False,09:35,ok,2026-08-31T05:49:35.674358+00:00,2026-08-31_0549IST,airline_direct,IndiGo
BOM,BLR,6E,IndiGo,inf,2026-09-07,7,economy,,,6355.0,False,09:50,ok,2026-08-31T05:49:35.674358+00:00,2026-08-31_0549IST,airline_direct,IndiGo
BOM,BLR,6E,IndiGo,inf,2026-09-07,7,economy,,,6355.0,False,09:50,ok,2026-08-31T05:49:35.674358+00:00,2026-08-31_0549IST,airline_direct,IndiGo
BOM,BLR,6E,IndiGo,inf,2026-09-07,7,economy,,,6355.0,False,11:40,ok,2026-08-31T05:49:35.674358+00:00,2026-08-31_0549IST,airline_direct,IndiGo
BOM,BLR,6E,IndiGo,inf,2026-09-07,7,economy,,,6355.0,False,12:30,ok,2026-08-31T05:49:35.674358+00:00,2026-08-31_0549IST,airline_direct,IndiGo
BOM,BLR,6E,IndiGo,inf,2026-09-07,7,economy,,,6355.0,False,12:30,ok,2026-08-31T05:49:35.674358+00:00,2026-08-31_0549IST,airline_direct,IndiGo
BOM,BLR,6E,IndiGo,inf,2026-09-07,7,economy,,,6355.0,False,13:45,ok,2026-08-31T05:49:35.674358+00:00,2026-08-31_0549IST,airline_direct,IndiGo
BOM,BLR,6E,IndiGo,inf,2026-09-07,7,economy,,,6355.0,False,15:25,ok,2026-08-31T05:49:35.674358+00:00,2026-08-31_0549IST,airline_direct,IndiGo
BOM,BLR,6E,IndiGo,inf,2026-09-07,7,economy,,,6355.0,False,15:25,ok,2026-08-31T05:49:35.674358+00:00,2026-08-31_0549IST,airline_direct,IndiGo
BOM,BLR,6E,IndiGo,6e+240,2026-09-07,7,economy,,,6355.0,False,15:45,ok,2026-08-31T05:49:35.674358+00:00,2026-08-31_0549IST,airline_direct,IndiGo
BOM,BLR,6E,IndiGo,inf,2026-09-07,7,economy,,,6355.0,False,17:10,ok,2026-08-31T05:49:35.674358+00:00,2026-08-31_0549IST,airline_direct,IndiGo
BOM,BLR,6E,IndiGo,inf,2026-09-07,7,economy,,,6355.0,False,17:25,ok,2026-08-31T05:49:35.674358+00:00,2026-08-31_0549IST,airline_direct,IndiGo
BOM,BLR,6E,IndiGo,inf,2026-09-07,7,economy,,,6494.0,False,05:00,ok,2026-08-31T05:49:35.674358+00:00,2026-08-31_0549IST,airline_direct,IndiGo
BOM,BLR,6E,IndiGo,6e+261,2026-09-07,7,economy,,,7021.0,False,11:20,ok,2026-08-31T05:49:35.674358+00:00,2026-08-31_0549IST,airline_direct,IndiGo
BOM,BLR,6E,IndiGo,inf,2026-09-07,7,economy,,,7021.0,False,18:05,ok,2026-08-31T05:49:35.674358+00:00,2026-08-31_0549IST,airline_direct,IndiGo
BOM,BLR,6E,IndiGo,inf,2026-09-07,7,business,,,23833.0,False,11:45,ok,2026-08-31T05:49:35.674358+00:00,2026-08-31_0549IST,airline_direct,IndiGo
BOM,BLR,6E,IndiGo,inf,2026-09-07,7,economy,,,7153.0,False,11:45,ok,2026-08-31T05:49:35.674358+00:00,2026-08-31_0549IST,airline_direct,IndiGo
BOM,BLR,6E,IndiGo,inf,2026-09-07,7,economy,,,7363.0,False,18:15,ok,2026-08-31T05:49:35.674358+00:00,2026-08-31_0549IST,airline_direct,IndiGo
BOM,BLR,6E,IndiGo,inf,2026-09-07,7,economy,,,7494.0,False,16:50,ok,2026-08-31T05:49:35.674358+00:00,2026-08-31_0549IST,airline_direct,IndiGo
BOM,BLR,6E,IndiGo,inf,2026-09-07,7,economy,,,7943.0,False,04:00,ok,2026-08-31T05:49:35.674358+00:00,2026-08-31_0549IST,airline_direct,IndiGo
BOM,BLR,6E,IndiGo,inf,2026-09-07,7,economy,,,7943.0,False,18:40,ok,2026-08-31T05:49:35.674358+00:00,2026-08-31_0549IST,airline_direct,IndiGo
BOM,BLR,6E,IndiGo,inf,2026-09-07,7,economy,,,7943.0,False,20:00,ok,2026-08-31T05:49:35.674358+00:00,2026-08-31_0549IST,airline_direct,IndiGo
BOM,BLR,6E,IndiGo,6e+230,2026-09-07,7,economy,,,8809.0,False,13:55,ok,2026-08-31T05:49:35.674358+00:00,2026-08-31_0549IST,airline_direct,IndiGo
BOM,BLR,6E,IndiGo,inf,2026-09-07,7,economy,,,8809.0,False,16:40,ok,2026-08-31T05:49:35.674358+00:00,2026-08-31_0549IST,airline_direct,IndiGo
BOM,BLR,6E,IndiGo,inf,2026-09-07,7,economy,,,9046.0,False,11:40,ok,2026-08-31T05:49:35.674358+00:00,2026-08-31_0549IST,airline_direct,IndiGo
BOM,BLR,6E,IndiGo,inf,2026-09-07,7,economy,,,9046.0,False,13:45,ok,2026-08-31T05:49:35.674358+00:00,2026-08-31_0549IST,airline_direct,IndiGo
BOM,BLR,6E,IndiGo,6e+230,2026-09-07,7,economy,,,9186.0,False,13:55,ok,2026-08-31T05:49:35.674358+00:00,2026-08-31_0549IST,airline_direct,IndiGo
BOM,BLR,6E,IndiGo,inf,2026-09-07,7,business,,,25564.0,False,10:15,ok,2026-08-31T05:49:35.674358+00:00,2026-08-31_0549IST,airline_direct,IndiGo
BOM,BLR,6E,IndiGo,inf,2026-09-07,7,economy,,,10130.0,False,10:15,ok,2026-08-31T05:49:35.674358+00:00,2026-08-31_0549IST,airline_direct,IndiGo
BOM,BLR,6E,IndiGo,inf,2026-09-07,7,business,,,26056.0,False,10:15,ok,2026-08-31T05:49:35.674358+00:00,2026-08-31_0549IST,airline_direct,IndiGo
BOM,BLR,6E,IndiGo,inf,2026-09-07,7,economy,,,10482.0,False,10:15,ok,2026-08-31T05:49:35.674358+00:00,2026-08-31_0549IST,airline_direct,IndiGo
BOM,BLR,6E,IndiGo,inf,2026-09-07,7,economy,,,10684.0,False,16:40,ok,2026-08-31T05:49:35.674358+00:00,2026-08-31_0549IST,airline_direct,IndiGo
BOM,BLR,6E,IndiGo,inf,2026-09-07,7,business,,,24279.0,False,11:45,ok,2026-08-31T05:49:35.674358+00:00,2026-08-31_0549IST,airline_direct,IndiGo
BOM,BLR,6E,IndiGo,inf,2026-09-07,7,economy,,,13325.0,False,11:45,ok,2026-08-31T05:49:35.674358+00:00,2026-08-31_0549IST,airline_direct,IndiGo
BOM,BLR,6E,IndiGo,inf,2026-09-07,7,business,,,24771.0,False,11:45,ok,2026-08-31T05:49:35.674358+00:00,2026-08-31_0549IST,airline_direct,IndiGo
BOM,BLR,6E,IndiGo,inf,2026-09-07,7,economy,,,13677.0,False,11:45,ok,2026-08-31T05:49:35.674358+00:00,2026-08-31_0549IST,airline_direct,IndiGo
DEL,CCU,6E,IndiGo,inf,2026-09-07,7,business,,,26140.0,False,14:25,ok,2026-08-31T05:50:32.287080+00:00,2026-08-31_0550IST,airline_direct,IndiGo
DEL,CCU,6E,IndiGo,inf,2026-09-07,7,economy,,,8200.0,False,14:25,ok,2026-08-31T05:50:32.287080+00:00,2026-08-31_0550IST,airline_direct,IndiGo
DEL,CCU,6E,IndiGo,6e+247,2026-09-07,7,business,,,26140.0,False,23:30,ok,2026-08-31T05:50:32.287080+00:00,2026-08-31_0550IST,airline_direct,IndiGo
DEL,CCU,6E,IndiGo,6e+247,2026-09-07,7,economy,,,8200.0,False,23:30,ok,2026-08-31T05:50:32.287080+00:00,2026-08-31_0550IST,airline_direct,IndiGo
DEL,CCU,6E,IndiGo,inf,2026-09-07,7,business,,,26140.0,False,05:00,ok,2026-08-31T05:50:32.287080+00:00,2026-08-31_0550IST,airline_direct,IndiGo
DEL,CCU,6E,IndiGo,inf,2026-09-07,7,economy,,,8778.0,False,05:00,ok,2026-08-31T05:50:32.287080+00:00,2026-08-31_0550IST,airline_direct,IndiGo
DEL,CCU,6E,IndiGo,inf,2026-09-07,7,business,,,26140.0,False,17:55,ok,2026-08-31T05:50:32.287080+00:00,2026-08-31_0550IST,airline_direct,IndiGo
DEL,CCU,6E,IndiGo,inf,2026-09-07,7,economy,,,8778.0,False,17:55,ok,2026-08-31T05:50:32.287080+00:00,2026-08-31_0550IST,airline_direct,IndiGo
DEL,CCU,6E,IndiGo,inf,2026-09-07,7,business,,,26140.0,False,07:20,ok,2026-08-31T05:50:32.287080+00:00,2026-08-31_0550IST,airline_direct,IndiGo
DEL,CCU,6E,IndiGo,inf,2026-09-07,7,economy,,,9775.0,False,07:20,ok,2026-08-31T05:50:32.287080+00:00,2026-08-31_0550IST,airline_direct,IndiGo
DEL,CCU,6E,IndiGo,inf,2026-09-07,7,business,,,26140.0,False,12:45,ok,2026-08-31T05:50:32.287080+00:00,2026-08-31_0550IST,airline_direct,IndiGo
DEL,CCU,6E,IndiGo,inf,2026-09-07,7,economy,,,10405.0,False,12:45,ok,2026-08-31T05:50:32.287080+00:00,2026-08-31_0550IST,airline_direct,IndiGo
DEL,CCU,6E,IndiGo,inf,2026-09-07,7,business,,,26140.0,False,19:30,ok,2026-08-31T05:50:32.287080+00:00,2026-08-31_0550IST,airline_direct,IndiGo
DEL,CCU,6E,IndiGo,inf,2026-09-07,7,economy,,,10405.0,False,19:30,ok,2026-08-31T05:50:32.287080+00:00,2026-08-31_0550IST,airline_direct,IndiGo
DEL,CCU,6E,IndiGo,inf,2026-09-07,7,business,,,26140.0,False,08:30,ok,2026-08-31T05:50:32.287080+00:00,2026-08-31_0550IST,airline_direct,IndiGo
DEL,CCU,6E,IndiGo,inf,2026-09-07,7,economy,,,11140.0,False,08:30,ok,2026-08-31T05:50:32.287080+00:00,2026-08-31_0550IST,airline_direct,IndiGo
DEL,CCU,6E,IndiGo,inf,2026-09-07,7,business,,,26140.0,False,16:00,ok,2026-08-31T05:50:32.287080+00:00,2026-08-31_0550IST,airline_direct,IndiGo
DEL,CCU,6E,IndiGo,inf,2026-09-07,7,economy,,,11928.0,False,16:00,ok,2026-08-31T05:50:32.287080+00:00,2026-08-31_0550IST,airline_direct,IndiGo
DEL,CCU,6E,IndiGo,inf,2026-09-07,7,business,,,26140.0,False,10:15,ok,2026-08-31T05:50:32.287080+00:00,2026-08-31_0550IST,airline_direct,IndiGo
DEL,CCU,6E,IndiGo,inf,2026-09-07,7,economy,,,12715.0,False,10:15,ok,2026-08-31T05:50:32.287080+00:00,2026-08-31_0550IST,airline_direct,IndiGo
DEL,CCU,6E,IndiGo,inf,2026-09-07,7,economy,,,6596.0,False,13:35,ok,2026-08-31T05:50:32.287080+00:00,2026-08-31_0550IST,airline_direct,IndiGo
DEL,CCU,6E,IndiGo,inf,2026-09-07,7,economy,,,6596.0,False,16:20,ok,2026-08-31T05:50:32.287080+00:00,2026-08-31_0550IST,airline_direct,IndiGo
DEL,CCU,6E,IndiGo,inf,2026-09-07,7,economy,,,6727.0,False,05:55,ok,2026-08-31T05:50:32.287080+00:00,2026-08-31_0550IST,airline_direct,IndiGo
DEL,CCU,6E,IndiGo,inf,2026-09-07,7,economy,,,6727.0,False,14:35,ok,2026-08-31T05:50:32.287080+00:00,2026-08-31_0550IST,airline_direct,IndiGo
DEL,CCU,6E,IndiGo,inf,2026-09-07,7,economy,,,6911.0,False,07:30,ok,2026-08-31T05:50:32.287080+00:00,2026-08-31_0550IST,airline_direct,IndiGo
DEL,CCU,6E,IndiGo,inf,2026-09-07,7,economy,,,6911.0,False,07:45,ok,2026-08-31T05:50:32.287080+00:00,2026-08-31_0550IST,airline_direct,IndiGo
DEL,CCU,6E,IndiGo,inf,2026-09-07,7,economy,,,6911.0,False,14:40,ok,2026-08-31T05:50:32.287080+00:00,2026-08-31_0550IST,airline_direct,IndiGo
DEL,CCU,6E,IndiGo,inf,2026-09-07,7,economy,,,6911.0,False,15:10,ok,2026-08-31T05:50:32.287080+00:00,2026-08-31_0550IST,airline_direct,IndiGo
DEL,CCU,6E,IndiGo,inf,2026-09-07,7,economy,,,6911.0,False,15:10,ok,2026-08-31T05:50:32.287080+00:00,2026-08-31_0550IST,airline_direct,IndiGo
DEL,CCU,6E,IndiGo,inf,2026-09-07,7,economy,,,6937.0,False,17:20,ok,2026-08-31T05:50:32.287080+00:00,2026-08-31_0550IST,airline_direct,IndiGo
DEL,CCU,6E,IndiGo,inf,2026-09-07,7,economy,,,7147.0,False,05:10,ok,2026-08-31T05:50:32.287080+00:00,2026-08-31_0550IST,airline_direct,IndiGo
DEL,CCU,6E,IndiGo,inf,2026-09-07,7,economy,,,7147.0,False,12:20,ok,2026-08-31T05:50:32.287080+00:00,2026-08-31_0550IST,airline_direct,IndiGo
DEL,CCU,6E,IndiGo,inf,2026-09-07,7,economy,,,7147.0,False,13:30,ok,2026-08-31T05:50:32.287080+00:00,2026-08-31_0550IST,airline_direct,IndiGo
DEL,CCU,6E,IndiGo,inf,2026-09-07,7,economy,,,7147.0,False,14:45,ok,2026-08-31T05:50:32.287080+00:00,2026-08-31_0550IST,airline_direct,IndiGo
DEL,CCU,6E,IndiGo,inf,2026-09-07,7,economy,,,7147.0,False,14:50,ok,2026-08-31T05:50:32.287080+00:00,2026-08-31_0550IST,airline_direct,IndiGo
DEL,CCU,6E,IndiGo,inf,2026-09-07,7,economy,,,7147.0,False,16:15,ok,2026-08-31T05:50:32.287080+00:00,2026-08-31_0550IST,airline_direct,IndiGo
DEL,CCU,6E,IndiGo,inf,2026-09-07,7,economy,,,7147.0,False,17:05,ok,2026-08-31T05:50:32.287080+00:00,2026-08-31_0550IST,airline_direct,IndiGo
DEL,CCU,6E,IndiGo,inf,2026-09-07,7,economy,,,7147.0,False,23:15,ok,2026-08-31T05:50:32.287080+00:00,2026-08-31_0550IST,airline_direct,IndiGo
DEL,CCU,6E,IndiGo,inf,2026-09-07,7,economy,,,7252.0,False,12:00,ok,2026-08-31T05:50:32.287080+00:00,2026-08-31_0550IST,airline_direct,IndiGo
DEL,CCU,6E,IndiGo,inf,2026-09-07,7,economy,,,7257.0,False,14:25,ok,2026-08-31T05:50:32.287080+00:00,2026-08-31_0550IST,airline_direct,IndiGo
DEL,CCU,6E,IndiGo,inf,2026-09-07,7,economy,,,7257.0,False,16:20,ok,2026-08-31T05:50:32.287080+00:00,2026-08-31_0550IST,airline_direct,IndiGo
DEL,CCU,6E,IndiGo,inf,2026-09-07,7,economy,,,7336.0,False,12:20,ok,2026-08-31T05:50:32.287080+00:00,2026-08-31_0550IST,airline_direct,IndiGo
DEL,CCU,6E,IndiGo,inf,2026-09-07,7,economy,,,7336.0,False,14:40,ok,2026-08-31T05:50:32.287080+00:00,2026-08-31_0550IST,airline_direct,IndiGo
DEL,CCU,6E,IndiGo,inf,2026-09-07,7,economy,,,7336.0,False,14:40,ok,2026-08-31T05:50:32.287080+00:00,2026-08-31_0550IST,airline_direct,IndiGo
DEL,CCU,6E,IndiGo,inf,2026-09-07,7,economy,,,7651.0,False,13:25,ok,2026-08-31T05:50:32.287080+00:00,2026-08-31_0550IST,airline_direct,IndiGo
DEL,CCU,6E,IndiGo,inf,2026-09-07,7,economy,,,7677.0,False,11:45,ok,2026-08-31T05:50:32.287080+00:00,2026-08-31_0550IST,airline_direct,IndiGo
DEL,CCU,6E,IndiGo,inf,2026-09-07,7,economy,,,7709.0,False,06:20,ok,2026-08-31T05:50:32.287080+00:00,2026-08-31_0550IST,airline_direct,IndiGo
DEL,CCU,6E,IndiGo,inf,2026-09-07,7,economy,,,7840.0,False,08:00,ok,2026-08-31T05:50:32.287080+00:00,2026-08-31_0550IST,airline_direct,IndiGo
DEL,CCU,6E,IndiGo,inf,2026-09-07,7,economy,,,8260.0,False,02:25,ok,2026-08-31T05:50:32.287080+00:00,2026-08-31_0550IST,airline_direct,IndiGo
DEL,CCU,6E,IndiGo,inf,2026-09-07,7,economy,,,8260.0,False,09:55,ok,2026-08-31T05:50:32.287080+00:00,2026-08-31_0550IST,airline_direct,IndiGo
DEL,CCU,6E,IndiGo,inf,2026-09-07,7,economy,,,8260.0,False,17:55,ok,2026-08-31T05:50:32.287080+00:00,2026-08-31_0550IST,airline_direct,IndiGo
DEL,CCU,6E,IndiGo,inf,2026-09-07,7,economy,,,8365.0,False,06:20,ok,2026-08-31T05:50:32.287080+00:00,2026-08-31_0550IST,airline_direct,IndiGo
DEL,CCU,6E,IndiGo,inf,2026-09-07,7,economy,,,8560.0,False,09:20,ok,2026-08-31T05:50:32.287080+00:00,2026-08-31_0550IST,airline_direct,IndiGo
DEL,CCU,6E,IndiGo,inf,2026-09-07,7,economy,,,8560.0,False,15:50,ok,2026-08-31T05:50:32.287080+00:00,2026-08-31_0550IST,airline_direct,IndiGo
DEL,CCU,6E,IndiGo,inf,2026-09-07,7,economy,,,9265.0,False,07:40,ok,2026-08-31T05:50:32.287080+00:00,2026-08-31_0550IST,airline_direct,IndiGo
DEL,CCU,6E,IndiGo,inf,2026-09-07,7,economy,,,9606.0,False,08:30,ok,2026-08-31T05:50:32.287080+00:00,2026-08-31_0550IST,airline_direct,IndiGo
DEL,CCU,6E,IndiGo,inf,2026-09-07,7,economy,,,9606.0,False,08:30,ok,2026-08-31T05:50:32.287080+00:00,2026-08-31_0550IST,airline_direct,IndiGo
DEL,CCU,6E,IndiGo,inf,2026-09-07,7,economy,,,10040.0,False,07:40,ok,2026-08-31T05:50:32.287080+00:00,2026-08-31_0550IST,airline_direct,IndiGo
DEL,CCU,6E,IndiGo,inf,2026-09-07,7,economy,,,10040.0,False,14:00,ok,2026-08-31T05:50:32.287080+00:00,2026-08-31_0550IST,airline_direct,IndiGo
DEL,CCU,6E,IndiGo,inf,2026-09-07,7,economy,,,10609.0,False,12:20,ok,2026-08-31T05:50:32.287080+00:00,2026-08-31_0550IST,airline_direct,IndiGo
DEL,CCU,6E,IndiGo,inf,2026-09-07,7,economy,,,10891.0,False,05:00,ok,2026-08-31T05:50:32.287080+00:00,2026-08-31_0550IST,airline_direct,IndiGo
DEL,CCU,6E,IndiGo,6e+203,2026-09-07,7,economy,,,11232.0,False,07:10,ok,2026-08-31T05:50:32.287080+00:00,2026-08-31_0550IST,airline_direct,IndiGo
DEL,CCU,6E,IndiGo,6e+203,2026-09-07,7,economy,,,11232.0,False,07:10,ok,2026-08-31T05:50:32.287080+00:00,2026-08-31_0550IST,airline_direct,IndiGo
DEL,CCU,6E,IndiGo,inf,2026-09-07,7,economy,,,12856.0,False,09:20,ok,2026-08-31T05:50:32.287080+00:00,2026-08-31_0550IST,airline_direct,IndiGo
DEL,CCU,6E,IndiGo,inf,2026-09-07,7,economy,,,12856.0,False,12:55,ok,2026-08-31T05:50:32.287080+00:00,2026-08-31_0550IST,airline_direct,IndiGo
DEL,CCU,6E,IndiGo,inf,2026-09-07,7,economy,,,12961.0,False,10:50,ok,2026-08-31T05:50:32.287080+00:00,2026-08-31_0550IST,airline_direct,IndiGo
DEL,CCU,6E,IndiGo,inf,2026-09-07,7,business,,,32036.0,False,02:25,ok,2026-08-31T05:50:32.287080+00:00,2026-08-31_0550IST,airline_direct,IndiGo
DEL,CCU,6E,IndiGo,inf,2026-09-07,7,economy,,,15829.0,False,02:25,ok,2026-08-31T05:50:32.287080+00:00,2026-08-31_0550IST,airline_direct,IndiGo
DEL,CCU,6E,IndiGo,inf,2026-09-07,7,economy,,,21100.0,False,10:50,ok,2026-08-31T05:50:32.287080+00:00,2026-08-31_0550IST,airline_direct,IndiGo
BLR,HYD,6E,IndiGo,inf,2026-09-07,7,,,,,False,19:45,parse_error,2026-08-31T05:51:31.698773+00:00,2026-08-31_0551IST,airline_direct,IndiGo
BLR,HYD,6E,IndiGo,inf,2026-09-07,7,,,,,False,21:30,parse_error,2026-08-31T05:51:31.698773+00:00,2026-08-31_0551IST,airline_direct,IndiGo
BLR,HYD,6E,IndiGo,inf,2026-09-07,7,,,,,False,06:25,parse_error,2026-08-31T05:51:31.698773+00:00,2026-08-31_0551IST,airline_direct,IndiGo
BLR,HYD,6E,IndiGo,inf,2026-09-07,7,,,,,False,10:15,parse_error,2026-08-31T05:51:31.698773+00:00,2026-08-31_0551IST,airline_direct,IndiGo
BLR,HYD,6E,IndiGo,inf,2026-09-07,7,,,,,False,18:35,parse_error,2026-08-31T05:51:31.698773+00:00,2026-08-31_0551IST,airline_direct,IndiGo
BLR,HYD,6E,IndiGo,inf,2026-09-07,7,,,,,False,09:15,parse_error,2026-08-31T05:51:31.698773+00:00,2026-08-31_0551IST,airline_direct,IndiGo
BLR,HYD,6E,IndiGo,inf,2026-09-07,7,,,,,False,11:35,parse_error,2026-08-31T05:51:31.698773+00:00,2026-08-31_0551IST,airline_direct,IndiGo
BLR,HYD,6E,IndiGo,inf,2026-09-07,7,,,,,False,16:30,parse_error,2026-08-31T05:51:31.698773+00:00,2026-08-31_0551IST,airline_direct,IndiGo
BLR,HYD,6E,IndiGo,inf,2026-09-07,7,,,,,False,08:15,parse_error,2026-08-31T05:51:31.698773+00:00,2026-08-31_0551IST,airline_direct,IndiGo
BLR,HYD,6E,IndiGo,inf,2026-09-07,7,,,,,False,07:05,parse_error,2026-08-31T05:51:31.698773+00:00,2026-08-31_0551IST,airline_direct,IndiGo
BLR,HYD,6E,IndiGo,inf,2026-09-07,7,,,,,False,07:05,parse_error,2026-08-31T05:51:31.698773+00:00,2026-08-31_0551IST,airline_direct,IndiGo
BLR,HYD,6E,IndiGo,inf,2026-09-07,7,,,,,False,07:15,parse_error,2026-08-31T05:51:31.698773+00:00,2026-08-31_0551IST,airline_direct,IndiGo
BLR,HYD,6E,IndiGo,inf,2026-09-07,7,,,,,False,07:15,parse_error,2026-08-31T05:51:31.698773+00:00,2026-08-31_0551IST,airline_direct,IndiGo
BLR,HYD,6E,IndiGo,inf,2026-09-07,7,,,,,False,10:45,parse_error,2026-08-31T05:51:31.698773+00:00,2026-08-31_0551IST,airline_direct,IndiGo
BLR,HYD,6E,IndiGo,inf,2026-09-07,7,,,,,False,12:45,parse_error,2026-08-31T05:51:31.698773+00:00,2026-08-31_0551IST,airline_direct,IndiGo
BLR,HYD,6E,IndiGo,inf,2026-09-07,7,,,,,False,12:45,parse_error,2026-08-31T05:51:31.698773+00:00,2026-08-31_0551IST,airline_direct,IndiGo
BLR,HYD,6E,IndiGo,inf,2026-09-07,7,,,,,False,13:10,parse_error,2026-08-31T05:51:31.698773+00:00,2026-08-31_0551IST,airline_direct,IndiGo
BLR,HYD,6E,IndiGo,inf,2026-09-07,7,,,,,False,15:15,parse_error,2026-08-31T05:51:31.698773+00:00,2026-08-31_0551IST,airline_direct,IndiGo
BLR,HYD,6E,IndiGo,inf,2026-09-07,7,,,,,False,15:15,parse_error,2026-08-31T05:51:31.698773+00:00,2026-08-31_0551IST,airline_direct,IndiGo
BLR,HYD,6E,IndiGo,6e+173,2026-09-07,7,,,,,False,15:30,parse_error,2026-08-31T05:51:31.698773+00:00,2026-08-31_0551IST,airline_direct,IndiGo
BLR,HYD,6E,IndiGo,6e+173,2026-09-07,7,,,,,False,15:30,parse_error,2026-08-31T05:51:31.698773+00:00,2026-08-31_0551IST,airline_direct,IndiGo
BLR,HYD,6E,IndiGo,inf,2026-09-07,7,,,,,False,17:15,parse_error,2026-08-31T05:51:31.698773+00:00,2026-08-31_0551IST,airline_direct,IndiGo
BLR,HYD,6E,IndiGo,inf,2026-09-07,7,,,,,False,17:15,parse_error,2026-08-31T05:51:31.698773+00:00,2026-08-31_0551IST,airline_direct,IndiGo
BLR,HYD,6E,IndiGo,inf,2026-09-07,7,,,,,False,17:40,parse_error,2026-08-31T05:51:31.698773+00:00,2026-08-31_0551IST,airline_direct,IndiGo
BLR,HYD,6E,IndiGo,inf,2026-09-07,7,,,,,False,17:40,parse_error,2026-08-31T05:51:31.698773+00:00,2026-08-31_0551IST,airline_direct,IndiGo
BLR,HYD,6E,IndiGo,inf,2026-09-07,7,,,,,False,18:15,parse_error,2026-08-31T05:51:31.698773+00:00,2026-08-31_0551IST,airline_direct,IndiGo
BLR,HYD,6E,IndiGo,6e+105,2026-09-07,7,,,,,False,18:45,parse_error,2026-08-31T05:51:31.698773+00:00,2026-08-31_0551IST,airline_direct,IndiGo
BLR,HYD,6E,IndiGo,6e+105,2026-09-07,7,,,,,False,18:45,parse_error,2026-08-31T05:51:31.698773+00:00,2026-08-31_0551IST,airline_direct,IndiGo
BLR,HYD,6E,IndiGo,inf,2026-09-07,7,,,,,False,19:15,parse_error,2026-08-31T05:51:31.698773+00:00,2026-08-31_0551IST,airline_direct,IndiGo
BLR,HYD,6E,IndiGo,inf,2026-09-07,7,,,,,False,21:40,parse_error,2026-08-31T05:51:31.698773+00:00,2026-08-31_0551IST,airline_direct,IndiGo
BLR,HYD,6E,IndiGo,6e+116,2026-09-07,7,,,,,False,23:05,parse_error,2026-08-31T05:51:31.698773+00:00,2026-08-31_0551IST,airline_direct,IndiGo
BLR,HYD,6E,IndiGo,inf,2026-09-07,7,,,,,False,05:20,parse_error,2026-08-31T05:51:31.698773+00:00,2026-08-31_0551IST,airline_direct,IndiGo
BLR,HYD,6E,IndiGo,inf,2026-09-07,7,,,,,False,07:05,parse_error,2026-08-31T05:51:31.698773+00:00,2026-08-31_0551IST,airline_direct,IndiGo
BLR,HYD,6E,IndiGo,inf,2026-09-07,7,,,,,False,07:05,parse_error,2026-08-31T05:51:31.698773+00:00,2026-08-31_0551IST,airline_direct,IndiGo
BLR,HYD,6E,IndiGo,inf,2026-09-07,7,,,,,False,10:25,parse_error,2026-08-31T05:51:31.698773+00:00,2026-08-31_0551IST,airline_direct,IndiGo
BLR,HYD,6E,IndiGo,inf,2026-09-07,7,,,,,False,06:50,parse_error,2026-08-31T05:51:31.698773+00:00,2026-08-31_0551IST,airline_direct,IndiGo
BLR,HYD,6E,IndiGo,inf,2026-09-07,7,,,,,False,08:05,parse_error,2026-08-31T05:51:31.698773+00:00,2026-08-31_0551IST,airline_direct,IndiGo
BLR,HYD,6E,IndiGo,inf,2026-09-07,7,,,,,False,13:10,parse_error,2026-08-31T05:51:31.698773+00:00,2026-08-31_0551IST,airline_direct,IndiGo
BLR,HYD,6E,IndiGo,inf,2026-09-07,7,,,,,False,20:40,parse_error,2026-08-31T05:51:31.698773+00:00,2026-08-31_0551IST,airline_direct,IndiGo
BLR,HYD,6E,IndiGo,inf,2026-09-07,7,,,,,False,08:05,parse_error,2026-08-31T05:51:31.698773+00:00,2026-08-31_0551IST,airline_direct,IndiGo
BLR,HYD,6E,IndiGo,inf,2026-09-07,7,,,,,False,12:35,parse_error,2026-08-31T05:51:31.698773+00:00,2026-08-31_0551IST,airline_direct,IndiGo
BLR,HYD,6E,IndiGo,inf,2026-09-07,7,,,,,False,06:25,parse_error,2026-08-31T05:51:31.698773+00:00,2026-08-31_0551IST,airline_direct,IndiGo
BLR,HYD,6E,IndiGo,inf,2026-09-07,7,,,,,False,05:20,parse_error,2026-08-31T05:51:31.698773+00:00,2026-08-31_0551IST,airline_direct,IndiGo
BLR,HYD,6E,IndiGo,inf,2026-09-07,7,,,,,False,07:05,parse_error,2026-08-31T05:51:31.698773+00:00,2026-08-31_0551IST,airline_direct,IndiGo
BLR,HYD,6E,IndiGo,inf,2026-09-07,7,,,,,False,02:40,parse_error,2026-08-31T05:51:31.698773+00:00,2026-08-31_0551IST,airline_direct,IndiGo
BLR,HYD,6E,IndiGo,inf,2026-09-07,7,,,,,False,11:40,parse_error,2026-08-31T05:51:31.698773+00:00,2026-08-31_0551IST,airline_direct,IndiGo
BLR,HYD,6E,IndiGo,inf,2026-09-07,7,,,,,False,11:40,parse_error,2026-08-31T05:51:31.698773+00:00,2026-08-31_0551IST,airline_direct,IndiGo
BLR,HYD,6E,IndiGo,inf,2026-09-07,7,,,,,False,10:25,parse_error,2026-08-31T05:51:31.698773+00:00,2026-08-31_0551IST,airline_direct,IndiGo
BLR,HYD,6E,IndiGo,inf,2026-09-07,7,,,,,False,12:35,parse_error,2026-08-31T05:51:31.698773+00:00,2026-08-31_0551IST,airline_direct,IndiGo
BLR,HYD,6E,IndiGo,inf,2026-09-07,7,,,,,False,12:55,parse_error,2026-08-31T05:51:31.698773+00:00,2026-08-31_0551IST,airline_direct,IndiGo
BLR,HYD,6E,IndiGo,5.9999999999999995e+109,2026-09-07,7,,,,,False,17:00,parse_error,2026-08-31T05:51:31.698773+00:00,2026-08-31_0551IST,airline_direct,IndiGo
BLR,HYD,6E,IndiGo,inf,2026-09-07,7,,,,,False,18:50,parse_error,2026-08-31T05:51:31.698773+00:00,2026-08-31_0551IST,airline_direct,IndiGo
BLR,HYD,6E,IndiGo,inf,2026-09-07,7,,,,,False,06:50,parse_error,2026-08-31T05:51:31.698773+00:00,2026-08-31_0551IST,airline_direct,IndiGo
BLR,HYD,6E,IndiGo,inf,2026-09-07,7,,,,,False,10:55,parse_error,2026-08-31T05:51:31.698773+00:00,2026-08-31_0551IST,airline_direct,IndiGo
BLR,HYD,6E,IndiGo,inf,2026-09-07,7,,,,,False,06:50,parse_error,2026-08-31T05:51:31.698773+00:00,2026-08-31_0551IST,airline_direct,IndiGo
BLR,HYD,6E,IndiGo,inf,2026-09-07,7,,,,,False,10:50,parse_error,2026-08-31T05:51:31.698773+00:00,2026-08-31_0551IST,airline_direct,IndiGo
BLR,HYD,6E,IndiGo,inf,2026-09-07,7,,,,,False,01:05,parse_error,2026-08-31T05:51:31.698773+00:00,2026-08-31_0551IST,airline_direct,IndiGo
BLR,HYD,6E,IndiGo,inf,2026-09-07,7,,,,,False,10:50,parse_error,2026-08-31T05:51:31.698773+00:00,2026-08-31_0551IST,airline_direct,IndiGo
BLR,HYD,6E,IndiGo,inf,2026-09-07,7,,,,,False,10:40,parse_error,2026-08-31T05:51:31.698773+00:00,2026-08-31_0551IST,airline_direct,IndiGo
MAA,DEL,6E,IndiGo,inf,2026-09-07,7,business,,,28240.0,False,13:00,ok,2026-08-31T05:52:29.328136+00:00,2026-08-31_0552IST,airline_direct,IndiGo
MAA,DEL,6E,IndiGo,inf,2026-09-07,7,economy,,,9648.0,False,13:00,ok,2026-08-31T05:52:29.328136+00:00,2026-08-31_0552IST,airline_direct,IndiGo
MAA,DEL,6E,IndiGo,inf,2026-09-07,7,business,,,28240.0,False,14:30,ok,2026-08-31T05:52:29.328136+00:00,2026-08-31_0552IST,airline_direct,IndiGo
MAA,DEL,6E,IndiGo,inf,2026-09-07,7,economy,,,9648.0,False,14:30,ok,2026-08-31T05:52:29.328136+00:00,2026-08-31_0552IST,airline_direct,IndiGo
MAA,DEL,6E,IndiGo,inf,2026-09-07,7,business,,,28240.0,False,16:45,ok,2026-08-31T05:52:29.328136+00:00,2026-08-31_0552IST,airline_direct,IndiGo
MAA,DEL,6E,IndiGo,inf,2026-09-07,7,economy,,,9648.0,False,16:45,ok,2026-08-31T05:52:29.328136+00:00,2026-08-31_0552IST,airline_direct,IndiGo
MAA,DEL,6E,IndiGo,inf,2026-09-07,7,business,,,28240.0,False,19:00,ok,2026-08-31T05:52:29.328136+00:00,2026-08-31_0552IST,airline_direct,IndiGo
MAA,DEL,6E,IndiGo,inf,2026-09-07,7,economy,,,9648.0,False,19:00,ok,2026-08-31T05:52:29.328136+00:00,2026-08-31_0552IST,airline_direct,IndiGo
MAA,DEL,6E,IndiGo,inf,2026-09-07,7,business,,,28240.0,False,21:50,ok,2026-08-31T05:52:29.328136+00:00,2026-08-31_0552IST,airline_direct,IndiGo
MAA,DEL,6E,IndiGo,inf,2026-09-07,7,economy,,,9648.0,False,21:50,ok,2026-08-31T05:52:29.328136+00:00,2026-08-31_0552IST,airline_direct,IndiGo
MAA,DEL,6E,IndiGo,inf,2026-09-07,7,business,,,28240.0,False,23:45,ok,2026-08-31T05:52:29.328136+00:00,2026-08-31_0552IST,airline_direct,IndiGo
MAA,DEL,6E,IndiGo,inf,2026-09-07,7,economy,,,9648.0,False,23:45,ok,2026-08-31T05:52:29.328136+00:00,2026-08-31_0552IST,airline_direct,IndiGo
MAA,DEL,6E,IndiGo,inf,2026-09-07,7,business,,,28240.0,False,09:15,ok,2026-08-31T05:52:29.328136+00:00,2026-08-31_0552IST,airline_direct,IndiGo
MAA,DEL,6E,IndiGo,inf,2026-09-07,7,economy,,,10114.0,False,09:15,ok,2026-08-31T05:52:29.328136+00:00,2026-08-31_0552IST,airline_direct,IndiGo
MAA,DEL,6E,IndiGo,inf,2026-09-07,7,business,,,28240.0,False,11:10,ok,2026-08-31T05:52:29.328136+00:00,2026-08-31_0552IST,airline_direct,IndiGo
MAA,DEL,6E,IndiGo,inf,2026-09-07,7,economy,,,10114.0,False,11:10,ok,2026-08-31T05:52:29.328136+00:00,2026-08-31_0552IST,airline_direct,IndiGo
MAA,DEL,6E,IndiGo,inf,2026-09-07,7,business,,,28240.0,False,06:30,ok,2026-08-31T05:52:29.328136+00:00,2026-08-31_0552IST,airline_direct,IndiGo
MAA,DEL,6E,IndiGo,inf,2026-09-07,7,economy,,,14222.0,False,06:30,ok,2026-08-31T05:52:29.328136+00:00,2026-08-31_0552IST,airline_direct,IndiGo
MAA,DEL,6E,IndiGo,inf,2026-09-07,7,economy,,,8526.0,False,10:55,ok,2026-08-31T05:52:29.328136+00:00,2026-08-31_0552IST,airline_direct,IndiGo
MAA,DEL,6E,IndiGo,inf,2026-09-07,7,economy,,,8526.0,False,10:55,ok,2026-08-31T05:52:29.328136+00:00,2026-08-31_0552IST,airline_direct,IndiGo
MAA,DEL,6E,IndiGo,inf,2026-09-07,7,economy,,,8526.0,False,14:35,ok,2026-08-31T05:52:29.328136+00:00,2026-08-31_0552IST,airline_direct,IndiGo
MAA,DEL,6E,IndiGo,inf,2026-09-07,7,economy,,,8526.0,False,14:35,ok,2026-08-31T05:52:29.328136+00:00,2026-08-31_0552IST,airline_direct,IndiGo
MAA,DEL,6E,IndiGo,inf,2026-09-07,7,economy,,,8526.0,False,15:45,ok,2026-08-31T05:52:29.328136+00:00,2026-08-31_0552IST,airline_direct,IndiGo
MAA,DEL,6E,IndiGo,inf,2026-09-07,7,economy,,,8526.0,False,18:20,ok,2026-08-31T05:52:29.328136+00:00,2026-08-31_0552IST,airline_direct,IndiGo
MAA,DEL,6E,IndiGo,6e+189,2026-09-07,7,economy,,,8526.0,False,19:05,ok,2026-08-31T05:52:29.328136+00:00,2026-08-31_0552IST,airline_direct,IndiGo
MAA,DEL,6E,IndiGo,inf,2026-09-07,7,economy,,,8657.0,False,02:30,ok,2026-08-31T05:52:29.328136+00:00,2026-08-31_0552IST,airline_direct,IndiGo
MAA,DEL,6E,IndiGo,inf,2026-09-07,7,economy,,,8657.0,False,02:30,ok,2026-08-31T05:52:29.328136+00:00,2026-08-31_0552IST,airline_direct,IndiGo
MAA,DEL,6E,IndiGo,inf,2026-09-07,7,business,,,39741.0,False,05:00,ok,2026-08-31T05:52:29.328136+00:00,2026-08-31_0552IST,airline_direct,IndiGo
MAA,DEL,6E,IndiGo,inf,2026-09-07,7,economy,,,8657.0,False,05:00,ok,2026-08-31T05:52:29.328136+00:00,2026-08-31_0552IST,airline_direct,IndiGo
MAA,DEL,6E,IndiGo,inf,2026-09-07,7,business,,,39741.0,False,11:00,ok,2026-08-31T05:52:29.328136+00:00,2026-08-31_0552IST,airline_direct,IndiGo
MAA,DEL,6E,IndiGo,inf,2026-09-07,7,economy,,,8657.0,False,11:00,ok,2026-08-31T05:52:29.328136+00:00,2026-08-31_0552IST,airline_direct,IndiGo
MAA,DEL,6E,IndiGo,inf,2026-09-07,7,business,,,39741.0,False,12:45,ok,2026-08-31T05:52:29.328136+00:00,2026-08-31_0552IST,airline_direct,IndiGo
MAA,DEL,6E,IndiGo,inf,2026-09-07,7,economy,,,8657.0,False,12:45,ok,2026-08-31T05:52:29.328136+00:00,2026-08-31_0552IST,airline_direct,IndiGo
MAA,DEL,6E,IndiGo,inf,2026-09-07,7,business,,,39741.0,False,12:45,ok,2026-08-31T05:52:29.328136+00:00,2026-08-31_0552IST,airline_direct,IndiGo
MAA,DEL,6E,IndiGo,inf,2026-09-07,7,economy,,,8657.0,False,12:45,ok,2026-08-31T05:52:29.328136+00:00,2026-08-31_0552IST,airline_direct,IndiGo
MAA,DEL,6E,IndiGo,inf,2026-09-07,7,economy,,,8657.0,False,13:50,ok,2026-08-31T05:52:29.328136+00:00,2026-08-31_0552IST,airline_direct,IndiGo
MAA,DEL,6E,IndiGo,inf,2026-09-07,7,economy,,,8657.0,False,18:05,ok,2026-08-31T05:52:29.328136+00:00,2026-08-31_0552IST,airline_direct,IndiGo
MAA,DEL,6E,IndiGo,6e+253,2026-09-07,7,economy,,,9087.0,False,03:10,ok,2026-08-31T05:52:29.328136+00:00,2026-08-31_0552IST,airline_direct,IndiGo
MAA,DEL,6E,IndiGo,inf,2026-09-07,7,economy,,,9087.0,False,09:55,ok,2026-08-31T05:52:29.328136+00:00,2026-08-31_0552IST,airline_direct,IndiGo
MAA,DEL,6E,IndiGo,inf,2026-09-07,7,business,,,29241.0,False,11:10,ok,2026-08-31T05:52:29.328136+00:00,2026-08-31_0552IST,airline_direct,IndiGo
MAA,DEL,6E,IndiGo,inf,2026-09-07,7,economy,,,9087.0,False,11:10,ok,2026-08-31T05:52:29.328136+00:00,2026-08-31_0552IST,airline_direct,IndiGo
MAA,DEL,6E,IndiGo,inf,2026-09-07,7,economy,,,9087.0,False,12:00,ok,2026-08-31T05:52:29.328136+00:00,2026-08-31_0552IST,airline_direct,IndiGo
MAA,DEL,6E,IndiGo,inf,2026-09-07,7,economy,,,9087.0,False,16:10,ok,2026-08-31T05:52:29.328136+00:00,2026-08-31_0552IST,airline_direct,IndiGo
MAA,DEL,6E,IndiGo,inf,2026-09-07,7,economy,,,9087.0,False,18:15,ok,2026-08-31T05:52:29.328136+00:00,2026-08-31_0552IST,airline_direct,IndiGo
MAA,DEL,6E,IndiGo,6e+193,2026-09-07,7,economy,,,9087.0,False,20:00,ok,2026-08-31T05:52:29.328136+00:00,2026-08-31_0552IST,airline_direct,IndiGo
MAA,DEL,6E,IndiGo,inf,2026-09-07,7,business,,,27823.0,False,22:20,ok,2026-08-31T05:52:29.328136+00:00,2026-08-31_0552IST,airline_direct,IndiGo
MAA,DEL,6E,IndiGo,inf,2026-09-07,7,economy,,,9087.0,False,22:20,ok,2026-08-31T05:52:29.328136+00:00,2026-08-31_0552IST,airline_direct,IndiGo
MAA,DEL,6E,IndiGo,inf,2026-09-07,7,economy,,,9166.0,False,16:15,ok,2026-08-31T05:52:29.328136+00:00,2026-08-31_0552IST,airline_direct,IndiGo
MAA,DEL,6E,IndiGo,inf,2026-09-07,7,economy,,,9792.0,False,09:05,ok,2026-08-31T05:52:29.328136+00:00,2026-08-31_0552IST,airline_direct,IndiGo
MAA,DEL,6E,IndiGo,inf,2026-09-07,7,economy,,,9792.0,False,21:25,ok,2026-08-31T05:52:29.328136+00:00,2026-08-31_0552IST,airline_direct,IndiGo
MAA,DEL,6E,IndiGo,inf,2026-09-07,7,economy,,,10566.0,False,09:05,ok,2026-08-31T05:52:29.328136+00:00,2026-08-31_0552IST,airline_direct,IndiGo
MAA,DEL,6E,IndiGo,inf,2026-09-07,7,economy,,,10644.0,False,08:55,ok,2026-08-31T05:52:29.328136+00:00,2026-08-31_0552IST,airline_direct,IndiGo
MAA,DEL,6E,IndiGo,inf,2026-09-07,7,economy,,,10770.0,False,18:20,ok,2026-08-31T05:52:29.328136+00:00,2026-08-31_0552IST,airline_direct,IndiGo
MAA,DEL,6E,IndiGo,6e+183,2026-09-07,7,business,,,32309.0,False,16:35,ok,2026-08-31T05:52:29.328136+00:00,2026-08-31_0552IST,airline_direct,IndiGo
MAA,DEL,6E,IndiGo,6e+183,2026-09-07,7,economy,,,11417.0,False,16:35,ok,2026-08-31T05:52:29.328136+00:00,2026-08-31_0552IST,airline_direct,IndiGo
MAA,DEL,6E,IndiGo,inf,2026-09-07,7,economy,,,11540.0,False,17:45,ok,2026-08-31T05:52:29.328136+00:00,2026-08-31_0552IST,airline_direct,IndiGo
MAA,DEL,6E,IndiGo,inf,2026-09-07,7,business,,,39741.0,False,06:45,ok,2026-08-31T05:52:29.328136+00:00,2026-08-31_0552IST,airline_direct,IndiGo
MAA,DEL,6E,IndiGo,inf,2026-09-07,7,economy,,,11627.0,False,06:45,ok,2026-08-31T05:52:29.328136+00:00,2026-08-31_0552IST,airline_direct,IndiGo
MAA,DEL,6E,IndiGo,inf,2026-09-07,7,business,,,39741.0,False,09:00,ok,2026-08-31T05:52:29.328136+00:00,2026-08-31_0552IST,airline_direct,IndiGo
MAA,DEL,6E,IndiGo,inf,2026-09-07,7,economy,,,11627.0,False,09:00,ok,2026-08-31T05:52:29.328136+00:00,2026-08-31_0552IST,airline_direct,IndiGo
MAA,DEL,6E,IndiGo,inf,2026-09-07,7,business,,,39741.0,False,16:40,ok,2026-08-31T05:52:29.328136+00:00,2026-08-31_0552IST,airline_direct,IndiGo
MAA,DEL,6E,IndiGo,inf,2026-09-07,7,economy,,,11627.0,False,16:40,ok,2026-08-31T05:52:29.328136+00:00,2026-08-31_0552IST,airline_direct,IndiGo
MAA,DEL,6E,IndiGo,inf,2026-09-07,7,business,,,39741.0,False,18:15,ok,2026-08-31T05:52:29.328136+00:00,2026-08-31_0552IST,airline_direct,IndiGo
MAA,DEL,6E,IndiGo,inf,2026-09-07,7,economy,,,11627.0,False,18:15,ok,2026-08-31T05:52:29.328136+00:00,2026-08-31_0552IST,airline_direct,IndiGo
MAA,DEL,6E,IndiGo,inf,2026-09-07,7,economy,,,12353.0,False,07:10,ok,2026-08-31T05:52:29.328136+00:00,2026-08-31_0552IST,airline_direct,IndiGo
MAA,DEL,6E,IndiGo,inf,2026-09-07,7,economy,,,12353.0,False,12:00,ok,2026-08-31T05:52:29.328136+00:00,2026-08-31_0552IST,airline_direct,IndiGo
MAA,DEL,6E,IndiGo,inf,2026-09-07,7,business,,,39741.0,False,14:45,ok,2026-08-31T05:52:29.328136+00:00,2026-08-31_0552IST,airline_direct,IndiGo
MAA,DEL,6E,IndiGo,inf,2026-09-07,7,economy,,,12502.0,False,14:45,ok,2026-08-31T05:52:29.328136+00:00,2026-08-31_0552IST,airline_direct,IndiGo
MAA,DEL,6E,IndiGo,inf,2026-09-07,7,economy,,,12563.0,False,11:45,ok,2026-08-31T05:52:29.328136+00:00,2026-08-31_0552IST,airline_direct,IndiGo
MAA,DEL,6E,IndiGo,inf,2026-09-07,7,business,,,28413.0,False,05:40,ok,2026-08-31T05:52:29.328136+00:00,2026-08-31_0552IST,airline_direct,IndiGo
MAA,DEL,6E,IndiGo,inf,2026-09-07,7,economy,,,12633.0,False,05:40,ok,2026-08-31T05:52:29.328136+00:00,2026-08-31_0552IST,airline_direct,IndiGo
MAA,DEL,6E,IndiGo,inf,2026-09-07,7,economy,,,14513.0,False,11:55,ok,2026-08-31T05:52:29.328136+00:00,2026-08-31_0552IST,airline_direct,IndiGo
MAA,DEL,6E,IndiGo,inf,2026-09-07,7,economy,,,14723.0,False,08:20,ok,2026-08-31T05:52:29.328136+00:00,2026-08-31_0552IST,airline_direct,IndiGo
MAA,DEL,6E,IndiGo,inf,2026-09-07,7,economy,,,14880.0,False,17:45,ok,2026-08-31T05:52:29.328136+00:00,2026-08-31_0552IST,airline_direct,IndiGo
MAA,DEL,6E,IndiGo,inf,2026-09-07,7,economy,,,15176.0,False,07:05,ok,2026-08-31T05:52:29.328136+00:00,2026-08-31_0552IST,airline_direct,IndiGo
MAA,DEL,6E,IndiGo,inf,2026-09-07,7,economy,,,15632.0,False,07:05,ok,2026-08-31T05:52:29.328136+00:00,2026-08-31_0552IST,airline_direct,IndiGo
MAA,DEL,6E,IndiGo,inf,2026-09-07,7,economy,,,15661.0,False,07:10,ok,2026-08-31T05:52:29.328136+00:00,2026-08-31_0552IST,airline_direct,IndiGo
MAA,DEL,6E,IndiGo,inf,2026-09-07,7,economy,,,15756.0,False,17:50,ok,2026-08-31T05:52:29.328136+00:00,2026-08-31_0552IST,airline_direct,IndiGo
MAA,DEL,6E,IndiGo,inf,2026-09-07,7,business,,,39741.0,False,09:00,ok,2026-08-31T05:52:29.328136+00:00,2026-08-31_0552IST,airline_direct,IndiGo
MAA,DEL,6E,IndiGo,inf,2026-09-07,7,economy,,,15850.0,False,09:00,ok,2026-08-31T05:52:29.328136+00:00,2026-08-31_0552IST,airline_direct,IndiGo
MAA,DEL,6E,IndiGo,inf,2026-09-07,7,economy,,,18239.0,False,08:10,ok,2026-08-31T05:52:29.328136+00:00,2026-08-31_0552IST,airline_direct,IndiGo
MAA,DEL,6E,IndiGo,6.000000000000001e+244,2026-09-07,7,economy,,,18582.0,False,03:55,ok,2026-08-31T05:52:29.328136+00:00,2026-08-31_0552IST,airline_direct,IndiGo
